  0
SECTION
  2
HEADER
  9
$ACADVER
  1
AC1015
  9
$ACADMAINTVER
 70
    20
  9
$DWGCODEPAGE
  3
ANSI_936
  9
$INSBASE
 10
0.0
 20
0.0
 30
0.0
  9
$EXTMIN
 10
-0.0090630292066862
 20
-0.0064082024693448
 30
-0.0015258207003583
  9
$EXTMAX
 10
297.0090644122207
 20
210.0064091803581
 30
0.0000000349246037
  9
$LIMMIN
 10
0.0
 20
0.0
  9
$LIMMAX
 10
297.0
 20
210.0
  9
$ORTHOMODE
 70
     0
  9
$REGENMODE
 70
     1
  9
$FILLMODE
 70
     1
  9
$QTEXTMODE
 70
     0
  9
$MIRRTEXT
 70
     0
  9
$LTSCALE
 40
16.335
  9
$ATTMODE
 70
     1
  9
$TEXTSIZE
 40
0.2
  9
$TRACEWID
 40
0.05
  9
$TEXTSTYLE
  7
STANDARD
  9
$CLAYER
  8
0
  9
$CELTYPE
  6
BYLAYER
  9
$CECOLOR
 62
   256
  9
$CELTSCALE
 40
1.0
  9
$DISPSILH
 70
     0
  9
$DIMSCALE
 40
1.0
  9
$DIMASZ
 40
3.0
  9
$DIMEXO
 40
0.0625
  9
$DIMDLI
 40
11.286
  9
$DIMRND
 40
0.0
  9
$DIMDLE
 40
0.0
  9
$DIMEXE
 40
0.125
  9
$DIMTP
 40
0.0
  9
$DIMTM
 40
0.0
  9
$DIMTXT
 40
3.0
  9
$DIMCEN
 40
2.673
  9
$DIMTSZ
 40
0.0
  9
$DIMTOL
 70
     0
  9
$DIMLIM
 70
     0
  9
$DIMTIH
 70
     1
  9
$DIMTOH
 70
     1
  9
$DIMSE1
 70
     0
  9
$DIMSE2
 70
     0
  9
$DIMTAD
 70
     0
  9
$DIMZIN
 70
     0
  9
$DIMBLK
  1
_FILLED
  9
$DIMASO
 70
     1
  9
$DIMSHO
 70
     1
  9
$DIMPOST
  1

  9
$DIMAPOST
  1

  9
$DIMALT
 70
     0
  9
$DIMALTD
 70
     2
  9
$DIMALTF
 40
0.0393700787
  9
$DIMLFAC
 40
1.0
  9
$DIMTOFL
 70
     0
  9
$DIMTVP
 40
0.0
  9
$DIMTIX
 70
     0
  9
$DIMSOXD
 70
     0
  9
$DIMSAH
 70
     0
  9
$DIMBLK1
  1

  9
$DIMBLK2
  1

  9
$DIMSTYLE
  2
STANDARD
  9
$DIMCLRD
 70
     3
  9
$DIMCLRE
 70
     3
  9
$DIMCLRT
 70
     3
  9
$DIMTFAC
 40
1.0
  9
$DIMGAP
 40
0.625
  9
$DIMJUST
 70
     0
  9
$DIMSD1
 70
     0
  9
$DIMSD2
 70
     0
  9
$DIMTOLJ
 70
     1
  9
$DIMTZIN
 70
     0
  9
$DIMALTZ
 70
     0
  9
$DIMALTTZ
 70
     0
  9
$DIMUPT
 70
     0
  9
$DIMDEC
 70
     2
  9
$DIMTDEC
 70
     2
  9
$DIMALTU
 70
     2
  9
$DIMALTTD
 70
     2
  9
$DIMTXSTY
  7
STANDARD
  9
$DIMAUNIT
 70
     0
  9
$DIMADEC
 70
     0
  9
$DIMALTRND
 40
0.0
  9
$DIMAZIN
 70
     0
  9
$DIMDSEP
 70
    46
  9
$DIMATFIT
 70
     3
  9
$DIMFRAC
 70
     0
  9
$DIMLDRBLK
  1

  9
$DIMLUNIT
 70
     2
  9
$DIMLWD
 70
    -2
  9
$DIMLWE
 70
    -2
  9
$DIMTMOVE
 70
     0
  9
$LUNITS
 70
     2
  9
$LUPREC
 70
     4
  9
$SKETCHINC
 40
0.1
  9
$FILLETRAD
 40
0.0
  9
$AUNITS
 70
     0
  9
$AUPREC
 70
     0
  9
$MENU
  1
.
  9
$ELEVATION
 40
0.0
  9
$PELEVATION
 40
0.0
  9
$THICKNESS
 40
0.0
  9
$LIMCHECK
 70
     0
  9
$CHAMFERA
 40
0.0
  9
$CHAMFERB
 40
0.0
  9
$CHAMFERC
 40
0.0
  9
$CHAMFERD
 40
0.0
  9
$SKPOLY
 70
     0
  9
$TDCREATE
 40
2460606.657881945
  9
$TDUCREATE
 40
2460606.324548611
  9
$TDUPDATE
 40
2460606.658645833
  9
$TDUUPDATE
 40
2460606.325312500
  9
$TDINDWG
 40
0.0007638889
  9
$TDUSRTIMER
 40
0.0007638889
  9
$USRTIMER
 70
     1
  9
$ANGBASE
 50
0.0
  9
$ANGDIR
 70
     0
  9
$PDMODE
 70
     3
  9
$PDSIZE
 40
0.3125
  9
$PLINEWID
 40
0.0
  9
$SPLFRAME
 70
     0
  9
$SPLINETYPE
 70
     6
  9
$SPLINESEGS
 70
     8
  9
$HANDSEED
  5
802
  9
$SURFTAB1
 70
     6
  9
$SURFTAB2
 70
     6
  9
$SURFTYPE
 70
     6
  9
$SURFU
 70
     6
  9
$SURFV
 70
     6
  9
$UCSBASE
  2

  9
$UCSNAME
  2

  9
$UCSORG
 10
0.0
 20
0.0
 30
0.0
  9
$UCSXDIR
 10
1.0
 20
0.0
 30
0.0
  9
$UCSYDIR
 10
0.0
 20
1.0
 30
0.0
  9
$UCSORTHOREF
  2

  9
$UCSORTHOVIEW
 70
     0
  9
$UCSORGTOP
 10
0.0
 20
0.0
 30
0.0
  9
$UCSORGBOTTOM
 10
0.0
 20
0.0
 30
0.0
  9
$UCSORGLEFT
 10
0.0
 20
0.0
 30
0.0
  9
$UCSORGRIGHT
 10
0.0
 20
0.0
 30
0.0
  9
$UCSORGFRONT
 10
0.0
 20
0.0
 30
0.0
  9
$UCSORGBACK
 10
0.0
 20
0.0
 30
0.0
  9
$PUCSBASE
  2

  9
$PUCSNAME
  2

  9
$PUCSORG
 10
0.0
 20
0.0
 30
0.0
  9
$PUCSXDIR
 10
1.0
 20
0.0
 30
0.0
  9
$PUCSYDIR
 10
0.0
 20
1.0
 30
0.0
  9
$PUCSORTHOREF
  2

  9
$PUCSORTHOVIEW
 70
     0
  9
$PUCSORGTOP
 10
0.0
 20
0.0
 30
0.0
  9
$PUCSORGBOTTOM
 10
0.0
 20
0.0
 30
0.0
  9
$PUCSORGLEFT
 10
0.0
 20
0.0
 30
0.0
  9
$PUCSORGRIGHT
 10
0.0
 20
0.0
 30
0.0
  9
$PUCSORGFRONT
 10
0.0
 20
0.0
 30
0.0
  9
$PUCSORGBACK
 10
0.0
 20
0.0
 30
0.0
  9
$USERI1
 70
     0
  9
$USERI2
 70
     0
  9
$USERI3
 70
     0
  9
$USERI4
 70
     0
  9
$USERI5
 70
     0
  9
$USERR1
 40
0.0
  9
$USERR2
 40
0.0
  9
$USERR3
 40
0.0
  9
$USERR4
 40
0.0
  9
$USERR5
 40
0.0
  9
$WORLDVIEW
 70
     1
  9
$SHADEDGE
 70
     3
  9
$SHADEDIF
 70
    70
  9
$TILEMODE
 70
     1
  9
$MAXACTVP
 70
    64
  9
$PINSBASE
 10
0.0
 20
0.0
 30
0.0
  9
$PLIMCHECK
 70
     0
  9
$PEXTMIN
 10
1.000000000000000E+20
 20
1.000000000000000E+20
 30
1.000000000000000E+20
  9
$PEXTMAX
 10
-1.000000000000000E+20
 20
-1.000000000000000E+20
 30
-1.000000000000000E+20
  9
$PLIMMIN
 10
0.0
 20
0.0
  9
$PLIMMAX
 10
12.0
 20
9.0
  9
$UNITMODE
 70
     0
  9
$VISRETAIN
 70
     1
  9
$PLINEGEN
 70
     0
  9
$PSLTSCALE
 70
     1
  9
$TREEDEPTH
 70
  3020
  9
$CMLSTYLE
  2
Standard
  9
$CMLJUST
 70
     0
  9
$CMLSCALE
 40
1.0
  9
$PROXYGRAPHICS
 70
     1
  9
$MEASUREMENT
 70
     1
  9
$CELWEIGHT
370
    -1
  9
$ENDCAPS
280
     0
  9
$JOINSTYLE
280
     0
  9
$LWDISPLAY
290
     0
  9
$INSUNITS
 70
     4
  9
$HYPERLINKBASE
  1

  9
$STYLESHEET
  1

  9
$XEDIT
290
     1
  9
$CEPSNTYPE
380
     0
  9
$PSTYLEMODE
290
     1
  9
$FINGERPRINTGUID
  2
{A5D12EC0-7EAE-EF48-A7E4-56D6A18A3DD1}
  9
$VERSIONGUID
  2
{88C66C5F-8676-A841-BDB7-D6D4A5618963}
  9
$EXTNAMES
290
     1
  9
$PSVPSCALE
 40
0.0
  9
$OLESTARTUP
290
     0
  0
ENDSEC
  0
SECTION
  2
CLASSES
  0
CLASS
  1
ACDBDICTIONARYWDFLT
  2
AcDbDictionaryWithDefault
  3
ObjectDBX Classes
 90
        0
280
     0
281
     0
  0
CLASS
  1
ACDBPLACEHOLDER
  2
AcDbPlaceHolder
  3
ObjectDBX Classes
 90
        0
280
     0
281
     0
  0
CLASS
  1
LAYOUT
  2
AcDbLayout
  3
ObjectDBX Classes
 90
        0
280
     0
281
     0
  0
CLASS
  1
MATERIAL
  2
AcDbMaterial
  3
ObjectDBX Classes
 90
     1153
280
     0
281
     0
  0
CLASS
  1
VISUALSTYLE
  2
AcDbVisualStyle
  3
ObjectDBX Classes
 90
     4095
280
     0
281
     0
  0
CLASS
  1
TABLESTYLE
  2
AcDbTableStyle
  3
ObjectDBX Classes
 90
     4095
280
     0
281
     0
  0
CLASS
  1
SCALE
  2
AcDbScale
  3
ObjectDBX Classes
 90
     1153
280
     0
281
     0
  0
CLASS
  1
MLEADERSTYLE
  2
AcDbMLeaderStyle
  3
ACDB_MLEADERSTYLE_CLASS
 90
     4095
280
     0
281
     0
  0
CLASS
  1
ACDBSECTIONVIEWSTYLE
  2
AcDbSectionViewStyle
  3
ObjectDBX Classes
 90
     1025
280
     0
281
     0
  0
CLASS
  1
ACDBDETAILVIEWSTYLE
  2
AcDbDetailViewStyle
  3
ObjectDBX Classes
 90
     1025
280
     0
281
     0
  0
CLASS
  1
DICTIONARYVAR
  2
AcDbDictionaryVar
  3
ObjectDBX Classes
 90
        0
280
     0
281
     0
  0
CLASS
  1
CELLSTYLEMAP
  2
AcDbCellStyleMap
  3
ObjectDBX Classes
 90
     1152
280
     0
281
     0
  0
ENDSEC
  0
SECTION
  2
TABLES
  0
TABLE
  2
VPORT
  5
8
330
0
100
AcDbSymbolTable
 70
     1
  0
VPORT
  5
1F4
330
8
100
AcDbSymbolTableRecord
100
AcDbViewportTableRecord
  2
*ACTIVE
 70
     0
 10
0.0
 20
0.0
 11
1.0
 21
1.0
 12
161.6564718468912
 22
105.1757852734772
 13
0.0
 23
0.0
 14
1.0
 24
1.0
 15
0.0
 25
0.0
 16
0.0
 26
0.0
 36
1.0
 17
0.0
 27
0.0
 37
0.0
 40
220.4000985672706
 41
2.292712066905615
 42
50.0
 43
0.0
 44
0.0
 50
0.0
 51
0.0
 71
     0
 72
   100
 73
     1
 74
     1
 75
     0
 76
     0
 77
     0
 78
     0
281
     0
 65
     1
110
0.0
120
0.0
130
0.0
111
1.0
121
0.0
131
0.0
112
0.0
122
1.0
132
0.0
 79
     0
146
0.0
1001
ACAD_NAV_VCDISPLAY
1070
     3
  0
ENDTAB
  0
TABLE
  2
LTYPE
  5
5
330
0
100
AcDbSymbolTable
 70
     6
  0
LTYPE
  5
14
330
5
100
AcDbSymbolTableRecord
100
AcDbLinetypeTableRecord
  2
BYBLOCK
 70
     0
  3

 72
    65
 73
     0
 40
0.0
  0
LTYPE
  5
15
330
5
100
AcDbSymbolTableRecord
100
AcDbLinetypeTableRecord
  2
BYLAYER
 70
     0
  3

 72
    65
 73
     0
 40
0.0
  0
LTYPE
  5
16
330
5
100
AcDbSymbolTableRecord
100
AcDbLinetypeTableRecord
  2
CONTINUOUS
 70
     0
  3
Solid line
 72
    65
 73
     0
 40
0.0
  0
LTYPE
  5
1F5
330
5
100
AcDbSymbolTableRecord
100
AcDbLinetypeTableRecord
  2
CENTER
 70
     0
  3
____ _ ____ _ ____ _ ____ _ ____ _ ____ _ ____
 72
    65
 73
     4
 40
0.6
 49
0.375
 74
     0
 49
-0.075
 74
     0
 49
0.075
 74
     0
 49
-0.075
 74
     0
  0
LTYPE
  5
1F6
330
5
100
AcDbSymbolTableRecord
100
AcDbLinetypeTableRecord
  2
HIDDEN
 70
     0
  3
- - - - - - - - - - - - - - - - - - - -
 72
    65
 73
     2
 40
0.2
 49
0.1
 74
     0
 49
-0.1
 74
     0
  0
LTYPE
  5
1F7
330
5
100
AcDbSymbolTableRecord
100
AcDbLinetypeTableRecord
  2
PHANTOM
 70
     0
  3
_____ _ _ _____ _ _ _____ _ _ _____
 72
    65
 73
     6
 40
0.8
 49
0.45
 74
     0
 49
-0.05
 74
     0
 49
0.1
 74
     0
 49
-0.05
 74
     0
 49
0.1
 74
     0
 49
-0.05
 74
     0
  0
LTYPE
  5
1F8
330
5
100
AcDbSymbolTableRecord
100
AcDbLinetypeTableRecord
  2
DOT
 70
     0
  3
. . . . . . . . . . . . . . . . . . . .
 72
    65
 73
     2
 40
0.2
 49
0.1
 74
     0
 49
-0.1
 74
     0
  0
LTYPE
  5
1F9
330
5
100
AcDbSymbolTableRecord
100
AcDbLinetypeTableRecord
  2
DASHED
 70
     0
  3
- - - - - - - - - - - - - - - - - - - -
 72
    65
 73
     2
 40
0.2
 49
0.1
 74
     0
 49
-0.1
 74
     0
  0
ENDTAB
  0
TABLE
  2
LAYER
  5
2
330
0
100
AcDbSymbolTable
 70
     5
  0
LAYER
  5
10
102
{ACAD_XDICTIONARY
360
7AC
102
}
330
2
100
AcDbSymbolTableRecord
100
AcDbLayerTableRecord
  2
0
 70
     0
 62
     7
  6
CONTINUOUS
370
    -3
390
F
  0
LAYER
  5
1FA
102
{ACAD_XDICTIONARY
360
7AE
102
}
330
2
100
AcDbSymbolTableRecord
100
AcDbLayerTableRecord
  2
DEFAULT_1
 70
     0
 62
     7
  6
CENTER
370
    -3
390
F
  0
LAYER
  5
1FB
102
{ACAD_XDICTIONARY
360
7B0
102
}
330
2
100
AcDbSymbolTableRecord
100
AcDbLayerTableRecord
  2
DEFAULT_2
 70
     0
 62
     8
  6
HIDDEN
370
    -3
390
F
  0
LAYER
  5
1FC
102
{ACAD_XDICTIONARY
360
7B2
102
}
330
2
100
AcDbSymbolTableRecord
100
AcDbLayerTableRecord
  2
DEFAULT_3
 70
     0
 62
     7
  6
PHANTOM
370
    -3
390
F
  0
LAYER
  5
783
330
2
100
AcDbSymbolTableRecord
100
AcDbLayerTableRecord
  2
Defpoints
 70
     0
 62
     7
  6
CONTINUOUS
290
     0
370
    -3
390
F
  0
ENDTAB
  0
TABLE
  2
STYLE
  5
3
330
0
100
AcDbSymbolTable
 70
     2
  0
STYLE
  5
11
330
3
100
AcDbSymbolTableRecord
100
AcDbTextStyleTableRecord
  2
STANDARD
 70
     0
 40
0.0
 41
0.8
 50
0.0
 71
     0
 42
0.2
  3
txt
  4

  0
STYLE
  5
1FD
330
3
100
AcDbSymbolTableRecord
100
AcDbTextStyleTableRecord
  2
TEXTSTYLE_1
 70
     0
 40
0.0
 41
0.8
 50
0.0
 71
     0
 42
0.2
  3
gdt
  4

  0
ENDTAB
  0
TABLE
  2
VIEW
  5
6
330
0
100
AcDbSymbolTable
 70
     0
  0
ENDTAB
  0
TABLE
  2
UCS
  5
7
330
0
100
AcDbSymbolTable
 70
     0
  0
ENDTAB
  0
TABLE
  2
APPID
  5
9
330
0
100
AcDbSymbolTable
 70
     6
  0
APPID
  5
1FE
330
9
100
AcDbSymbolTableRecord
100
AcDbRegAppTableRecord
  2
ACAD
 70
     0
  0
APPID
  5
77F
330
9
100
AcDbSymbolTableRecord
100
AcDbRegAppTableRecord
  2
ACAD_DSTYLE_DIMJAG
 70
     0
  0
APPID
  5
780
330
9
100
AcDbSymbolTableRecord
100
AcDbRegAppTableRecord
  2
ACAD_DSTYLE_DIMTALN
 70
     0
  0
APPID
  5
781
330
9
100
AcDbSymbolTableRecord
100
AcDbRegAppTableRecord
  2
ACAD_DSTYLE_DIMRADIAL_EXTENSION
 70
     0
  0
APPID
  5
7BE
330
9
100
AcDbSymbolTableRecord
100
AcDbRegAppTableRecord
  2
ACAD_NAV_VCDISPLAY
 70
     0
  0
APPID
  5
7FB
330
9
100
AcDbSymbolTableRecord
100
AcDbRegAppTableRecord
  2
ACAD_MLEADERVER
 70
     0
  0
ENDTAB
  0
TABLE
  2
DIMSTYLE
  5
A
330
0
100
AcDbSymbolTable
 70
     1
100
AcDbDimStyleTable
 71
     1
340
202
  0
DIMSTYLE
105
202
102
{ACAD_REACTORS
330
782
330
78F
330
79D
102
}
330
A
100
AcDbSymbolTableRecord
100
AcDbDimStyleTableRecord
  2
STANDARD
 70
     0
 41
0.1875
 44
0.125
 47
0.01
 48
0.01
 78
     8
 79
     2
140
0.15625
147
0.625
171
     1
179
     2
271
     2
272
     2
284
     8
340
11
341
201
342
201
343
201
344
201
  0
ENDTAB
  0
TABLE
  2
BLOCK_RECORD
  5
1
330
0
100
AcDbSymbolTable
 70
     4
  0
BLOCK_RECORD
  5
1FF
330
1
100
AcDbSymbolTableRecord
100
AcDbBlockTableRecord
  2
*Model_Space
340
729
  0
BLOCK_RECORD
  5
200
330
1
100
AcDbSymbolTableRecord
100
AcDbBlockTableRecord
  2
*Paper_Space
340
72A
  0
BLOCK_RECORD
  5
201
330
1
100
AcDbSymbolTableRecord
100
AcDbBlockTableRecord
  2
_FILLED
340
0
102
{BLKREFS
331
78A
331
797
331
798
331
7A6
331
7A7
102
}
  0
BLOCK_RECORD
  5
784
330
1
100
AcDbSymbolTableRecord
100
AcDbBlockTableRecord
  2
*D1
340
0
  0
BLOCK_RECORD
  5
790
330
1
100
AcDbSymbolTableRecord
100
AcDbBlockTableRecord
  2
*D2
340
0
  0
BLOCK_RECORD
  5
79E
330
1
100
AcDbSymbolTableRecord
100
AcDbBlockTableRecord
  2
*D3
340
0
  0
ENDTAB
  0
ENDSEC
  0
SECTION
  2
BLOCKS
  0
BLOCK
  5
20
330
1FF
100
AcDbEntity
  8
0
100
AcDbBlockBegin
  2
*Model_Space
 70
     0
 10
0.0
 20
0.0
 30
0.0
  3
*Model_Space
  1

  0
ENDBLK
  5
21
330
1FF
100
AcDbEntity
  8
0
100
AcDbBlockEnd
  0
BLOCK
  5
1C
330
200
100
AcDbEntity
 67
     1
  8
0
100
AcDbBlockBegin
  2
*Paper_Space
 70
     0
 10
0.0
 20
0.0
 30
0.0
  3
*Paper_Space
  1

  0
ENDBLK
  5
1D
330
200
100
AcDbEntity
 67
     1
  8
0
100
AcDbBlockEnd
  0
BLOCK
  5
203
330
201
100
AcDbEntity
  8
0
100
AcDbBlockBegin
  2
_FILLED
 70
     0
 10
0.0
 20
0.0
 30
0.0
  3
_FILLED
  1

  0
SOLID
  5
204
330
201
100
AcDbEntity
  8
0
  6
ByBlock
 62
     0
100
AcDbTrace
 10
0.0
 20
0.0
 30
0.0
 11
-1.0
 21
0.1666666667
 31
0.0
 12
-1.0
 22
-0.1666666667
 32
0.0
 13
-1.0
 23
-0.1666666667
 33
0.0
  0
ENDBLK
  5
205
330
201
100
AcDbEntity
  8
0
  6
ByBlock
 62
     0
100
AcDbBlockEnd
  0
BLOCK
  5
785
330
784
100
AcDbEntity
  8
0
100
AcDbBlockBegin
  2
*D1
 70
     1
 10
0.0
 20
0.0
 30
0.0
  3
*D1
  1

  0
LINE
  5
787
330
784
100
AcDbEntity
  8
0
 62
     3
370
    -2
100
AcDbLine
 10
138.2397474261351
 20
196.4972887644522
 30
0.0
 11
135.2397474261351
 21
196.4972887644522
 31
0.0
  0
LINE
  5
788
330
784
100
AcDbEntity
  8
0
 62
     3
370
    -2
100
AcDbLine
 10
135.2397474261351
 20
196.4972887644522
 30
0.0
 11
131.6325680837645
 21
192.7407399862884
 31
0.0
  0
MTEXT
  5
789
102
{ACAD_XDICTIONARY
360
800
102
}
330
784
100
AcDbEntity
  8
0
 62
     3
100
AcDbMText
 10
144.464747426135
 20
196.4972887644522
 30
0.0
 40
3.0
 41
0.0
 71
     5
 72
     1
  1
\A1;\U+220532.00
 73
     1
 44
1.0
1001
ACAD
1000
MTEXTBEGIN
1070
    73
1070
     1
1070
    44
1040
1.0
1070
    74
1070
     0
1000
MTEXTEND
  0
INSERT
  5
78A
330
784
100
AcDbEntity
  8
0
 62
     3
370
    -2
100
AcDbBlockReference
  2
_FILLED
 10
129.5547050669701
 20
190.5768348859112
 30
0.0
 41
3.0
 42
3.0
 43
3.0
 50
226.1620560423915
  0
LINE
  5
78B
330
784
100
AcDbEntity
  8
0
 62
     3
370
    -2
100
AcDbLine
 10
115.7997689774
 20
179.0360076838999
 30
0.0
 11
121.1457689774
 21
179.0360076838999
 31
0.0
  0
LINE
  5
78C
330
784
100
AcDbEntity
  8
0
 62
     3
370
    -2
100
AcDbLine
 10
118.4727689774
 20
176.3630076838999
 30
0.0
 11
118.4727689774
 21
181.7090076839
 31
0.0
  0
POINT
  5
78D
330
784
100
AcDbEntity
  8
Defpoints
 62
     0
100
AcDbPoint
 10
129.5547050669701
 20
190.5768348859112
 30
0.0
  0
POINT
  5
78E
330
784
100
AcDbEntity
  8
Defpoints
 62
     0
100
AcDbPoint
 10
107.3908328878299
 20
167.4951804818887
 30
0.0
  0
ENDBLK
  5
786
330
784
100
AcDbEntity
  8
0
100
AcDbBlockEnd
  0
BLOCK
  5
791
330
790
100
AcDbEntity
  8
0
100
AcDbBlockBegin
  2
*D2
 70
     1
 10
0.0
 20
0.0
 30
0.0
  3
*D2
  1

  0
LINE
  5
793
330
790
100
AcDbEntity
  8
0
 62
     3
370
    -2
100
AcDbLine
 10
110.9102737806
 20
129.1483884881
 30
0.0
 11
94.77234783992086
 21
129.1483884881
 31
0.0
  0
LINE
  5
794
330
790
100
AcDbEntity
  8
0
 62
     3
370
    -2
100
AcDbLine
 10
124.5382931208
 20
111.3483884881
 30
0.0
 11
94.77234783992086
 21
111.3483884881
 31
0.0
  0
LINE
  5
795
330
790
100
AcDbEntity
  8
0
 62
     3
370
    -2
100
AcDbLine
 10
94.89734783992085
 20
126.1483884881
 30
0.0
 11
94.89734783992085
 21
122.3733884881
 31
0.0
  0
LINE
  5
796
330
790
100
AcDbEntity
  8
0
 62
     3
370
    -2
100
AcDbLine
 10
94.89734783992085
 20
114.3483884881
 30
0.0
 11
94.89734783992085
 21
118.1233884881
 31
0.0
  0
INSERT
  5
797
330
790
100
AcDbEntity
  8
0
 62
     3
370
    -2
100
AcDbBlockReference
  2
_FILLED
 10
94.89734783992085
 20
129.1483884881
 30
0.0
 41
3.0
 42
3.0
 43
3.0
 50
90.0
  0
INSERT
  5
798
330
790
100
AcDbEntity
  8
0
 62
     3
370
    -2
100
AcDbBlockReference
  2
_FILLED
 10
94.89734783992085
 20
111.3483884881
 30
0.0
 41
3.0
 42
3.0
 43
3.0
 50
270.0
  0
MTEXT
  5
799
330
790
100
AcDbEntity
  8
0
 62
     3
100
AcDbMText
 10
94.89734783992089
 20
120.2483884881
 30
0.0
 40
3.0
 41
0.0
 71
     5
 72
     1
  1
\A1;17.80
 73
     1
 44
1.0
1001
ACAD
1000
MTEXTBEGIN
1070
    73
1070
     1
1070
    44
1040
1.0
1070
    74
1070
     0
1000
MTEXTEND
  0
POINT
  5
79A
330
790
100
AcDbEntity
  8
Defpoints
 62
     0
100
AcDbPoint
 10
110.9727737806
 20
129.1483884881
 30
0.0
  0
POINT
  5
79B
330
790
100
AcDbEntity
  8
Defpoints
 62
     0
100
AcDbPoint
 10
124.6007931208
 20
111.3483884881
 30
0.0
  0
POINT
  5
79C
330
790
100
AcDbEntity
  8
Defpoints
 62
     0
100
AcDbPoint
 10
94.89734783992085
 20
111.3483884881
 30
0.0
  0
ENDBLK
  5
792
330
790
100
AcDbEntity
  8
0
100
AcDbBlockEnd
  0
BLOCK
  5
79F
330
79E
100
AcDbEntity
  8
0
100
AcDbBlockBegin
  2
*D3
 70
     1
 10
0.0
 20
0.0
 30
0.0
  3
*D3
  1

  0
LINE
  5
7A1
330
79E
100
AcDbEntity
  8
0
 62
     3
370
    -2
100
AcDbLine
 10
134.5352689774
 20
118.8483884881
 30
0.0
 11
144.2387939998338
 21
118.8483884881
 31
0.0
  0
LINE
  5
7A2
330
79E
100
AcDbEntity
  8
0
 62
     3
370
    -2
100
AcDbLine
 10
134.5352689774
 20
117.8483884881
 30
0.0
 11
144.2387939998338
 21
117.8483884881
 31
0.0
  0
LINE
  5
7A3
330
79E
100
AcDbEntity
  8
0
 62
     3
370
    -2
100
AcDbLine
 10
144.1137939998338
 20
121.8483884881
 30
0.0
 11
144.1137939998338
 21
124.8483884881
 31
0.0
  0
LINE
  5
7A4
330
79E
100
AcDbEntity
  8
0
 62
     3
370
    -2
100
AcDbLine
 10
144.1137939998338
 20
114.8483884881
 30
0.0
 11
144.1137939998338
 21
111.8483884881
 31
0.0
  0
LINE
  5
7A5
330
79E
100
AcDbEntity
  8
0
 62
     3
370
    -2
100
AcDbLine
 10
144.1137939998338
 20
111.8483884881
 30
0.0
 11
141.1137939998338
 21
111.8483884881
 31
0.0
  0
INSERT
  5
7A6
330
79E
100
AcDbEntity
  8
0
 62
     3
370
    -2
100
AcDbBlockReference
  2
_FILLED
 10
144.1137939998338
 20
118.8483884881
 30
0.0
 41
3.0
 42
3.0
 43
3.0
 50
270.0
  0
INSERT
  5
7A7
330
79E
100
AcDbEntity
  8
0
 62
     3
370
    -2
100
AcDbBlockReference
  2
_FILLED
 10
144.1137939998338
 20
117.8483884881
 30
0.0
 41
3.0
 42
3.0
 43
3.0
 50
90.0
  0
MTEXT
  5
7A8
330
79E
100
AcDbEntity
  8
0
 62
     3
100
AcDbMText
 10
137.6887939998338
 20
111.8483884881
 30
0.0
 40
3.0
 41
0.0
 71
     5
 72
     1
  1
\A1;1.00
 73
     1
 44
1.0
1001
ACAD
1000
MTEXTBEGIN
1070
    73
1070
     1
1070
    44
1040
1.0
1070
    74
1070
     0
1000
MTEXTEND
  0
POINT
  5
7A9
330
79E
100
AcDbEntity
  8
Defpoints
 62
     0
100
AcDbPoint
 10
134.4727689774
 20
118.8483884881
 30
0.0
  0
POINT
  5
7AA
330
79E
100
AcDbEntity
  8
Defpoints
 62
     0
100
AcDbPoint
 10
134.4727689774
 20
117.8483884881
 30
0.0
  0
POINT
  5
7AB
330
79E
100
AcDbEntity
  8
Defpoints
 62
     0
100
AcDbPoint
 10
144.1137939998338
 20
117.8483884881
 30
0.0
  0
ENDBLK
  5
7A0
330
79E
100
AcDbEntity
  8
0
100
AcDbBlockEnd
  0
ENDSEC
  0
SECTION
  2
ENTITIES
  0
LINE
  5
206
330
1FF
100
AcDbEntity
  8
0
  6
Continuous
 62
     7
100
AcDbLine
 10
0.0
 20
0.0
 30
0.0
 11
0.0
 21
210.0
 31
0.0
  0
LINE
  5
207
330
1FF
100
AcDbEntity
  8
0
  6
Continuous
 62
     7
100
AcDbLine
 10
0.0
 20
0.0
 30
0.0
 11
297.0
 21
0.0
 31
0.0
  0
LINE
  5
208
330
1FF
100
AcDbEntity
  8
0
  6
Continuous
 62
     7
100
AcDbLine
 10
0.0
 20
210.0
 30
0.0
 11
297.0
 21
210.0
 31
0.0
  0
LINE
  5
209
330
1FF
100
AcDbEntity
  8
0
  6
Continuous
 62
     7
100
AcDbLine
 10
297.0
 20
0.0
 30
0.0
 11
297.0
 21
210.0
 31
0.0
  0
LINE
  5
20A
330
1FF
100
AcDbEntity
  8
0
  6
Continuous
 62
     7
100
AcDbLine
 10
124.6007931208
 20
111.3483884881
 30
0.0
 11
134.2007788812999
 21
111.3483884881
 31
0.0
  0
LINE
  5
20B
330
1FF
100
AcDbEntity
  8
0
  6
Continuous
 62
     7
100
AcDbLine
 10
102.4727689774
 20
117.8483884881
 30
0.0
 11
102.4727689774
 21
118.8483884881
 31
0.0
  0
LINE
  5
20C
330
1FF
100
AcDbEntity
  8
0
  6
Continuous
 62
     7
100
AcDbLine
 10
111.8289038304
 20
116.0483884881
 30
0.0
 11
111.5994733491
 21
116.0483884881
 31
0.0
  0
LINE
  5
20D
330
1FF
100
AcDbEntity
  8
0
  6
Continuous
 62
     7
100
AcDbLine
 10
113.4084340101
 20
116.0483884881
 30
0.0
 11
113.577481418
 21
116.0483884881
 31
0.0
  0
LINE
  5
20E
330
1FF
100
AcDbEntity
  8
0
  6
Continuous
 62
     7
100
AcDbLine
 10
131.3112632053
 20
116.0615300204
 30
0.0
 11
130.9625950523
 21
116.0615300204
 31
0.0
  0
LINE
  5
20F
330
1FF
100
AcDbEntity
  8
0
  6
Continuous
 62
     7
100
AcDbLine
 10
130.9277328685
 20
116.4615300204
 30
0.0
 11
131.2764010215
 21
116.4615300204
 31
0.0
  0
LINE
  5
210
330
1FF
100
AcDbEntity
  8
0
  6
Continuous
 62
     7
100
AcDbLine
 10
112.0090494528
 20
116.548388488
 30
0.0
 11
112.2384799342
 21
116.5483884881
 31
0.0
  0
LINE
  5
211
330
1FF
100
AcDbEntity
  8
0
  6
Continuous
 62
     7
100
AcDbLine
 10
112.9552801767
 20
116.5483884867
 30
0.0
 11
113.1243275845
 21
116.5483884881
 31
0.0
  0
LINE
  5
212
330
1FF
100
AcDbEntity
  8
0
  6
Continuous
 62
     7
100
AcDbLine
 10
102.4727810331
 20
117.8483884881
 30
0.0
 11
134.4727569217
 21
117.8483884881
 31
0.0
  0
LINE
  5
213
330
1FF
100
AcDbEntity
  8
0
  6
Continuous
 62
     7
100
AcDbLine
 10
134.4727421077
 20
118.8483884881
 30
0.0
 11
102.4727958471
 21
118.8483884881
 31
0.0
  0
LINE
  5
214
330
1FF
100
AcDbEntity
  8
0
  6
Continuous
 62
     7
100
AcDbLine
 10
110.3707450379
 20
119.5483884881
 30
0.0
 11
111.1898972454
 21
119.5483884881
 31
0.0
  0
LINE
  5
215
330
1FF
100
AcDbEntity
  8
0
  6
Continuous
 62
     7
100
AcDbLine
 10
112.0090494528
 20
119.5483884881
 30
0.0
 11
113.1243275845
 21
119.5483884881
 31
0.0
  0
LINE
  5
216
330
1FF
100
AcDbEntity
  8
0
  6
Continuous
 62
     7
100
AcDbLine
 10
113.2525855925
 20
119.5483884881
 30
0.0
 11
115.6514818507
 21
119.5483884881
 31
0.0
  0
LINE
  5
217
330
1FF
100
AcDbEntity
  8
0
  6
Continuous
 62
     7
100
AcDbLine
 10
125.9924091099
 20
119.5483884881
 30
0.0
 11
126.8922444111
 21
119.5483884881
 31
0.0
  0
LINE
  5
218
330
1FF
100
AcDbEntity
  8
0
  6
Continuous
 62
     7
100
AcDbLine
 10
106.7083463955
 20
123.6483884881
 30
0.0
 11
106.7083463955
 21
121.2819282743
 31
0.0
  0
LINE
  5
219
330
1FF
100
AcDbEntity
  8
0
  6
Continuous
 62
     7
100
AcDbLine
 10
106.7519241251
 20
121.2819282743
 30
0.0
 11
106.7519241251
 21
120.9483884881
 31
0.0
  0
LINE
  5
21A
330
1FF
100
AcDbEntity
  8
0
  6
Continuous
 62
     7
100
AcDbLine
 10
106.8683653833
 20
120.5483884881
 30
0.0
 11
106.8683653833
 21
123.7483884881
 31
0.0
  0
LINE
  5
21B
330
1FF
100
AcDbEntity
  8
0
  6
Continuous
 62
     7
100
AcDbLine
 10
107.4981173766
 20
120.5483884881
 30
0.0
 11
107.4974737711
 21
124.1483884881
 31
0.0
  0
LINE
  5
21C
330
1FF
100
AcDbEntity
  8
0
  6
Continuous
 62
     7
100
AcDbLine
 10
113.0576321416
 20
119.9983884881
 30
0.0
 11
115.6551048017
 21
119.9983884881
 31
0.0
  0
LINE
  5
21D
330
1FF
100
AcDbEntity
  8
0
  6
Continuous
 62
     7
100
AcDbLine
 10
125.5423267605
 20
119.9983884881
 30
0.0
 11
127.3423267605
 21
119.9983884881
 31
0.0
  0
LINE
  5
21E
330
1FF
100
AcDbEntity
  8
0
  6
Continuous
 62
     7
100
AcDbLine
 10
131.9213514208
 20
120.0615300204
 30
0.0
 11
131.8690581452
 21
120.0615300204
 31
0.0
  0
LINE
  5
21F
330
1FF
100
AcDbEntity
  8
0
  6
Continuous
 62
     7
100
AcDbLine
 10
130.8754395929
 20
120.0615300204
 30
0.0
 11
131.2764010215
 21
120.0615300204
 31
0.0
  0
LINE
  5
220
330
1FF
100
AcDbEntity
  8
0
  6
Continuous
 62
     7
100
AcDbLine
 10
131.346125389
 20
120.0615300204
 30
0.0
 11
131.5378673996
 21
120.0615300204
 31
0.0
  0
LINE
  5
221
330
1FF
100
AcDbEntity
  8
0
  6
Continuous
 62
     7
100
AcDbLine
 10
131.6075917671
 20
120.0615300204
 30
0.0
 11
131.7993337777
 21
120.0615300204
 31
0.0
  0
LINE
  5
222
330
1FF
100
AcDbEntity
  8
0
  6
Continuous
 62
     7
100
AcDbLine
 10
107.2500214866
 20
120.4483884881
 30
0.0
 11
110.0407050003
 21
120.4483884881
 31
0.0
  0
LINE
  5
223
330
1FF
100
AcDbEntity
  8
0
  6
Continuous
 62
     7
100
AcDbLine
 10
121.3646100019
 20
120.4483884881
 30
0.0
 11
125.3391137493
 21
120.4483884881
 31
0.0
  0
LINE
  5
224
330
1FF
100
AcDbEntity
  8
0
  6
Continuous
 62
     7
100
AcDbLine
 10
106.8683653833
 20
120.5483884881
 30
0.0
 11
110.3707450379
 21
120.5483884881
 31
0.0
  0
LINE
  5
225
330
1FF
100
AcDbEntity
  8
0
  6
Continuous
 62
     7
100
AcDbLine
 10
113.0576321416
 20
120.5483884881
 30
0.0
 11
121.3645063892
 21
120.5483884881
 31
0.0
  0
LINE
  5
226
330
1FF
100
AcDbEntity
  8
0
  6
Continuous
 62
     7
100
AcDbLine
 10
123.882892561
 20
120.5483884881
 30
0.0
 11
129.446421472
 21
120.5483884881
 31
0.0
  0
LINE
  5
227
330
1FF
100
AcDbEntity
  8
0
  6
Continuous
 62
     7
100
AcDbLine
 10
120.7055648934
 20
120.7483884881
 30
0.0
 11
122.3985548036
 21
120.7483884881
 31
0.0
  0
LINE
  5
228
330
1FF
100
AcDbEntity
  8
0
  6
Continuous
 62
     7
100
AcDbLine
 10
123.9507913194
 20
120.7483884881
 30
0.0
 11
124.4376090237
 21
120.7483884881
 31
0.0
  0
LINE
  5
229
330
1FF
100
AcDbEntity
  8
0
  6
Continuous
 62
     7
100
AcDbLine
 10
131.9213514208
 20
120.8483884881
 30
0.0
 11
131.7470405021
 21
120.8483884881
 31
0.0
  0
LINE
  5
22A
330
1FF
100
AcDbEntity
  8
0
  6
Continuous
 62
     7
100
AcDbLine
 10
131.6598850427
 20
120.8483884881
 30
0.0
 11
131.485574124
 21
120.8483884881
 31
0.0
  0
LINE
  5
22B
330
1FF
100
AcDbEntity
  8
0
  6
Continuous
 62
     7
100
AcDbLine
 10
131.3984186646
 20
120.8483884881
 30
0.0
 11
131.2241077459
 21
120.8483884881
 31
0.0
  0
LINE
  5
22C
330
1FF
100
AcDbEntity
  8
0
  6
Continuous
 62
     7
100
AcDbLine
 10
123.9703508505
 20
120.9483884881
 30
0.0
 11
122.6108893503
 21
120.9483884881
 31
0.0
  0
LINE
  5
22D
330
1FF
100
AcDbEntity
  8
0
  6
Continuous
 62
     7
100
AcDbLine
 10
124.4235046839
 20
120.9819282743
 30
0.0
 11
123.9703508505
 21
120.9819282743
 31
0.0
  0
LINE
  5
22E
330
1FF
100
AcDbEntity
  8
0
  6
Continuous
 62
     7
100
AcDbLine
 10
121.988688109
 20
120.9819282743
 30
0.0
 11
122.6108893503
 21
120.9819282743
 31
0.0
  0
LINE
  5
22F
330
1FF
100
AcDbEntity
  8
0
  6
Continuous
 62
     7
100
AcDbLine
 10
107.5691306056
 20
121.1483884881
 30
0.0
 11
108.2763166585
 21
121.1483884881
 31
0.0
  0
LINE
  5
230
330
1FF
100
AcDbEntity
  8
0
  6
Continuous
 62
     7
100
AcDbLine
 10
119.5224279902
 20
121.1483884881
 30
0.0
 11
121.7186860232
 21
121.1483884881
 31
0.0
  0
LINE
  5
231
330
1FF
100
AcDbEntity
  8
0
  6
Continuous
 62
     7
100
AcDbLine
 10
129.2161614418
 20
121.1483884881
 30
0.0
 11
130.576581176
 21
121.1483884881
 31
0.0
  0
LINE
  5
232
330
1FF
100
AcDbEntity
  8
0
  6
Continuous
 62
     7
100
AcDbLine
 10
106.8683653833
 20
121.2819282743
 30
0.0
 11
106.7083463955
 21
121.2819282743
 31
0.0
  0
LINE
  5
233
330
1FF
100
AcDbEntity
  8
0
  6
Continuous
 62
     7
100
AcDbLine
 10
123.5625124004
 20
121.4483884881
 30
0.0
 11
123.0187278003
 21
121.4483884881
 31
0.0
  0
LINE
  5
234
330
1FF
100
AcDbEntity
  8
0
  6
Continuous
 62
     7
100
AcDbLine
 10
107.5691306056
 20
121.4983884881
 30
0.0
 11
108.0813346628
 21
121.4983884881
 31
0.0
  0
LINE
  5
235
330
1FF
100
AcDbEntity
  8
0
  6
Continuous
 62
     7
100
AcDbLine
 10
120.0117432668
 20
121.4983884881
 30
0.0
 11
121.0505648942
 21
121.4983884881
 31
0.0
  0
LINE
  5
236
330
1FF
100
AcDbEntity
  8
0
  6
Continuous
 62
     7
100
AcDbLine
 10
129.5803864531
 20
121.4983884881
 30
0.0
 11
131.2738248509
 21
121.4983884881
 31
0.0
  0
LINE
  5
237
330
1FF
100
AcDbEntity
  8
0
  6
Continuous
 62
     7
100
AcDbLine
 10
122.9280970336
 20
121.5483884881
 30
0.0
 11
123.4798789108
 21
121.5483884881
 31
0.0
  0
LINE
  5
238
330
1FF
100
AcDbEntity
  8
0
  6
Continuous
 62
     7
100
AcDbLine
 10
123.4840957593
 20
121.5483884881
 30
0.0
 11
123.6531431671
 21
121.548388488
 31
0.0
  0
LINE
  5
239
330
1FF
100
AcDbEntity
  8
0
  6
Continuous
 62
     7
100
AcDbLine
 10
123.4798789108
 20
121.9483884881
 30
0.0
 11
122.9280970336
 21
121.9483884881
 31
0.0
  0
LINE
  5
23A
330
1FF
100
AcDbEntity
  8
0
  6
Continuous
 62
     7
100
AcDbLine
 10
115.9500424726
 20
122.0483884881
 30
0.0
 11
119.0173064624
 21
122.0483884881
 31
0.0
  0
LINE
  5
23B
330
1FF
100
AcDbEntity
  8
0
  6
Continuous
 62
     7
100
AcDbLine
 10
123.6531431671
 20
122.4483884881
 30
0.0
 11
123.4840957593
 21
122.4483884881
 31
0.0
  0
LINE
  5
23C
330
1FF
100
AcDbEntity
  8
0
  6
Continuous
 62
     7
100
AcDbLine
 10
122.9280970336
 20
122.4483884881
 30
0.0
 11
123.3953552068
 21
122.4483884881
 31
0.0
  0
LINE
  5
23D
330
1FF
100
AcDbEntity
  8
0
  6
Continuous
 62
     7
100
AcDbLine
 10
123.0187278003
 20
122.5483884881
 30
0.0
 11
123.5625124004
 21
122.5483884881
 31
0.0
  0
LINE
  5
23E
330
1FF
100
AcDbEntity
  8
0
  6
Continuous
 62
     7
100
AcDbLine
 10
124.4376090237
 20
123.2483884881
 30
0.0
 11
124.4235046839
 21
123.2483884881
 31
0.0
  0
LINE
  5
23F
330
1FF
100
AcDbEntity
  8
0
  6
Continuous
 62
     7
100
AcDbLine
 10
121.988688109
 20
123.2483884881
 30
0.0
 11
121.7186860232
 21
123.2483884881
 31
0.0
  0
LINE
  5
240
330
1FF
100
AcDbEntity
  8
0
  6
Continuous
 62
     7
100
AcDbLine
 10
115.9500424726
 20
123.2483884881
 30
0.0
 11
116.9462371955
 21
123.2483884881
 31
0.0
  0
LINE
  5
241
330
1FF
100
AcDbEntity
  8
0
  6
Continuous
 62
     7
100
AcDbLine
 10
117.9424319184
 20
123.2483884881
 30
0.0
 11
118.9386266413
 21
123.2483884881
 31
0.0
  0
LINE
  5
242
330
1FF
100
AcDbEntity
  8
0
  6
Continuous
 62
     7
100
AcDbLine
 10
113.2525032431
 20
119.5483884881
 30
0.0
 11
113.0576321416
 21
119.7432595896
 31
0.0
  0
LINE
  5
243
330
1FF
100
AcDbEntity
  8
0
  6
Continuous
 62
     7
100
AcDbLine
 10
114.7515771441
 20
119.5483884881
 30
0.0
 11
114.4520401936
 21
119.8479254386
 31
0.0
  0
LINE
  5
244
330
1FF
100
AcDbEntity
  8
0
  6
Continuous
 62
     7
100
AcDbLine
 10
107.5691306056
 20
121.1483884881
 30
0.0
 11
107.5691306056
 21
121.4983884881
 31
0.0
  0
LINE
  5
245
330
1FF
100
AcDbEntity
  8
0
  6
Continuous
 62
     7
100
AcDbLine
 10
107.6685686227
 20
121.1483884881
 30
0.0
 11
107.6685686227
 21
120.5483884881
 31
0.0
  0
LINE
  5
246
330
1FF
100
AcDbEntity
  8
0
  6
Continuous
 62
     7
100
AcDbLine
 10
107.8633795341
 20
121.4983884881
 30
0.0
 11
107.8633795341
 21
121.1483884881
 31
0.0
  0
LINE
  5
247
330
1FF
100
AcDbEntity
  8
0
  6
Continuous
 62
     7
100
AcDbLine
 10
108.0813346628
 20
121.1483884881
 30
0.0
 11
108.0813346628
 21
121.4983884881
 31
0.0
  0
LINE
  5
248
330
1FF
100
AcDbEntity
  8
0
  6
Continuous
 62
     7
100
AcDbLine
 10
108.2763166585
 20
120.5483884881
 30
0.0
 11
108.2763166585
 21
121.1483884881
 31
0.0
  0
LINE
  5
249
330
1FF
100
AcDbEntity
  8
0
  6
Continuous
 62
     7
100
AcDbLine
 10
109.2253963525
 20
120.4483884881
 30
0.0
 11
109.2253963525
 21
120.5483884881
 31
0.0
  0
LINE
  5
24A
330
1FF
100
AcDbEntity
  8
0
  6
Continuous
 62
     7
100
AcDbLine
 10
109.9727689774
 20
124.1483884881
 30
0.0
 11
109.9727689774
 21
128.1483884881
 31
0.0
  0
LINE
  5
24B
330
1FF
100
AcDbEntity
  8
0
  6
Continuous
 62
     7
100
AcDbLine
 10
110.040762947
 20
120.5483884881
 30
0.0
 11
110.040762947
 21
120.4483884881
 31
0.0
  0
LINE
  5
24C
330
1FF
100
AcDbEntity
  8
0
  6
Continuous
 62
     7
100
AcDbLine
 10
110.3707450379
 20
119.5483884881
 30
0.0
 11
110.3707450379
 21
123.6483884881
 31
0.0
  0
LINE
  5
24D
330
1FF
100
AcDbEntity
  8
0
  6
Continuous
 62
     7
100
AcDbLine
 10
110.9727689774
 20
129.1483884880999
 30
0.0
 11
110.9727689774
 21
128.9002258612
 31
0.0
  0
LINE
  5
24E
330
1FF
100
AcDbEntity
  8
0
  6
Continuous
 62
     7
100
AcDbLine
 10
111.1898972454
 20
116.5483884881
 30
0.0
 11
111.1898972454
 21
117.8483884881
 31
0.0
  0
LINE
  5
24F
330
1FF
100
AcDbEntity
  8
0
  6
Continuous
 62
     7
100
AcDbLine
 10
111.1898972454
 20
118.8483884881
 30
0.0
 11
111.1898972454
 21
119.5483884881
 31
0.0
  0
LINE
  5
250
330
1FF
100
AcDbEntity
  8
0
  6
Continuous
 62
     7
100
AcDbLine
 10
110.3707450379
 20
123.6483884881
 30
0.0
 11
112.8282016603
 21
123.6483884881
 31
0.0
  0
LINE
  5
251
330
1FF
100
AcDbEntity
  8
0
  6
Continuous
 62
     7
100
AcDbLine
 10
122.1577355168
 20
123.6483884881
 30
0.0
 11
124.4235046839
 21
123.6483884881
 31
0.0
  0
LINE
  5
252
330
1FF
100
AcDbEntity
  8
0
  6
Continuous
 62
     7
100
AcDbLine
 10
130.2994189929
 20
123.7483884881
 30
0.0
 11
129.5585975883
 21
123.7483884881
 31
0.0
  0
LINE
  5
253
330
1FF
100
AcDbEntity
  8
0
  6
Continuous
 62
     7
100
AcDbLine
 10
128.5188251357
 20
123.7483884881
 30
0.0
 11
127.9425936485
 21
123.7483884881
 31
0.0
  0
LINE
  5
254
330
1FF
100
AcDbEntity
  8
0
  6
Continuous
 62
     7
100
AcDbLine
 10
124.5985163767
 20
123.7483884881
 30
0.0
 11
124.4179252411
 21
123.7483884881
 31
0.0
  0
LINE
  5
255
330
1FF
100
AcDbEntity
  8
0
  6
Continuous
 62
     7
100
AcDbLine
 10
119.0173064624
 20
123.7483884881
 30
0.0
 11
115.9936202023
 21
123.7483884881
 31
0.0
  0
LINE
  5
256
330
1FF
100
AcDbEntity
  8
0
  6
Continuous
 62
     7
100
AcDbLine
 10
107.4981173766
 20
123.7483884881
 30
0.0
 11
106.8683653833
 21
123.7483884881
 31
0.0
  0
LINE
  5
257
330
1FF
100
AcDbEntity
  8
0
  6
Continuous
 62
     7
100
AcDbLine
 10
113.1149897619
 20
123.7483884881
 30
0.0
 11
113.4510955218
 21
123.7483884881
 31
0.0
  0
LINE
  5
258
330
1FF
100
AcDbEntity
  8
0
  6
Continuous
 62
     7
100
AcDbLine
 10
121.5341681819
 20
123.7483884881
 30
0.0
 11
121.9464262571
 21
123.7483884881
 31
0.0
  0
LINE
  5
259
330
1FF
100
AcDbEntity
  8
0
  6
Continuous
 62
     7
100
AcDbLine
 10
130.3429967226
 20
124.1483884881
 30
0.0
 11
107.2064437569
 21
124.1483884881
 31
0.0
  0
LINE
  5
25A
330
1FF
100
AcDbEntity
  8
0
  6
Continuous
 62
     7
100
AcDbLine
 10
115.8106092942
 20
125.1483884881
 30
0.0
 11
114.8809882737
 21
125.1483884881
 31
0.0
  0
LINE
  5
25B
330
1FF
100
AcDbEntity
  8
0
  6
Continuous
 62
     7
100
AcDbLine
 10
114.8809882737
 20
127.1483884881
 30
0.0
 11
115.4349287428
 21
127.1483884881
 31
0.0
  0
LINE
  5
25C
330
1FF
100
AcDbEntity
  8
0
  6
Continuous
 62
     7
100
AcDbLine
 10
125.6977609973
 20
127.1483884881
 30
0.0
 11
126.8033119115
 21
127.1483884881
 31
0.0
  0
LINE
  5
25D
330
1FF
100
AcDbEntity
  8
0
  6
Continuous
 62
     7
100
AcDbLine
 10
112.0090494528
 20
119.5483884881
 30
0.0
 11
112.0090494528
 21
118.8483884881
 31
0.0
  0
LINE
  5
25E
330
1FF
100
AcDbEntity
  8
0
  6
Continuous
 62
     7
100
AcDbLine
 10
112.0090494528
 20
117.8483884881
 30
0.0
 11
112.0090494528
 21
116.548388488
 31
0.0
  0
LINE
  5
25F
330
1FF
100
AcDbEntity
  8
0
  6
Continuous
 62
     7
100
AcDbLine
 10
112.2384799342
 20
116.5483884881
 30
0.0
 11
112.2384799342
 21
117.8483884881
 31
0.0
  0
LINE
  5
260
330
1FF
100
AcDbEntity
  8
0
  6
Continuous
 62
     7
100
AcDbLine
 10
112.2384799342
 20
118.8483884881
 30
0.0
 11
112.2384799342
 21
119.5483884881
 31
0.0
  0
LINE
  5
261
330
1FF
100
AcDbEntity
  8
0
  6
Continuous
 62
     7
100
AcDbLine
 10
112.8282016603
 20
123.6483884881
 30
0.0
 11
112.8282016603
 21
119.5483884881
 31
0.0
  0
LINE
  5
262
330
1FF
100
AcDbEntity
  8
0
  6
Continuous
 62
     7
100
AcDbLine
 10
112.9552801767
 20
119.5483884881
 30
0.0
 11
112.9552801767
 21
118.8483884881
 31
0.0
  0
LINE
  5
263
330
1FF
100
AcDbEntity
  8
0
  6
Continuous
 62
     7
100
AcDbLine
 10
112.9552801767
 20
117.8483884881
 30
0.0
 11
112.9552801767
 21
116.5483884853
 31
0.0
  0
LINE
  5
264
330
1FF
100
AcDbEntity
  8
0
  6
Continuous
 62
     7
100
AcDbLine
 10
113.0576321416
 20
119.5483884881
 30
0.0
 11
113.0576321416
 21
123.6483884881
 31
0.0
  0
LINE
  5
265
330
1FF
100
AcDbEntity
  8
0
  6
Continuous
 62
     7
100
AcDbLine
 10
113.1243275845
 20
116.5483884881
 30
0.0
 11
113.1243275845
 21
117.8483884881
 31
0.0
  0
LINE
  5
266
330
1FF
100
AcDbEntity
  8
0
  6
Continuous
 62
     7
100
AcDbLine
 10
113.1243275845
 20
118.8483884881
 30
0.0
 11
113.1243275845
 21
119.5483884881
 31
0.0
  0
LINE
  5
267
330
1FF
100
AcDbEntity
  8
0
  6
Continuous
 62
     7
100
AcDbLine
 10
113.4510955218
 20
123.7483884881
 30
0.0
 11
113.4510955218
 21
124.1483884881
 31
0.0
  0
LINE
  5
268
330
1FF
100
AcDbEntity
  8
0
  6
Continuous
 62
     7
100
AcDbLine
 10
114.0306352514
 20
119.5483884881
 30
0.0
 11
114.0306352514
 21
118.8483884881
 31
0.0
  0
LINE
  5
269
330
1FF
100
AcDbEntity
  8
0
  6
Continuous
 62
     7
100
AcDbLine
 10
114.0306352514
 20
117.8483884881
 30
0.0
 11
114.0306352514
 21
116.5483884881
 31
0.0
  0
LINE
  5
26A
330
1FF
100
AcDbEntity
  8
0
  6
Continuous
 62
     7
100
AcDbLine
 10
114.6025032431
 20
120.5483884881
 30
0.0
 11
114.6025032431
 21
119.9983884881
 31
0.0
  0
LINE
  5
26B
330
1FF
100
AcDbEntity
  8
0
  6
Continuous
 62
     7
100
AcDbLine
 10
114.8809882737
 20
127.1483884881
 30
0.0
 11
114.8809882737
 21
125.1483884881
 31
0.0
  0
LINE
  5
26C
330
1FF
100
AcDbEntity
  8
0
  6
Continuous
 62
     7
100
AcDbLine
 10
116.1950241256
 20
127.5483884881
 30
0.0
 11
115.0810101246
 21
127.5483884881
 31
0.0
  0
LINE
  5
26D
330
1FF
100
AcDbEntity
  8
0
  6
Continuous
 62
     7
100
AcDbLine
 10
126.9727679314
 20
128.1483884881
 30
0.0
 11
116.7839663176
 21
128.1483884881
 31
0.0
  0
LINE
  5
26E
330
1FF
100
AcDbEntity
  8
0
  6
Continuous
 62
     7
100
AcDbLine
 10
113.995103256
 20
128.1483884881
 30
0.0
 11
109.9727700235
 21
128.1483884881
 31
0.0
  0
LINE
  5
26F
330
1FF
100
AcDbEntity
  8
0
  6
Continuous
 62
     7
100
AcDbLine
 10
118.0475225336
 20
129.0483884881
 30
0.0
 11
113.8201076965
 21
129.0483884881
 31
0.0
  0
LINE
  5
270
330
1FF
100
AcDbEntity
  8
0
  6
Continuous
 62
     7
100
AcDbLine
 10
110.9727737806
 20
129.1483884880999
 30
0.0
 11
125.9727641742
 21
129.1483884880999
 31
0.0
  0
LINE
  5
271
330
1FF
100
AcDbEntity
  8
0
  6
Continuous
 62
     7
100
AcDbLine
 10
125.9923267605
 20
119.5483884881
 30
0.0
 11
125.5423267605
 21
119.9983884881
 31
0.0
  0
LINE
  5
272
330
1FF
100
AcDbEntity
  8
0
  6
Continuous
 62
     7
100
AcDbLine
 10
115.4349287428
 20
125.1483884881
 30
0.0
 11
115.4349287428
 21
127.1483884881
 31
0.0
  0
LINE
  5
273
330
1FF
100
AcDbEntity
  8
0
  6
Continuous
 62
     7
100
AcDbLine
 10
115.6551048017
 20
118.8483884881
 30
0.0
 11
115.6551048017
 21
120.5483884881
 31
0.0
  0
LINE
  5
274
330
1FF
100
AcDbEntity
  8
0
  6
Continuous
 62
     7
100
AcDbLine
 10
115.8106092942
 20
125.1483884881
 30
0.0
 11
115.8106092942
 21
127.1483884881
 31
0.0
  0
LINE
  5
275
330
1FF
100
AcDbEntity
  8
0
  6
Continuous
 62
     7
100
AcDbLine
 10
115.9500424726
 20
122.0483884881
 30
0.0
 11
115.9500424726
 21
123.2483884881
 31
0.0
  0
LINE
  5
276
330
1FF
100
AcDbEntity
  8
0
  6
Continuous
 62
     7
100
AcDbLine
 10
116.7319475728
 20
120.5483884881
 30
0.0
 11
116.7319475728
 21
118.8483884881
 31
0.0
  0
LINE
  5
277
330
1FF
100
AcDbEntity
  8
0
  6
Continuous
 62
     7
100
AcDbLine
 10
116.9462371955
 20
122.0483884881
 30
0.0
 11
116.9462371955
 21
123.2483884881
 31
0.0
  0
LINE
  5
278
330
1FF
100
AcDbEntity
  8
0
  6
Continuous
 62
     7
100
AcDbLine
 10
117.9424319184
 20
123.2483884881
 30
0.0
 11
117.9424319184
 21
122.0483884881
 31
0.0
  0
LINE
  5
279
330
1FF
100
AcDbEntity
  8
0
  6
Continuous
 62
     7
100
AcDbLine
 10
118.7319475728
 20
120.5483884881
 30
0.0
 11
118.7319475728
 21
118.8483884881
 31
0.0
  0
LINE
  5
27A
330
1FF
100
AcDbEntity
  8
0
  6
Continuous
 62
     7
100
AcDbLine
 10
118.9386266413
 20
122.0483884881
 30
0.0
 11
118.9386266413
 21
123.2483884881
 31
0.0
  0
LINE
  5
27B
330
1FF
100
AcDbEntity
  8
0
  6
Continuous
 62
     7
100
AcDbLine
 10
117.9442692215
 20
123.291963383
 30
0.0
 11
117.9424319184
 21
123.2483884881
 31
0.0
  0
LINE
  5
27C
330
1FF
100
AcDbEntity
  8
0
  6
Continuous
 62
     7
100
AcDbLine
 10
115.9936202023
 20
123.7483884881
 30
0.0
 11
115.9500424726
 21
123.2483884881
 31
0.0
  0
LINE
  5
27D
330
1FF
100
AcDbEntity
  8
0
  6
Continuous
 62
     7
100
AcDbLine
 10
110.1219684934
 20
128.2367289404
 30
0.0
 11
110.0323591447
 21
128.1483884881
 31
0.0
  0
LINE
  5
27E
330
1FF
100
AcDbEntity
  8
0
  6
Continuous
 62
     7
100
AcDbLine
 10
122.3985548036
 20
120.7483884896
 30
0.0
 11
122.3984171955
 21
120.8484262679
 31
0.0
  0
LINE
  5
27F
330
1FF
100
AcDbEntity
  8
0
  6
Continuous
 62
     7
100
AcDbLine
 10
119.0173064624
 20
122.0483884881
 30
0.0
 11
119.0173064624
 21
123.7483884881
 31
0.0
  0
LINE
  5
280
330
1FF
100
AcDbEntity
  8
0
  6
Continuous
 62
     7
100
AcDbLine
 10
119.5224279902
 20
121.1483884881
 30
0.0
 11
119.5224279902
 21
120.5483884881
 31
0.0
  0
LINE
  5
281
330
1FF
100
AcDbEntity
  8
0
  6
Continuous
 62
     7
100
AcDbLine
 10
119.7103700043
 20
120.5483884881
 30
0.0
 11
119.7103700043
 21
121.1483884881
 31
0.0
  0
LINE
  5
282
330
1FF
100
AcDbEntity
  8
0
  6
Continuous
 62
     7
100
AcDbLine
 10
120.0117432668
 20
121.1483884881
 30
0.0
 11
120.0117432668
 21
121.4983884881
 31
0.0
  0
LINE
  5
283
330
1FF
100
AcDbEntity
  8
0
  6
Continuous
 62
     7
100
AcDbLine
 10
120.7055648934
 20
120.5483884881
 30
0.0
 11
120.7055648934
 21
121.1483884881
 31
0.0
  0
LINE
  5
284
330
1FF
100
AcDbEntity
  8
0
  6
Continuous
 62
     7
100
AcDbLine
 10
121.0321966981
 20
121.4983884881
 30
0.0
 11
121.0321966981
 21
121.1483884881
 31
0.0
  0
LINE
  5
285
330
1FF
100
AcDbEntity
  8
0
  6
Continuous
 62
     7
100
AcDbLine
 10
121.0505648942
 20
121.1483884881
 30
0.0
 11
121.0505648942
 21
121.4983884881
 31
0.0
  0
LINE
  5
286
330
1FF
100
AcDbEntity
  8
0
  6
Continuous
 62
     7
100
AcDbLine
 10
121.2904331532
 20
118.8483884881
 30
0.0
 11
121.2904331532
 21
120.5483884881
 31
0.0
  0
LINE
  5
287
330
1FF
100
AcDbEntity
  8
0
  6
Continuous
 62
     7
100
AcDbLine
 10
121.3645063892
 20
120.7483884881
 30
0.0
 11
121.3645063892
 21
120.4483884881
 31
0.0
  0
LINE
  5
288
330
1FF
100
AcDbEntity
  8
0
  6
Continuous
 62
     7
100
AcDbLine
 10
121.4347756391
 20
120.7483884881
 30
0.0
 11
121.4347756391
 21
120.4483884881
 31
0.0
  0
LINE
  5
289
330
1FF
100
AcDbEntity
  8
0
  6
Continuous
 62
     7
100
AcDbLine
 10
121.5341681819
 20
124.1483884881
 30
0.0
 11
121.5341681819
 21
123.7483884881
 31
0.0
  0
LINE
  5
28A
330
1FF
100
AcDbEntity
  8
0
  6
Continuous
 62
     7
100
AcDbLine
 10
121.6234094455
 20
123.7483884881
 30
0.0
 11
121.6234094458
 21
124.1483884881
 31
0.0
  0
LINE
  5
28B
330
1FF
100
AcDbEntity
  8
0
  6
Continuous
 62
     7
100
AcDbLine
 10
121.7186860232
 20
120.7483884881
 30
0.0
 11
121.7186860232
 21
123.7483884881
 31
0.0
  0
LINE
  5
28C
330
1FF
100
AcDbEntity
  8
0
  6
Continuous
 62
     7
100
AcDbLine
 10
121.9003095036
 20
124.1483884881
 30
0.0
 11
121.9003095036
 21
123.7483884881
 31
0.0
  0
LINE
  5
28D
330
1FF
100
AcDbEntity
  8
0
  6
Continuous
 62
     7
100
AcDbLine
 10
121.988688109
 20
123.6483884881
 30
0.0
 11
121.988688109
 21
120.9819282743
 31
0.0
  0
LINE
  5
28E
330
1FF
100
AcDbEntity
  8
0
  6
Continuous
 62
     7
100
AcDbLine
 10
122.1577355168
 20
120.9819282743
 30
0.0
 11
122.1577355168
 21
123.6483884881
 31
0.0
  0
LINE
  5
28F
330
1FF
100
AcDbEntity
  8
0
  6
Continuous
 62
     7
100
AcDbLine
 10
122.4418419424
 20
120.9819282743
 30
0.0
 11
122.4418419424
 21
120.9483884881
 31
0.0
  0
LINE
  5
290
330
1FF
100
AcDbEntity
  8
0
  6
Continuous
 62
     7
100
AcDbLine
 10
122.6108893503
 20
120.9483884881
 30
0.0
 11
122.6108893503
 21
120.9819282743
 31
0.0
  0
LINE
  5
291
330
1FF
100
AcDbEntity
  8
0
  6
Continuous
 62
     7
100
AcDbLine
 10
122.7652344072
 20
129.1483884880999
 30
0.0
 11
122.7652344072
 21
128.1483884881
 31
0.0
  0
LINE
  5
292
330
1FF
100
AcDbEntity
  8
0
  6
Continuous
 62
     7
100
AcDbLine
 10
118.9386266413
 20
123.2483884881
 30
0.0
 11
118.982204371
 21
123.7483884881
 31
0.0
  0
LINE
  5
293
330
1FF
100
AcDbEntity
  8
0
  6
Continuous
 62
     7
100
AcDbLine
 10
125.8968144629
 20
129.1483884880999
 30
0.0
 11
125.9354789089
 21
129.1104351548
 31
0.0
  0
LINE
  5
294
330
1FF
100
AcDbEntity
  8
0
  6
Continuous
 62
     7
100
AcDbLine
 10
124.4235046839
 20
123.3040113061
 30
0.0
 11
124.4376090237
 21
123.2483884881
 31
0.0
  0
LINE
  5
295
330
1FF
100
AcDbEntity
  8
0
  6
Continuous
 62
     7
100
AcDbLine
 10
123.3953552068
 20
122.4483884881
 30
0.0
 11
123.4798789108
 21
121.9483884881
 31
0.0
  0
LINE
  5
296
330
1FF
100
AcDbEntity
  8
0
  6
Continuous
 62
     7
100
AcDbLine
 10
122.9280970336
 20
122.4483884882
 30
0.0
 11
122.9280970336
 21
121.5483884881
 31
0.0
  0
LINE
  5
297
330
1FF
100
AcDbEntity
  8
0
  6
Continuous
 62
     7
100
AcDbLine
 10
123.4798789108
 20
121.9483884881
 30
0.0
 11
123.4798789108
 21
121.5483884881
 31
0.0
  0
LINE
  5
298
330
1FF
100
AcDbEntity
  8
0
  6
Continuous
 62
     7
100
AcDbLine
 10
123.4840957593
 20
122.4483884881
 30
0.0
 11
123.4840957593
 21
121.5483884882
 31
0.0
  0
LINE
  5
299
330
1FF
100
AcDbEntity
  8
0
  6
Continuous
 62
     7
100
AcDbLine
 10
123.6531431671
 20
121.5483884879
 30
0.0
 11
123.6531431671
 21
122.4483884881
 31
0.0
  0
LINE
  5
29A
330
1FF
100
AcDbEntity
  8
0
  6
Continuous
 62
     7
100
AcDbLine
 10
123.9703508505
 20
120.9819282743
 30
0.0
 11
123.9703508505
 21
120.9483884881
 31
0.0
  0
LINE
  5
29B
330
1FF
100
AcDbEntity
  8
0
  6
Continuous
 62
     7
100
AcDbLine
 10
124.0296849179
 20
120.5483884881
 30
0.0
 11
124.0296849179
 21
120.4483884881
 31
0.0
  0
LINE
  5
29C
330
1FF
100
AcDbEntity
  8
0
  6
Continuous
 62
     7
100
AcDbLine
 10
124.3533278021
 20
124.1483884881
 30
0.0
 11
124.3533278021
 21
124.0169913064
 31
0.0
  0
LINE
  5
29D
330
1FF
100
AcDbEntity
  8
0
  6
Continuous
 62
     7
100
AcDbLine
 10
124.4235046839
 20
123.6483884881
 30
0.0
 11
124.4235046839
 21
120.9819282743
 31
0.0
  0
LINE
  5
29E
330
1FF
100
AcDbEntity
  8
0
  6
Continuous
 62
     7
100
AcDbLine
 10
124.4376090237
 20
120.5483884881
 30
0.0
 11
124.4376090237
 21
123.7483884881
 31
0.0
  0
LINE
  5
29F
330
1FF
100
AcDbEntity
  8
0
  6
Continuous
 62
     7
100
AcDbLine
 10
124.5985163767
 20
123.7483884881
 30
0.0
 11
124.5985163767
 21
124.1483884881
 31
0.0
  0
LINE
  5
2A0
330
1FF
100
AcDbEntity
  8
0
  6
Continuous
 62
     7
100
AcDbLine
 10
124.6007931146
 20
117.8483884881
 30
0.0
 11
124.6007931146
 21
111.3483884881
 31
0.0
  0
LINE
  5
2A1
330
1FF
100
AcDbEntity
  8
0
  6
Continuous
 62
     7
100
AcDbLine
 10
125.5423267605
 20
120.5483884881
 30
0.0
 11
125.5423267605
 21
119.9983884881
 31
0.0
  0
LINE
  5
2A2
330
1FF
100
AcDbEntity
  8
0
  6
Continuous
 62
     7
100
AcDbLine
 10
125.6977609973
 20
127.1483884881
 30
0.0
 11
125.6977609973
 21
124.1483884881
 31
0.0
  0
LINE
  5
2A3
330
1FF
100
AcDbEntity
  8
0
  6
Continuous
 62
     7
100
AcDbLine
 10
125.9727689774
 20
129.1483884880999
 30
0.0
 11
125.9727689774
 21
129.0737710785
 31
0.0
  0
LINE
  5
2A4
330
1FF
100
AcDbEntity
  8
0
  6
Continuous
 62
     7
100
AcDbLine
 10
126.1836262925
 20
124.1483884881
 30
0.0
 11
126.1836262925
 21
127.1483884881
 31
0.0
  0
LINE
  5
2A5
330
1FF
100
AcDbEntity
  8
0
  6
Continuous
 62
     7
100
AcDbLine
 10
126.5007844907
 20
117.8483884881
 30
0.0
 11
126.5007844907
 21
111.3483884881
 31
0.0
  0
LINE
  5
2A6
330
1FF
100
AcDbEntity
  8
0
  6
Continuous
 62
     7
100
AcDbLine
 10
114.1525032431
 20
119.5483884881
 30
0.0
 11
114.6025032431
 21
119.9983884881
 31
0.0
  0
LINE
  5
2A7
330
1FF
100
AcDbEntity
  8
0
  6
Continuous
 62
     7
100
AcDbLine
 10
126.8033119115
 20
124.1483884881
 30
0.0
 11
126.8033119115
 21
127.1483884881
 31
0.0
  0
LINE
  5
2A8
330
1FF
100
AcDbEntity
  8
0
  6
Continuous
 62
     7
100
AcDbLine
 10
126.9727689774
 20
124.1483884881
 30
0.0
 11
126.9727689774
 21
128.1483884881
 31
0.0
  0
LINE
  5
2A9
330
1FF
100
AcDbEntity
  8
0
  6
Continuous
 62
     7
100
AcDbLine
 10
127.3423267605
 20
120.5483884881
 30
0.0
 11
127.3423267605
 21
119.9983884881
 31
0.0
  0
LINE
  5
2AA
330
1FF
100
AcDbEntity
  8
0
  6
Continuous
 62
     7
100
AcDbLine
 10
127.9425936485
 20
123.7483884881
 30
0.0
 11
127.9425936485
 21
120.5483884881
 31
0.0
  0
LINE
  5
2AB
330
1FF
100
AcDbEntity
  8
0
  6
Continuous
 62
     7
100
AcDbLine
 10
128.2221379001
 20
124.1483884881
 30
0.0
 11
128.2221379001
 21
123.7483884881
 31
0.0
  0
LINE
  5
2AC
330
1FF
100
AcDbEntity
  8
0
  6
Continuous
 62
     7
100
AcDbLine
 10
128.5188251357
 20
123.7483884881
 30
0.0
 11
128.5188251357
 21
124.1483884881
 31
0.0
  0
LINE
  5
2AD
330
1FF
100
AcDbEntity
  8
0
  6
Continuous
 62
     7
100
AcDbLine
 10
129.5150198586
 20
121.1483884881
 30
0.0
 11
129.5150198586
 21
124.1483884881
 31
0.0
  0
LINE
  5
2AE
330
1FF
100
AcDbEntity
  8
0
  6
Continuous
 62
     7
100
AcDbLine
 10
129.5585975883
 20
123.7483884881
 30
0.0
 11
129.5585975883
 21
124.1483884881
 31
0.0
  0
LINE
  5
2AF
330
1FF
100
AcDbEntity
  8
0
  6
Continuous
 62
     7
100
AcDbLine
 10
129.5803864531
 20
121.4983884881
 30
0.0
 11
129.5803864531
 21
121.1483884881
 31
0.0
  0
LINE
  5
2B0
330
1FF
100
AcDbEntity
  8
0
  6
Continuous
 62
     7
100
AcDbLine
 10
130.1976206341
 20
123.7483884881
 30
0.0
 11
130.1976206341
 21
124.1483884881
 31
0.0
  0
LINE
  5
2B1
330
1FF
100
AcDbEntity
  8
0
  6
Continuous
 62
     7
100
AcDbLine
 10
130.2994189929
 20
123.7483884881
 30
0.0
 11
130.2994189929
 21
124.1483884881
 31
0.0
  0
LINE
  5
2B2
330
1FF
100
AcDbEntity
  8
0
  6
Continuous
 62
     7
100
AcDbLine
 10
130.3429967226
 20
121.4983884881
 30
0.0
 11
130.3429967226
 21
124.1483884881
 31
0.0
  0
LINE
  5
2B3
330
1FF
100
AcDbEntity
  8
0
  6
Continuous
 62
     7
100
AcDbLine
 10
130.8754395929
 20
120.8483884881
 30
0.0
 11
130.8754395929
 21
120.0615300204
 31
0.0
  0
LINE
  5
2B4
330
1FF
100
AcDbEntity
  8
0
  6
Continuous
 62
     7
100
AcDbLine
 10
130.9277328685
 20
120.0615300204
 30
0.0
 11
130.9277328685
 21
118.8483884881
 31
0.0
  0
LINE
  5
2B5
330
1FF
100
AcDbEntity
  8
0
  6
Continuous
 62
     7
100
AcDbLine
 10
130.9277328685
 20
117.8483884881
 30
0.0
 11
130.9277328685
 21
116.4615300204
 31
0.0
  0
LINE
  5
2B6
330
1FF
100
AcDbEntity
  8
0
  6
Continuous
 62
     7
100
AcDbLine
 10
131.2241077459
 20
120.8483884881
 30
0.0
 11
131.2241077459
 21
120.0615300204
 31
0.0
  0
LINE
  5
2B7
330
1FF
100
AcDbEntity
  8
0
  6
Continuous
 62
     7
100
AcDbLine
 10
131.2764010215
 20
120.0615300204
 30
0.0
 11
131.2764010215
 21
118.8483884881
 31
0.0
  0
LINE
  5
2B8
330
1FF
100
AcDbEntity
  8
0
  6
Continuous
 62
     7
100
AcDbLine
 10
131.2764010215
 20
117.8483884881
 30
0.0
 11
131.2764010215
 21
116.4615300204
 31
0.0
  0
LINE
  5
2B9
330
1FF
100
AcDbEntity
  8
0
  6
Continuous
 62
     7
100
AcDbLine
 10
131.346125389
 20
116.4615300204
 30
0.0
 11
131.346125389
 21
117.8483884881
 31
0.0
  0
LINE
  5
2BA
330
1FF
100
AcDbEntity
  8
0
  6
Continuous
 62
     7
100
AcDbLine
 10
131.346125389
 20
118.8483884881
 30
0.0
 11
131.346125389
 21
120.0615300204
 31
0.0
  0
LINE
  5
2BB
330
1FF
100
AcDbEntity
  8
0
  6
Continuous
 62
     7
100
AcDbLine
 10
131.3984186646
 20
120.0615300204
 30
0.0
 11
131.3984186646
 21
120.8483884881
 31
0.0
  0
LINE
  5
2BC
330
1FF
100
AcDbEntity
  8
0
  6
Continuous
 62
     7
100
AcDbLine
 10
131.485574124
 20
120.8483884881
 30
0.0
 11
131.485574124
 21
120.0615300204
 31
0.0
  0
LINE
  5
2BD
330
1FF
100
AcDbEntity
  8
0
  6
Continuous
 62
     7
100
AcDbLine
 10
131.5378673996
 20
120.0615300204
 30
0.0
 11
131.5378673996
 21
118.8483884881
 31
0.0
  0
LINE
  5
2BE
330
1FF
100
AcDbEntity
  8
0
  6
Continuous
 62
     7
100
AcDbLine
 10
131.5378673996
 20
117.8483884881
 30
0.0
 11
131.5378673996
 21
116.4615300204
 31
0.0
  0
LINE
  5
2BF
330
1FF
100
AcDbEntity
  8
0
  6
Continuous
 62
     7
100
AcDbLine
 10
131.6075917671
 20
118.8483884881
 30
0.0
 11
131.6075917671
 21
120.0615300204
 31
0.0
  0
LINE
  5
2C0
330
1FF
100
AcDbEntity
  8
0
  6
Continuous
 62
     7
100
AcDbLine
 10
131.6598850427
 20
120.0615300204
 30
0.0
 11
131.6598850427
 21
120.8483884881
 31
0.0
  0
LINE
  5
2C1
330
1FF
100
AcDbEntity
  8
0
  6
Continuous
 62
     7
100
AcDbLine
 10
131.7470405021
 20
120.0615300204
 30
0.0
 11
131.7470405021
 21
120.8483884881
 31
0.0
  0
LINE
  5
2C2
330
1FF
100
AcDbEntity
  8
0
  6
Continuous
 62
     7
100
AcDbLine
 10
131.7993337777
 20
118.8483884881
 30
0.0
 11
131.7993337777
 21
120.0615300204
 31
0.0
  0
LINE
  5
2C3
330
1FF
100
AcDbEntity
  8
0
  6
Continuous
 62
     7
100
AcDbLine
 10
131.8690581452
 20
120.0615300204
 30
0.0
 11
131.8690581452
 21
118.8483884881
 31
0.0
  0
LINE
  5
2C4
330
1FF
100
AcDbEntity
  8
0
  6
Continuous
 62
     7
100
AcDbLine
 10
131.9213514208
 20
120.8483884881
 30
0.0
 11
131.9213514208
 21
120.0615300204
 31
0.0
  0
LINE
  5
2C5
330
1FF
100
AcDbEntity
  8
0
  6
Continuous
 62
     7
100
AcDbLine
 10
132.3007875114
 20
111.3483884881
 30
0.0
 11
132.3007875114
 21
117.8483884881
 31
0.0
  0
LINE
  5
2C6
330
1FF
100
AcDbEntity
  8
0
  6
Continuous
 62
     7
100
AcDbLine
 10
134.2007788876
 20
117.8483884881
 30
0.0
 11
134.2007788876
 21
111.3483884881
 31
0.0
  0
LINE
  5
2C7
330
1FF
100
AcDbEntity
  8
0
  6
Continuous
 62
     7
100
AcDbLine
 10
134.4727689774
 20
117.8483884881
 30
0.0
 11
134.4727689774
 21
118.8483884881
 31
0.0
  0
LINE
  5
2C8
330
1FF
100
AcDbEntity
  8
0
  6
Continuous
 62
     7
100
AcDbLine
 10
129.2161614418
 20
121.1483884881
 30
0.0
 11
128.618444608
 21
120.5483884881
 31
0.0
  0
LINE
  5
2C9
330
1FF
100
AcDbEntity
  8
0
  6
Continuous
 62
     7
100
AcDbLine
 10
129.446421472
 20
120.5483884881
 30
0.0
 11
130.0441383057
 21
121.1483884881
 31
0.0
  0
LINE
  5
2CA
330
1FF
100
AcDbEntity
  8
0
  6
Continuous
 62
     7
100
AcDbLine
 10
126.8923267605
 20
119.5483884881
 30
0.0
 11
127.3423267605
 21
119.9983884881
 31
0.0
  0
LINE
  5
2CB
330
1FF
100
AcDbEntity
  8
0
  6
Continuous
 62
     7
100
AcDbLine
 10
33.0941263147
 20
117.8483884881
 30
0.0
 11
33.0941263147
 21
118.8483884881
 31
0.0
  0
LINE
  5
2CC
330
1FF
100
AcDbEntity
  8
0
  6
Continuous
 62
     7
100
AcDbLine
 10
37.2082953956
 20
122.0483884881
 30
0.0
 11
37.2082953956
 21
123.2483884881
 31
0.0
  0
LINE
  5
2CD
330
1FF
100
AcDbEntity
  8
0
  6
Continuous
 62
     7
100
AcDbLine
 10
39.7250846627
 20
119.5483884881
 30
0.0
 11
39.2750846627
 21
119.9983884881
 31
0.0
  0
LINE
  5
2CE
330
1FF
100
AcDbEntity
  8
0
  6
Continuous
 62
     7
100
AcDbLine
 10
37.59970521630001
 20
119.5483884881
 30
0.0
 11
37.59970521630001
 21
123.6483884881
 31
0.0
  0
LINE
  5
2CF
330
1FF
100
AcDbEntity
  8
0
  6
Continuous
 62
     7
100
AcDbLine
 10
37.89294173010001
 20
117.8483884881
 30
0.0
 11
37.89294173010001
 21
117.2483884881
 31
0.0
  0
LINE
  5
2D0
330
1FF
100
AcDbEntity
  8
0
  6
Continuous
 62
     7
100
AcDbLine
 10
38.0223237358
 20
116.5483884881
 30
0.0
 11
38.0223237358
 21
117.8483884881
 31
0.0
  0
LINE
  5
2D1
330
1FF
100
AcDbEntity
  8
0
  6
Continuous
 62
     7
100
AcDbLine
 10
38.0223237358
 20
118.8483884881
 30
0.0
 11
38.0223237358
 21
119.5483884881
 31
0.0
  0
LINE
  5
2D2
330
1FF
100
AcDbEntity
  8
0
  6
Continuous
 62
     7
100
AcDbLine
 10
38.4449422554
 20
119.5483884881
 30
0.0
 11
38.4449422554
 21
118.8483884881
 31
0.0
  0
LINE
  5
2D3
330
1FF
100
AcDbEntity
  8
0
  6
Continuous
 62
     7
100
AcDbLine
 10
38.4449422554
 20
117.8483884881
 30
0.0
 11
38.4449422554
 21
116.5483884853
 31
0.0
  0
LINE
  5
2D4
330
1FF
100
AcDbEntity
  8
0
  6
Continuous
 62
     7
100
AcDbLine
 10
38.8074653221
 20
116.5483884881
 30
0.0
 11
38.8074653221
 21
117.8483884881
 31
0.0
  0
LINE
  5
2D5
330
1FF
100
AcDbEntity
  8
0
  6
Continuous
 62
     7
100
AcDbLine
 10
38.8074653221
 20
118.8483884881
 30
0.0
 11
38.8074653221
 21
119.5483884881
 31
0.0
  0
LINE
  5
2D6
330
1FF
100
AcDbEntity
  8
0
  6
Continuous
 62
     7
100
AcDbLine
 10
38.8675607749
 20
123.6483884881
 30
0.0
 11
38.8675607749
 21
119.5483884881
 31
0.0
  0
LINE
  5
2D7
330
1FF
100
AcDbEntity
  8
0
  6
Continuous
 62
     7
100
AcDbLine
 10
39.2300838417
 20
119.5483884881
 30
0.0
 11
39.2300838417
 21
123.6483884881
 31
0.0
  0
LINE
  5
2D8
330
1FF
100
AcDbEntity
  8
0
  6
Continuous
 62
     7
100
AcDbLine
 10
39.2750846627
 20
120.5483884881
 30
0.0
 11
39.2750846627
 21
119.9983884881
 31
0.0
  0
LINE
  5
2D9
330
1FF
100
AcDbEntity
  8
0
  6
Continuous
 62
     7
100
AcDbLine
 10
39.5444318691
 20
117.8483884881
 30
0.0
 11
39.5444318691
 21
117.2483884881
 31
0.0
  0
LINE
  5
2DA
330
1FF
100
AcDbEntity
  8
0
  6
Continuous
 62
     7
100
AcDbLine
 10
39.6264711702
 20
119.6470019806
 30
0.0
 11
39.6264711702
 21
118.8483884881
 31
0.0
  0
LINE
  5
2DB
330
1FF
100
AcDbEntity
  8
0
  6
Continuous
 62
     7
100
AcDbLine
 10
39.8517952655
 20
123.7483884881
 30
0.0
 11
39.8517952655
 21
124.1483884881
 31
0.0
  0
LINE
  5
2DC
330
1FF
100
AcDbEntity
  8
0
  6
Continuous
 62
     7
100
AcDbLine
 10
40.59412631469999
 20
124.1483884881
 30
0.0
 11
40.59412631469999
 21
128.1483884881
 31
0.0
  0
LINE
  5
2DD
330
1FF
100
AcDbEntity
  8
0
  6
Continuous
 62
     7
100
AcDbLine
 10
41.0750846627
 20
120.5483884881
 30
0.0
 11
41.0750846627
 21
119.9983884881
 31
0.0
  0
LINE
  5
2DE
330
1FF
100
AcDbEntity
  8
0
  6
Continuous
 62
     7
100
AcDbLine
 10
41.62647117019999
 20
120.5483884881
 30
0.0
 11
41.62647117019999
 21
118.8483884881
 31
0.0
  0
LINE
  5
2DF
330
1FF
100
AcDbEntity
  8
0
  6
Continuous
 62
     7
100
AcDbLine
 10
41.75366272589999
 20
128.1483884881
 30
0.0
 11
41.75366272589999
 21
129.1483884880999
 31
0.0
  0
LINE
  5
2E0
330
1FF
100
AcDbEntity
  8
0
  6
Continuous
 62
     7
100
AcDbLine
 10
42.78542656119999
 20
120.5483884881
 30
0.0
 11
42.78542656119999
 21
120.4483884881
 31
0.0
  0
LINE
  5
2E1
330
1FF
100
AcDbEntity
  8
0
  6
Continuous
 62
     7
100
AcDbLine
 10
43.25920708529999
 20
121.1483884881
 30
0.0
 11
43.25920708529999
 21
120.5483884881
 31
0.0
  0
LINE
  5
2E2
330
1FF
100
AcDbEntity
  8
0
  6
Continuous
 62
     7
100
AcDbLine
 10
43.4507712091
 20
120.5483884881
 30
0.0
 11
43.4507712091
 21
121.1483884881
 31
0.0
  0
LINE
  5
2E3
330
1FF
100
AcDbEntity
  8
0
  6
Continuous
 62
     7
100
AcDbLine
 10
43.7173647032
 20
121.1483884881
 30
0.0
 11
43.7173647032
 21
121.4983884881
 31
0.0
  0
LINE
  5
2E4
330
1FF
100
AcDbEntity
  8
0
  6
Continuous
 62
     7
100
AcDbLine
 10
44.17674287729999
 20
117.8483884881
 30
0.0
 11
44.17674287729999
 21
117.2483884881
 31
0.0
  0
LINE
  5
2E5
330
1FF
100
AcDbEntity
  8
0
  6
Continuous
 62
     7
100
AcDbLine
 10
44.61646059329999
 20
127.1483884881
 30
0.0
 11
44.61646059329999
 21
124.1483884881
 31
0.0
  0
LINE
  5
2E6
330
1FF
100
AcDbEntity
  8
0
  6
Continuous
 62
     7
100
AcDbLine
 10
44.6801909752
 20
121.4983884881
 30
0.0
 11
44.6801909752
 21
121.1483884881
 31
0.0
  0
LINE
  5
2E7
330
1FF
100
AcDbEntity
  8
0
  6
Continuous
 62
     7
100
AcDbLine
 10
44.6985591713
 20
121.1483884881
 30
0.0
 11
44.6985591713
 21
121.4983884881
 31
0.0
  0
LINE
  5
2E8
330
1FF
100
AcDbEntity
  8
0
  6
Continuous
 62
     7
100
AcDbLine
 10
44.8621141042
 20
124.1483884881
 30
0.0
 11
44.8621141042
 21
127.1483884881
 31
0.0
  0
LINE
  5
2E9
330
1FF
100
AcDbEntity
  8
0
  6
Continuous
 62
     7
100
AcDbLine
 10
45.1831754625
 20
120.5483884881
 30
0.0
 11
45.1831754625
 21
121.1483884881
 31
0.0
  0
LINE
  5
2EA
330
1FF
100
AcDbEntity
  8
0
  6
Continuous
 62
     7
100
AcDbLine
 10
46.8387027201
 20
111.3483884881
 30
0.0
 11
50.6386854723
 21
111.3483884881
 31
0.0
  0
LINE
  5
2EB
330
1FF
100
AcDbEntity
  8
0
  6
Continuous
 62
     7
100
AcDbLine
 10
46.224937303
 20
120.0615300204
 30
0.0
 11
46.224937303
 21
120.5483884881
 31
0.0
  0
LINE
  5
2EC
330
1FF
100
AcDbEntity
  8
0
  6
Continuous
 62
     7
100
AcDbLine
 10
46.27646213899999
 20
118.8483884881
 30
0.0
 11
46.27646213899999
 21
120.5483884881
 31
0.0
  0
LINE
  5
2ED
330
1FF
100
AcDbEntity
  8
0
  6
Continuous
 62
     7
100
AcDbLine
 10
46.3983075031
 20
120.5483884881
 30
0.0
 11
46.3983075031
 21
123.7483884881
 31
0.0
  0
LINE
  5
2EE
330
1FF
100
AcDbEntity
  8
0
  6
Continuous
 62
     7
100
AcDbLine
 10
46.4626720642
 20
124.1483884881
 30
0.0
 11
46.4626720642
 21
123.7483884881
 31
0.0
  0
LINE
  5
2EF
330
1FF
100
AcDbEntity
  8
0
  6
Continuous
 62
     7
100
AcDbLine
 10
46.6625515532
 20
123.7483884881
 30
0.0
 11
46.6625515532
 21
124.1483884881
 31
0.0
  0
LINE
  5
2F0
330
1FF
100
AcDbEntity
  8
0
  6
Continuous
 62
     7
100
AcDbLine
 10
46.8226541367
 20
116.4615300204
 30
0.0
 11
46.8226541367
 21
117.8483884881
 31
0.0
  0
LINE
  5
2F1
330
1FF
100
AcDbEntity
  8
0
  6
Continuous
 62
     7
100
AcDbLine
 10
46.8291640366
 20
121.2819282743
 30
0.0
 11
46.8291640366
 21
123.6483884881
 31
0.0
  0
LINE
  5
2F2
330
1FF
100
AcDbEntity
  8
0
  6
Continuous
 62
     7
100
AcDbLine
 10
46.8387027201
 20
111.3483884881
 30
0.0
 11
46.8387027201
 21
117.8483884881
 31
0.0
  0
LINE
  5
2F3
330
1FF
100
AcDbEntity
  8
0
  6
Continuous
 62
     7
100
AcDbLine
 10
46.8465951284
 20
120.5483884881
 30
0.0
 11
46.8465951284
 21
121.2819282743
 31
0.0
  0
LINE
  5
2F4
330
1FF
100
AcDbEntity
  8
0
  6
Continuous
 62
     7
100
AcDbLine
 10
46.87274176619999
 20
121.2819282743
 30
0.0
 11
46.87274176619999
 21
120.7483884881
 31
0.0
  0
LINE
  5
2F5
330
1FF
100
AcDbEntity
  8
0
  6
Continuous
 62
     7
100
AcDbLine
 10
47.14292369029999
 20
120.7483884881
 30
0.0
 11
47.14292369029999
 21
120.5483884881
 31
0.0
  0
LINE
  5
2F6
330
1FF
100
AcDbEntity
  8
0
  6
Continuous
 62
     7
100
AcDbLine
 10
47.327261398
 20
120.9483884881
 30
0.0
 11
47.327261398
 21
121.2819282743
 31
0.0
  0
LINE
  5
2F7
330
1FF
100
AcDbEntity
  8
0
  6
Continuous
 62
     7
100
AcDbLine
 10
47.4053236549
 20
124.1483884881
 30
0.0
 11
47.4053236549
 21
127.1483884881
 31
0.0
  0
LINE
  5
2F8
330
1FF
100
AcDbEntity
  8
0
  6
Continuous
 62
     7
100
AcDbLine
 10
48.8215534823
 20
121.2819282743
 30
0.0
 11
48.8215534823
 21
120.9483884881
 31
0.0
  0
LINE
  5
2F9
330
1FF
100
AcDbEntity
  8
0
  6
Continuous
 62
     7
100
AcDbLine
 10
48.84761344939999
 20
118.8483884881
 30
0.0
 11
48.84761344939999
 21
120.4483884881
 31
0.0
  0
LINE
  5
2FA
330
1FF
100
AcDbEntity
  8
0
  6
Continuous
 62
     7
100
AcDbLine
 10
48.8564156661
 20
120.9483884881
 30
0.0
 11
48.8564156661
 21
121.2819282743
 31
0.0
  0
LINE
  5
2FB
330
1FF
100
AcDbEntity
  8
0
  6
Continuous
 62
     7
100
AcDbLine
 10
48.865131212
 20
120.8483884881
 30
0.0
 11
48.865131212
 21
120.7483884881
 31
0.0
  0
LINE
  5
2FC
330
1FF
100
AcDbEntity
  8
0
  6
Continuous
 62
     7
100
AcDbLine
 10
49.03795355279999
 20
120.4483884881
 30
0.0
 11
49.03795355279999
 21
120.7483884881
 31
0.0
  0
LINE
  5
2FD
330
1FF
100
AcDbEntity
  8
0
  6
Continuous
 62
     7
100
AcDbLine
 10
49.0408075106
 20
120.7483884881
 30
0.0
 11
49.0408075106
 21
120.4483884881
 31
0.0
  0
LINE
  5
2FE
330
1FF
100
AcDbEntity
  8
0
  6
Continuous
 62
     7
100
AcDbLine
 10
49.31965084379999
 20
123.6483884881
 30
0.0
 11
49.31965084379999
 21
121.2819282743
 31
0.0
  0
LINE
  5
2FF
330
1FF
100
AcDbEntity
  8
0
  6
Continuous
 62
     7
100
AcDbLine
 10
49.33708193560001
 20
123.7483884881
 30
0.0
 11
49.33708193560001
 21
120.5483884881
 31
0.0
  0
LINE
  5
300
330
1FF
100
AcDbEntity
  8
0
  6
Continuous
 62
     7
100
AcDbLine
 10
38.2336329956
 20
116.0483884881
 30
0.0
 11
38.5961560623
 21
116.0483884881
 31
0.0
  0
LINE
  5
301
330
1FF
100
AcDbEntity
  8
0
  6
Continuous
 62
     7
100
AcDbLine
 10
58.58255482619999
 20
116.0483884881
 30
0.0
 11
58.9102157092
 21
116.0483884881
 31
0.0
  0
LINE
  5
302
330
1FF
100
AcDbEntity
  8
0
  6
Continuous
 62
     7
100
AcDbLine
 10
53.5967782523
 20
116.4615300204
 30
0.0
 11
53.6272826631
 21
116.4615300204
 31
0.0
  0
LINE
  5
303
330
1FF
100
AcDbEntity
  8
0
  6
Continuous
 62
     7
100
AcDbLine
 10
38.4449422554
 20
116.5483884867
 30
0.0
 11
38.8074653221
 21
116.5483884881
 31
0.0
  0
LINE
  5
304
330
1FF
100
AcDbEntity
  8
0
  6
Continuous
 62
     7
100
AcDbLine
 10
58.29576672449999
 20
116.5483884881
 30
0.0
 11
58.62342760749999
 21
116.5483884881
 31
0.0
  0
LINE
  5
305
330
1FF
100
AcDbEntity
  8
0
  6
Continuous
 62
     7
100
AcDbLine
 10
44.17674287729999
 20
117.2483884881
 30
0.0
 11
38.8074653221
 21
117.2483884881
 31
0.0
  0
LINE
  5
306
330
1FF
100
AcDbEntity
  8
0
  6
Continuous
 62
     7
100
AcDbLine
 10
38.0223237358
 20
117.2483884881
 30
0.0
 11
37.89294173010001
 21
117.2483884881
 31
0.0
  0
LINE
  5
307
330
1FF
100
AcDbEntity
  8
0
  6
Continuous
 62
     7
100
AcDbLine
 10
33.0942424634
 20
117.8483884881
 30
0.0
 11
65.094010166
 21
117.8483884881
 31
0.0
  0
LINE
  5
308
330
1FF
100
AcDbEntity
  8
0
  6
Continuous
 62
     7
100
AcDbLine
 10
65.0940136566
 20
118.8483884881
 30
0.0
 11
33.0942389728
 21
118.8483884881
 31
0.0
  0
LINE
  5
309
330
1FF
100
AcDbEntity
  8
0
  6
Continuous
 62
     7
100
AcDbLine
 10
56.8596338963
 20
119.5483884881
 30
0.0
 11
56.4096338963
 21
119.9983884881
 31
0.0
  0
LINE
  5
30A
330
1FF
100
AcDbEntity
  8
0
  6
Continuous
 62
     7
100
AcDbLine
 10
49.398885743
 20
123.7483884881
 30
0.0
 11
49.398885743
 21
124.1483884881
 31
0.0
  0
LINE
  5
30B
330
1FF
100
AcDbEntity
  8
0
  6
Continuous
 62
     7
100
AcDbLine
 10
49.6632215904
 20
124.1483884881
 30
0.0
 11
49.6632215905
 21
123.7483884881
 31
0.0
  0
LINE
  5
30C
330
1FF
100
AcDbEntity
  8
0
  6
Continuous
 62
     7
100
AcDbLine
 10
49.7853695609
 20
120.5483884881
 30
0.0
 11
49.7853695609
 21
123.7483884881
 31
0.0
  0
LINE
  5
30D
330
1FF
100
AcDbEntity
  8
0
  6
Continuous
 62
     7
100
AcDbLine
 10
49.83094049279999
 20
123.7483884881
 30
0.0
 11
49.83094049279999
 21
124.1483884881
 31
0.0
  0
LINE
  5
30E
330
1FF
100
AcDbEntity
  8
0
  6
Continuous
 62
     7
100
AcDbLine
 10
49.84046554069999
 20
120.5483884881
 30
0.0
 11
49.84046554069999
 21
123.7483884881
 31
0.0
  0
LINE
  5
30F
330
1FF
100
AcDbEntity
  8
0
  6
Continuous
 62
     7
100
AcDbLine
 10
50.6386854723
 20
117.8483884881
 30
0.0
 11
50.6386854723
 21
111.3483884881
 31
0.0
  0
LINE
  5
310
330
1FF
100
AcDbEntity
  8
0
  6
Continuous
 62
     7
100
AcDbLine
 10
51.0242382221
 20
129.1483884880999
 30
0.0
 11
51.0242382221
 21
128.1483884881
 31
0.0
  0
LINE
  5
311
330
1FF
100
AcDbEntity
  8
0
  6
Continuous
 62
     7
100
AcDbLine
 10
51.1603437999
 20
121.1483884881
 30
0.0
 11
51.1603437999
 21
120.5483884881
 31
0.0
  0
LINE
  5
312
330
1FF
100
AcDbEntity
  8
0
  6
Continuous
 62
     7
100
AcDbLine
 10
51.42032899220001
 20
120.5483884881
 30
0.0
 11
51.42032899220001
 21
121.1483884881
 31
0.0
  0
LINE
  5
313
330
1FF
100
AcDbEntity
  8
0
  6
Continuous
 62
     7
100
AcDbLine
 10
51.6535540354
 20
121.1483884881
 30
0.0
 11
51.6535540354
 21
121.4983884881
 31
0.0
  0
LINE
  5
314
330
1FF
100
AcDbEntity
  8
0
  6
Continuous
 62
     7
100
AcDbLine
 10
51.9117904904
 20
118.8483884881
 30
0.0
 11
51.9117904904
 21
120.5483884881
 31
0.0
  0
LINE
  5
315
330
1FF
100
AcDbEntity
  8
0
  6
Continuous
 62
     7
100
AcDbLine
 10
52.2021056403
 20
120.0615300204
 30
0.0
 11
52.2021056403
 21
120.5483884881
 31
0.0
  0
LINE
  5
316
330
1FF
100
AcDbEntity
  8
0
  6
Continuous
 62
     7
100
AcDbLine
 10
52.68311720909999
 20
121.4983884881
 30
0.0
 11
52.68311720909999
 21
121.1483884881
 31
0.0
  0
LINE
  5
317
330
1FF
100
AcDbEntity
  8
0
  6
Continuous
 62
     7
100
AcDbLine
 10
52.7021857496
 20
121.1483884881
 30
0.0
 11
52.7021857496
 21
121.4983884881
 31
0.0
  0
LINE
  5
318
330
1FF
100
AcDbEntity
  8
0
  6
Continuous
 62
     7
100
AcDbLine
 10
52.79982247399999
 20
116.4615300204
 30
0.0
 11
52.79982247399999
 21
117.8483884881
 31
0.0
  0
LINE
  5
319
330
1FF
100
AcDbEntity
  8
0
  6
Continuous
 62
     7
100
AcDbLine
 10
52.79982247399999
 20
118.8483884881
 30
0.0
 11
52.79982247399999
 21
120.0615300204
 31
0.0
  0
LINE
  5
31A
330
1FF
100
AcDbEntity
  8
0
  6
Continuous
 62
     7
100
AcDbLine
 10
53.2211543142
 20
120.5483884881
 30
0.0
 11
53.2211543142
 21
121.1483884881
 31
0.0
  0
LINE
  5
31B
330
1FF
100
AcDbEntity
  8
0
  6
Continuous
 62
     7
100
AcDbLine
 10
37.2082953956
 20
123.2483884881
 30
0.0
 11
37.59970521630001
 21
123.6412934209
 31
0.0
  0
LINE
  5
31C
330
1FF
100
AcDbEntity
  8
0
  6
Continuous
 62
     7
100
AcDbLine
 10
41.5941263147
 20
129.1483884880999
 30
0.0
 11
40.59412631469999
 21
128.1483884881
 31
0.0
  0
LINE
  5
31D
330
1FF
100
AcDbEntity
  8
0
  6
Continuous
 62
     7
100
AcDbLine
 10
37.59970521630001
 20
119.5483884881
 30
0.0
 11
38.0223237358
 21
119.5483884881
 31
0.0
  0
LINE
  5
31E
330
1FF
100
AcDbEntity
  8
0
  6
Continuous
 62
     7
100
AcDbLine
 10
38.4449422554
 20
119.5483884881
 30
0.0
 11
39.2300838417
 21
119.5483884881
 31
0.0
  0
LINE
  5
31F
330
1FF
100
AcDbEntity
  8
0
  6
Continuous
 62
     7
100
AcDbLine
 10
39.7252793468
 20
119.5483884881
 30
0.0
 11
40.62489242689999
 21
119.5483884881
 31
0.0
  0
LINE
  5
320
330
1FF
100
AcDbEntity
  8
0
  6
Continuous
 62
     7
100
AcDbLine
 10
56.8598285804
 20
119.5483884881
 30
0.0
 11
58.62342760749999
 21
119.5483884881
 31
0.0
  0
LINE
  5
321
330
1FF
100
AcDbEntity
  8
0
  6
Continuous
 62
     7
100
AcDbLine
 10
59.1970038108
 20
119.5483884881
 30
0.0
 11
59.7705800142
 21
119.5483884881
 31
0.0
  0
LINE
  5
322
330
1FF
100
AcDbEntity
  8
0
  6
Continuous
 62
     7
100
AcDbLine
 10
39.2750846627
 20
119.9983884881
 30
0.0
 11
41.0750846627
 21
119.9983884881
 31
0.0
  0
LINE
  5
323
330
1FF
100
AcDbEntity
  8
0
  6
Continuous
 62
     7
100
AcDbLine
 10
56.4096338963
 20
119.9983884881
 30
0.0
 11
57.7221905212
 21
119.9983884881
 31
0.0
  0
LINE
  5
324
330
1FF
100
AcDbEntity
  8
0
  6
Continuous
 62
     7
100
AcDbLine
 10
54.2249994968
 20
120.0615300204
 30
0.0
 11
53.5967782523
 21
120.0615300204
 31
0.0
  0
LINE
  5
325
330
1FF
100
AcDbEntity
  8
0
  6
Continuous
 62
     7
100
AcDbLine
 10
52.79982247399999
 20
120.0615300204
 30
0.0
 11
52.2021056403
 21
120.0615300204
 31
0.0
  0
LINE
  5
326
330
1FF
100
AcDbEntity
  8
0
  6
Continuous
 62
     7
100
AcDbLine
 10
46.27646213899999
 20
120.0615300204
 30
0.0
 11
46.224937303
 21
120.0615300204
 31
0.0
  0
LINE
  5
327
330
1FF
100
AcDbEntity
  8
0
  6
Continuous
 62
     7
100
AcDbLine
 10
41.62647117019999
 20
120.4483884881
 30
0.0
 11
42.7853755904
 21
120.4483884881
 31
0.0
  0
LINE
  5
328
330
1FF
100
AcDbEntity
  8
0
  6
Continuous
 62
     7
100
AcDbLine
 10
47.3708391277
 20
120.4483884881
 30
0.0
 11
49.0406914229
 21
120.4483884881
 31
0.0
  0
LINE
  5
329
330
1FF
100
AcDbEntity
  8
0
  6
Continuous
 62
     7
100
AcDbLine
 10
56.15394550729999
 20
120.4483884881
 30
0.0
 11
56.4096338963
 21
120.4483884881
 31
0.0
  0
LINE
  5
32A
330
1FF
100
AcDbEntity
  8
0
  6
Continuous
 62
     7
100
AcDbLine
 10
39.2300838417
 20
120.5483884881
 30
0.0
 11
47.34529764649999
 21
120.5483884881
 31
0.0
  0
LINE
  5
32B
330
1FF
100
AcDbEntity
  8
0
  6
Continuous
 62
     7
100
AcDbLine
 10
49.0408075106
 20
120.5483884881
 30
0.0
 11
57.7221905212
 21
120.5483884881
 31
0.0
  0
LINE
  5
32C
330
1FF
100
AcDbEntity
  8
0
  6
Continuous
 62
     7
100
AcDbLine
 10
59.7705800142
 20
120.5483884881
 30
0.0
 11
60.0941227024
 21
120.5483884881
 31
0.0
  0
LINE
  5
32D
330
1FF
100
AcDbEntity
  8
0
  6
Continuous
 62
     7
100
AcDbLine
 10
46.87274176619999
 20
120.7483884881
 30
0.0
 11
47.3312950438
 21
120.7483884881
 31
0.0
  0
LINE
  5
32E
330
1FF
100
AcDbEntity
  8
0
  6
Continuous
 62
     7
100
AcDbLine
 10
48.865131212
 20
120.7483884881
 30
0.0
 11
49.33708193560001
 21
120.7483884881
 31
0.0
  0
LINE
  5
32F
330
1FF
100
AcDbEntity
  8
0
  6
Continuous
 62
     7
100
AcDbLine
 10
47.327261398
 20
120.9483884881
 30
0.0
 11
48.8215534823
 21
120.9483884881
 31
0.0
  0
LINE
  5
330
330
1FF
100
AcDbEntity
  8
0
  6
Continuous
 62
     7
100
AcDbLine
 10
43.25920708529999
 20
121.1483884881
 30
0.0
 11
45.1831754625
 21
121.1483884881
 31
0.0
  0
LINE
  5
331
330
1FF
100
AcDbEntity
  8
0
  6
Continuous
 62
     7
100
AcDbLine
 10
51.1603437999
 20
121.1483884881
 30
0.0
 11
53.2211543142
 21
121.1483884881
 31
0.0
  0
LINE
  5
332
330
1FF
100
AcDbEntity
  8
0
  6
Continuous
 62
     7
100
AcDbLine
 10
60.0941263147
 20
121.1483884881
 30
0.0
 11
60.18788844199999
 21
121.1483884881
 31
0.0
  0
LINE
  5
333
330
1FF
100
AcDbEntity
  8
0
  6
Continuous
 62
     7
100
AcDbLine
 10
49.33708193560001
 20
121.2819282743
 30
0.0
 11
48.8215534823
 21
121.2819282743
 31
0.0
  0
LINE
  5
334
330
1FF
100
AcDbEntity
  8
0
  6
Continuous
 62
     7
100
AcDbLine
 10
47.327261398
 20
121.2819282743
 30
0.0
 11
46.8291640366
 21
121.2819282743
 31
0.0
  0
LINE
  5
335
330
1FF
100
AcDbEntity
  8
0
  6
Continuous
 62
     7
100
AcDbLine
 10
43.7173647032
 20
121.4983884881
 30
0.0
 11
44.6985591713
 21
121.4983884881
 31
0.0
  0
LINE
  5
336
330
1FF
100
AcDbEntity
  8
0
  6
Continuous
 62
     7
100
AcDbLine
 10
51.6535540354
 20
121.4983884881
 30
0.0
 11
52.7021857496
 21
121.4983884881
 31
0.0
  0
LINE
  5
337
330
1FF
100
AcDbEntity
  8
0
  6
Continuous
 62
     7
100
AcDbLine
 10
60.0941263147
 20
121.4983884881
 30
0.0
 11
60.18788844199999
 21
121.4983884881
 31
0.0
  0
LINE
  5
338
330
1FF
100
AcDbEntity
  8
0
  6
Continuous
 62
     7
100
AcDbLine
 10
37.2082953956
 20
122.0483884881
 30
0.0
 11
37.59970521630001
 21
122.0483884881
 31
0.0
  0
LINE
  5
339
330
1FF
100
AcDbEntity
  8
0
  6
Continuous
 62
     7
100
AcDbLine
 10
59.8191734385
 20
122.0483884881
 30
0.0
 11
60.9799572338
 21
122.0483884881
 31
0.0
  0
LINE
  5
33A
330
1FF
100
AcDbEntity
  8
0
  6
Continuous
 62
     7
100
AcDbLine
 10
53.5967782523
 20
120.0615300204
 30
0.0
 11
53.5967782523
 21
118.8483884881
 31
0.0
  0
LINE
  5
33B
330
1FF
100
AcDbEntity
  8
0
  6
Continuous
 62
     7
100
AcDbLine
 10
53.5967782523
 20
117.8483884881
 30
0.0
 11
53.5967782523
 21
116.4615300204
 31
0.0
  0
LINE
  5
33C
330
1FF
100
AcDbEntity
  8
0
  6
Continuous
 62
     7
100
AcDbLine
 10
53.6272826631
 20
120.0615300204
 30
0.0
 11
53.6272826631
 21
118.8483884881
 31
0.0
  0
LINE
  5
33D
330
1FF
100
AcDbEntity
  8
0
  6
Continuous
 62
     7
100
AcDbLine
 10
53.6272826631
 20
117.8483884881
 30
0.0
 11
53.6272826631
 21
116.4615300204
 31
0.0
  0
LINE
  5
33E
330
1FF
100
AcDbEntity
  8
0
  6
Continuous
 62
     7
100
AcDbLine
 10
54.1944950861
 20
120.5483884881
 30
0.0
 11
54.1944950861
 21
120.0615300204
 31
0.0
  0
LINE
  5
33F
330
1FF
100
AcDbEntity
  8
0
  6
Continuous
 62
     7
100
AcDbLine
 10
54.2249994968
 20
120.5483884881
 30
0.0
 11
54.2249994968
 21
120.0615300204
 31
0.0
  0
LINE
  5
340
330
1FF
100
AcDbEntity
  8
0
  6
Continuous
 62
     7
100
AcDbLine
 10
56.1538515967
 20
120.5483884881
 30
0.0
 11
56.1538515967
 21
120.4483884881
 31
0.0
  0
LINE
  5
341
330
1FF
100
AcDbEntity
  8
0
  6
Continuous
 62
     7
100
AcDbLine
 10
56.4096338963
 20
120.5483884881
 30
0.0
 11
56.4096338963
 21
119.9983884881
 31
0.0
  0
LINE
  5
342
330
1FF
100
AcDbEntity
  8
0
  6
Continuous
 62
     7
100
AcDbLine
 10
56.5617814592
 20
119.8462409252
 30
0.0
 11
56.5617814592
 21
118.8483884881
 31
0.0
  0
LINE
  5
343
330
1FF
100
AcDbEntity
  8
0
  6
Continuous
 62
     7
100
AcDbLine
 10
56.7979637595
 20
127.1483884881
 30
0.0
 11
56.7979637595
 21
125.1483884881
 31
0.0
  0
LINE
  5
344
330
1FF
100
AcDbEntity
  8
0
  6
Continuous
 62
     7
100
AcDbLine
 10
57.1602662389
 20
124.1483884881
 30
0.0
 11
57.1602662389
 21
123.7483884881
 31
0.0
  0
LINE
  5
345
330
1FF
100
AcDbEntity
  8
0
  6
Continuous
 62
     7
100
AcDbLine
 10
57.1664807309
 20
125.1483884881
 30
0.0
 11
57.1664807309
 21
127.1483884881
 31
0.0
  0
LINE
  5
346
330
1FF
100
AcDbEntity
  8
0
  6
Continuous
 62
     7
100
AcDbLine
 10
60.7184908557
 20
123.2483884881
 30
0.0
 11
60.8056463151
 21
123.2483884881
 31
0.0
  0
LINE
  5
347
330
1FF
100
AcDbEntity
  8
0
  6
Continuous
 62
     7
100
AcDbLine
 10
60.8928017744
 20
123.2483884881
 30
0.0
 11
60.9799572338
 21
123.2483884881
 31
0.0
  0
LINE
  5
348
330
1FF
100
AcDbEntity
  8
0
  6
Continuous
 62
     7
100
AcDbLine
 10
49.31965084379999
 20
123.6483884881
 30
0.0
 11
46.8291640366
 21
123.6483884881
 31
0.0
  0
LINE
  5
349
330
1FF
100
AcDbEntity
  8
0
  6
Continuous
 62
     7
100
AcDbLine
 10
37.59970521630001
 20
123.6483884881
 30
0.0
 11
38.8675607749
 21
123.6483884881
 31
0.0
  0
LINE
  5
34A
330
1FF
100
AcDbEntity
  8
0
  6
Continuous
 62
     7
100
AcDbLine
 10
58.0498514042
 20
123.6483884881
 30
0.0
 11
59.7705800142
 21
123.6483884881
 31
0.0
  0
LINE
  5
34B
330
1FF
100
AcDbEntity
  8
0
  6
Continuous
 62
     7
100
AcDbLine
 10
60.48185987229999
 20
123.7483884881
 30
0.0
 11
59.8191734385
 21
123.7483884881
 31
0.0
  0
LINE
  5
34C
330
1FF
100
AcDbEntity
  8
0
  6
Continuous
 62
     7
100
AcDbLine
 10
49.84046554069999
 20
123.7483884881
 30
0.0
 11
49.33708193560001
 21
123.7483884881
 31
0.0
  0
LINE
  5
34D
330
1FF
100
AcDbEntity
  8
0
  6
Continuous
 62
     7
100
AcDbLine
 10
46.830314757
 20
123.7483884881
 30
0.0
 11
46.3983075031
 21
123.7483884881
 31
0.0
  0
LINE
  5
34E
330
1FF
100
AcDbEntity
  8
0
  6
Continuous
 62
     7
100
AcDbLine
 10
39.3207146083
 20
123.7483884881
 30
0.0
 11
39.8517952655
 21
123.7483884881
 31
0.0
  0
LINE
  5
34F
330
1FF
100
AcDbEntity
  8
0
  6
Continuous
 62
     7
100
AcDbLine
 10
57.1602662389
 20
123.7483884881
 30
0.0
 11
57.6402753005
 21
123.7483884881
 31
0.0
  0
LINE
  5
350
330
1FF
100
AcDbEntity
  8
0
  6
Continuous
 62
     7
100
AcDbLine
 10
38.0528590497
 20
124.1483884881
 30
0.0
 11
60.0940893207
 21
124.1483884881
 31
0.0
  0
LINE
  5
351
330
1FF
100
AcDbEntity
  8
0
  6
Continuous
 62
     7
100
AcDbLine
 10
57.1664807309
 20
125.1483884881
 30
0.0
 11
56.7979637595
 21
125.1483884881
 31
0.0
  0
LINE
  5
352
330
1FF
100
AcDbEntity
  8
0
  6
Continuous
 62
     7
100
AcDbLine
 10
56.59412631470001
 20
129.1483884880999
 30
0.0
 11
57.5941263147
 21
128.1483884881
 31
0.0
  0
LINE
  5
353
330
1FF
100
AcDbEntity
  8
0
  6
Continuous
 62
     7
100
AcDbLine
 10
60.2203934942
 20
123.7483884881
 30
0.0
 11
60.7184908557
 21
123.2483884881
 31
0.0
  0
LINE
  5
354
330
1FF
100
AcDbEntity
  8
0
  6
Continuous
 62
     7
100
AcDbLine
 10
60.9799572338
 20
123.2483884881
 30
0.0
 11
60.48185987229999
 21
123.7483884881
 31
0.0
  0
LINE
  5
355
330
1FF
100
AcDbEntity
  8
0
  6
Continuous
 62
     7
100
AcDbLine
 10
57.5941263147
 20
124.1483884881
 30
0.0
 11
57.5941263147
 21
128.1483884881
 31
0.0
  0
LINE
  5
356
330
1FF
100
AcDbEntity
  8
0
  6
Continuous
 62
     7
100
AcDbLine
 10
57.7221905212
 20
123.6483884881
 30
0.0
 11
57.7221905212
 21
119.5483884881
 31
0.0
  0
LINE
  5
357
330
1FF
100
AcDbEntity
  8
0
  6
Continuous
 62
     7
100
AcDbLine
 10
58.0498514042
 20
119.5483884881
 30
0.0
 11
58.0498514042
 21
123.6483884881
 31
0.0
  0
LINE
  5
358
330
1FF
100
AcDbEntity
  8
0
  6
Continuous
 62
     7
100
AcDbLine
 10
58.29576672449999
 20
119.5483884881
 30
0.0
 11
58.29576672449999
 21
118.8483884881
 31
0.0
  0
LINE
  5
359
330
1FF
100
AcDbEntity
  8
0
  6
Continuous
 62
     7
100
AcDbLine
 10
58.29576672449999
 20
117.8483884881
 30
0.0
 11
58.29576672449999
 21
116.5483884882
 31
0.0
  0
LINE
  5
35A
330
1FF
100
AcDbEntity
  8
0
  6
Continuous
 62
     7
100
AcDbLine
 10
58.62342760749999
 20
116.5483884881
 30
0.0
 11
58.62342760749999
 21
117.8483884881
 31
0.0
  0
LINE
  5
35B
330
1FF
100
AcDbEntity
  8
0
  6
Continuous
 62
     7
100
AcDbLine
 10
58.62342760749999
 20
118.8483884881
 30
0.0
 11
58.62342760749999
 21
119.5483884881
 31
0.0
  0
LINE
  5
35C
330
1FF
100
AcDbEntity
  8
0
  6
Continuous
 62
     7
100
AcDbLine
 10
59.1970038108
 20
119.5483884881
 30
0.0
 11
59.1970038108
 21
118.8483884881
 31
0.0
  0
LINE
  5
35D
330
1FF
100
AcDbEntity
  8
0
  6
Continuous
 62
     7
100
AcDbLine
 10
59.1970038108
 20
117.8483884881
 30
0.0
 11
59.1970038108
 21
116.548388488
 31
0.0
  0
LINE
  5
35E
330
1FF
100
AcDbEntity
  8
0
  6
Continuous
 62
     7
100
AcDbLine
 10
59.7705800142
 20
123.6483884881
 30
0.0
 11
59.7705800142
 21
119.5483884881
 31
0.0
  0
LINE
  5
35F
330
1FF
100
AcDbEntity
  8
0
  6
Continuous
 62
     7
100
AcDbLine
 10
59.8191734385
 20
123.7483884881
 30
0.0
 11
59.8191734385
 21
122.0483884881
 31
0.0
  0
LINE
  5
360
330
1FF
100
AcDbEntity
  8
0
  6
Continuous
 62
     7
100
AcDbLine
 10
60.0941263147
 20
120.5483884881
 30
0.0
 11
60.0941263147
 21
122.0483884881
 31
0.0
  0
LINE
  5
361
330
1FF
100
AcDbEntity
  8
0
  6
Continuous
 62
     7
100
AcDbLine
 10
60.0941263147
 20
123.7483884881
 30
0.0
 11
60.0941263147
 21
124.1483884881
 31
0.0
  0
LINE
  5
362
330
1FF
100
AcDbEntity
  8
0
  6
Continuous
 62
     7
100
AcDbLine
 10
60.18788844199999
 20
121.1483884881
 30
0.0
 11
60.18788844199999
 21
121.4983884881
 31
0.0
  0
LINE
  5
363
330
1FF
100
AcDbEntity
  8
0
  6
Continuous
 62
     7
100
AcDbLine
 10
60.7184908557
 20
122.0483884881
 30
0.0
 11
60.7184908557
 21
123.2483884881
 31
0.0
  0
LINE
  5
364
330
1FF
100
AcDbEntity
  8
0
  6
Continuous
 62
     7
100
AcDbLine
 10
60.8056463151
 20
122.0483884881
 30
0.0
 11
60.8056463151
 21
123.2483884881
 31
0.0
  0
LINE
  5
365
330
1FF
100
AcDbEntity
  8
0
  6
Continuous
 62
     7
100
AcDbLine
 10
60.8928017744
 20
123.2483884881
 30
0.0
 11
60.8928017744
 21
122.0483884881
 31
0.0
  0
LINE
  5
366
330
1FF
100
AcDbEntity
  8
0
  6
Continuous
 62
     7
100
AcDbLine
 10
60.9799572338
 20
122.0483884881
 30
0.0
 11
60.9799572338
 21
123.2483884881
 31
0.0
  0
LINE
  5
367
330
1FF
100
AcDbEntity
  8
0
  6
Continuous
 62
     7
100
AcDbLine
 10
40.62508466269999
 20
119.5483884881
 30
0.0
 11
41.0750846627
 21
119.9983884881
 31
0.0
  0
LINE
  5
368
330
1FF
100
AcDbEntity
  8
0
  6
Continuous
 62
     7
100
AcDbLine
 10
57.1664807309
 20
127.1483884881
 30
0.0
 11
56.7979637595
 21
127.1483884881
 31
0.0
  0
LINE
  5
369
330
1FF
100
AcDbEntity
  8
0
  6
Continuous
 62
     7
100
AcDbLine
 10
44.61646059329999
 20
127.1483884881
 30
0.0
 11
47.4053236549
 21
127.1483884881
 31
0.0
  0
LINE
  5
36A
330
1FF
100
AcDbEntity
  8
0
  6
Continuous
 62
     7
100
AcDbLine
 10
57.5941263147
 20
128.1483884881
 30
0.0
 11
57.4246692487
 21
128.1483884881
 31
0.0
  0
LINE
  5
36B
330
1FF
100
AcDbEntity
  8
0
  6
Continuous
 62
     7
100
AcDbLine
 10
56.3191183346
 20
128.1483884881
 30
0.0
 11
40.59412631469999
 21
128.1483884881
 31
0.0
  0
LINE
  5
36C
330
1FF
100
AcDbEntity
  8
0
  6
Continuous
 62
     7
100
AcDbLine
 10
41.594134723
 20
129.1483884880999
 30
0.0
 11
56.5888320186
 21
129.1483884880999
 31
0.0
  0
LINE
  5
36D
330
1FF
100
AcDbEntity
  8
0
  6
Continuous
 62
     7
100
AcDbLine
 10
65.0941263147
 20
117.8483884881
 30
0.0
 11
65.0941263147
 21
118.8483884881
 31
0.0
  0
LINE
  5
36E
330
1FF
100
AcDbEntity
  8
0
  6
Continuous
 62
     7
100
AcDbLine
 10
60.349214978
 20
123.7464948128
 30
0.0
 11
60.3511266833
 21
123.7483884881
 31
0.0
  0
LINE
  5
36F
330
1FF
100
AcDbEntity
  8
0
  6
Continuous
 62
     7
100
AcDbLine
 10
114.7678955104
 20
190.5304287823
 30
0.0
 11
112.0489725099
 21
189.2625732237
 31
0.0
  0
LINE
  5
370
330
1FF
100
AcDbEntity
  8
0
  6
Continuous
 62
     7
100
AcDbLine
 10
112.2602817697
 20
188.8094193902
 30
0.0
 11
114.9792047701
 21
190.0772749489
 31
0.0
  0
LINE
  5
371
330
1FF
100
AcDbEntity
  8
0
  6
Continuous
 62
     7
100
AcDbLine
 10
107.4974737711
 20
178.2991935058
 30
0.0
 11
107.69735326
 21
178.4669124081
 31
0.0
  0
LINE
  5
372
330
1FF
100
AcDbEntity
  8
0
  6
Continuous
 62
     7
100
AcDbLine
 10
116.9516153168
 20
183.9602935754
 30
0.0
 11
113.8874382758
 21
181.389142265
 31
0.0
  0
LINE
  5
373
330
1FF
100
AcDbEntity
  8
0
  6
Continuous
 62
     7
100
AcDbLine
 10
117.9490099387
 20
184.536125998
 30
0.0
 11
117.0801728824
 21
183.8070847233
 31
0.0
  0
LINE
  5
374
330
1FF
100
AcDbEntity
  8
0
  6
Continuous
 62
     7
100
AcDbLine
 10
114.0159958413
 20
181.2359334129
 30
0.0
 11
113.1471587849
 21
180.5068921382
 31
0.0
  0
LINE
  5
375
330
1FF
100
AcDbEntity
  8
0
  6
Continuous
 62
     7
100
AcDbLine
 10
106.7083463955
 20
178.8104831548
 30
0.0
 11
106.9262350439
 21
181.300969962
 31
0.0
  0
LINE
  5
376
330
1FF
100
AcDbEntity
  8
0
  6
Continuous
 62
     7
100
AcDbLine
 10
106.8683653833
 20
178.3447644377
 30
0.0
 11
106.90758534
 21
178.7930520629
 31
0.0
  0
LINE
  5
377
330
1FF
100
AcDbEntity
  8
0
  6
Continuous
 62
     7
100
AcDbLine
 10
107.1254739884
 20
181.2835388702
 30
0.0
 11
107.1646939452
 21
181.7318264955
 31
0.0
  0
LINE
  5
378
330
1FF
100
AcDbEntity
  8
0
  6
Continuous
 62
     7
100
AcDbLine
 10
107.4243324053
 20
181.2573922324
 30
0.0
 11
107.2064437569
 21
178.7669054251
 31
0.0
  0
LINE
  5
379
330
1FF
100
AcDbEntity
  8
0
  6
Continuous
 62
     7
100
AcDbLine
 10
121.1325536721
 20
183.8786485314
 30
0.0
 11
120.6726947064
 21
183.49278082
 31
0.0
  0
LINE
  5
37A
330
1FF
100
AcDbEntity
  8
0
  6
Continuous
 62
     7
100
AcDbLine
 10
118.7192818427
 20
181.8536718596
 30
0.0
 11
115.6551048017
 21
179.2825205491999
 31
0.0
  0
LINE
  5
37B
330
1FF
100
AcDbEntity
  8
0
  6
Continuous
 62
     7
100
AcDbLine
 10
113.701691938
 20
177.6434115888
 30
0.0
 11
113.2418329723
 21
177.2575438774
 31
0.0
  0
LINE
  5
37C
330
1FF
100
AcDbEntity
  8
0
  6
Continuous
 62
     7
100
AcDbLine
 10
116.6960236971
 20
187.8505277507
 30
0.0
 11
116.5340964737
 21
187.4420500894
 31
0.0
  0
LINE
  5
37D
330
1FF
100
AcDbEntity
  8
0
  6
Continuous
 62
     7
100
AcDbLine
 10
113.5429079316
 20
173.3838868369
 30
0.0
 11
113.7392240702
 21
173.879113986
 31
0.0
  0
LINE
  5
37E
330
1FF
100
AcDbEntity
  8
0
  6
Continuous
 62
     7
100
AcDbLine
 10
118.558208782
 20
186.0354862387
 30
0.0
 11
118.7545249206
 21
186.5307133878
 31
0.0
  0
LINE
  5
37F
330
1FF
100
AcDbEntity
  8
0
  6
Continuous
 62
     7
100
AcDbLine
 10
121.4736829386
 20
185.3499229409
 30
0.0
 11
121.7525580863
 21
185.8036494561
 31
0.0
  0
LINE
  5
380
330
1FF
100
AcDbEntity
  8
0
  6
Continuous
 62
     7
100
AcDbLine
 10
121.9224462271
 20
185.7363030195
 30
0.0
 11
121.6270328807
 21
185.2556690537
 31
0.0
  0
LINE
  5
381
330
1FF
100
AcDbEntity
  8
0
  6
Continuous
 62
     7
100
AcDbLine
 10
123.4944424331
 20
188.8228762181
 30
0.0
 11
123.3725948615
 21
188.6488597463
 31
0.0
  0
LINE
  5
382
330
1FF
100
AcDbEntity
  8
0
  6
Continuous
 62
     7
100
AcDbLine
 10
110.3707450379
 20
170.0802825944
 30
0.0
 11
110.9936388994
 21
170.9698677597
 31
0.0
  0
LINE
  5
383
330
1FF
100
AcDbEntity
  8
0
  6
Continuous
 62
     7
100
AcDbLine
 10
123.6382198567
 20
188.5923499075
 30
0.0
 11
123.987597436
 21
189.091313103
 31
0.0
  0
LINE
  5
384
330
1FF
100
AcDbEntity
  8
0
  6
Continuous
 62
     7
100
AcDbLine
 10
115.8129842828
 20
174.1933668364
 30
0.0
 11
116.2728432484
 21
174.5792345477999
 31
0.0
  0
LINE
  5
385
330
1FF
100
AcDbEntity
  8
0
  6
Continuous
 62
     7
100
AcDbLine
 10
118.2262561121
 20
176.2183435082
 30
0.0
 11
121.2904331532
 21
178.7894948186
 31
0.0
  0
LINE
  5
386
330
1FF
100
AcDbEntity
  8
0
  6
Continuous
 62
     7
100
AcDbLine
 10
123.2438460168
 20
180.428603779
 30
0.0
 11
123.7037049825
 21
180.8144714903
 31
0.0
  0
LINE
  5
387
330
1FF
100
AcDbEntity
  8
0
  6
Continuous
 62
     7
100
AcDbLine
 10
114.1828996626
 20
179.9132312936
 30
0.0
 11
114.0957442032
 21
178.9170365707
 31
0.0
  0
LINE
  5
388
330
1FF
100
AcDbEntity
  8
0
  6
Continuous
 62
     7
100
AcDbLine
 10
120.1981358693
 20
185.5592820985
 30
0.0
 11
120.4929494464
 21
186.3029789149
 31
0.0
  0
LINE
  5
389
330
1FF
100
AcDbEntity
  8
0
  6
Continuous
 62
     7
100
AcDbLine
 10
114.8809882737
 20
171.3321702391
 30
0.0
 11
115.4349287428
 21
172.7295406294
 31
0.0
  0
LINE
  5
38A
330
1FF
100
AcDbEntity
  8
0
  6
Continuous
 62
     7
100
AcDbLine
 10
120.7718357526
 20
186.1924238235
 30
0.0
 11
121.1349286606
 21
187.1083621001
 31
0.0
  0
LINE
  5
38B
330
1FF
100
AcDbEntity
  8
0
  6
Continuous
 62
     7
100
AcDbLine
 10
115.8106092942
 20
170.9636532677
 30
0.0
 11
116.3645497633
 21
172.361023658
 31
0.0
  0
LINE
  5
38C
330
1FF
100
AcDbEntity
  8
0
  6
Continuous
 62
     7
100
AcDbLine
 10
121.7014567731
 20
185.8239068520999
 30
0.0
 11
122.0645496811
 21
186.7398451287
 31
0.0
  0
LINE
  5
38D
330
1FF
100
AcDbEntity
  8
0
  6
Continuous
 62
     7
100
AcDbLine
 10
121.9803430793
 20
185.7133517607
 30
0.0
 11
121.6855295022
 21
184.9696549443
 31
0.0
  0
LINE
  5
38E
330
1FF
100
AcDbEntity
  8
0
  6
Continuous
 62
     7
100
AcDbLine
 10
125.6861003754
 20
187.1584093991999
 30
0.0
 11
126.0354779547
 21
187.6573725947
 31
0.0
  0
LINE
  5
38F
330
1FF
100
AcDbEntity
  8
0
  6
Continuous
 62
     7
100
AcDbLine
 10
112.8282016603
 20
168.3595539844
 30
0.0
 11
113.4510955218
 21
169.2491391497
 31
0.0
  0
LINE
  5
390
330
1FF
100
AcDbEntity
  8
0
  6
Continuous
 62
     7
100
AcDbLine
 10
125.8300514839
 20
186.9281311363
 30
0.0
 11
125.9518990554
 21
187.1021476081
 31
0.0
  0
LINE
  5
391
330
1FF
100
AcDbEntity
  8
0
  6
Continuous
 62
     7
100
AcDbLine
 10
118.9965280161
 20
173.5358893698
 30
0.0
 11
119.8653650725
 21
174.2649306445
 31
0.0
  0
LINE
  5
392
330
1FF
100
AcDbEntity
  8
0
  6
Continuous
 62
     7
100
AcDbLine
 10
122.9295421135
 20
176.8360819549
 30
0.0
 11
123.7983791699
 21
177.5651232296
 31
0.0
  0
LINE
  5
393
330
1FF
100
AcDbEntity
  8
0
  6
Continuous
 62
     7
100
AcDbLine
 10
119.993922638
 20
174.1117217924
 30
0.0
 11
123.0580996791
 21
176.6828731028
 31
0.0
  0
LINE
  5
394
330
1FF
100
AcDbEntity
  8
0
  6
Continuous
 62
     7
100
AcDbLine
 10
115.9500424726
 20
167.4116431429
 30
0.0
 11
116.0287222937
 21
168.3109605601
 31
0.0
  0
LINE
  5
395
330
1FF
100
AcDbEntity
  8
0
  6
Continuous
 62
     7
100
AcDbLine
 10
117.9282314924
 20
190.0225211858
 30
0.0
 11
118.0069113136
 21
190.921838603
 31
0.0
  0
LINE
  5
396
330
1FF
100
AcDbEntity
  8
0
  6
Continuous
 62
     7
100
AcDbLine
 10
118.9386266413
 20
167.1501767648
 30
0.0
 11
119.0173064624
 21
168.049494182
 31
0.0
  0
LINE
  5
397
330
1FF
100
AcDbEntity
  8
0
  6
Continuous
 62
     7
100
AcDbLine
 10
120.9168156611
 20
189.7610548077
 30
0.0
 11
120.9954954822
 21
190.6603722249
 31
0.0
  0
LINE
  5
398
330
1FF
100
AcDbEntity
  8
0
  6
Continuous
 62
     7
100
AcDbLine
 10
120.4367103213
 20
185.7275323775
 30
0.0
 11
120.5508462986
 21
186.2800276561
 31
0.0
  0
LINE
  5
399
330
1FF
100
AcDbEntity
  8
0
  6
Continuous
 62
     7
100
AcDbLine
 10
120.7207344394
 20
186.2126812195
 30
0.0
 11
120.6129881649
 21
185.6911164211
 31
0.0
  0
LINE
  5
39A
330
1FF
100
AcDbEntity
  8
0
  6
Continuous
 62
     7
100
AcDbLine
 10
123.4026300233
 20
184.6881285309
 30
0.0
 11
123.2063138846
 21
184.1929013818
 31
0.0
  0
LINE
  5
39B
330
1FF
100
AcDbEntity
  8
0
  6
Continuous
 62
     7
100
AcDbLine
 10
118.3873291728
 20
172.036529129
 30
0.0
 11
118.1910130342
 21
171.54130198
 31
0.0
  0
LINE
  5
39C
330
1FF
100
AcDbEntity
  8
0
  6
Continuous
 62
     7
100
AcDbLine
 10
125.6443824749
 20
183.8305837698
 30
0.0
 11
125.8025325888
 21
184.2295332937
 31
0.0
  0
LINE
  5
39D
330
1FF
100
AcDbEntity
  8
0
  6
Continuous
 62
     7
100
AcDbLine
 10
124.4376090237
 20
169.7936766347
 30
0.0
 11
124.211032107
 21
169.6880220048
 31
0.0
  0
LINE
  5
39E
330
1FF
100
AcDbEntity
  8
0
  6
Continuous
 62
     7
100
AcDbLine
 10
121.9452629399
 20
168.6314757058999
 30
0.0
 11
121.7186860232
 21
168.5258210761
 31
0.0
  0
LINE
  5
39F
330
1FF
100
AcDbEntity
  8
0
  6
Continuous
 62
     7
100
AcDbLine
 10
124.2121954241
 20
169.6855272651
 30
0.0
 11
121.9464262571
 21
168.6289809662
 31
0.0
  0
LINE
  5
3A0
330
1FF
100
AcDbEntity
  8
0
  6
Continuous
 62
     7
100
AcDbLine
 10
122.1577355168
 20
168.1758271328
 30
0.0
 11
124.4235046839
 21
169.2323734317
 31
0.0
  0
LINE
  5
3A1
330
1FF
100
AcDbEntity
  8
0
  6
Continuous
 62
     7
100
AcDbLine
 10
121.9147683025
 20
189.6939925144
 30
0.0
 11
121.8968774974
 21
189.489499007
 31
0.0
  0
LINE
  5
3A2
330
1FF
100
AcDbEntity
  8
0
  6
Continuous
 62
     7
100
AcDbLine
 10
120.0296340718
 20
168.1467390639
 30
0.0
 11
120.0117432668
 21
167.9422455566
 31
0.0
  0
LINE
  5
3A3
330
1FF
100
AcDbEntity
  8
0
  6
Continuous
 62
     7
100
AcDbLine
 10
121.0321966981
 20
168.1323693121
 30
0.0
 11
121.0505648942
 21
168.3423194422
 31
0.0
  0
LINE
  5
3A4
330
1FF
100
AcDbEntity
  8
0
  6
Continuous
 62
     7
100
AcDbLine
 10
122.8683361208
 20
189.1196077101
 30
0.0
 11
122.8867043169
 21
189.3295578401
 31
0.0
  0
LINE
  5
3A5
330
1FF
100
AcDbEntity
  8
0
  6
Continuous
 62
     7
100
AcDbLine
 10
122.8497937516
 20
179.1549787971
 30
0.0
 11
122.7626382923
 21
178.1587840742
 31
0.0
  0
LINE
  5
3A6
330
1FF
100
AcDbEntity
  8
0
  6
Continuous
 62
     7
100
AcDbLine
 10
126.0014192064
 20
174.4379668837
 30
0.0
 11
126.7366656639
 21
176.510184072
 31
0.0
  0
LINE
  5
3A7
330
1FF
100
AcDbEntity
  8
0
  6
Continuous
 62
     7
100
AcDbLine
 10
126.802400679
 20
176.683226317
 30
0.0
 11
126.93468499
 21
177.0513999075999
 31
0.0
  0
LINE
  5
3A8
330
1FF
100
AcDbEntity
  8
0
  6
Continuous
 62
     7
100
AcDbLine
 10
121.6234094459
 20
168.715788793
 30
0.0
 11
121.5341681819
 21
168.4706002185
 31
0.0
  0
LINE
  5
3A9
330
1FF
100
AcDbEntity
  8
0
  6
Continuous
 62
     7
100
AcDbLine
 10
115.9500424726
 20
167.4116431429
 30
0.0
 11
116.9462371955
 21
167.3244876835
 31
0.0
  0
LINE
  5
3AA
330
1FF
100
AcDbEntity
  8
0
  6
Continuous
 62
     7
100
AcDbLine
 10
117.9424319184
 20
167.2373322242
 30
0.0
 11
118.9386266413
 21
167.1501767648
 31
0.0
  0
LINE
  5
3AB
330
1FF
100
AcDbEntity
  8
0
  6
Continuous
 62
     7
100
AcDbLine
 10
118.982204371
 20
167.6482741263
 30
0.0
 11
115.9936202023
 21
167.9097405043
 31
0.0
  0
LINE
  5
3AC
330
1FF
100
AcDbEntity
  8
0
  6
Continuous
 62
     7
100
AcDbLine
 10
110.3707450379
 20
170.0802825944
 30
0.0
 11
112.8282016603
 21
168.3595539844
 31
0.0
  0
LINE
  5
3AD
330
1FF
100
AcDbEntity
  8
0
  6
Continuous
 62
     7
100
AcDbLine
 10
113.1149897619
 20
168.7691300881
 30
0.0
 11
110.6575331396
 21
170.4898586981
 31
0.0
  0
LINE
  5
3AE
330
1FF
100
AcDbEntity
  8
0
  6
Continuous
 62
     7
100
AcDbLine
 10
107.9598770112
 20
181.4675824454
 30
0.0
 11
107.7921581088
 21
181.6674619344
 31
0.0
  0
LINE
  5
3AF
330
1FF
100
AcDbEntity
  8
0
  6
Continuous
 62
     7
100
AcDbLine
 10
124.5985163767
 20
169.8995303102
 30
0.0
 11
124.3533278021
 21
169.9887715742
 31
0.0
  0
LINE
  5
3B0
330
1FF
100
AcDbEntity
  8
0
  6
Continuous
 62
     7
100
AcDbLine
 10
113.548483086
 20
177.5148540233
 30
0.0
 11
116.1196343964
 21
174.4506769823
 31
0.0
  0
LINE
  5
3B1
330
1FF
100
AcDbEntity
  8
0
  6
Continuous
 62
     7
100
AcDbLine
 10
112.9726506633
 20
178.5122486452
 30
0.0
 11
113.701691938
 21
177.6434115888
 31
0.0
  0
LINE
  5
3B2
330
1FF
100
AcDbEntity
  8
0
  6
Continuous
 62
     7
100
AcDbLine
 10
116.2728432484
 20
174.5792345477999
 30
0.0
 11
117.0018845231
 21
173.7103974914
 31
0.0
  0
LINE
  5
3B3
330
1FF
100
AcDbEntity
  8
0
  6
Continuous
 62
     7
100
AcDbLine
 10
113.6301281299
 20
181.6957923786
 30
0.0
 11
114.0159958413
 21
181.2359334129
 31
0.0
  0
LINE
  5
3B4
330
1FF
100
AcDbEntity
  8
0
  6
Continuous
 62
     7
100
AcDbLine
 10
115.6551048017
 20
179.2825205491999
 30
0.0
 11
118.2262561121
 21
176.2183435082
 31
0.0
  0
LINE
  5
3B5
330
1FF
100
AcDbEntity
  8
0
  6
Continuous
 62
     7
100
AcDbLine
 10
119.8653650725
 20
174.2649306445
 30
0.0
 11
120.2512327839
 21
173.8050716788
 31
0.0
  0
LINE
  5
3B6
330
1FF
100
AcDbEntity
  8
0
  6
Continuous
 62
     7
100
AcDbLine
 10
121.6289071238
 20
168.7183524042
 30
0.0
 11
121.7186860232
 21
168.5258210761
 31
0.0
  0
LINE
  5
3B7
330
1FF
100
AcDbEntity
  8
0
  6
Continuous
 62
     7
100
AcDbLine
 10
112.5079289312
 20
188.2783387331
 30
0.0
 11
112.0489725099
 21
189.2625732237
 31
0.0
  0
LINE
  5
3B8
330
1FF
100
AcDbEntity
  8
0
  6
Continuous
 62
     7
100
AcDbLine
 10
122.1577355168
 20
168.1758271328
 30
0.0
 11
121.9003095036
 21
168.7278785896
 31
0.0
  0
LINE
  5
3B9
330
1FF
100
AcDbEntity
  8
0
  6
Continuous
 62
     7
100
AcDbLine
 10
124.4235046839
 20
169.2323734316
 30
0.0
 11
124.1660786707
 21
169.7844248885
 31
0.0
  0
LINE
  5
3BA
330
1FF
100
AcDbEntity
  8
0
  6
Continuous
 62
     7
100
AcDbLine
 10
124.4376090237
 20
169.7936766347
 30
0.0
 11
124.3478301242
 21
169.986207963
 31
0.0
  0
LINE
  5
3BB
330
1FF
100
AcDbEntity
  8
0
  6
Continuous
 62
     7
100
AcDbLine
 10
115.2268519316
 20
189.5461942917
 30
0.0
 11
114.7678955104
 21
190.5304287823
 31
0.0
  0
LINE
  5
3BC
330
1FF
100
AcDbEntity
  8
0
  6
Continuous
 62
     7
100
AcDbLine
 10
113.7763493906
 20
186.1207548964
 30
0.0
 11
114.1803035476
 21
185.1861898384
 31
0.0
  0
LINE
  5
3BD
330
1FF
100
AcDbEntity
  8
0
  6
Continuous
 62
     7
100
AcDbLine
 10
120.0114678762
 20
171.6955440951
 30
0.0
 11
120.4154220332
 21
170.7609790371
 31
0.0
  0
LINE
  5
3BE
330
1FF
100
AcDbEntity
  8
0
  6
Continuous
 62
     7
100
AcDbLine
 10
123.1691885642
 20
171.9512604714
 30
0.0
 11
122.7652344072
 21
172.8858255293
 31
0.0
  0
LINE
  5
3BF
330
1FF
100
AcDbEntity
  8
0
  6
Continuous
 62
     7
100
AcDbLine
 10
116.9340700786
 20
186.3764712727
 30
0.0
 11
116.5301159216
 21
187.3110363307
 31
0.0
  0
LINE
  5
3C0
330
1FF
100
AcDbEntity
  8
0
  6
Continuous
 62
     7
100
AcDbLine
 10
128.5188251357
 20
173.3889504269
 30
0.0
 11
128.5624028654
 21
173.8870477883
 31
0.0
  0
LINE
  5
3C1
330
1FF
100
AcDbEntity
  8
0
  6
Continuous
 62
     7
100
AcDbLine
 10
129.30322427
 20
182.3547029329
 30
0.0
 11
129.3468019997
 21
182.8528002943
 31
0.0
  0
LINE
  5
3C2
330
1FF
100
AcDbEntity
  8
0
  6
Continuous
 62
     7
100
AcDbLine
 10
130.1976206341
 20
182.2513581514
 30
0.0
 11
129.4611570025
 21
173.833512743
 31
0.0
  0
LINE
  5
3C3
330
1FF
100
AcDbEntity
  8
0
  6
Continuous
 62
     7
100
AcDbLine
 10
130.3429967226
 20
182.7656448349
 30
0.0
 11
129.5150198586
 21
173.3017949675
 31
0.0
  0
LINE
  5
3C4
330
1FF
100
AcDbEntity
  8
0
  6
Continuous
 62
     7
100
AcDbLine
 10
130.576581176
 20
173.9617855503
 30
0.0
 11
130.7508920947
 21
175.9541749961
 31
0.0
  0
LINE
  5
3C5
330
1FF
100
AcDbEntity
  8
0
  6
Continuous
 62
     7
100
AcDbLine
 10
130.8380475541
 20
176.950369719
 30
0.0
 11
131.0123584728
 21
178.9427591648
 31
0.0
  0
LINE
  5
3C6
330
1FF
100
AcDbEntity
  8
0
  6
Continuous
 62
     7
100
AcDbLine
 10
131.0995139322
 20
179.9389538875999
 30
0.0
 11
131.2738248509
 21
181.9313433334
 31
0.0
  0
LINE
  5
3C7
330
1FF
100
AcDbEntity
  8
0
  6
Continuous
 62
     7
100
AcDbLine
 10
131.9213514208
 20
181.8746922848
 30
0.0
 11
131.7470405021
 21
179.8823028391
 31
0.0
  0
LINE
  5
3C8
330
1FF
100
AcDbEntity
  8
0
  6
Continuous
 62
     7
100
AcDbLine
 10
131.6598850427
 20
178.8861081162
 30
0.0
 11
131.485574124
 21
176.8937186704
 31
0.0
  0
LINE
  5
3C9
330
1FF
100
AcDbEntity
  8
0
  6
Continuous
 62
     7
100
AcDbLine
 10
131.3984186646
 20
175.8975239475
 30
0.0
 11
131.2241077459
 21
173.9051345017
 31
0.0
  0
LINE
  5
3CA
330
1FF
100
AcDbEntity
  8
0
  6
Continuous
 62
     7
100
AcDbLine
 10
129.5150198586
 20
173.3017949675
 30
0.0
 11
127.9425936485
 21
173.4393639844
 31
0.0
  0
LINE
  5
3CB
330
1FF
100
AcDbEntity
  8
0
  6
Continuous
 62
     7
100
AcDbLine
 10
107.8633795341
 20
175.4470167895
 30
0.0
 11
108.0813346628
 21
175.427948249
 31
0.0
  0
LINE
  5
3CC
330
1FF
100
AcDbEntity
  8
0
  6
Continuous
 62
     7
100
AcDbLine
 10
128.5624028654
 20
173.8870477883
 30
0.0
 11
129.5585975883
 21
173.799892329
 31
0.0
  0
LINE
  5
3CD
330
1FF
100
AcDbEntity
  8
0
  6
Continuous
 62
     7
100
AcDbLine
 10
129.4611570025
 20
173.833512743
 30
0.0
 11
128.2221379002
 21
173.9419125132
 31
0.0
  0
LINE
  5
3CE
330
1FF
100
AcDbEntity
  8
0
  6
Continuous
 62
     7
100
AcDbLine
 10
129.5803864531
 20
174.0489410097
 30
0.0
 11
131.2241077459
 21
173.9051345017
 31
0.0
  0
LINE
  5
3CF
330
1FF
100
AcDbEntity
  8
0
  6
Continuous
 62
     7
100
AcDbLine
 10
107.7790807357
 20
176.4582117671
 30
0.0
 11
107.5691306056
 21
176.4765799632
 31
0.0
  0
LINE
  5
3D0
330
1FF
100
AcDbEntity
  8
0
  6
Continuous
 62
     7
100
AcDbLine
 10
123.3154098249
 20
176.3762229892
 30
0.0
 11
122.9295421135
 21
176.8360819549
 31
0.0
  0
LINE
  5
3D1
330
1FF
100
AcDbEntity
  8
0
  6
Continuous
 62
     7
100
AcDbLine
 10
121.2904331532
 20
178.7894948186
 30
0.0
 11
118.7192818427
 21
181.8536718596
 31
0.0
  0
LINE
  5
3D2
330
1FF
100
AcDbEntity
  8
0
  6
Continuous
 62
     7
100
AcDbLine
 10
117.0801728824
 20
183.8070847233
 30
0.0
 11
116.694305171
 21
184.266943689
 31
0.0
  0
LINE
  5
3D3
330
1FF
100
AcDbEntity
  8
0
  6
Continuous
 62
     7
100
AcDbLine
 10
123.3223167845
 20
188.9092992357
 30
0.0
 11
123.3676258701
 21
188.6523390694
 31
0.0
  0
LINE
  5
3D4
330
1FF
100
AcDbEntity
  8
0
  6
Continuous
 62
     7
100
AcDbLine
 10
110.2090142015
 20
177.0459431111
 30
0.0
 11
111.2253785488
 21
177.1058957765
 31
0.0
  0
LINE
  5
3D5
330
1FF
100
AcDbEntity
  8
0
  6
Continuous
 62
     7
100
AcDbLine
 10
125.8968144629
 20
177.971325276
 30
0.0
 11
126.9131788102
 21
178.0312779414
 31
0.0
  0
LINE
  5
3D6
330
1FF
100
AcDbEntity
  8
0
  6
Continuous
 62
     7
100
AcDbLine
 10
126.7365237533
 20
181.0260722567
 30
0.0
 11
125.7201594061
 21
180.9661195913
 31
0.0
  0
LINE
  5
3D7
330
1FF
100
AcDbEntity
  8
0
  6
Continuous
 62
     7
100
AcDbLine
 10
111.048723492
 20
180.1006900918
 30
0.0
 11
110.0323591447
 21
180.0407374264
 31
0.0
  0
LINE
  5
3D8
330
1FF
100
AcDbEntity
  8
0
  6
Continuous
 62
     7
100
AcDbLine
 10
131.3984186646
 20
175.8975239475
 30
0.0
 11
129.7546973719
 21
176.0413304555
 31
0.0
  0
LINE
  5
3D9
330
1FF
100
AcDbEntity
  8
0
  6
Continuous
 62
     7
100
AcDbLine
 10
107.4981173766
 20
178.2896684579
 30
0.0
 11
106.8683653833
 21
178.3447644377
 31
0.0
  0
LINE
  5
3DA
330
1FF
100
AcDbEntity
  8
0
  6
Continuous
 62
     7
100
AcDbLine
 10
106.7083463955
 20
178.8104831548
 30
0.0
 11
107.6140084048
 21
178.7312482556
 31
0.0
  0
LINE
  5
3DB
330
1FF
100
AcDbEntity
  8
0
  6
Continuous
 62
     7
100
AcDbLine
 10
129.8418528312
 20
177.0375251784
 30
0.0
 11
131.485574124
 21
176.8937186704
 31
0.0
  0
LINE
  5
3DC
330
1FF
100
AcDbEntity
  8
0
  6
Continuous
 62
     7
100
AcDbLine
 10
114.0957442032
 20
178.9170365707
 30
0.0
 11
112.9478000822
 21
179.0174683386
 31
0.0
  0
LINE
  5
3DD
330
1FF
100
AcDbEntity
  8
0
  6
Continuous
 62
     7
100
AcDbLine
 10
122.7626382923
 20
178.1587840742
 30
0.0
 11
123.9105824132
 21
178.0583523063
 31
0.0
  0
LINE
  5
3DE
330
1FF
100
AcDbEntity
  8
0
  6
Continuous
 62
     7
100
AcDbLine
 10
123.9977378726
 20
179.0545470292
 30
0.0
 11
122.8497937516
 21
179.1549787971
 31
0.0
  0
LINE
  5
3DF
330
1FF
100
AcDbEntity
  8
0
  6
Continuous
 62
     7
100
AcDbLine
 10
113.0349555416
 20
180.0136630615
 30
0.0
 11
114.1828996626
 21
179.9132312936
 31
0.0
  0
LINE
  5
3E0
330
1FF
100
AcDbEntity
  8
0
  6
Continuous
 62
     7
100
AcDbLine
 10
131.6598850427
 20
178.8861081162
 30
0.0
 11
130.01616375
 21
179.0299146241
 31
0.0
  0
LINE
  5
3E1
330
1FF
100
AcDbEntity
  8
0
  6
Continuous
 62
     7
100
AcDbLine
 10
106.9262350439
 20
181.300969962
 30
0.0
 11
107.8318970532
 21
181.2217350628
 31
0.0
  0
LINE
  5
3E2
330
1FF
100
AcDbEntity
  8
0
  6
Continuous
 62
     7
100
AcDbLine
 10
126.9023822872
 20
177.2442405689
 30
0.0
 11
126.7854454959
 21
177.2690962164
 31
0.0
  0
LINE
  5
3E3
330
1FF
100
AcDbEntity
  8
0
  6
Continuous
 62
     7
100
AcDbLine
 10
126.1462612735
 20
174.3805491203
 30
0.0
 11
125.6977609973
 21
174.5583419625
 31
0.0
  0
LINE
  5
3E4
330
1FF
100
AcDbEntity
  8
0
  6
Continuous
 62
     7
100
AcDbLine
 10
110.1422260434
 20
180.7248103437
 30
0.0
 11
109.6908854534
 21
180.9037291328
 31
0.0
  0
LINE
  5
3E5
330
1FF
100
AcDbEntity
  8
0
  6
Continuous
 62
     7
100
AcDbLine
 10
110.7992766814
 20
183.6914662475
 30
0.0
 11
111.2477769575
 21
183.5136734053
 31
0.0
  0
LINE
  5
3E6
330
1FF
100
AcDbEntity
  8
0
  6
Continuous
 62
     7
100
AcDbLine
 10
126.8033119115
 20
177.347205024
 30
0.0
 11
127.2546525014
 21
177.168286235
 31
0.0
  0
LINE
  5
3E7
330
1FF
100
AcDbEntity
  8
0
  6
Continuous
 62
     7
100
AcDbLine
 10
126.7366656639
 20
176.510184072
 30
0.0
 11
127.0343066902
 21
176.2637426627
 31
0.0
  0
LINE
  5
3E8
330
1FF
100
AcDbEntity
  8
0
  6
Continuous
 62
     7
100
AcDbLine
 10
127.0815170259
 20
176.4521231337
 30
0.0
 11
126.802400679
 21
176.683226317
 31
0.0
  0
LINE
  5
3E9
330
1FF
100
AcDbEntity
  8
0
  6
Continuous
 62
     7
100
AcDbLine
 10
126.8740153651
 20
177.273075916
 30
0.0
 11
126.7995950179
 21
177.3346947101
 31
0.0
  0
LINE
  5
3EA
330
1FF
100
AcDbEntity
  8
0
  6
Continuous
 62
     7
100
AcDbLine
 10
123.9728872915
 20
179.5597667226
 30
0.0
 11
123.2438460168
 21
180.428603779
 31
0.0
  0
LINE
  5
3EB
330
1FF
100
AcDbEntity
  8
0
  6
Continuous
 62
     7
100
AcDbLine
 10
120.6726947064
 20
183.49278082
 30
0.0
 11
119.9436534317
 21
184.3616178764
 31
0.0
  0
LINE
  5
3EC
330
1FF
100
AcDbEntity
  8
0
  6
Continuous
 62
     7
100
AcDbLine
 10
123.3970548689
 20
180.5571613445
 30
0.0
 11
120.8259035585
 21
183.6213383855
 31
0.0
  0
LINE
  5
3ED
330
1FF
100
AcDbEntity
  8
0
  6
Continuous
 62
     7
100
AcDbLine
 10
107.1646939452
 20
181.7318264955
 30
0.0
 11
107.7944459384
 21
181.6767305157
 31
0.0
  0
LINE
  5
3EE
330
1FF
100
AcDbEntity
  8
0
  6
Continuous
 62
     7
100
AcDbLine
 10
130.1033192093
 20
180.026109347
 30
0.0
 11
131.7470405021
 21
179.8823028391
 31
0.0
  0
LINE
  5
3EF
330
1FF
100
AcDbEntity
  8
0
  6
Continuous
 62
     7
100
AcDbLine
 10
108.1792188212
 20
183.4499430234
 30
0.0
 11
108.3891689512
 21
183.4315748273
 31
0.0
  0
LINE
  5
3F0
330
1FF
100
AcDbEntity
  8
0
  6
Continuous
 62
     7
100
AcDbLine
 10
130.277630128
 20
182.0184987928
 30
0.0
 11
131.9213514208
 21
181.8746922848
 31
0.0
  0
LINE
  5
3F1
330
1FF
100
AcDbEntity
  8
0
  6
Continuous
 62
     7
100
AcDbLine
 10
128.9586015318
 20
182.3597579215
 30
0.0
 11
130.1976206341
 21
182.2513581514
 31
0.0
  0
LINE
  5
3F2
330
1FF
100
AcDbEntity
  8
0
  6
Continuous
 62
     7
100
AcDbLine
 10
130.2994189929
 20
182.2675474735
 30
0.0
 11
129.30322427
 21
182.3547029329
 31
0.0
  0
LINE
  5
3F3
330
1FF
100
AcDbEntity
  8
0
  6
Continuous
 62
     7
100
AcDbLine
 10
108.8657337971
 20
184.393700755
 30
0.0
 11
108.6477786684
 21
184.4127692954
 31
0.0
  0
LINE
  5
3F4
330
1FF
100
AcDbEntity
  8
0
  6
Continuous
 62
     7
100
AcDbLine
 10
128.7705705124
 20
182.9032138518
 30
0.0
 11
130.3429967226
 21
182.7656448349
 31
0.0
  0
LINE
  5
3F5
330
1FF
100
AcDbEntity
  8
0
  6
Continuous
 62
     7
100
AcDbLine
 10
121.6855295022
 20
184.9696549443
 30
0.0
 11
120.1981358693
 21
185.5592820985
 31
0.0
  0
LINE
  5
3F6
330
1FF
100
AcDbEntity
  8
0
  6
Continuous
 62
     7
100
AcDbLine
 10
125.8350204752
 20
186.9246518132
 30
0.0
 11
126.0919806416
 21
186.9699608988
 31
0.0
  0
LINE
  5
3F7
330
1FF
100
AcDbEntity
  8
0
  6
Continuous
 62
     7
100
AcDbLine
 10
121.7592328964
 20
185.1555791484
 30
0.0
 11
121.6106973597
 21
185.2144610636
 31
0.0
  0
LINE
  5
3F8
330
1FF
100
AcDbEntity
  8
0
  6
Continuous
 62
     7
100
AcDbLine
 10
121.4218842098
 20
185.2893096833
 30
0.0
 11
120.609187032
 21
185.6114761318
 31
0.0
  0
LINE
  5
3F9
330
1FF
100
AcDbEntity
  8
0
  6
Continuous
 62
     7
100
AcDbLine
 10
120.4203748003
 20
185.6863243874
 30
0.0
 11
120.2718392636
 21
185.7452063026
 31
0.0
  0
LINE
  5
3FA
330
1FF
100
AcDbEntity
  8
0
  6
Continuous
 62
     7
100
AcDbLine
 10
126.1968886386
 20
183.6115612933
 30
0.0
 11
125.6443824749
 21
183.8305837698
 31
0.0
  0
LINE
  5
3FB
330
1FF
100
AcDbEntity
  8
0
  6
Continuous
 62
     7
100
AcDbLine
 10
116.5340964737
 20
187.4420500894
 30
0.0
 11
115.9855754111
 21
187.6594928067
 31
0.0
  0
LINE
  5
3FC
330
1FF
100
AcDbEntity
  8
0
  6
Continuous
 62
     7
100
AcDbLine
 10
120.4192460522
 20
186.1170547108
 30
0.0
 11
120.5097659772
 21
186.0811711326
 31
0.0
  0
LINE
  5
3FD
330
1FF
100
AcDbEntity
  8
0
  6
Continuous
 62
     7
100
AcDbLine
 10
120.679654118
 20
186.013824696
 30
0.0
 11
121.6462316192
 21
185.6306575714
 31
0.0
  0
LINE
  5
3FE
330
1FF
100
AcDbEntity
  8
0
  6
Continuous
 62
     7
100
AcDbLine
 10
121.81611976
 20
185.5633111348
 30
0.0
 11
121.906639685
 21
185.5274275566
 31
0.0
  0
LINE
  5
3FF
330
1FF
100
AcDbEntity
  8
0
  6
Continuous
 62
     7
100
AcDbLine
 10
120.4929494464
 20
186.3029789149
 30
0.0
 11
121.9803430793
 21
185.7133517607
 31
0.0
  0
LINE
  5
400
330
1FF
100
AcDbEntity
  8
0
  6
Continuous
 62
     7
100
AcDbLine
 10
123.4944424331
 20
188.8228762181
 30
0.0
 11
123.6992304849
 21
188.6794821672
 31
0.0
  0
LINE
  5
401
330
1FF
100
AcDbEntity
  8
0
  6
Continuous
 62
     7
100
AcDbLine
 10
125.7471110036
 20
187.2455416589
 30
0.0
 11
125.9518990554
 21
187.1021476081
 31
0.0
  0
LINE
  5
402
330
1FF
100
AcDbEntity
  8
0
  6
Continuous
 62
     7
100
AcDbLine
 10
123.7008093344
 20
188.6817369993
 30
0.0
 11
125.748689853
 21
187.247796491
 31
0.0
  0
LINE
  5
403
330
1FF
100
AcDbEntity
  8
0
  6
Continuous
 62
     7
100
AcDbLine
 10
126.0354779547
 20
187.6573725947
 30
0.0
 11
123.987597436
 21
189.091313103
 31
0.0
  0
LINE
  5
404
330
1FF
100
AcDbEntity
  8
0
  6
Continuous
 62
     7
100
AcDbLine
 10
117.9633335839
 20
190.4237412415
 30
0.0
 11
120.9519177525
 21
190.1622748635
 31
0.0
  0
LINE
  5
405
330
1FF
100
AcDbEntity
  8
0
  6
Continuous
 62
     7
100
AcDbLine
 10
120.9954954822
 20
190.6603722249
 30
0.0
 11
119.9993007593
 21
190.7475276843
 31
0.0
  0
LINE
  5
406
330
1FF
100
AcDbEntity
  8
0
  6
Continuous
 62
     7
100
AcDbLine
 10
119.0031060364
 20
190.8346831436
 30
0.0
 11
118.0069113136
 21
190.921838603
 31
0.0
  0
LINE
  5
407
330
1FF
100
AcDbEntity
  8
0
  6
Continuous
 62
     7
100
AcDbLine
 10
112.9552801767
 20
48.9192830451
 30
0.0
 11
113.8615878435
 21
48.4966645255
 31
0.0
  0
LINE
  5
408
330
1FF
100
AcDbEntity
  8
0
  6
Continuous
 62
     7
100
AcDbLine
 10
114.0306352514
 20
48.8591875922
 30
0.0
 11
113.1243275845
 21
49.2818061118
 31
0.0
  0
LINE
  5
409
330
1FF
100
AcDbEntity
  8
0
  6
Continuous
 62
     7
100
AcDbLine
 10
131.7038267407
 20
57.3130435098
 30
0.0
 11
131.5203899922
 21
57.2969949264
 31
0.0
  0
LINE
  5
40A
330
1FF
100
AcDbEntity
  8
0
  6
Continuous
 62
     7
100
AcDbLine
 10
131.4506656247
 20
58.09395070469999
 30
0.0
 11
131.7993337777
 21
58.1244551155
 31
0.0
  0
LINE
  5
40B
330
1FF
100
AcDbEntity
  8
0
  6
Continuous
 62
     7
100
AcDbLine
 10
132.3007875114
 20
57.3130435098
 30
0.0
 11
126.5007844907
 21
57.3130435098
 31
0.0
  0
LINE
  5
40C
330
1FF
100
AcDbEntity
  8
0
  6
Continuous
 62
     7
100
AcDbLine
 10
126.5007844907
 20
57.51304350979999
 30
0.0
 11
132.3007875114
 21
57.51304350979999
 31
0.0
  0
LINE
  5
40D
330
1FF
100
AcDbEntity
  8
0
  6
Continuous
 62
     7
100
AcDbLine
 10
131.6075917671
 20
60.3160835058
 30
0.0
 11
131.2589236141
 21
60.285579095
 31
0.0
  0
LINE
  5
40E
330
1FF
100
AcDbEntity
  8
0
  6
Continuous
 62
     7
100
AcDbLine
 10
130.3092371864
 20
62.61166012109999
 30
0.0
 11
129.7546973719
 21
62.5631443328
 31
0.0
  0
LINE
  5
40F
330
1FF
100
AcDbEntity
  8
0
  6
Continuous
 62
     7
100
AcDbLine
 10
131.346125389
 20
63.30466767449999
 30
0.0
 11
130.997457236
 21
63.27416326369999
 31
0.0
  0
LINE
  5
410
330
1FF
100
AcDbEntity
  8
0
  6
Continuous
 62
     7
100
AcDbLine
 10
130.9277328685
 20
64.07111904199999
 30
0.0
 11
131.2764010215
 21
64.10162345279999
 31
0.0
  0
LINE
  5
411
330
1FF
100
AcDbEntity
  8
0
  6
Continuous
 62
     7
100
AcDbLine
 10
132.3007875114
 20
60.913026262
 30
0.0
 11
126.5007844907
 21
60.913026262
 31
0.0
  0
LINE
  5
412
330
1FF
100
AcDbEntity
  8
0
  6
Continuous
 62
     7
100
AcDbLine
 10
126.5007844907
 20
61.113026262
 30
0.0
 11
132.3007875114
 21
61.113026262
 31
0.0
  0
LINE
  5
413
330
1FF
100
AcDbEntity
  8
0
  6
Continuous
 62
     7
100
AcDbLine
 10
126.1727679582
 20
50.0187726587
 30
0.0
 11
128.1409361274
 21
48.36728251979999
 31
0.0
  0
LINE
  5
414
330
1FF
100
AcDbEntity
  8
0
  6
Continuous
 62
     7
100
AcDbLine
 10
129.5803864531
 20
64.55553377859999
 30
0.0
 11
130.3142441123
 21
64.619737794
 31
0.0
  0
LINE
  5
415
330
1FF
100
AcDbEntity
  8
0
  6
Continuous
 62
     7
100
AcDbLine
 10
132.0279088314
 20
52.99959352800001
 30
0.0
 11
130.0597406622
 21
54.65108366699999
 31
0.0
  0
LINE
  5
416
330
1FF
100
AcDbEntity
  8
0
  6
Continuous
 62
     7
100
AcDbLine
 10
111.4193277267
 20
68.77010751420001
 30
0.0
 11
111.1898972454
 21
69.0977683972
 31
0.0
  0
LINE
  5
417
330
1FF
100
AcDbEntity
  8
0
  6
Continuous
 62
     7
100
AcDbLine
 10
112.0090494528
 20
69.67134460050001
 30
0.0
 11
112.2384799342
 21
69.3436837175
 31
0.0
  0
LINE
  5
418
330
1FF
100
AcDbEntity
  8
0
  6
Continuous
 62
     7
100
AcDbLine
 10
112.0090494528
 20
69.67134460050001
 30
0.0
 11
111.1898972454
 21
69.0977683972
 31
0.0
  0
LINE
  5
419
330
1FF
100
AcDbEntity
  8
0
  6
Continuous
 62
     7
100
AcDbLine
 10
111.4193277267
 20
68.77010751420001
 30
0.0
 11
112.2384799342
 21
69.3436837175
 31
0.0
  0
LINE
  5
41A
330
1FF
100
AcDbEntity
  8
0
  6
Continuous
 62
     7
100
AcDbLine
 10
112.9552801767
 20
48.9192830451
 30
0.0
 11
113.1243275845
 21
49.2818061118
 31
0.0
  0
LINE
  5
41B
330
1FF
100
AcDbEntity
  8
0
  6
Continuous
 62
     7
100
AcDbLine
 10
114.0306352514
 20
48.8591875922
 30
0.0
 11
113.8615878435
 21
48.4966645255
 31
0.0
  0
LINE
  5
41C
330
1FF
100
AcDbEntity
  8
0
  6
Continuous
 62
     7
100
AcDbLine
 10
128.8465961259
 20
62.6164475804
 30
0.0
 11
128.6832810916
 21
64.4831530814
 31
0.0
  0
LINE
  5
41D
330
1FF
100
AcDbEntity
  8
0
  6
Continuous
 62
     7
100
AcDbLine
 10
129.256168525
 20
64.81924863100001
 30
0.0
 11
129.4691195782
 21
62.38519898029999
 31
0.0
  0
LINE
  5
41E
330
1FF
100
AcDbEntity
  8
0
  6
Continuous
 62
     7
100
AcDbLine
 10
129.5535089664
 20
64.86274586399999
 30
0.0
 11
129.5803864531
 21
64.55553377859999
 31
0.0
  0
LINE
  5
41F
330
1FF
100
AcDbEntity
  8
0
  6
Continuous
 62
     7
100
AcDbLine
 10
129.7546973719
 20
62.5631443328
 30
0.0
 11
129.7694323912
 21
62.3947217389
 31
0.0
  0
LINE
  5
420
330
1FF
100
AcDbEntity
  8
0
  6
Continuous
 62
     7
100
AcDbLine
 10
130.7115937066
 20
63.099483896
 30
0.0
 11
130.6037742109
 21
64.33187040899999
 31
0.0
  0
LINE
  5
421
330
1FF
100
AcDbEntity
  8
0
  6
Continuous
 62
     7
100
AcDbLine
 10
130.9277328685
 20
64.07111904199999
 30
0.0
 11
130.997457236
 21
63.27416326369999
 31
0.0
  0
LINE
  5
422
330
1FF
100
AcDbEntity
  8
0
  6
Continuous
 62
     7
100
AcDbLine
 10
131.2040292799
 20
60.913026262
 30
0.0
 11
131.2589236141
 21
60.285579095
 31
0.0
  0
LINE
  5
423
330
1FF
100
AcDbEntity
  8
0
  6
Continuous
 62
     7
100
AcDbLine
 10
131.4506656247
 20
58.09395070469999
 30
0.0
 11
131.5014882523
 21
57.51304350979999
 31
0.0
  0
LINE
  5
424
330
1FF
100
AcDbEntity
  8
0
  6
Continuous
 62
     7
100
AcDbLine
 10
131.5189859277
 20
57.3130435098
 30
0.0
 11
131.5203899922
 21
57.2969949264
 31
0.0
  0
LINE
  5
425
330
1FF
100
AcDbEntity
  8
0
  6
Continuous
 62
     7
100
AcDbLine
 10
131.8528251867
 20
57.51304350979999
 30
0.0
 11
131.7993337777
 21
58.1244551155
 31
0.0
  0
LINE
  5
426
330
1FF
100
AcDbEntity
  8
0
  6
Continuous
 62
     7
100
AcDbLine
 10
131.6075917671
 20
60.3160835058
 30
0.0
 11
131.5553662143
 21
60.913026262
 31
0.0
  0
LINE
  5
427
330
1FF
100
AcDbEntity
  8
0
  6
Continuous
 62
     7
100
AcDbLine
 10
131.346125389
 20
63.30466767449999
 30
0.0
 11
131.2764010215
 21
64.10162345279999
 31
0.0
  0
LINE
  5
428
330
1FF
100
AcDbEntity
  8
0
  6
Continuous
 62
     7
100
AcDbLine
 10
130.0597406622
 20
54.65108366699999
 30
0.0
 11
126.1727679582
 21
50.0187726587
 31
0.0
  0
LINE
  5
429
330
1FF
100
AcDbEntity
  8
0
  6
Continuous
 62
     7
100
AcDbLine
 10
128.1409361274
 20
48.36728251979999
 30
0.0
 11
132.0279088314
 21
52.99959352800001
 31
0.0
  0
LINE
  5
42A
330
1FF
100
AcDbEntity
  8
0
  6
Continuous
 62
     7
100
AcDbLine
 10
181.9206758043
 20
111.3483884881
 30
0.0
 11
185.7206585566
 21
111.3483884881
 31
0.0
  0
LINE
  5
42B
330
1FF
100
AcDbEntity
  8
0
  6
Continuous
 62
     7
100
AcDbLine
 10
194.3257282811
 20
116.0483884881
 30
0.0
 11
193.9632052143
 21
116.0483884881
 31
0.0
  0
LINE
  5
42C
330
1FF
100
AcDbEntity
  8
0
  6
Continuous
 62
     7
100
AcDbLine
 10
173.9768064505
 20
116.0483884881
 30
0.0
 11
173.6491455675
 21
116.0483884881
 31
0.0
  0
LINE
  5
42D
330
1FF
100
AcDbEntity
  8
0
  6
Continuous
 62
     7
100
AcDbLine
 10
179.7290343919
 20
116.4615300204
 30
0.0
 11
179.7595388026
 21
116.4615300204
 31
0.0
  0
LINE
  5
42E
330
1FF
100
AcDbEntity
  8
0
  6
Continuous
 62
     7
100
AcDbLine
 10
185.7206585566
 20
116.4615300204
 30
0.0
 11
185.7367071399
 21
116.4615300204
 31
0.0
  0
LINE
  5
42F
330
1FF
100
AcDbEntity
  8
0
  6
Continuous
 62
     7
100
AcDbLine
 10
173.3623574658
 20
116.548388488
 30
0.0
 11
173.6900183488
 21
116.5483884881
 31
0.0
  0
LINE
  5
430
330
1FF
100
AcDbEntity
  8
0
  6
Continuous
 62
     7
100
AcDbLine
 10
194.1745144741
 20
116.5483884881
 30
0.0
 11
194.5370375408
 21
116.5483884881
 31
0.0
  0
LINE
  5
431
330
1FF
100
AcDbEntity
  8
0
  6
Continuous
 62
     7
100
AcDbLine
 10
194.6664195466
 20
117.2483884881
 30
0.0
 11
188.3826183993999
 21
117.2483884881
 31
0.0
  0
LINE
  5
432
330
1FF
100
AcDbEntity
  8
0
  6
Continuous
 62
     7
100
AcDbLine
 10
167.4653511107
 20
117.8483884881
 30
0.0
 11
199.4651188133
 21
117.8483884881
 31
0.0
  0
LINE
  5
433
330
1FF
100
AcDbEntity
  8
0
  6
Continuous
 62
     7
100
AcDbLine
 10
199.4651223039
 20
118.8483884881
 30
0.0
 11
167.46534762
 21
118.8483884881
 31
0.0
  0
LINE
  5
434
330
1FF
100
AcDbEntity
  8
0
  6
Continuous
 62
     7
100
AcDbLine
 10
172.7887812625
 20
119.5483884881
 30
0.0
 11
173.6900183488
 21
119.5483884881
 31
0.0
  0
LINE
  5
435
330
1FF
100
AcDbEntity
  8
0
  6
Continuous
 62
     7
100
AcDbLine
 10
182.7481229713
 20
119.5483884881
 30
0.0
 11
183.217796603
 21
119.5483884881
 31
0.0
  0
LINE
  5
436
330
1FF
100
AcDbEntity
  8
0
  6
Continuous
 62
     7
100
AcDbLine
 10
193.329277435
 20
119.5483884881
 30
0.0
 11
193.7518959546
 21
119.5483884881
 31
0.0
  0
LINE
  5
437
330
1FF
100
AcDbEntity
  8
0
  6
Continuous
 62
     7
100
AcDbLine
 10
194.1745144741
 20
119.5483884881
 30
0.0
 11
194.9596560604
 21
119.5483884881
 31
0.0
  0
LINE
  5
438
330
1FF
100
AcDbEntity
  8
0
  6
Continuous
 62
     7
100
AcDbLine
 10
175.9975798174
 20
119.9983884881
 30
0.0
 11
176.1497273803
 21
119.9983884881
 31
0.0
  0
LINE
  5
439
330
1FF
100
AcDbEntity
  8
0
  6
Continuous
 62
     7
100
AcDbLine
 10
181.8679912870999
 20
119.9983884881
 30
0.0
 11
181.9206627822
 21
119.9983884881
 31
0.0
  0
LINE
  5
43A
330
1FF
100
AcDbEntity
  8
0
  6
Continuous
 62
     7
100
AcDbLine
 10
182.7481229713
 20
119.9983884881
 30
0.0
 11
183.6679912871
 21
119.9983884881
 31
0.0
  0
LINE
  5
43B
330
1FF
100
AcDbEntity
  8
0
  6
Continuous
 62
     7
100
AcDbLine
 10
192.9328901065
 20
119.9983884881
 30
0.0
 11
193.2842766139
 21
119.9983884881
 31
0.0
  0
LINE
  5
43C
330
1FF
100
AcDbEntity
  8
0
  6
Continuous
 62
     7
100
AcDbLine
 10
184.9092469509
 20
120.0615300204
 30
0.0
 11
184.3115301171
 21
120.0615300204
 31
0.0
  0
LINE
  5
43D
330
1FF
100
AcDbEntity
  8
0
  6
Continuous
 62
     7
100
AcDbLine
 10
178.3343617798
 20
120.0615300204
 30
0.0
 11
178.9320786136
 21
120.0615300204
 31
0.0
  0
LINE
  5
43E
330
1FF
100
AcDbEntity
  8
0
  6
Continuous
 62
     7
100
AcDbLine
 10
179.7290343919
 20
120.0615300204
 30
0.0
 11
180.3572556364
 21
120.0615300204
 31
0.0
  0
LINE
  5
43F
330
1FF
100
AcDbEntity
  8
0
  6
Continuous
 62
     7
100
AcDbLine
 10
181.3229459485
 20
120.0615300204
 30
0.0
 11
181.9206627822
 21
120.0615300204
 31
0.0
  0
LINE
  5
440
330
1FF
100
AcDbEntity
  8
0
  6
Continuous
 62
     7
100
AcDbLine
 10
182.7176185605
 20
120.0615300204
 30
0.0
 11
183.345839805
 21
120.0615300204
 31
0.0
  0
LINE
  5
441
330
1FF
100
AcDbEntity
  8
0
  6
Continuous
 62
     7
100
AcDbLine
 10
185.7062027292
 20
120.0615300204
 30
0.0
 11
186.3344239737
 21
120.0615300204
 31
0.0
  0
LINE
  5
442
330
1FF
100
AcDbEntity
  8
0
  6
Continuous
 62
     7
100
AcDbLine
 10
173.269517504
 20
120.4483884881
 30
0.0
 11
176.4054157694
 21
120.4483884881
 31
0.0
  0
LINE
  5
443
330
1FF
100
AcDbEntity
  8
0
  6
Continuous
 62
     7
100
AcDbLine
 10
189.7739856861999
 20
120.4483884881
 30
0.0
 11
192.8241761757
 21
120.4483884881
 31
0.0
  0
LINE
  5
444
330
1FF
100
AcDbEntity
  8
0
  6
Continuous
 62
     7
100
AcDbLine
 10
184.3115301171
 20
120.5483884881
 30
0.0
 11
183.345839805
 21
120.5483884881
 31
0.0
  0
LINE
  5
445
330
1FF
100
AcDbEntity
  8
0
  6
Continuous
 62
     7
100
AcDbLine
 10
181.3229459485
 20
120.5483884881
 30
0.0
 11
180.3572556364
 21
120.5483884881
 31
0.0
  0
LINE
  5
446
330
1FF
100
AcDbEntity
  8
0
  6
Continuous
 62
     7
100
AcDbLine
 10
172.4652385742
 20
120.5483884881
 30
0.0
 11
173.0039180753
 21
120.5483884881
 31
0.0
  0
LINE
  5
447
330
1FF
100
AcDbEntity
  8
0
  6
Continuous
 62
     7
100
AcDbLine
 10
174.2229039127999
 20
120.5483884881
 30
0.0
 11
178.3343617798
 21
120.5483884881
 31
0.0
  0
LINE
  5
448
330
1FF
100
AcDbEntity
  8
0
  6
Continuous
 62
     7
100
AcDbLine
 10
186.3344239737
 20
120.5483884881
 30
0.0
 11
191.5313748861
 21
120.5483884881
 31
0.0
  0
LINE
  5
449
330
1FF
100
AcDbEntity
  8
0
  6
Continuous
 62
     7
100
AcDbLine
 10
193.0642337952
 20
120.5483884881
 30
0.0
 11
194.4651508775
 21
120.5483884881
 31
0.0
  0
LINE
  5
44A
330
1FF
100
AcDbEntity
  8
0
  6
Continuous
 62
     7
100
AcDbLine
 10
173.9056440164
 20
120.7483884881
 30
0.0
 11
174.2229039127999
 21
120.7483884881
 31
0.0
  0
LINE
  5
44B
330
1FF
100
AcDbEntity
  8
0
  6
Continuous
 62
     7
100
AcDbLine
 10
191.5313748861
 20
120.7483884881
 30
0.0
 11
191.9618245798
 21
120.7483884881
 31
0.0
  0
LINE
  5
44C
330
1FF
100
AcDbEntity
  8
0
  6
Continuous
 62
     7
100
AcDbLine
 10
193.1958404694
 20
120.7483884881
 30
0.0
 11
193.2521034961
 21
120.7483884881
 31
0.0
  0
LINE
  5
44D
330
1FF
100
AcDbEntity
  8
0
  6
Continuous
 62
     7
100
AcDbLine
 10
186.3039195629
 20
120.8483884881
 30
0.0
 11
184.3115301171
 21
120.8483884881
 31
0.0
  0
LINE
  5
44E
330
1FF
100
AcDbEntity
  8
0
  6
Continuous
 62
     7
100
AcDbLine
 10
183.3153353942
 20
120.8483884881
 30
0.0
 11
181.3229459485
 21
120.8483884881
 31
0.0
  0
LINE
  5
44F
330
1FF
100
AcDbEntity
  8
0
  6
Continuous
 62
     7
100
AcDbLine
 10
180.3267512256
 20
120.8483884881
 30
0.0
 11
178.3343617798
 21
120.8483884881
 31
0.0
  0
LINE
  5
450
330
1FF
100
AcDbEntity
  8
0
  6
Continuous
 62
     7
100
AcDbLine
 10
193.2337522794
 20
120.9483884881
 30
0.0
 11
192.3733879743999
 21
120.9483884881
 31
0.0
  0
LINE
  5
451
330
1FF
100
AcDbEntity
  8
0
  6
Continuous
 62
     7
100
AcDbLine
 10
173.4502914499
 20
120.9483884881
 30
0.0
 11
172.8163636706
 21
120.9483884881
 31
0.0
  0
LINE
  5
452
330
1FF
100
AcDbEntity
  8
0
  6
Continuous
 62
     7
100
AcDbLine
 10
193.5205403811
 20
120.9819282743
 30
0.0
 11
193.2337522794
 21
120.9819282743
 31
0.0
  0
LINE
  5
453
330
1FF
100
AcDbEntity
  8
0
  6
Continuous
 62
     7
100
AcDbLine
 10
174.0241237765
 20
120.9819282743
 30
0.0
 11
173.4502914499
 21
120.9819282743
 31
0.0
  0
LINE
  5
454
330
1FF
100
AcDbEntity
  8
0
  6
Continuous
 62
     7
100
AcDbLine
 10
172.8163636706
 20
120.9819282743
 30
0.0
 11
172.6050544108
 21
120.9819282743
 31
0.0
  0
LINE
  5
455
330
1FF
100
AcDbEntity
  8
0
  6
Continuous
 62
     7
100
AcDbLine
 10
191.7589389898
 20
120.9819282743
 30
0.0
 11
192.3733879743999
 21
120.9819282743
 31
0.0
  0
LINE
  5
456
330
1FF
100
AcDbEntity
  8
0
  6
Continuous
 62
     7
100
AcDbLine
 10
172.3714728347
 20
121.1483884881
 30
0.0
 11
172.6050544108
 21
121.1483884881
 31
0.0
  0
LINE
  5
457
330
1FF
100
AcDbEntity
  8
0
  6
Continuous
 62
     7
100
AcDbLine
 10
177.7310222456
 20
121.1483884881
 30
0.0
 11
178.3410524087
 21
121.1483884881
 31
0.0
  0
LINE
  5
458
330
1FF
100
AcDbEntity
  8
0
  6
Continuous
 62
     7
100
AcDbLine
 10
180.3834022742
 20
121.1483884881
 30
0.0
 11
181.3296365773
 21
121.1483884881
 31
0.0
  0
LINE
  5
459
330
1FF
100
AcDbEntity
  8
0
  6
Continuous
 62
     7
100
AcDbLine
 10
183.3719864428
 20
121.1483884881
 30
0.0
 11
184.318220746
 21
121.1483884881
 31
0.0
  0
LINE
  5
45A
330
1FF
100
AcDbEntity
  8
0
  6
Continuous
 62
     7
100
AcDbLine
 10
186.3605706115
 20
121.1483884881
 30
0.0
 11
187.2210187508
 21
121.1483884881
 31
0.0
  0
LINE
  5
45B
330
1FF
100
AcDbEntity
  8
0
  6
Continuous
 62
     7
100
AcDbLine
 10
193.5205403811
 20
121.1483884881
 30
0.0
 11
194.1232197924
 21
121.1483884881
 31
0.0
  0
LINE
  5
45C
330
1FF
100
AcDbEntity
  8
0
  6
Continuous
 62
     7
100
AcDbLine
 10
192.9756429879
 20
121.4483884881
 30
0.0
 11
192.6314972659
 21
121.4483884881
 31
0.0
  0
LINE
  5
45D
330
1FF
100
AcDbEntity
  8
0
  6
Continuous
 62
     7
100
AcDbLine
 10
173.2601131161
 20
121.4483884881
 30
0.0
 11
173.0065420044
 21
121.4483884881
 31
0.0
  0
LINE
  5
45E
330
1FF
100
AcDbEntity
  8
0
  6
Continuous
 62
     7
100
AcDbLine
 10
172.3714728347
 20
121.4983884881
 30
0.0
 11
172.6050544108
 21
121.4983884881
 31
0.0
  0
LINE
  5
45F
330
1FF
100
AcDbEntity
  8
0
  6
Continuous
 62
     7
100
AcDbLine
 10
178.3910128284
 20
121.4983884881
 30
0.0
 11
180.4705577334999
 21
121.4983884881
 31
0.0
  0
LINE
  5
460
330
1FF
100
AcDbEntity
  8
0
  6
Continuous
 62
     7
100
AcDbLine
 10
181.3795969971
 20
121.4983884881
 30
0.0
 11
183.4591419022
 21
121.4983884881
 31
0.0
  0
LINE
  5
461
330
1FF
100
AcDbEntity
  8
0
  6
Continuous
 62
     7
100
AcDbLine
 10
184.3681811657
 20
121.4983884881
 30
0.0
 11
186.4477260708
 21
121.4983884881
 31
0.0
  0
LINE
  5
462
330
1FF
100
AcDbEntity
  8
0
  6
Continuous
 62
     7
100
AcDbLine
 10
193.5488349882
 20
121.4983884881
 30
0.0
 11
194.1232197924
 21
121.4983884881
 31
0.0
  0
LINE
  5
463
330
1FF
100
AcDbEntity
  8
0
  6
Continuous
 62
     7
100
AcDbLine
 10
172.9642801525
 20
121.5483884881
 30
0.0
 11
173.3023749681
 21
121.5483884881
 31
0.0
  0
LINE
  5
464
330
1FF
100
AcDbEntity
  8
0
  6
Continuous
 62
     7
100
AcDbLine
 10
192.5741396456
 20
121.5483884881
 30
0.0
 11
193.0330006083
 21
121.5483884882
 31
0.0
  0
LINE
  5
465
330
1FF
100
AcDbEntity
  8
0
  6
Continuous
 62
     7
100
AcDbLine
 10
192.7563213038
 20
121.9483884881
 30
0.0
 11
192.5741396456
 21
121.9483884881
 31
0.0
  0
LINE
  5
466
330
1FF
100
AcDbEntity
  8
0
  6
Continuous
 62
     7
100
AcDbLine
 10
173.3023749681
 20
121.9483884881
 30
0.0
 11
173.2597981183
 21
121.9483884881
 31
0.0
  0
LINE
  5
467
330
1FF
100
AcDbEntity
  8
0
  6
Continuous
 62
     7
100
AcDbLine
 10
171.5794040429
 20
122.0483884881
 30
0.0
 11
172.4787214601
 21
122.0483884881
 31
0.0
  0
LINE
  5
468
330
1FF
100
AcDbEntity
  8
0
  6
Continuous
 62
     7
100
AcDbLine
 10
194.1902820858
 20
122.0483884881
 30
0.0
 11
195.3510658811
 21
122.0483884881
 31
0.0
  0
LINE
  5
469
330
1FF
100
AcDbEntity
  8
0
  6
Continuous
 62
     7
100
AcDbLine
 10
193.0330006083
 20
122.4483884881
 30
0.0
 11
192.7053397252999
 21
122.4483884881
 31
0.0
  0
LINE
  5
46A
330
1FF
100
AcDbEntity
  8
0
  6
Continuous
 62
     7
100
AcDbLine
 10
173.3023749681
 20
122.4483884881
 30
0.0
 11
172.9642801525
 21
122.4483884881
 31
0.0
  0
LINE
  5
46B
330
1FF
100
AcDbEntity
  8
0
  6
Continuous
 62
     7
100
AcDbLine
 10
192.5741396456
 20
122.4483884881
 30
0.0
 11
192.5924908623
 21
122.4483884881
 31
0.0
  0
LINE
  5
46C
330
1FF
100
AcDbEntity
  8
0
  6
Continuous
 62
     7
100
AcDbLine
 10
173.0065420044
 20
122.5483884881
 30
0.0
 11
173.2601131161
 21
122.5483884881
 31
0.0
  0
LINE
  5
46D
330
1FF
100
AcDbEntity
  8
0
  6
Continuous
 62
     7
100
AcDbLine
 10
192.6314972659
 20
122.5483884881
 30
0.0
 11
192.9756429879
 21
122.5483884881
 31
0.0
  0
LINE
  5
46E
330
1FF
100
AcDbEntity
  8
0
  6
Continuous
 62
     7
100
AcDbLine
 10
191.7589389898
 20
123.2483884881
 30
0.0
 11
191.5313748861
 21
123.2483884881
 31
0.0
  0
LINE
  5
46F
330
1FF
100
AcDbEntity
  8
0
  6
Continuous
 62
     7
100
AcDbLine
 10
174.2229039127999
 20
123.2483884881
 30
0.0
 11
174.0241237764
 21
123.2483884881
 31
0.0
  0
LINE
  5
470
330
1FF
100
AcDbEntity
  8
0
  6
Continuous
 62
     7
100
AcDbLine
 10
195.089599503
 20
123.2483884881
 30
0.0
 11
195.1767549623
 21
123.2483884881
 31
0.0
  0
LINE
  5
471
330
1FF
100
AcDbEntity
  8
0
  6
Continuous
 62
     7
100
AcDbLine
 10
195.2639104217
 20
123.2483884881
 30
0.0
 11
195.3510658811
 21
123.2483884881
 31
0.0
  0
LINE
  5
472
330
1FF
100
AcDbEntity
  8
0
  6
Continuous
 62
     7
100
AcDbLine
 10
172.6050544108
 20
123.6483884881
 30
0.0
 11
173.6616007097
 21
123.6483884881
 31
0.0
  0
LINE
  5
473
330
1FF
100
AcDbEntity
  8
0
  6
Continuous
 62
     7
100
AcDbLine
 10
192.0865998728
 20
123.6483884881
 30
0.0
 11
193.5205403811
 21
123.6483884881
 31
0.0
  0
LINE
  5
474
330
1FF
100
AcDbEntity
  8
0
  6
Continuous
 62
     7
100
AcDbLine
 10
194.8529685196
 20
123.7483884881
 30
0.0
 11
194.1902820858
 21
123.7483884881
 31
0.0
  0
LINE
  5
475
330
1FF
100
AcDbEntity
  8
0
  6
Continuous
 62
     7
100
AcDbLine
 10
191.5313748861
 20
123.7483884881
 30
0.0
 11
191.3991881769
 21
123.7483884881
 31
0.0
  0
LINE
  5
476
330
1FF
100
AcDbEntity
  8
0
  6
Continuous
 62
     7
100
AcDbLine
 10
187.3324411299
 20
123.7483884881
 30
0.0
 11
187.2820275724
 21
123.7483884881
 31
0.0
  0
LINE
  5
477
330
1FF
100
AcDbEntity
  8
0
  6
Continuous
 62
     7
100
AcDbLine
 10
186.6967747516
 20
123.7483884881
 30
0.0
 11
178.229119607
 21
123.7483884881
 31
0.0
  0
LINE
  5
478
330
1FF
100
AcDbEntity
  8
0
  6
Continuous
 62
     7
100
AcDbLine
 10
172.4787214601
 20
123.7483884881
 30
0.0
 11
172.0775014043
 21
123.7483884881
 31
0.0
  0
LINE
  5
479
330
1FF
100
AcDbEntity
  8
0
  6
Continuous
 62
     7
100
AcDbLine
 10
174.1147545431
 20
123.7483884881
 30
0.0
 11
174.3287575883
 21
123.7483884881
 31
0.0
  0
LINE
  5
47A
330
1FF
100
AcDbEntity
  8
0
  6
Continuous
 62
     7
100
AcDbLine
 10
191.5339356093999
 20
123.7483884881
 30
0.0
 11
191.6770237691
 21
123.7483884881
 31
0.0
  0
LINE
  5
47B
330
1FF
100
AcDbEntity
  8
0
  6
Continuous
 62
     7
100
AcDbLine
 10
194.506502227
 20
124.1483884881
 30
0.0
 11
172.465271956
 21
124.1483884881
 31
0.0
  0
LINE
  5
47C
330
1FF
100
AcDbEntity
  8
0
  6
Continuous
 62
     7
100
AcDbLine
 10
191.5375893782
 20
125.1483884881
 30
0.0
 11
191.1690724068
 21
125.1483884881
 31
0.0
  0
LINE
  5
47D
330
1FF
100
AcDbEntity
  8
0
  6
Continuous
 62
     7
100
AcDbLine
 10
178.9875692406
 20
127.1483884881
 30
0.0
 11
181.7764323021
 21
127.1483884881
 31
0.0
  0
LINE
  5
47E
330
1FF
100
AcDbEntity
  8
0
  6
Continuous
 62
     7
100
AcDbLine
 10
191.1690724068
 20
127.1483884881
 30
0.0
 11
191.5375893782
 21
127.1483884881
 31
0.0
  0
LINE
  5
47F
330
1FF
100
AcDbEntity
  8
0
  6
Continuous
 62
     7
100
AcDbLine
 10
191.965234962
 20
128.1483884881
 30
0.0
 11
191.7957778959999
 21
128.1483884881
 31
0.0
  0
LINE
  5
480
330
1FF
100
AcDbEntity
  8
0
  6
Continuous
 62
     7
100
AcDbLine
 10
190.6902269818
 20
128.1483884881
 30
0.0
 11
174.965234962
 21
128.1483884881
 31
0.0
  0
LINE
  5
481
330
1FF
100
AcDbEntity
  8
0
  6
Continuous
 62
     7
100
AcDbLine
 10
175.9652433703
 20
129.1483884880999
 30
0.0
 11
190.9599406659
 21
129.1483884880999
 31
0.0
  0
LINE
  5
482
330
1FF
100
AcDbEntity
  8
0
  6
Continuous
 62
     7
100
AcDbLine
 10
167.465234962
 20
117.8483884881
 30
0.0
 11
167.465234962
 21
118.8483884881
 31
0.0
  0
LINE
  5
483
330
1FF
100
AcDbEntity
  8
0
  6
Continuous
 62
     7
100
AcDbLine
 10
181.9206627822
 20
119.9457169929
 30
0.0
 11
181.8679912870999
 21
119.9983884881
 31
0.0
  0
LINE
  5
484
330
1FF
100
AcDbEntity
  8
0
  6
Continuous
 62
     7
100
AcDbLine
 10
171.5794040429
 20
122.0483884881
 30
0.0
 11
171.5794040429
 21
123.2483884881
 31
0.0
  0
LINE
  5
485
330
1FF
100
AcDbEntity
  8
0
  6
Continuous
 62
     7
100
AcDbLine
 10
172.3714728347
 20
121.1483884881
 30
0.0
 11
172.3714728347
 21
121.4983884881
 31
0.0
  0
LINE
  5
486
330
1FF
100
AcDbEntity
  8
0
  6
Continuous
 62
     7
100
AcDbLine
 10
172.465234962
 20
120.5483884881
 30
0.0
 11
172.465234962
 21
121.1483884881
 31
0.0
  0
LINE
  5
487
330
1FF
100
AcDbEntity
  8
0
  6
Continuous
 62
     7
100
AcDbLine
 10
172.465234962
 20
121.4983884881
 30
0.0
 11
172.465234962
 21
122.0483884881
 31
0.0
  0
LINE
  5
488
330
1FF
100
AcDbEntity
  8
0
  6
Continuous
 62
     7
100
AcDbLine
 10
172.465234962
 20
123.7483884881
 30
0.0
 11
172.465234962
 21
124.1483884881
 31
0.0
  0
LINE
  5
489
330
1FF
100
AcDbEntity
  8
0
  6
Continuous
 62
     7
100
AcDbLine
 10
172.4787214601
 20
122.0483884881
 30
0.0
 11
172.4787214601
 21
123.7483884881
 31
0.0
  0
LINE
  5
48A
330
1FF
100
AcDbEntity
  8
0
  6
Continuous
 62
     7
100
AcDbLine
 10
172.5154305821
 20
121.1483884881
 30
0.0
 11
172.5154305821
 21
120.5483884881
 31
0.0
  0
LINE
  5
48B
330
1FF
100
AcDbEntity
  8
0
  6
Continuous
 62
     7
100
AcDbLine
 10
172.5615965902
 20
121.4983884881
 30
0.0
 11
172.5615965902
 21
121.1483884881
 31
0.0
  0
LINE
  5
48C
330
1FF
100
AcDbEntity
  8
0
  6
Continuous
 62
     7
100
AcDbLine
 10
172.6050544108
 20
120.9819282743
 30
0.0
 11
172.6050544108
 21
123.6483884881
 31
0.0
  0
LINE
  5
48D
330
1FF
100
AcDbEntity
  8
0
  6
Continuous
 62
     7
100
AcDbLine
 10
172.7887812625
 20
120.5483884881
 30
0.0
 11
172.7887812625
 21
119.5483884881
 31
0.0
  0
LINE
  5
48E
330
1FF
100
AcDbEntity
  8
0
  6
Continuous
 62
     7
100
AcDbLine
 10
172.8163636706
 20
120.9483884881
 30
0.0
 11
172.8163636706
 21
120.9819282743
 31
0.0
  0
LINE
  5
48F
330
1FF
100
AcDbEntity
  8
0
  6
Continuous
 62
     7
100
AcDbLine
 10
172.8998274965
 20
124.1483884881
 30
0.0
 11
172.8998274965
 21
124.1125840368
 31
0.0
  0
LINE
  5
490
330
1FF
100
AcDbEntity
  8
0
  6
Continuous
 62
     7
100
AcDbLine
 10
172.9642801525
 20
122.4483884882
 30
0.0
 11
172.9642801525
 21
121.5483884881
 31
0.0
  0
LINE
  5
491
330
1FF
100
AcDbEntity
  8
0
  6
Continuous
 62
     7
100
AcDbLine
 10
173.1164421455
 20
119.5483884881
 30
0.0
 11
173.1164421455
 21
120.4817635077
 31
0.0
  0
LINE
  5
492
330
1FF
100
AcDbEntity
  8
0
  6
Continuous
 62
     7
100
AcDbLine
 10
173.2597981183
 20
121.5483884881
 30
0.0
 11
173.2597981183
 21
121.9483884881
 31
0.0
  0
LINE
  5
493
330
1FF
100
AcDbEntity
  8
0
  6
Continuous
 62
     7
100
AcDbLine
 10
173.3023749681
 20
121.5483884879
 30
0.0
 11
173.3023749681
 21
122.4483884881
 31
0.0
  0
LINE
  5
494
330
1FF
100
AcDbEntity
  8
0
  6
Continuous
 62
     7
100
AcDbLine
 10
173.3623574658
 20
119.5483884881
 30
0.0
 11
173.3623574658
 21
118.8483884881
 31
0.0
  0
LINE
  5
495
330
1FF
100
AcDbEntity
  8
0
  6
Continuous
 62
     7
100
AcDbLine
 10
173.3623574658
 20
117.8483884881
 30
0.0
 11
173.3623574658
 21
116.548388488
 31
0.0
  0
LINE
  5
496
330
1FF
100
AcDbEntity
  8
0
  6
Continuous
 62
     7
100
AcDbLine
 10
173.4502914499
 20
120.9819282743
 30
0.0
 11
173.4502914499
 21
120.9483884881
 31
0.0
  0
LINE
  5
497
330
1FF
100
AcDbEntity
  8
0
  6
Continuous
 62
     7
100
AcDbLine
 10
173.6616007097
 20
123.6483884881
 30
0.0
 11
173.6616007097
 21
120.9819282743
 31
0.0
  0
LINE
  5
498
330
1FF
100
AcDbEntity
  8
0
  6
Continuous
 62
     7
100
AcDbLine
 10
173.6900183488
 20
116.5483884881
 30
0.0
 11
173.6900183488
 21
117.8483884881
 31
0.0
  0
LINE
  5
499
330
1FF
100
AcDbEntity
  8
0
  6
Continuous
 62
     7
100
AcDbLine
 10
173.6900183488
 20
118.8483884881
 30
0.0
 11
173.6900183488
 21
119.5483884881
 31
0.0
  0
LINE
  5
49A
330
1FF
100
AcDbEntity
  8
0
  6
Continuous
 62
     7
100
AcDbLine
 10
173.8128145167
 20
120.9483884881
 30
0.0
 11
173.8128145167
 21
120.9819282743
 31
0.0
  0
LINE
  5
49B
330
1FF
100
AcDbEntity
  8
0
  6
Continuous
 62
     7
100
AcDbLine
 10
173.9975798174
 20
120.4483884881
 30
0.0
 11
173.9975798174
 21
118.8483884881
 31
0.0
  0
LINE
  5
49C
330
1FF
100
AcDbEntity
  8
0
  6
Continuous
 62
     7
100
AcDbLine
 10
174.0241237764
 20
120.9819282743
 30
0.0
 11
174.0241237764
 21
123.6483884881
 31
0.0
  0
LINE
  5
49D
330
1FF
100
AcDbEntity
  8
0
  6
Continuous
 62
     7
100
AcDbLine
 10
174.2136521666
 20
123.7483884881
 30
0.0
 11
174.2136521666
 21
124.1483884881
 31
0.0
  0
LINE
  5
49E
330
1FF
100
AcDbEntity
  8
0
  6
Continuous
 62
     7
100
AcDbLine
 10
174.2229039127999
 20
120.5483884881
 30
0.0
 11
174.2229039127999
 21
123.7483884881
 31
0.0
  0
LINE
  5
49F
330
1FF
100
AcDbEntity
  8
0
  6
Continuous
 62
     7
100
AcDbLine
 10
174.2635945521
 20
117.8483884881
 30
0.0
 11
174.2635945521
 21
116.5483884882
 31
0.0
  0
LINE
  5
4A0
330
1FF
100
AcDbEntity
  8
0
  6
Continuous
 62
     7
100
AcDbLine
 10
174.3287575883
 20
123.7483884881
 30
0.0
 11
174.3287575883
 21
124.1483884881
 31
0.0
  0
LINE
  5
4A1
330
1FF
100
AcDbEntity
  8
0
  6
Continuous
 62
     7
100
AcDbLine
 10
174.965234962
 20
124.1483884881
 30
0.0
 11
174.965234962
 21
128.1483884881
 31
0.0
  0
LINE
  5
4A2
330
1FF
100
AcDbEntity
  8
0
  6
Continuous
 62
     7
100
AcDbLine
 10
175.9724735696
 20
120.4483884881
 30
0.0
 11
175.9724735696
 21
120.5483884881
 31
0.0
  0
LINE
  5
4A3
330
1FF
100
AcDbEntity
  8
0
  6
Continuous
 62
     7
100
AcDbLine
 10
175.9975798174
 20
120.4483884881
 30
0.0
 11
175.9975798174
 21
118.8483884881
 31
0.0
  0
LINE
  5
4A4
330
1FF
100
AcDbEntity
  8
0
  6
Continuous
 62
     7
100
AcDbLine
 10
176.1247713731
 20
128.1483884881
 30
0.0
 11
176.1247713731
 21
129.1483884880999
 31
0.0
  0
LINE
  5
4A5
330
1FF
100
AcDbEntity
  8
0
  6
Continuous
 62
     7
100
AcDbLine
 10
176.1497273803
 20
120.4483884881
 30
0.0
 11
176.1497273803
 21
119.9983884881
 31
0.0
  0
LINE
  5
4A6
330
1FF
100
AcDbEntity
  8
0
  6
Continuous
 62
     7
100
AcDbLine
 10
173.9059391464
 20
120.8484263379
 30
0.0
 11
173.9056440164
 21
120.7483884878
 31
0.0
  0
LINE
  5
4A7
330
1FF
100
AcDbEntity
  8
0
  6
Continuous
 62
     7
100
AcDbLine
 10
177.7571688834
 20
121.1483884881
 30
0.0
 11
177.809462159
 21
120.5483884881
 31
0.0
  0
LINE
  5
4A8
330
1FF
100
AcDbEntity
  8
0
  6
Continuous
 62
     7
100
AcDbLine
 10
176.40550968
 20
120.5483884881
 30
0.0
 11
176.40550968
 21
120.4483884881
 31
0.0
  0
LINE
  5
4A9
330
1FF
100
AcDbEntity
  8
0
  6
Continuous
 62
     7
100
AcDbLine
 10
177.7310222456
 20
121.1483884881
 30
0.0
 11
177.7310222456
 21
124.1483884881
 31
0.0
  0
LINE
  5
4AA
330
1FF
100
AcDbEntity
  8
0
  6
Continuous
 62
     7
100
AcDbLine
 10
178.229119607
 20
123.7483884881
 30
0.0
 11
178.229119607
 21
124.1483884881
 31
0.0
  0
LINE
  5
4AB
330
1FF
100
AcDbEntity
  8
0
  6
Continuous
 62
     7
100
AcDbLine
 10
178.2627400211
 20
123.7483884881
 30
0.0
 11
178.2627400211
 21
124.1483884881
 31
0.0
  0
LINE
  5
4AC
330
1FF
100
AcDbEntity
  8
0
  6
Continuous
 62
     7
100
AcDbLine
 10
178.3343617798
 20
120.8483884881
 30
0.0
 11
178.3343617798
 21
120.0615300204
 31
0.0
  0
LINE
  5
4AD
330
1FF
100
AcDbEntity
  8
0
  6
Continuous
 62
     7
100
AcDbLine
 10
178.9320786136
 20
120.0615300204
 30
0.0
 11
178.9320786136
 21
118.8483884881
 31
0.0
  0
LINE
  5
4AE
330
1FF
100
AcDbEntity
  8
0
  6
Continuous
 62
     7
100
AcDbLine
 10
178.9320786136
 20
117.8483884881
 30
0.0
 11
178.9320786136
 21
116.4615300204
 31
0.0
  0
LINE
  5
4AF
330
1FF
100
AcDbEntity
  8
0
  6
Continuous
 62
     7
100
AcDbLine
 10
178.9875692406
 20
127.1483884881
 30
0.0
 11
178.9875692406
 21
124.1483884881
 31
0.0
  0
LINE
  5
4B0
330
1FF
100
AcDbEntity
  8
0
  6
Continuous
 62
     7
100
AcDbLine
 10
179.2332227515
 20
124.1483884881
 30
0.0
 11
179.2332227515
 21
127.1483884881
 31
0.0
  0
LINE
  5
4B1
330
1FF
100
AcDbEntity
  8
0
  6
Continuous
 62
     7
100
AcDbLine
 10
179.7290343919
 20
116.4615300204
 30
0.0
 11
179.7290343919
 21
117.8483884881
 31
0.0
  0
LINE
  5
4B2
330
1FF
100
AcDbEntity
  8
0
  6
Continuous
 62
     7
100
AcDbLine
 10
179.7290343919
 20
118.8483884881
 30
0.0
 11
179.7290343919
 21
120.0615300204
 31
0.0
  0
LINE
  5
4B3
330
1FF
100
AcDbEntity
  8
0
  6
Continuous
 62
     7
100
AcDbLine
 10
179.7595388026
 20
116.4615300204
 30
0.0
 11
179.7595388026
 21
117.8483884881
 31
0.0
  0
LINE
  5
4B4
330
1FF
100
AcDbEntity
  8
0
  6
Continuous
 62
     7
100
AcDbLine
 10
179.7595388026
 20
118.8483884881
 30
0.0
 11
179.7595388026
 21
120.0615300204
 31
0.0
  0
LINE
  5
4B5
330
1FF
100
AcDbEntity
  8
0
  6
Continuous
 62
     7
100
AcDbLine
 10
173.2597981183
 20
121.9483884881
 30
0.0
 11
173.3023749681
 21
122.0658343936
 31
0.0
  0
LINE
  5
4B6
330
1FF
100
AcDbEntity
  8
0
  6
Continuous
 62
     7
100
AcDbLine
 10
171.5794040429
 20
123.2483884881
 30
0.0
 11
172.0775014043
 21
123.7483884881
 31
0.0
  0
LINE
  5
4B7
330
1FF
100
AcDbEntity
  8
0
  6
Continuous
 62
     7
100
AcDbLine
 10
175.965234962
 20
129.1483884880999
 30
0.0
 11
174.965234962
 21
128.1483884881
 31
0.0
  0
LINE
  5
4B8
330
1FF
100
AcDbEntity
  8
0
  6
Continuous
 62
     7
100
AcDbLine
 10
194.5915021415
 20
123.7483884881
 30
0.0
 11
195.089599503
 21
123.2483884881
 31
0.0
  0
LINE
  5
4B9
330
1FF
100
AcDbEntity
  8
0
  6
Continuous
 62
     7
100
AcDbLine
 10
195.3510658811
 20
123.2483884881
 30
0.0
 11
194.8529685196
 21
123.7483884881
 31
0.0
  0
LINE
  5
4BA
330
1FF
100
AcDbEntity
  8
0
  6
Continuous
 62
     7
100
AcDbLine
 10
180.3267512256
 20
120.0615300204
 30
0.0
 11
180.3267512256
 21
120.8483884881
 31
0.0
  0
LINE
  5
4BB
330
1FF
100
AcDbEntity
  8
0
  6
Continuous
 62
     7
100
AcDbLine
 10
180.3572556364
 20
120.0615300204
 30
0.0
 11
180.3572556364
 21
120.8483884881
 31
0.0
  0
LINE
  5
4BC
330
1FF
100
AcDbEntity
  8
0
  6
Continuous
 62
     7
100
AcDbLine
 10
180.4705577334999
 20
121.1483884881
 30
0.0
 11
180.4705577334999
 21
121.4983884881
 31
0.0
  0
LINE
  5
4BD
330
1FF
100
AcDbEntity
  8
0
  6
Continuous
 62
     7
100
AcDbLine
 10
180.6475707862
 20
118.8483884881
 30
0.0
 11
180.6475707862
 21
120.5483884881
 31
0.0
  0
LINE
  5
4BE
330
1FF
100
AcDbEntity
  8
0
  6
Continuous
 62
     7
100
AcDbLine
 10
181.3229459485
 20
120.8483884881
 30
0.0
 11
181.3229459485
 21
120.0615300204
 31
0.0
  0
LINE
  5
4BF
330
1FF
100
AcDbEntity
  8
0
  6
Continuous
 62
     7
100
AcDbLine
 10
181.7764323021
 20
124.1483884881
 30
0.0
 11
181.7764323021
 21
127.1483884881
 31
0.0
  0
LINE
  5
4C0
330
1FF
100
AcDbEntity
  8
0
  6
Continuous
 62
     7
100
AcDbLine
 10
181.8679912870999
 20
120.0615300204
 30
0.0
 11
181.8679912870999
 21
119.9983884881
 31
0.0
  0
LINE
  5
4C1
330
1FF
100
AcDbEntity
  8
0
  6
Continuous
 62
     7
100
AcDbLine
 10
181.9206627822
 20
120.0615300204
 30
0.0
 11
181.9206627822
 21
118.8483884881
 31
0.0
  0
LINE
  5
4C2
330
1FF
100
AcDbEntity
  8
0
  6
Continuous
 62
     7
100
AcDbLine
 10
181.9206758043
 20
111.3483884881
 30
0.0
 11
181.9206758043
 21
117.8483884881
 31
0.0
  0
LINE
  5
4C3
330
1FF
100
AcDbEntity
  8
0
  6
Continuous
 62
     7
100
AcDbLine
 10
182.7176185605
 20
118.8483884881
 30
0.0
 11
182.7176185605
 21
120.0615300204
 31
0.0
  0
LINE
  5
4C4
330
1FF
100
AcDbEntity
  8
0
  6
Continuous
 62
     7
100
AcDbLine
 10
182.7481229713
 20
118.8483884881
 30
0.0
 11
182.7481229713
 21
120.0615300204
 31
0.0
  0
LINE
  5
4C5
330
1FF
100
AcDbEntity
  8
0
  6
Continuous
 62
     7
100
AcDbLine
 10
183.2187220966
 20
118.8483884881
 30
0.0
 11
183.2187220966
 21
119.5483884881
 31
0.0
  0
LINE
  5
4C6
330
1FF
100
AcDbEntity
  8
0
  6
Continuous
 62
     7
100
AcDbLine
 10
183.3153353942
 20
120.0615300204
 30
0.0
 11
183.3153353942
 21
120.8483884881
 31
0.0
  0
LINE
  5
4C7
330
1FF
100
AcDbEntity
  8
0
  6
Continuous
 62
     7
100
AcDbLine
 10
183.345839805
 20
120.0615300204
 30
0.0
 11
183.345839805
 21
120.8483884881
 31
0.0
  0
LINE
  5
4C8
330
1FF
100
AcDbEntity
  8
0
  6
Continuous
 62
     7
100
AcDbLine
 10
183.4591419022
 20
121.1483884881
 30
0.0
 11
183.4591419022
 21
121.4983884881
 31
0.0
  0
LINE
  5
4C9
330
1FF
100
AcDbEntity
  8
0
  6
Continuous
 62
     7
100
AcDbLine
 10
183.6679912871
 20
120.5483884881
 30
0.0
 11
183.6679912871
 21
119.9983884881
 31
0.0
  0
LINE
  5
4CA
330
1FF
100
AcDbEntity
  8
0
  6
Continuous
 62
     7
100
AcDbLine
 10
175.9975798174
 20
119.8462409252
 30
0.0
 11
176.1497273803
 21
119.9983884881
 31
0.0
  0
LINE
  5
4CB
330
1FF
100
AcDbEntity
  8
0
  6
Continuous
 62
     7
100
AcDbLine
 10
190.965234962
 20
129.1483884880999
 30
0.0
 11
191.965234962
 21
128.1483884881
 31
0.0
  0
LINE
  5
4CC
330
1FF
100
AcDbEntity
  8
0
  6
Continuous
 62
     7
100
AcDbLine
 10
187.2733120264
 20
120.5483884881
 30
0.0
 11
187.2210187508
 21
121.1483884881
 31
0.0
  0
LINE
  5
4CD
330
1FF
100
AcDbEntity
  8
0
  6
Continuous
 62
     7
100
AcDbLine
 10
184.3115301171
 20
120.0615300204
 30
0.0
 11
184.3115301171
 21
120.8483884881
 31
0.0
  0
LINE
  5
4CE
330
1FF
100
AcDbEntity
  8
0
  6
Continuous
 62
     7
100
AcDbLine
 10
184.9092469509
 20
118.8483884881
 30
0.0
 11
184.9092469509
 21
120.0615300204
 31
0.0
  0
LINE
  5
4CF
330
1FF
100
AcDbEntity
  8
0
  6
Continuous
 62
     7
100
AcDbLine
 10
185.3953468693
 20
129.1483884880999
 30
0.0
 11
185.3953468693
 21
128.1483884881
 31
0.0
  0
LINE
  5
4D0
330
1FF
100
AcDbEntity
  8
0
  6
Continuous
 62
     7
100
AcDbLine
 10
185.7062027292
 20
120.0615300204
 30
0.0
 11
185.7062027292
 21
118.8483884881
 31
0.0
  0
LINE
  5
4D1
330
1FF
100
AcDbEntity
  8
0
  6
Continuous
 62
     7
100
AcDbLine
 10
185.7206585566
 20
117.8483884881
 30
0.0
 11
185.7206585566
 21
111.3483884881
 31
0.0
  0
LINE
  5
4D2
330
1FF
100
AcDbEntity
  8
0
  6
Continuous
 62
     7
100
AcDbLine
 10
185.7367071399
 20
116.4615300204
 30
0.0
 11
185.7367071399
 21
117.8483884881
 31
0.0
  0
LINE
  5
4D3
330
1FF
100
AcDbEntity
  8
0
  6
Continuous
 62
     7
100
AcDbLine
 10
185.7367071399
 20
118.8483884881
 30
0.0
 11
185.7367071399
 21
120.0615300204
 31
0.0
  0
LINE
  5
4D4
330
1FF
100
AcDbEntity
  8
0
  6
Continuous
 62
     7
100
AcDbLine
 10
186.2828991377
 20
118.8483884881
 30
0.0
 11
186.2828991377
 21
120.0615300204
 31
0.0
  0
LINE
  5
4D5
330
1FF
100
AcDbEntity
  8
0
  6
Continuous
 62
     7
100
AcDbLine
 10
186.3039195629
 20
120.8483884881
 30
0.0
 11
186.3039195629
 21
120.0615300204
 31
0.0
  0
LINE
  5
4D6
330
1FF
100
AcDbEntity
  8
0
  6
Continuous
 62
     7
100
AcDbLine
 10
186.3344239737
 20
120.0615300204
 30
0.0
 11
186.3344239737
 21
120.8483884881
 31
0.0
  0
LINE
  5
4D7
330
1FF
100
AcDbEntity
  8
0
  6
Continuous
 62
     7
100
AcDbLine
 10
186.4477260708
 20
121.1483884881
 30
0.0
 11
186.4477260708
 21
121.4983884881
 31
0.0
  0
LINE
  5
4D8
330
1FF
100
AcDbEntity
  8
0
  6
Continuous
 62
     7
100
AcDbLine
 10
186.6805854294
 20
123.7483884881
 30
0.0
 11
186.6805854294
 21
124.1483884881
 31
0.0
  0
LINE
  5
4D9
330
1FF
100
AcDbEntity
  8
0
  6
Continuous
 62
     7
100
AcDbLine
 10
186.6967747516
 20
123.7483884881
 30
0.0
 11
186.6967747516
 21
124.1483884881
 31
0.0
  0
LINE
  5
4DA
330
1FF
100
AcDbEntity
  8
0
  6
Continuous
 62
     7
100
AcDbLine
 10
187.194872113
 20
121.1483884881
 30
0.0
 11
187.194872113
 21
124.1483884881
 31
0.0
  0
LINE
  5
4DB
330
1FF
100
AcDbEntity
  8
0
  6
Continuous
 62
     7
100
AcDbLine
 10
187.2820275724
 20
123.7483884881
 30
0.0
 11
187.2820275724
 21
124.1483884881
 31
0.0
  0
LINE
  5
4DC
330
1FF
100
AcDbEntity
  8
0
  6
Continuous
 62
     7
100
AcDbLine
 10
187.3324411299
 20
120.5483884881
 30
0.0
 11
187.3324411299
 21
123.7483884881
 31
0.0
  0
LINE
  5
4DD
330
1FF
100
AcDbEntity
  8
0
  6
Continuous
 62
     7
100
AcDbLine
 10
192.7563213038
 20
121.9483884881
 30
0.0
 11
192.5924908623
 21
122.4483884881
 31
0.0
  0
LINE
  5
4DE
330
1FF
100
AcDbEntity
  8
0
  6
Continuous
 62
     7
100
AcDbLine
 10
191.9618245798
 20
120.7483884877
 30
0.0
 11
191.961557857
 21
120.8484262679
 31
0.0
  0
LINE
  5
4DF
330
1FF
100
AcDbEntity
  8
0
  6
Continuous
 62
     7
100
AcDbLine
 10
188.3826183993999
 20
117.8483884881
 30
0.0
 11
188.3826183993999
 21
117.2483884881
 31
0.0
  0
LINE
  5
4E0
330
1FF
100
AcDbEntity
  8
0
  6
Continuous
 62
     7
100
AcDbLine
 10
189.7739347155
 20
120.5483884881
 30
0.0
 11
189.7739347155
 21
120.4483884881
 31
0.0
  0
LINE
  5
4E1
330
1FF
100
AcDbEntity
  8
0
  6
Continuous
 62
     7
100
AcDbLine
 10
190.0341085383
 20
117.8483884881
 30
0.0
 11
190.0341085383
 21
117.2483884881
 31
0.0
  0
LINE
  5
4E2
330
1FF
100
AcDbEntity
  8
0
  6
Continuous
 62
     7
100
AcDbLine
 10
190.093752563
 20
120.5483884881
 30
0.0
 11
190.093752563
 21
120.4483884881
 31
0.0
  0
LINE
  5
4E3
330
1FF
100
AcDbEntity
  8
0
  6
Continuous
 62
     7
100
AcDbLine
 10
190.9328901065
 20
120.4483884881
 30
0.0
 11
190.9328901065
 21
118.8483884881
 31
0.0
  0
LINE
  5
4E4
330
1FF
100
AcDbEntity
  8
0
  6
Continuous
 62
     7
100
AcDbLine
 10
191.1690724068
 20
127.1483884881
 30
0.0
 11
191.1690724068
 21
125.1483884881
 31
0.0
  0
LINE
  5
4E5
330
1FF
100
AcDbEntity
  8
0
  6
Continuous
 62
     7
100
AcDbLine
 10
191.3991881769
 20
124.1483884881
 30
0.0
 11
191.3991881769
 21
123.7483884881
 31
0.0
  0
LINE
  5
4E6
330
1FF
100
AcDbEntity
  8
0
  6
Continuous
 62
     7
100
AcDbLine
 10
191.5313748861
 20
123.7483884881
 30
0.0
 11
191.5313748861
 21
120.5483884881
 31
0.0
  0
LINE
  5
4E7
330
1FF
100
AcDbEntity
  8
0
  6
Continuous
 62
     7
100
AcDbLine
 10
191.5375893782
 20
125.1483884881
 30
0.0
 11
191.5375893782
 21
127.1483884881
 31
0.0
  0
LINE
  5
4E8
330
1FF
100
AcDbEntity
  8
0
  6
Continuous
 62
     7
100
AcDbLine
 10
191.5876366773
 20
124.1483884881
 30
0.0
 11
191.5876366773
 21
123.7483884881
 31
0.0
  0
LINE
  5
4E9
330
1FF
100
AcDbEntity
  8
0
  6
Continuous
 62
     7
100
AcDbLine
 10
191.7589389898
 20
123.6483884881
 30
0.0
 11
191.7589389898
 21
120.9819282743
 31
0.0
  0
LINE
  5
4EA
330
1FF
100
AcDbEntity
  8
0
  6
Continuous
 62
     7
100
AcDbLine
 10
191.965234962
 20
124.1483884881
 30
0.0
 11
191.965234962
 21
128.1483884881
 31
0.0
  0
LINE
  5
4EB
330
1FF
100
AcDbEntity
  8
0
  6
Continuous
 62
     7
100
AcDbLine
 10
192.0457270915
 20
120.9819282743
 30
0.0
 11
192.0457270915
 21
120.9483884881
 31
0.0
  0
LINE
  5
4EC
330
1FF
100
AcDbEntity
  8
0
  6
Continuous
 62
     7
100
AcDbLine
 10
192.0865998728
 20
120.9819282743
 30
0.0
 11
192.0865998728
 21
123.6483884881
 31
0.0
  0
LINE
  5
4ED
330
1FF
100
AcDbEntity
  8
0
  6
Continuous
 62
     7
100
AcDbLine
 10
183.2179912871
 20
119.5483884881
 30
0.0
 11
183.6679912871
 21
119.9983884881
 31
0.0
  0
LINE
  5
4EE
330
1FF
100
AcDbEntity
  8
0
  6
Continuous
 62
     7
100
AcDbLine
 10
192.3733879743999
 20
120.9483884881
 30
0.0
 11
192.3733879743999
 21
120.9819282743
 31
0.0
  0
LINE
  5
4EF
330
1FF
100
AcDbEntity
  8
0
  6
Continuous
 62
     7
100
AcDbLine
 10
192.5741396456
 20
122.4483884879
 30
0.0
 11
192.5741396456
 21
121.5483884881
 31
0.0
  0
LINE
  5
4F0
330
1FF
100
AcDbEntity
  8
0
  6
Continuous
 62
     7
100
AcDbLine
 10
192.7053397252999
 20
122.4483884881
 30
0.0
 11
192.7053397252999
 21
122.1039809959
 31
0.0
  0
LINE
  5
4F1
330
1FF
100
AcDbEntity
  8
0
  6
Continuous
 62
     7
100
AcDbLine
 10
192.7563213038
 20
121.5483884881
 30
0.0
 11
192.7563213038
 21
121.9483884881
 31
0.0
  0
LINE
  5
4F2
330
1FF
100
AcDbEntity
  8
0
  6
Continuous
 62
     7
100
AcDbLine
 10
192.9328901065
 20
120.4667478262
 30
0.0
 11
192.9328901065
 21
118.8483884881
 31
0.0
  0
LINE
  5
4F3
330
1FF
100
AcDbEntity
  8
0
  6
Continuous
 62
     7
100
AcDbLine
 10
193.0330006083
 20
121.5483884883
 30
0.0
 11
193.0330006083
 21
122.448388488
 31
0.0
  0
LINE
  5
4F4
330
1FF
100
AcDbEntity
  8
0
  6
Continuous
 62
     7
100
AcDbLine
 10
193.2337522794
 20
120.9819282743
 30
0.0
 11
193.2337522794
 21
120.9483884881
 31
0.0
  0
LINE
  5
4F5
330
1FF
100
AcDbEntity
  8
0
  6
Continuous
 62
     7
100
AcDbLine
 10
193.2521034961
 20
120.9819282743
 30
0.0
 11
193.2521034961
 21
120.7483884881
 31
0.0
  0
LINE
  5
4F6
330
1FF
100
AcDbEntity
  8
0
  6
Continuous
 62
     7
100
AcDbLine
 10
193.2842766139
 20
120.5483884881
 30
0.0
 11
193.2842766139
 21
119.9983884881
 31
0.0
  0
LINE
  5
4F7
330
1FF
100
AcDbEntity
  8
0
  6
Continuous
 62
     7
100
AcDbLine
 10
193.329277435
 20
119.5483884881
 30
0.0
 11
193.329277435
 21
120.5483884881
 31
0.0
  0
LINE
  5
4F8
330
1FF
100
AcDbEntity
  8
0
  6
Continuous
 62
     7
100
AcDbLine
 10
193.3385265138
 20
124.0601012874
 30
0.0
 11
193.3385265138
 21
124.1483884881
 31
0.0
  0
LINE
  5
4F9
330
1FF
100
AcDbEntity
  8
0
  6
Continuous
 62
     7
100
AcDbLine
 10
193.5205403811
 20
123.6483884881
 30
0.0
 11
193.5205403811
 21
120.9819282743
 31
0.0
  0
LINE
  5
4FA
330
1FF
100
AcDbEntity
  8
0
  6
Continuous
 62
     7
100
AcDbLine
 10
193.5488349882
 20
121.4983884881
 30
0.0
 11
193.5488349882
 21
121.1483884881
 31
0.0
  0
LINE
  5
4FB
330
1FF
100
AcDbEntity
  8
0
  6
Continuous
 62
     7
100
AcDbLine
 10
193.7518959546
 20
116.5483884881
 30
0.0
 11
193.7518959546
 21
117.2483884881
 31
0.0
  0
LINE
  5
4FC
330
1FF
100
AcDbEntity
  8
0
  6
Continuous
 62
     7
100
AcDbLine
 10
193.7518959546
 20
118.8483884881
 30
0.0
 11
193.7518959546
 21
119.5483884881
 31
0.0
  0
LINE
  5
4FD
330
1FF
100
AcDbEntity
  8
0
  6
Continuous
 62
     7
100
AcDbLine
 10
193.7587851182
 20
121.1483884881
 30
0.0
 11
193.7587851182
 21
121.4983884881
 31
0.0
  0
LINE
  5
4FE
330
1FF
100
AcDbEntity
  8
0
  6
Continuous
 62
     7
100
AcDbLine
 10
194.0664175044
 20
120.5483884881
 30
0.0
 11
194.0664175044
 21
121.1483884881
 31
0.0
  0
LINE
  5
4FF
330
1FF
100
AcDbEntity
  8
0
  6
Continuous
 62
     7
100
AcDbLine
 10
194.1232197924
 20
121.4983884881
 30
0.0
 11
194.1232197924
 21
121.1483884881
 31
0.0
  0
LINE
  5
500
330
1FF
100
AcDbEntity
  8
0
  6
Continuous
 62
     7
100
AcDbLine
 10
194.1745144741
 20
119.5483884881
 30
0.0
 11
194.1745144741
 21
118.8483884881
 31
0.0
  0
LINE
  5
501
330
1FF
100
AcDbEntity
  8
0
  6
Continuous
 62
     7
100
AcDbLine
 10
194.1745144741
 20
117.2483884881
 30
0.0
 11
194.1745144741
 21
116.5483884881
 31
0.0
  0
LINE
  5
502
330
1FF
100
AcDbEntity
  8
0
  6
Continuous
 62
     7
100
AcDbLine
 10
194.1902820858
 20
123.7483884881
 30
0.0
 11
194.1902820858
 21
122.0483884881
 31
0.0
  0
LINE
  5
503
330
1FF
100
AcDbEntity
  8
0
  6
Continuous
 62
     7
100
AcDbLine
 10
194.465234962
 20
120.5483884881
 30
0.0
 11
194.465234962
 21
122.0483884881
 31
0.0
  0
LINE
  5
504
330
1FF
100
AcDbEntity
  8
0
  6
Continuous
 62
     7
100
AcDbLine
 10
194.465234962
 20
123.7483884881
 30
0.0
 11
194.465234962
 21
124.1483884881
 31
0.0
  0
LINE
  5
505
330
1FF
100
AcDbEntity
  8
0
  6
Continuous
 62
     7
100
AcDbLine
 10
194.5370375408
 20
116.5483884881
 30
0.0
 11
194.5370375408
 21
117.2483884881
 31
0.0
  0
LINE
  5
506
330
1FF
100
AcDbEntity
  8
0
  6
Continuous
 62
     7
100
AcDbLine
 10
194.5370375408
 20
118.8483884881
 30
0.0
 11
194.5370375408
 21
119.5483884881
 31
0.0
  0
LINE
  5
507
330
1FF
100
AcDbEntity
  8
0
  6
Continuous
 62
     7
100
AcDbLine
 10
194.5971329937
 20
122.0483884881
 30
0.0
 11
194.5971329937
 21
119.5483884881
 31
0.0
  0
LINE
  5
508
330
1FF
100
AcDbEntity
  8
0
  6
Continuous
 62
     7
100
AcDbLine
 10
194.6664195466
 20
117.8483884881
 30
0.0
 11
194.6664195466
 21
117.2483884881
 31
0.0
  0
LINE
  5
509
330
1FF
100
AcDbEntity
  8
0
  6
Continuous
 62
     7
100
AcDbLine
 10
194.9596560604
 20
119.5483884881
 30
0.0
 11
194.9596560604
 21
122.0483884881
 31
0.0
  0
LINE
  5
50A
330
1FF
100
AcDbEntity
  8
0
  6
Continuous
 62
     7
100
AcDbLine
 10
194.9596560604
 20
123.6412934209
 30
0.0
 11
194.9596560604
 21
123.6483884881
 31
0.0
  0
LINE
  5
50B
330
1FF
100
AcDbEntity
  8
0
  6
Continuous
 62
     7
100
AcDbLine
 10
195.089599503
 20
122.0483884881
 30
0.0
 11
195.089599503
 21
123.2483884881
 31
0.0
  0
LINE
  5
50C
330
1FF
100
AcDbEntity
  8
0
  6
Continuous
 62
     7
100
AcDbLine
 10
195.1767549623
 20
122.0483884881
 30
0.0
 11
195.1767549623
 21
123.2483884881
 31
0.0
  0
LINE
  5
50D
330
1FF
100
AcDbEntity
  8
0
  6
Continuous
 62
     7
100
AcDbLine
 10
195.2639104217
 20
123.2483884881
 30
0.0
 11
195.2639104217
 21
122.0483884881
 31
0.0
  0
LINE
  5
50E
330
1FF
100
AcDbEntity
  8
0
  6
Continuous
 62
     7
100
AcDbLine
 10
195.3510658811
 20
122.0483884881
 30
0.0
 11
195.3510658811
 21
123.2483884881
 31
0.0
  0
LINE
  5
50F
330
1FF
100
AcDbEntity
  8
0
  6
Continuous
 62
     7
100
AcDbLine
 10
192.9328901065
 20
119.6470019806
 30
0.0
 11
193.2842766139
 21
119.9983884881
 31
0.0
  0
LINE
  5
510
330
1FF
100
AcDbEntity
  8
0
  6
Continuous
 62
     7
100
AcDbLine
 10
194.7203236253
 20
123.7464948128
 30
0.0
 11
194.7222353306
 21
123.7483884881
 31
0.0
  0
LINE
  5
511
330
1FF
100
AcDbEntity
  8
0
  6
Continuous
 62
     7
100
AcDbLine
 10
199.465234962
 20
117.8483884881
 30
0.0
 11
199.465234962
 21
118.8483884881
 31
0.0
  0
LINE
  5
512
330
1FF
100
AcDbEntity
  8
0
  6
Continuous
 62
     7
100
AcDbLine
 10
232.8758610575
 20
111.3483884881
 30
0.0
 11
242.475846818
 21
111.3483884881
 31
0.0
  0
LINE
  5
513
330
1FF
100
AcDbEntity
  8
0
  6
Continuous
 62
     7
100
AcDbLine
 10
232.6038709614
 20
117.8483884881
 30
0.0
 11
232.6038709614
 21
118.8483884881
 31
0.0
  0
LINE
  5
514
330
1FF
100
AcDbEntity
  8
0
  6
Continuous
 62
     7
100
AcDbLine
 10
232.8758610513
 20
117.8483884881
 30
0.0
 11
232.8758610513
 21
111.3483884881
 31
0.0
  0
LINE
  5
515
330
1FF
100
AcDbEntity
  8
0
  6
Continuous
 62
     7
100
AcDbLine
 10
253.6682059287
 20
116.0483884881
 30
0.0
 11
253.4991585209
 21
116.0483884881
 31
0.0
  0
LINE
  5
516
330
1FF
100
AcDbEntity
  8
0
  6
Continuous
 62
     7
100
AcDbLine
 10
255.2477361084
 20
116.0483884881
 30
0.0
 11
255.4771665897
 21
116.0483884881
 31
0.0
  0
LINE
  5
517
330
1FF
100
AcDbEntity
  8
0
  6
Continuous
 62
     7
100
AcDbLine
 10
235.2075817936
 20
116.4615300204
 30
0.0
 11
235.5562499467
 21
116.4615300204
 31
0.0
  0
LINE
  5
518
330
1FF
100
AcDbEntity
  8
0
  6
Continuous
 62
     7
100
AcDbLine
 10
253.0460046875
 20
116.5483884881
 30
0.0
 11
253.2150520953
 21
116.5483884881
 31
0.0
  0
LINE
  5
519
330
1FF
100
AcDbEntity
  8
0
  6
Continuous
 62
     7
100
AcDbLine
 10
255.6573122121
 20
116.5483884881
 30
0.0
 11
255.8867426935
 21
116.5483884881
 31
0.0
  0
LINE
  5
51A
330
1FF
100
AcDbEntity
  8
0
  6
Continuous
 62
     7
100
AcDbLine
 10
240.9038719807
 20
117.2483884881
 30
0.0
 11
235.0487311074
 21
117.2483884881
 31
0.0
  0
LINE
  5
51B
330
1FF
100
AcDbEntity
  8
0
  6
Continuous
 62
     7
100
AcDbLine
 10
232.6038830171
 20
117.8483884881
 30
0.0
 11
264.6038589057
 21
117.8483884881
 31
0.0
  0
LINE
  5
51C
330
1FF
100
AcDbEntity
  8
0
  6
Continuous
 62
     7
100
AcDbLine
 10
264.6038440917
 20
118.8483884881
 30
0.0
 11
232.6038978311
 21
118.8483884881
 31
0.0
  0
LINE
  5
51D
330
1FF
100
AcDbEntity
  8
0
  6
Continuous
 62
     7
100
AcDbLine
 10
240.1843955277
 20
119.5483884881
 30
0.0
 11
241.084230829
 21
119.5483884881
 31
0.0
  0
LINE
  5
51E
330
1FF
100
AcDbEntity
  8
0
  6
Continuous
 62
     7
100
AcDbLine
 10
251.4251580881
 20
119.5483884881
 30
0.0
 11
252.1080819391
 21
119.5483884881
 31
0.0
  0
LINE
  5
51F
330
1FF
100
AcDbEntity
  8
0
  6
Continuous
 62
     7
100
AcDbLine
 10
252.1396970207
 20
119.5483884881
 30
0.0
 11
253.2150520953
 21
119.5483884881
 31
0.0
  0
LINE
  5
520
330
1FF
100
AcDbEntity
  8
0
  6
Continuous
 62
     7
100
AcDbLine
 10
254.1213597621
 20
119.5483884881
 30
0.0
 11
255.0276674289
 21
119.5483884881
 31
0.0
  0
LINE
  5
521
330
1FF
100
AcDbEntity
  8
0
  6
Continuous
 62
     7
100
AcDbLine
 10
255.6573122121
 20
119.5483884881
 30
0.0
 11
256.7058949009
 21
119.5483884881
 31
0.0
  0
LINE
  5
522
330
1FF
100
AcDbEntity
  8
0
  6
Continuous
 62
     7
100
AcDbLine
 10
240.1843131783
 20
119.5483884881
 30
0.0
 11
239.7343131783
 21
119.9983884881
 31
0.0
  0
LINE
  5
523
330
1FF
100
AcDbEntity
  8
0
  6
Continuous
 62
     7
100
AcDbLine
 10
237.6302184669
 20
120.5483884881
 30
0.0
 11
237.0325016331
 21
121.1483884881
 31
0.0
  0
LINE
  5
524
330
1FF
100
AcDbEntity
  8
0
  6
Continuous
 62
     7
100
AcDbLine
 10
234.7758524274
 20
117.8483884881
 30
0.0
 11
234.7758524274
 21
111.3483884881
 31
0.0
  0
LINE
  5
525
330
1FF
100
AcDbEntity
  8
0
  6
Continuous
 62
     7
100
AcDbLine
 10
235.0487311074
 20
117.8483884881
 30
0.0
 11
235.0487311074
 21
117.2483884881
 31
0.0
  0
LINE
  5
526
330
1FF
100
AcDbEntity
  8
0
  6
Continuous
 62
     7
100
AcDbLine
 10
235.155288518
 20
120.8483884881
 30
0.0
 11
235.155288518
 21
120.0615300204
 31
0.0
  0
LINE
  5
527
330
1FF
100
AcDbEntity
  8
0
  6
Continuous
 62
     7
100
AcDbLine
 10
235.2075817937
 20
120.0615300204
 30
0.0
 11
235.2075817937
 21
118.8483884881
 31
0.0
  0
LINE
  5
528
330
1FF
100
AcDbEntity
  8
0
  6
Continuous
 62
     7
100
AcDbLine
 10
235.503956671
 20
120.0615300204
 30
0.0
 11
235.503956671
 21
120.8483884881
 31
0.0
  0
LINE
  5
529
330
1FF
100
AcDbEntity
  8
0
  6
Continuous
 62
     7
100
AcDbLine
 10
235.5562499467
 20
116.4615300204
 30
0.0
 11
235.5562499467
 21
117.2483884881
 31
0.0
  0
LINE
  5
52A
330
1FF
100
AcDbEntity
  8
0
  6
Continuous
 62
     7
100
AcDbLine
 10
235.5562499467
 20
118.8483884881
 30
0.0
 11
235.5562499467
 21
120.0615300204
 31
0.0
  0
LINE
  5
52B
330
1FF
100
AcDbEntity
  8
0
  6
Continuous
 62
     7
100
AcDbLine
 10
235.6259743141
 20
120.0615300204
 30
0.0
 11
235.6259743141
 21
118.8483884881
 31
0.0
  0
LINE
  5
52C
330
1FF
100
AcDbEntity
  8
0
  6
Continuous
 62
     7
100
AcDbLine
 10
235.6782675898
 20
120.8483884881
 30
0.0
 11
235.6782675898
 21
120.0615300204
 31
0.0
  0
LINE
  5
52D
330
1FF
100
AcDbEntity
  8
0
  6
Continuous
 62
     7
100
AcDbLine
 10
235.7654230491
 20
120.0615300204
 30
0.0
 11
235.7654230491
 21
120.8483884881
 31
0.0
  0
LINE
  5
52E
330
1FF
100
AcDbEntity
  8
0
  6
Continuous
 62
     7
100
AcDbLine
 10
235.8177163247
 20
118.8483884881
 30
0.0
 11
235.8177163247
 21
120.0615300204
 31
0.0
  0
LINE
  5
52F
330
1FF
100
AcDbEntity
  8
0
  6
Continuous
 62
     7
100
AcDbLine
 10
235.8874406922
 20
120.0615300204
 30
0.0
 11
235.8874406922
 21
118.8483884881
 31
0.0
  0
LINE
  5
530
330
1FF
100
AcDbEntity
  8
0
  6
Continuous
 62
     7
100
AcDbLine
 10
235.9397339679
 20
120.8483884881
 30
0.0
 11
235.9397339679
 21
120.0615300204
 31
0.0
  0
LINE
  5
531
330
1FF
100
AcDbEntity
  8
0
  6
Continuous
 62
     7
100
AcDbLine
 10
236.0268894272
 20
120.0615300204
 30
0.0
 11
236.0268894272
 21
120.8483884881
 31
0.0
  0
LINE
  5
532
330
1FF
100
AcDbEntity
  8
0
  6
Continuous
 62
     7
100
AcDbLine
 10
236.0791827028
 20
118.8483884881
 30
0.0
 11
236.0791827028
 21
120.0615300204
 31
0.0
  0
LINE
  5
533
330
1FF
100
AcDbEntity
  8
0
  6
Continuous
 62
     7
100
AcDbLine
 10
236.1489070703
 20
120.0615300204
 30
0.0
 11
236.1489070703
 21
118.8483884881
 31
0.0
  0
LINE
  5
534
330
1FF
100
AcDbEntity
  8
0
  6
Continuous
 62
     7
100
AcDbLine
 10
236.2012003459
 20
120.8483884881
 30
0.0
 11
236.2012003459
 21
120.0615300204
 31
0.0
  0
LINE
  5
535
330
1FF
100
AcDbEntity
  8
0
  6
Continuous
 62
     7
100
AcDbLine
 10
236.7336432163
 20
121.1483884881
 30
0.0
 11
236.7336432163
 21
124.1483884881
 31
0.0
  0
LINE
  5
536
330
1FF
100
AcDbEntity
  8
0
  6
Continuous
 62
     7
100
AcDbLine
 10
239.7343131783
 20
119.9983884881
 30
0.0
 11
241.5343131783
 21
119.9983884881
 31
0.0
  0
LINE
  5
537
330
1FF
100
AcDbEntity
  8
0
  6
Continuous
 62
     7
100
AcDbLine
 10
250.9750627947
 20
119.9983884881
 30
0.0
 11
252.1396970207
 21
119.9983884881
 31
0.0
  0
LINE
  5
538
330
1FF
100
AcDbEntity
  8
0
  6
Continuous
 62
     7
100
AcDbLine
 10
236.2012003459
 20
120.0615300204
 30
0.0
 11
236.1489070703
 21
120.0615300204
 31
0.0
  0
LINE
  5
539
330
1FF
100
AcDbEntity
  8
0
  6
Continuous
 62
     7
100
AcDbLine
 10
235.155288518
 20
120.0615300204
 30
0.0
 11
235.5562499467
 21
120.0615300204
 31
0.0
  0
LINE
  5
53A
330
1FF
100
AcDbEntity
  8
0
  6
Continuous
 62
     7
100
AcDbLine
 10
235.6259743141
 20
120.0615300204
 30
0.0
 11
235.8177163247
 21
120.0615300204
 31
0.0
  0
LINE
  5
53B
330
1FF
100
AcDbEntity
  8
0
  6
Continuous
 62
     7
100
AcDbLine
 10
235.8874406922
 20
120.0615300204
 30
0.0
 11
236.0791827028
 21
120.0615300204
 31
0.0
  0
LINE
  5
53C
330
1FF
100
AcDbEntity
  8
0
  6
Continuous
 62
     7
100
AcDbLine
 10
241.7375261896
 20
120.4483884881
 30
0.0
 11
245.7120299369
 21
120.4483884881
 31
0.0
  0
LINE
  5
53D
330
1FF
100
AcDbEntity
  8
0
  6
Continuous
 62
     7
100
AcDbLine
 10
257.0359349386
 20
120.4483884881
 30
0.0
 11
259.8266184522
 21
120.4483884881
 31
0.0
  0
LINE
  5
53E
330
1FF
100
AcDbEntity
  8
0
  6
Continuous
 62
     7
100
AcDbLine
 10
237.6302184669
 20
120.5483884881
 30
0.0
 11
241.5694359068
 21
120.5483884881
 31
0.0
  0
LINE
  5
53F
330
1FF
100
AcDbEntity
  8
0
  6
Continuous
 62
     7
100
AcDbLine
 10
244.4113191765
 20
120.5483884881
 30
0.0
 11
252.1396970207
 21
120.5483884881
 31
0.0
  0
LINE
  5
540
330
1FF
100
AcDbEntity
  8
0
  6
Continuous
 62
     7
100
AcDbLine
 10
255.0276674289
 20
120.5483884881
 30
0.0
 11
259.9511659504
 21
120.5483884881
 31
0.0
  0
LINE
  5
541
330
1FF
100
AcDbEntity
  8
0
  6
Continuous
 62
     7
100
AcDbLine
 10
260.1185594756
 20
120.5483884881
 30
0.0
 11
260.2082745555
 21
120.5483884881
 31
0.0
  0
LINE
  5
542
330
1FF
100
AcDbEntity
  8
0
  6
Continuous
 62
     7
100
AcDbLine
 10
241.1247408834
 20
120.7483884881
 30
0.0
 11
241.4772837946
 21
120.7483884881
 31
0.0
  0
LINE
  5
543
330
1FF
100
AcDbEntity
  8
0
  6
Continuous
 62
     7
100
AcDbLine
 10
242.967646016
 20
120.7483884881
 30
0.0
 11
244.9572015443
 21
120.7483884881
 31
0.0
  0
LINE
  5
544
330
1FF
100
AcDbEntity
  8
0
  6
Continuous
 62
     7
100
AcDbLine
 10
236.2012003459
 20
120.8483884881
 30
0.0
 11
236.0268894272
 21
120.8483884881
 31
0.0
  0
LINE
  5
545
330
1FF
100
AcDbEntity
  8
0
  6
Continuous
 62
     7
100
AcDbLine
 10
235.9397339679
 20
120.8483884881
 30
0.0
 11
235.7654230491
 21
120.8483884881
 31
0.0
  0
LINE
  5
546
330
1FF
100
AcDbEntity
  8
0
  6
Continuous
 62
     7
100
AcDbLine
 10
235.6782675898
 20
120.8483884881
 30
0.0
 11
235.503956671
 21
120.8483884881
 31
0.0
  0
LINE
  5
547
330
1FF
100
AcDbEntity
  8
0
  6
Continuous
 62
     7
100
AcDbLine
 10
242.6794663991
 20
120.9483884881
 30
0.0
 11
241.4507380879
 21
120.9483884881
 31
0.0
  0
LINE
  5
548
330
1FF
100
AcDbEntity
  8
0
  6
Continuous
 62
     7
100
AcDbLine
 10
260.1939826246
 20
120.9483884881
 30
0.0
 11
260.3247158137
 21
120.9483884881
 31
0.0
  0
LINE
  5
549
330
1FF
100
AcDbEntity
  8
0
  6
Continuous
 62
     7
100
AcDbLine
 10
243.3184729841
 20
120.9819282743
 30
0.0
 11
242.6794663991
 21
120.9819282743
 31
0.0
  0
LINE
  5
54A
330
1FF
100
AcDbEntity
  8
0
  6
Continuous
 62
     7
100
AcDbLine
 10
241.4507380879
 20
120.9819282743
 30
0.0
 11
241.0411619842
 21
120.9819282743
 31
0.0
  0
LINE
  5
54B
330
1FF
100
AcDbEntity
  8
0
  6
Continuous
 62
     7
100
AcDbLine
 10
235.8028150879
 20
121.1483884881
 30
0.0
 11
237.0325016331
 21
121.1483884881
 31
0.0
  0
LINE
  5
54C
330
1FF
100
AcDbEntity
  8
0
  6
Continuous
 62
     7
100
AcDbLine
 10
243.5821975058
 20
121.1483884881
 30
0.0
 11
245.6687510827
 21
121.1483884881
 31
0.0
  0
LINE
  5
54D
330
1FF
100
AcDbEntity
  8
0
  6
Continuous
 62
     7
100
AcDbLine
 10
257.9287686867
 20
121.1483884881
 30
0.0
 11
258.8974211177
 21
121.1483884881
 31
0.0
  0
LINE
  5
54E
330
1FF
100
AcDbEntity
  8
0
  6
Continuous
 62
     7
100
AcDbLine
 10
260.3682935434
 20
121.2819282743
 30
0.0
 11
260.3247158137
 21
121.2819282743
 31
0.0
  0
LINE
  5
54F
330
1FF
100
AcDbEntity
  8
0
  6
Continuous
 62
     7
100
AcDbLine
 10
259.9511659504
 20
121.2819282743
 30
0.0
 11
260.1939826246
 21
121.2819282743
 31
0.0
  0
LINE
  5
550
330
1FF
100
AcDbEntity
  8
0
  6
Continuous
 62
     7
100
AcDbLine
 10
242.3108479057
 20
121.4483884881
 30
0.0
 11
241.8193565812
 21
121.4483884881
 31
0.0
  0
LINE
  5
551
330
1FF
100
AcDbEntity
  8
0
  6
Continuous
 62
     7
100
AcDbLine
 10
236.7336432163
 20
121.4983884881
 30
0.0
 11
235.8028150879
 21
121.4983884881
 31
0.0
  0
LINE
  5
552
330
1FF
100
AcDbEntity
  8
0
  6
Continuous
 62
     7
100
AcDbLine
 10
244.189935622
 20
121.4983884881
 30
0.0
 11
245.1797624414
 21
121.4983884881
 31
0.0
  0
LINE
  5
553
330
1FF
100
AcDbEntity
  8
0
  6
Continuous
 62
     7
100
AcDbLine
 10
258.2109061418
 20
121.4983884881
 30
0.0
 11
258.8974211177
 21
121.4983884881
 31
0.0
  0
LINE
  5
554
330
1FF
100
AcDbEntity
  8
0
  6
Continuous
 62
     7
100
AcDbLine
 10
241.7374413605
 20
121.5483884881
 30
0.0
 11
242.3927631265
 21
121.5483884881
 31
0.0
  0
LINE
  5
555
330
1FF
100
AcDbEntity
  8
0
  6
Continuous
 62
     7
100
AcDbLine
 10
242.3927631265
 20
121.9483884881
 30
0.0
 11
241.9520506813
 21
121.9483884881
 31
0.0
  0
LINE
  5
556
330
1FF
100
AcDbEntity
  8
0
  6
Continuous
 62
     7
100
AcDbLine
 10
246.0811444566
 20
122.0483884881
 30
0.0
 11
249.1484084464
 21
122.0483884881
 31
0.0
  0
LINE
  5
557
330
1FF
100
AcDbEntity
  8
0
  6
Continuous
 62
     7
100
AcDbLine
 10
241.9668718418
 20
122.448388488
 30
0.0
 11
241.7374413605
 21
122.448388488
 31
0.0
  0
LINE
  5
558
330
1FF
100
AcDbEntity
  8
0
  6
Continuous
 62
     7
100
AcDbLine
 10
242.066765922
 20
122.4483884881
 30
0.0
 11
242.3927631265
 21
122.4483884881
 31
0.0
  0
LINE
  5
559
330
1FF
100
AcDbEntity
  8
0
  6
Continuous
 62
     7
100
AcDbLine
 10
241.8193565812
 20
122.5483884881
 30
0.0
 11
242.3108479057
 21
122.5483884881
 31
0.0
  0
LINE
  5
55A
330
1FF
100
AcDbEntity
  8
0
  6
Continuous
 62
     7
100
AcDbLine
 10
243.5821975058
 20
123.2483884881
 30
0.0
 11
243.3184729841
 21
123.2483884881
 31
0.0
  0
LINE
  5
55B
330
1FF
100
AcDbEntity
  8
0
  6
Continuous
 62
     7
100
AcDbLine
 10
246.0811444566
 20
123.2483884881
 30
0.0
 11
247.0773391795
 21
123.2483884881
 31
0.0
  0
LINE
  5
55C
330
1FF
100
AcDbEntity
  8
0
  6
Continuous
 62
     7
100
AcDbLine
 10
248.0735339024
 20
123.2483884881
 30
0.0
 11
249.0697286253
 21
123.2483884881
 31
0.0
  0
LINE
  5
55D
330
1FF
100
AcDbEntity
  8
0
  6
Continuous
 62
     7
100
AcDbLine
 10
237.7298379392
 20
123.7483884881
 30
0.0
 11
237.7298379392
 21
124.1483884881
 31
0.0
  0
LINE
  5
55E
330
1FF
100
AcDbEntity
  8
0
  6
Continuous
 62
     7
100
AcDbLine
 10
237.7734156688
 20
123.7483884881
 30
0.0
 11
237.7734156688
 21
124.1483884881
 31
0.0
  0
LINE
  5
55F
330
1FF
100
AcDbEntity
  8
0
  6
Continuous
 62
     7
100
AcDbLine
 10
238.1180384071
 20
123.7483884881
 30
0.0
 11
238.1180384071
 21
124.1483884881
 31
0.0
  0
LINE
  5
560
330
1FF
100
AcDbEntity
  8
0
  6
Continuous
 62
     7
100
AcDbLine
 10
238.3060694264
 20
120.5483884881
 30
0.0
 11
238.3060694264
 21
123.7483884881
 31
0.0
  0
LINE
  5
561
330
1FF
100
AcDbEntity
  8
0
  6
Continuous
 62
     7
100
AcDbLine
 10
238.9357038115
 20
117.8483884881
 30
0.0
 11
238.9357038115
 21
117.2483884881
 31
0.0
  0
LINE
  5
562
330
1FF
100
AcDbEntity
  8
0
  6
Continuous
 62
     7
100
AcDbLine
 10
239.7343131783
 20
120.5483884881
 30
0.0
 11
239.7343131783
 21
119.9983884881
 31
0.0
  0
LINE
  5
563
330
1FF
100
AcDbEntity
  8
0
  6
Continuous
 62
     7
100
AcDbLine
 10
240.1038709614
 20
124.1483884881
 30
0.0
 11
240.1038709614
 21
128.1483884881
 31
0.0
  0
LINE
  5
564
330
1FF
100
AcDbEntity
  8
0
  6
Continuous
 62
     7
100
AcDbLine
 10
240.5758554481
 20
111.3483884881
 30
0.0
 11
240.5758554481
 21
117.2483884881
 31
0.0
  0
LINE
  5
565
330
1FF
100
AcDbEntity
  8
0
  6
Continuous
 62
     7
100
AcDbLine
 10
240.9038719807
 20
117.8483884881
 30
0.0
 11
240.9038719807
 21
117.2483884881
 31
0.0
  0
LINE
  5
566
330
1FF
100
AcDbEntity
  8
0
  6
Continuous
 62
     7
100
AcDbLine
 10
240.9846592973
 20
124.1483884881
 30
0.0
 11
240.9846592973
 21
123.7483884881
 31
0.0
  0
LINE
  5
567
330
1FF
100
AcDbEntity
  8
0
  6
Continuous
 62
     7
100
AcDbLine
 10
241.0411619842
 20
120.9819282743
 30
0.0
 11
241.0411619842
 21
123.6483884881
 31
0.0
  0
LINE
  5
568
330
1FF
100
AcDbEntity
  8
0
  6
Continuous
 62
     7
100
AcDbLine
 10
241.1038709614
 20
129.1483884880999
 30
0.0
 11
241.1038709614
 21
128.9002258612
 31
0.0
  0
LINE
  5
569
330
1FF
100
AcDbEntity
  8
0
  6
Continuous
 62
     7
100
AcDbLine
 10
241.1247408834
 20
120.9819282743
 30
0.0
 11
241.1247408834
 21
120.5483884881
 31
0.0
  0
LINE
  5
56A
330
1FF
100
AcDbEntity
  8
0
  6
Continuous
 62
     7
100
AcDbLine
 10
241.2416194636
 20
124.122643487
 30
0.0
 11
241.2416194636
 21
124.1483884881
 31
0.0
  0
LINE
  5
56B
330
1FF
100
AcDbEntity
  8
0
  6
Continuous
 62
     7
100
AcDbLine
 10
241.4507380879
 20
120.9483884881
 30
0.0
 11
241.4507380879
 21
120.9819282743
 31
0.0
  0
LINE
  5
56C
330
1FF
100
AcDbEntity
  8
0
  6
Continuous
 62
     7
100
AcDbLine
 10
260.3682935434
 20
123.6483884881
 30
0.0
 11
260.150404895
 21
123.6483884881
 31
0.0
  0
LINE
  5
56D
330
1FF
100
AcDbEntity
  8
0
  6
Continuous
 62
     7
100
AcDbLine
 10
241.0411619842
 20
123.6483884881
 30
0.0
 11
243.0890425028
 21
123.6483884881
 31
0.0
  0
LINE
  5
56E
330
1FF
100
AcDbEntity
  8
0
  6
Continuous
 62
     7
100
AcDbLine
 10
252.3087444285
 20
123.6483884881
 30
0.0
 11
255.0276674289
 21
123.6483884881
 31
0.0
  0
LINE
  5
56F
330
1FF
100
AcDbEntity
  8
0
  6
Continuous
 62
     7
100
AcDbLine
 10
259.9511659504
 20
123.7483884881
 30
0.0
 11
259.2821940004
 21
123.7483884881
 31
0.0
  0
LINE
  5
570
330
1FF
100
AcDbEntity
  8
0
  6
Continuous
 62
     7
100
AcDbLine
 10
249.1484084464
 20
123.7483884881
 30
0.0
 11
246.1247221863
 21
123.7483884881
 31
0.0
  0
LINE
  5
571
330
1FF
100
AcDbEntity
  8
0
  6
Continuous
 62
     7
100
AcDbLine
 10
241.0487349565
 20
123.7483884881
 30
0.0
 11
240.9846592973
 21
123.7483884881
 31
0.0
  0
LINE
  5
572
330
1FF
100
AcDbEntity
  8
0
  6
Continuous
 62
     7
100
AcDbLine
 10
238.3060694264
 20
123.7483884881
 30
0.0
 11
237.7298379392
 21
123.7483884881
 31
0.0
  0
LINE
  5
573
330
1FF
100
AcDbEntity
  8
0
  6
Continuous
 62
     7
100
AcDbLine
 10
243.3758306045
 20
123.7483884881
 30
0.0
 11
243.7543231544
 21
123.7483884881
 31
0.0
  0
LINE
  5
574
330
1FF
100
AcDbEntity
  8
0
  6
Continuous
 62
     7
100
AcDbLine
 10
251.8497880072
 20
123.7483884881
 30
0.0
 11
252.0974351687
 21
123.7483884881
 31
0.0
  0
LINE
  5
575
330
1FF
100
AcDbEntity
  8
0
  6
Continuous
 62
     7
100
AcDbLine
 10
241.3002621667
 20
124.1483884881
 30
0.0
 11
236.7336432163
 21
124.1483884881
 31
0.0
  0
LINE
  5
576
330
1FF
100
AcDbEntity
  8
0
  6
Continuous
 62
     7
100
AcDbLine
 10
241.3279500858
 20
124.1483884881
 30
0.0
 11
259.8701961819
 21
124.1483884881
 31
0.0
  0
LINE
  5
577
330
1FF
100
AcDbEntity
  8
0
  6
Continuous
 62
     7
100
AcDbLine
 10
245.9417112782
 20
125.1483884881
 30
0.0
 11
245.0120902577
 21
125.1483884881
 31
0.0
  0
LINE
  5
578
330
1FF
100
AcDbEntity
  8
0
  6
Continuous
 62
     7
100
AcDbLine
 10
245.3751831657
 20
127.1483884881
 30
0.0
 11
245.0120902577
 21
127.1483884881
 31
0.0
  0
LINE
  5
579
330
1FF
100
AcDbEntity
  8
0
  6
Continuous
 62
     7
100
AcDbLine
 10
255.8288629813
 20
127.1483884881
 30
0.0
 11
256.9344138955
 21
127.1483884881
 31
0.0
  0
LINE
  5
57A
330
1FF
100
AcDbEntity
  8
0
  6
Continuous
 62
     7
100
AcDbLine
 10
251.4250627947
 20
119.5483884881
 30
0.0
 11
250.9750627947
 21
119.9983884881
 31
0.0
  0
LINE
  5
57B
330
1FF
100
AcDbEntity
  8
0
  6
Continuous
 62
     7
100
AcDbLine
 10
245.3751831657
 20
127.1483884881
 30
0.0
 11
245.0962968596
 21
127.4483884881
 31
0.0
  0
LINE
  5
57C
330
1FF
100
AcDbEntity
  8
0
  6
Continuous
 62
     7
100
AcDbLine
 10
241.5343131783
 20
120.5483884881
 30
0.0
 11
241.5343131783
 21
119.9983884881
 31
0.0
  0
LINE
  5
57D
330
1FF
100
AcDbEntity
  8
0
  6
Continuous
 62
     7
100
AcDbLine
 10
241.7374413605
 20
122.4483884879
 30
0.0
 11
241.7374413605
 21
121.5483884881
 31
0.0
  0
LINE
  5
57E
330
1FF
100
AcDbEntity
  8
0
  6
Continuous
 62
     7
100
AcDbLine
 10
241.9520506813
 20
121.9483884881
 30
0.0
 11
241.9520506813
 21
121.5483884881
 31
0.0
  0
LINE
  5
57F
330
1FF
100
AcDbEntity
  8
0
  6
Continuous
 62
     7
100
AcDbLine
 10
241.9668718418
 20
122.0129882763
 30
0.0
 11
241.9668718418
 21
122.448388488
 31
0.0
  0
LINE
  5
580
330
1FF
100
AcDbEntity
  8
0
  6
Continuous
 62
     7
100
AcDbLine
 10
242.3927631265
 20
121.5483884883
 30
0.0
 11
242.3927631265
 21
122.448388488
 31
0.0
  0
LINE
  5
581
330
1FF
100
AcDbEntity
  8
0
  6
Continuous
 62
     7
100
AcDbLine
 10
242.4758468242
 20
117.8483884881
 30
0.0
 11
242.4758468242
 21
111.3483884881
 31
0.0
  0
LINE
  5
582
330
1FF
100
AcDbEntity
  8
0
  6
Continuous
 62
     7
100
AcDbLine
 10
242.6794663991
 20
120.9819282743
 30
0.0
 11
242.6794663991
 21
120.9483884881
 31
0.0
  0
LINE
  5
583
330
1FF
100
AcDbEntity
  8
0
  6
Continuous
 62
     7
100
AcDbLine
 10
242.9088968804
 20
120.9483884881
 30
0.0
 11
242.9088968804
 21
120.9819282743
 31
0.0
  0
LINE
  5
584
330
1FF
100
AcDbEntity
  8
0
  6
Continuous
 62
     7
100
AcDbLine
 10
243.0890425028
 20
123.6483884881
 30
0.0
 11
243.0890425028
 21
120.9819282743
 31
0.0
  0
LINE
  5
585
330
1FF
100
AcDbEntity
  8
0
  6
Continuous
 62
     7
100
AcDbLine
 10
243.3184729841
 20
120.9819282743
 30
0.0
 11
243.3184729841
 21
123.6483884881
 31
0.0
  0
LINE
  5
586
330
1FF
100
AcDbEntity
  8
0
  6
Continuous
 62
     7
100
AcDbLine
 10
243.438420082
 20
123.7483884881
 30
0.0
 11
243.438420082
 21
124.1483884881
 31
0.0
  0
LINE
  5
587
330
1FF
100
AcDbEntity
  8
0
  6
Continuous
 62
     7
100
AcDbLine
 10
243.5821975058
 20
120.7483884881
 30
0.0
 11
243.5821975058
 21
123.7483884881
 31
0.0
  0
LINE
  5
588
330
1FF
100
AcDbEntity
  8
0
  6
Continuous
 62
     7
100
AcDbLine
 10
243.7090140687
 20
124.1483884881
 30
0.0
 11
243.7090140688
 21
123.7483884881
 31
0.0
  0
LINE
  5
589
330
1FF
100
AcDbEntity
  8
0
  6
Continuous
 62
     7
100
AcDbLine
 10
243.7543231544
 20
123.7483884881
 30
0.0
 11
243.7543231544
 21
124.1483884881
 31
0.0
  0
LINE
  5
58A
330
1FF
100
AcDbEntity
  8
0
  6
Continuous
 62
     7
100
AcDbLine
 10
244.189935622
 20
121.1483884881
 30
0.0
 11
244.189935622
 21
121.4983884881
 31
0.0
  0
LINE
  5
58B
330
1FF
100
AcDbEntity
  8
0
  6
Continuous
 62
     7
100
AcDbLine
 10
244.2756833321
 20
120.4483884881
 30
0.0
 11
244.2756833321
 21
120.7483884881
 31
0.0
  0
LINE
  5
58C
330
1FF
100
AcDbEntity
  8
0
  6
Continuous
 62
     7
100
AcDbLine
 10
244.4113191765
 20
120.7483884881
 30
0.0
 11
244.4113191765
 21
120.4483884881
 31
0.0
  0
LINE
  5
58D
330
1FF
100
AcDbEntity
  8
0
  6
Continuous
 62
     7
100
AcDbLine
 10
244.9572015443
 20
120.5483884881
 30
0.0
 11
244.9572015443
 21
121.1483884881
 31
0.0
  0
LINE
  5
58E
330
1FF
100
AcDbEntity
  8
0
  6
Continuous
 62
     7
100
AcDbLine
 10
245.0120902577
 20
127.1483884881
 30
0.0
 11
245.0120902577
 21
125.1483884881
 31
0.0
  0
LINE
  5
58F
330
1FF
100
AcDbEntity
  8
0
  6
Continuous
 62
     7
100
AcDbLine
 10
245.1618716364
 20
121.4983884881
 30
0.0
 11
245.1618716364
 21
121.1483884881
 31
0.0
  0
LINE
  5
590
330
1FF
100
AcDbEntity
  8
0
  6
Continuous
 62
     7
100
AcDbLine
 10
245.1797624414
 20
121.1483884881
 30
0.0
 11
245.1797624414
 21
121.4983884881
 31
0.0
  0
LINE
  5
591
330
1FF
100
AcDbEntity
  8
0
  6
Continuous
 62
     7
100
AcDbLine
 10
242.9678327953
 20
120.8484263379
 30
0.0
 11
242.967646016
 21
120.7483884884
 31
0.0
  0
LINE
  5
592
330
1FF
100
AcDbEntity
  8
0
  6
Continuous
 62
     7
100
AcDbLine
 10
242.066765922
 20
122.4483884881
 30
0.0
 11
241.9520506813
 21
121.9483884881
 31
0.0
  0
LINE
  5
593
330
1FF
100
AcDbEntity
  8
0
  6
Continuous
 62
     7
100
AcDbLine
 10
245.0962968596
 20
127.4483884881
 30
0.0
 11
245.2974572065
 21
127.4483884881
 31
0.0
  0
LINE
  5
594
330
1FF
100
AcDbEntity
  8
0
  6
Continuous
 62
     7
100
AcDbLine
 10
246.3261261096
 20
127.5483884881
 30
0.0
 11
245.2103204357
 21
127.5483884881
 31
0.0
  0
LINE
  5
595
330
1FF
100
AcDbEntity
  8
0
  6
Continuous
 62
     7
100
AcDbLine
 10
257.1038699153
 20
128.1483884881
 30
0.0
 11
246.9150683016
 21
128.1483884881
 31
0.0
  0
LINE
  5
596
330
1FF
100
AcDbEntity
  8
0
  6
Continuous
 62
     7
100
AcDbLine
 10
244.12620524
 20
128.1483884881
 30
0.0
 11
240.1038720075
 21
128.1483884881
 31
0.0
  0
LINE
  5
597
330
1FF
100
AcDbEntity
  8
0
  6
Continuous
 62
     7
100
AcDbLine
 10
248.1786245176
 20
129.0483884881
 30
0.0
 11
243.9509195842
 21
129.0483884881
 31
0.0
  0
LINE
  5
598
330
1FF
100
AcDbEntity
  8
0
  6
Continuous
 62
     7
100
AcDbLine
 10
241.1038757646
 20
129.1483884880999
 30
0.0
 11
256.1038661582
 21
129.1483884880999
 31
0.0
  0
LINE
  5
599
330
1FF
100
AcDbEntity
  8
0
  6
Continuous
 62
     7
100
AcDbLine
 10
245.2974572065
 20
127.2319988599
 30
0.0
 11
245.2974572065
 21
127.4483884881
 31
0.0
  0
LINE
  5
59A
330
1FF
100
AcDbEntity
  8
0
  6
Continuous
 62
     7
100
AcDbLine
 10
245.3751831657
 20
125.1483884881
 30
0.0
 11
245.3751831657
 21
127.1483884881
 31
0.0
  0
LINE
  5
59B
330
1FF
100
AcDbEntity
  8
0
  6
Continuous
 62
     7
100
AcDbLine
 10
245.6687510827
 20
120.5483884881
 30
0.0
 11
245.6687510827
 21
121.1483884881
 31
0.0
  0
LINE
  5
59C
330
1FF
100
AcDbEntity
  8
0
  6
Continuous
 62
     7
100
AcDbLine
 10
245.7121335496
 20
120.5483884881
 30
0.0
 11
245.7121335496
 21
120.4483884881
 31
0.0
  0
LINE
  5
59D
330
1FF
100
AcDbEntity
  8
0
  6
Continuous
 62
     7
100
AcDbLine
 10
245.7862067857
 20
118.8483884881
 30
0.0
 11
245.7862067857
 21
120.5483884881
 31
0.0
  0
LINE
  5
59E
330
1FF
100
AcDbEntity
  8
0
  6
Continuous
 62
     7
100
AcDbLine
 10
245.9417112782
 20
125.1483884881
 30
0.0
 11
245.9417112782
 21
127.1483884881
 31
0.0
  0
LINE
  5
59F
330
1FF
100
AcDbEntity
  8
0
  6
Continuous
 62
     7
100
AcDbLine
 10
246.0811444566
 20
122.0483884881
 30
0.0
 11
246.0811444566
 21
123.2483884881
 31
0.0
  0
LINE
  5
5A0
330
1FF
100
AcDbEntity
  8
0
  6
Continuous
 62
     7
100
AcDbLine
 10
246.8630495568
 20
120.5483884881
 30
0.0
 11
246.8630495568
 21
118.8483884881
 31
0.0
  0
LINE
  5
5A1
330
1FF
100
AcDbEntity
  8
0
  6
Continuous
 62
     7
100
AcDbLine
 10
247.0773391795
 20
122.0483884881
 30
0.0
 11
247.0773391795
 21
123.2483884881
 31
0.0
  0
LINE
  5
5A2
330
1FF
100
AcDbEntity
  8
0
  6
Continuous
 62
     7
100
AcDbLine
 10
248.0735339024
 20
123.2483884881
 30
0.0
 11
248.0735339024
 21
122.0483884881
 31
0.0
  0
LINE
  5
5A3
330
1FF
100
AcDbEntity
  8
0
  6
Continuous
 62
     7
100
AcDbLine
 10
248.8630495568
 20
120.5483884881
 30
0.0
 11
248.8630495568
 21
118.8483884881
 31
0.0
  0
LINE
  5
5A4
330
1FF
100
AcDbEntity
  8
0
  6
Continuous
 62
     7
100
AcDbLine
 10
249.0697286253
 20
122.0483884881
 30
0.0
 11
249.0697286253
 21
123.2483884881
 31
0.0
  0
LINE
  5
5A5
330
1FF
100
AcDbEntity
  8
0
  6
Continuous
 62
     7
100
AcDbLine
 10
248.0753712055
 20
123.291963383
 30
0.0
 11
248.0735339024
 21
123.2483884881
 31
0.0
  0
LINE
  5
5A6
330
1FF
100
AcDbEntity
  8
0
  6
Continuous
 62
     7
100
AcDbLine
 10
246.1247221863
 20
123.7483884881
 30
0.0
 11
246.0811444566
 21
123.2483884881
 31
0.0
  0
LINE
  5
5A7
330
1FF
100
AcDbEntity
  8
0
  6
Continuous
 62
     7
100
AcDbLine
 10
240.2530704774
 20
128.2367289404
 30
0.0
 11
240.1634611287
 21
128.1483884881
 31
0.0
  0
LINE
  5
5A8
330
1FF
100
AcDbEntity
  8
0
  6
Continuous
 62
     7
100
AcDbLine
 10
249.1484084464
 20
122.0483884881
 30
0.0
 11
249.1484084464
 21
123.7483884881
 31
0.0
  0
LINE
  5
5A9
330
1FF
100
AcDbEntity
  8
0
  6
Continuous
 62
     7
100
AcDbLine
 10
250.9750627947
 20
120.5483884881
 30
0.0
 11
250.9750627947
 21
119.9983884881
 31
0.0
  0
LINE
  5
5AA
330
1FF
100
AcDbEntity
  8
0
  6
Continuous
 62
     7
100
AcDbLine
 10
251.4215351372
 20
118.8483884881
 30
0.0
 11
251.4215351372
 21
119.5483884881
 31
0.0
  0
LINE
  5
5AB
330
1FF
100
AcDbEntity
  8
0
  6
Continuous
 62
     7
100
AcDbLine
 10
251.8497880072
 20
124.1483884881
 30
0.0
 11
251.8497880072
 21
123.7483884881
 31
0.0
  0
LINE
  5
5AC
330
1FF
100
AcDbEntity
  8
0
  6
Continuous
 62
     7
100
AcDbLine
 10
252.1396970207
 20
123.6483884881
 30
0.0
 11
252.1396970207
 21
119.5483884881
 31
0.0
  0
LINE
  5
5AD
330
1FF
100
AcDbEntity
  8
0
  6
Continuous
 62
     7
100
AcDbLine
 10
252.3087444285
 20
119.5483884881
 30
0.0
 11
252.3087444285
 21
123.6483884881
 31
0.0
  0
LINE
  5
5AE
330
1FF
100
AcDbEntity
  8
0
  6
Continuous
 62
     7
100
AcDbLine
 10
252.8963363912
 20
129.1483884880999
 30
0.0
 11
252.8963363912
 21
128.1483884881
 31
0.0
  0
LINE
  5
5AF
330
1FF
100
AcDbEntity
  8
0
  6
Continuous
 62
     7
100
AcDbLine
 10
249.0697286253
 20
123.2483884881
 30
0.0
 11
249.113306355
 21
123.7483884881
 31
0.0
  0
LINE
  5
5B0
330
1FF
100
AcDbEntity
  8
0
  6
Continuous
 62
     7
100
AcDbLine
 10
256.0279164469
 20
129.1483884880999
 30
0.0
 11
256.0665808929
 21
129.1104351548
 31
0.0
  0
LINE
  5
5B1
330
1FF
100
AcDbEntity
  8
0
  6
Continuous
 62
     7
100
AcDbLine
 10
253.0460046875
 20
119.5483884881
 30
0.0
 11
253.0460046875
 21
118.8483884881
 31
0.0
  0
LINE
  5
5B2
330
1FF
100
AcDbEntity
  8
0
  6
Continuous
 62
     7
100
AcDbLine
 10
253.0460046875
 20
117.8483884881
 30
0.0
 11
253.0460046875
 21
116.5483884881
 31
0.0
  0
LINE
  5
5B3
330
1FF
100
AcDbEntity
  8
0
  6
Continuous
 62
     7
100
AcDbLine
 10
253.2150520953
 20
116.5483884881
 30
0.0
 11
253.2150520953
 21
117.8483884881
 31
0.0
  0
LINE
  5
5B4
330
1FF
100
AcDbEntity
  8
0
  6
Continuous
 62
     7
100
AcDbLine
 10
253.2150520953
 20
118.8483884881
 30
0.0
 11
253.2150520953
 21
119.5483884881
 31
0.0
  0
LINE
  5
5B5
330
1FF
100
AcDbEntity
  8
0
  6
Continuous
 62
     7
100
AcDbLine
 10
254.1213597621
 20
119.5483884881
 30
0.0
 11
254.1213597621
 21
118.8483884881
 31
0.0
  0
LINE
  5
5B6
330
1FF
100
AcDbEntity
  8
0
  6
Continuous
 62
     7
100
AcDbLine
 10
254.1213597621
 20
117.8483884881
 30
0.0
 11
254.1213597621
 21
116.5483884853
 31
0.0
  0
LINE
  5
5B7
330
1FF
100
AcDbEntity
  8
0
  6
Continuous
 62
     7
100
AcDbLine
 10
254.8381600047
 20
116.5483884881
 30
0.0
 11
254.8381600047
 21
117.8483884881
 31
0.0
  0
LINE
  5
5B8
330
1FF
100
AcDbEntity
  8
0
  6
Continuous
 62
     7
100
AcDbLine
 10
254.8381600047
 20
118.8483884881
 30
0.0
 11
254.8381600047
 21
119.5483884881
 31
0.0
  0
LINE
  5
5B9
330
1FF
100
AcDbEntity
  8
0
  6
Continuous
 62
     7
100
AcDbLine
 10
255.0276674289
 20
123.6483884881
 30
0.0
 11
255.0276674289
 21
119.5483884881
 31
0.0
  0
LINE
  5
5BA
330
1FF
100
AcDbEntity
  8
0
  6
Continuous
 62
     7
100
AcDbLine
 10
255.6573122121
 20
119.5483884881
 30
0.0
 11
255.6573122121
 21
118.8483884881
 31
0.0
  0
LINE
  5
5BB
330
1FF
100
AcDbEntity
  8
0
  6
Continuous
 62
     7
100
AcDbLine
 10
255.6573122121
 20
117.8483884881
 30
0.0
 11
255.6573122121
 21
116.5483884882
 31
0.0
  0
LINE
  5
5BC
330
1FF
100
AcDbEntity
  8
0
  6
Continuous
 62
     7
100
AcDbLine
 10
255.8288629813
 20
127.1483884881
 30
0.0
 11
255.8288629813
 21
124.1483884881
 31
0.0
  0
LINE
  5
5BD
330
1FF
100
AcDbEntity
  8
0
  6
Continuous
 62
     7
100
AcDbLine
 10
255.8867426935
 20
116.5483884881
 30
0.0
 11
255.8867426935
 21
117.8483884881
 31
0.0
  0
LINE
  5
5BE
330
1FF
100
AcDbEntity
  8
0
  6
Continuous
 62
     7
100
AcDbLine
 10
255.8867426935
 20
118.8483884881
 30
0.0
 11
255.8867426935
 21
119.5483884881
 31
0.0
  0
LINE
  5
5BF
330
1FF
100
AcDbEntity
  8
0
  6
Continuous
 62
     7
100
AcDbLine
 10
256.1038709614
 20
129.1483884880999
 30
0.0
 11
256.1038709614
 21
129.0737710785
 31
0.0
  0
LINE
  5
5C0
330
1FF
100
AcDbEntity
  8
0
  6
Continuous
 62
     7
100
AcDbLine
 10
256.3147282765001
 20
124.1483884881
 30
0.0
 11
256.3147282765001
 21
127.1483884881
 31
0.0
  0
LINE
  5
5C1
330
1FF
100
AcDbEntity
  8
0
  6
Continuous
 62
     7
100
AcDbLine
 10
256.4764644196
 20
120.5483884881
 30
0.0
 11
256.4764644196
 21
119.5483884881
 31
0.0
  0
LINE
  5
5C2
330
1FF
100
AcDbEntity
  8
0
  6
Continuous
 62
     7
100
AcDbLine
 10
256.7058949009
 20
119.5483884881
 30
0.0
 11
256.7058949009
 21
120.5483884881
 31
0.0
  0
LINE
  5
5C3
330
1FF
100
AcDbEntity
  8
0
  6
Continuous
 62
     7
100
AcDbLine
 10
241.0843131783
 20
119.5483884881
 30
0.0
 11
241.5343131783
 21
119.9983884881
 31
0.0
  0
LINE
  5
5C4
330
1FF
100
AcDbEntity
  8
0
  6
Continuous
 62
     7
100
AcDbLine
 10
256.9344138955
 20
124.1483884881
 30
0.0
 11
256.9344138955
 21
127.1483884881
 31
0.0
  0
LINE
  5
5C5
330
1FF
100
AcDbEntity
  8
0
  6
Continuous
 62
     7
100
AcDbLine
 10
257.0358769918
 20
120.5483884881
 30
0.0
 11
257.0358769918
 21
120.4483884881
 31
0.0
  0
LINE
  5
5C6
330
1FF
100
AcDbEntity
  8
0
  6
Continuous
 62
     7
100
AcDbLine
 10
257.1038709614
 20
124.1483884881
 30
0.0
 11
257.1038709614
 21
128.1483884881
 31
0.0
  0
LINE
  5
5C7
330
1FF
100
AcDbEntity
  8
0
  6
Continuous
 62
     7
100
AcDbLine
 10
257.7205103973
 20
120.5483884881
 30
0.0
 11
257.7205103973
 21
120.4483884881
 31
0.0
  0
LINE
  5
5C8
330
1FF
100
AcDbEntity
  8
0
  6
Continuous
 62
     7
100
AcDbLine
 10
257.9287686867
 20
121.1483884881
 30
0.0
 11
257.9287686867
 21
120.5483884881
 31
0.0
  0
LINE
  5
5C9
330
1FF
100
AcDbEntity
  8
0
  6
Continuous
 62
     7
100
AcDbLine
 10
258.2109061418
 20
121.4983884881
 30
0.0
 11
258.2109061418
 21
121.1483884881
 31
0.0
  0
LINE
  5
5CA
330
1FF
100
AcDbEntity
  8
0
  6
Continuous
 62
     7
100
AcDbLine
 10
258.4288612704999
 20
121.1483884881
 30
0.0
 11
258.4288612704999
 21
121.4983884881
 31
0.0
  0
LINE
  5
5CB
330
1FF
100
AcDbEntity
  8
0
  6
Continuous
 62
     7
100
AcDbLine
 10
258.8851385599
 20
120.5483884881
 30
0.0
 11
258.8851385599
 21
121.1483884881
 31
0.0
  0
LINE
  5
5CC
330
1FF
100
AcDbEntity
  8
0
  6
Continuous
 62
     7
100
AcDbLine
 10
258.8974211177
 20
121.4983884881
 30
0.0
 11
258.8974211177
 21
121.1483884881
 31
0.0
  0
LINE
  5
5CD
330
1FF
100
AcDbEntity
  8
0
  6
Continuous
 62
     7
100
AcDbLine
 10
259.2821940004
 20
123.7483884881
 30
0.0
 11
259.2821940004
 21
120.5483884881
 31
0.0
  0
LINE
  5
5CE
330
1FF
100
AcDbEntity
  8
0
  6
Continuous
 62
     7
100
AcDbLine
 10
259.2844818301
 20
124.1483884881
 30
0.0
 11
259.2844818301
 21
123.7483884881
 31
0.0
  0
LINE
  5
5CF
330
1FF
100
AcDbEntity
  8
0
  6
Continuous
 62
     7
100
AcDbLine
 10
259.9119459937
 20
120.5483884881
 30
0.0
 11
259.9119459937
 21
123.7483884881
 31
0.0
  0
LINE
  5
5D0
330
1FF
100
AcDbEntity
  8
0
  6
Continuous
 62
     7
100
AcDbLine
 10
259.9511659504
 20
120.5483884881
 30
0.0
 11
259.9511659504
 21
123.7483884881
 31
0.0
  0
LINE
  5
5D1
330
1FF
100
AcDbEntity
  8
0
  6
Continuous
 62
     7
100
AcDbLine
 10
260.150404895
 20
121.2819282743
 30
0.0
 11
260.150404895
 21
123.6483884881
 31
0.0
  0
LINE
  5
5D2
330
1FF
100
AcDbEntity
  8
0
  6
Continuous
 62
     7
100
AcDbLine
 10
260.1690545988
 20
120.587305496
 30
0.0
 11
260.1690545988
 21
120.5483884881
 31
0.0
  0
LINE
  5
5D3
330
1FF
100
AcDbEntity
  8
0
  6
Continuous
 62
     7
100
AcDbLine
 10
260.1939826246
 20
120.9483884881
 30
0.0
 11
260.1939826246
 21
121.2819282743
 31
0.0
  0
LINE
  5
5D4
330
1FF
100
AcDbEntity
  8
0
  6
Continuous
 62
     7
100
AcDbLine
 10
260.2082745555
 20
120.5483884881
 30
0.0
 11
260.2082745555
 21
120.6333399646
 31
0.0
  0
LINE
  5
5D5
330
1FF
100
AcDbEntity
  8
0
  6
Continuous
 62
     7
100
AcDbLine
 10
260.3247158137
 20
121.2819282743
 30
0.0
 11
260.3247158137
 21
120.9483884881
 31
0.0
  0
LINE
  5
5D6
330
1FF
100
AcDbEntity
  8
0
  6
Continuous
 62
     7
100
AcDbLine
 10
260.3682935434
 20
123.6483884881
 30
0.0
 11
260.3682935434
 21
121.2819282743
 31
0.0
  0
LINE
  5
5D7
330
1FF
100
AcDbEntity
  8
0
  6
Continuous
 62
     7
100
AcDbLine
 10
264.6038709614
 20
117.8483884881
 30
0.0
 11
264.6038709614
 21
118.8483884881
 31
0.0
  0
ARC
  5
5D8
330
1FF
100
AcDbEntity
  8
0
  6
Continuous
 62
     7
100
AcDbCircle
 10
-313.8187001161
 20
-318.7767077171
 30
0.0
 40
627.6835434515
100
AcDbArc
 50
45.3997483983
 51
45.5249546778
  0
ARC
  5
5D9
330
1FF
100
AcDbEntity
  8
0
  6
Continuous
 62
     7
100
AcDbCircle
 10
546.2728807833
 20
-314.0348803926
 30
0.0
 40
621.0295798239
100
AcDbArc
 50
134.4692377296
 51
134.6007840654
  0
ARC
  5
5DA
330
1FF
100
AcDbEntity
  8
0
  6
Continuous
 62
     7
100
AcDbCircle
 10
107.2530256623
 20
120.948268972
 30
0.0
 40
0.5011015514000001
100
AcDbArc
 50
179.9863345755
 51
219.3096413722
  0
ARC
  5
5DB
330
1FF
100
AcDbEntity
  8
0
  6
Continuous
 62
     7
100
AcDbCircle
 10
107.25008763
 20
120.9451077966
 30
0.0
 40
0.4967193129
100
AcDbArc
 50
233.6467837471
 51
269.9923704577
  0
ARC
  5
5DC
330
1FF
100
AcDbEntity
  8
0
  6
Continuous
 62
     7
100
AcDbCircle
 10
477.7769661774
 20
-279.2804612875
 30
0.0
 40
597.4365627259
100
AcDbArc
 50
136.8716079251
 51
137.0028725074
  0
ARC
  5
5DD
330
1FF
100
AcDbEntity
  8
0
  6
Continuous
 62
     7
100
AcDbCircle
 10
478.9672475881999
 20
-279.2804612704
 30
0.0
 40
597.4365626971
100
AcDbArc
 50
136.8716079248
 51
137.0028725071
  0
ARC
  5
5DE
330
1FF
100
AcDbEntity
  8
0
  6
Continuous
 62
     7
100
AcDbCircle
 10
54.987649354
 20
123.6484345075
 30
0.0
 40
5.667998510499999
100
AcDbArc
 50
178.981520097
 51
180.0004651943
  0
ARC
  5
5DF
330
1FF
100
AcDbEntity
  8
0
  6
Continuous
 62
     7
100
AcDbCircle
 10
52.4524758424
 20
123.6488314774
 30
0.0
 40
5.6233118233
100
AcDbArc
 50
178.9774689097
 51
180.004513607
  0
ARC
  5
5E0
330
1FF
100
AcDbEntity
  8
0
  6
Continuous
 62
     7
100
AcDbCircle
 10
54.4440871276
 20
120.9479396311
 30
0.0
 40
5.6225336632
100
AcDbArc
 50
179.9954259744
 51
181.0256524716
  0
ARC
  5
5E1
330
1FF
100
AcDbEntity
  8
0
  6
Continuous
 62
     7
100
AcDbCircle
 10
54.5972598583
 20
123.6547922086
 30
0.0
 40
5.2775577154
100
AcDbArc
 50
178.6607374822
 51
178.9751969016
  0
ARC
  5
5E2
330
1FF
100
AcDbEntity
  8
0
  6
Continuous
 62
     7
100
AcDbCircle
 10
52.10673899319999
 20
123.6547929194
 30
0.0
 40
5.277523649699999
100
AcDbArc
 50
178.6606334311
 51
178.9751957147
  0
ARC
  5
5E3
330
1FF
100
AcDbEntity
  8
0
  6
Continuous
 62
     7
100
AcDbCircle
 10
54.097821798
 20
120.9419558036
 30
0.0
 40
5.2762167054
100
AcDbArc
 50
181.0279904724
 51
181.3393915049
  0
ARC
  5
5E4
330
1FF
100
AcDbEntity
  8
0
  6
Continuous
 62
     7
100
AcDbCircle
 10
53.5568708454
 20
120.9280655347
 30
0.0
 40
4.735089036399999
100
AcDbArc
 50
181.3243638636
 51
182.2122169626
  0
ARC
  5
5E5
330
1FF
100
AcDbEntity
  8
0
  6
Continuous
 62
     7
100
AcDbCircle
 10
47.2265555323
 20
116.4618946376
 30
0.0
 40
0.4039015602
100
AcDbArc
 50
180.0517230588
 51
194.5537577103
  0
ARC
  5
5E6
330
1FF
100
AcDbEntity
  8
0
  6
Continuous
 62
     7
100
AcDbCircle
 10
129.5763742908
 20
174.9837775152
 30
0.0
 40
1.25
100
AcDbArc
 50
268.9516876576
 51
306.4873902963
  0
ARC
  5
5E7
330
1FF
100
AcDbEntity
  8
0
  6
Continuous
 62
     7
100
AcDbCircle
 10
129.5763742908
 20
174.9837775152
 30
0.0
 40
1.25
100
AcDbArc
 50
54.0023121199
 51
81.0605136627
  0
CIRCLE
  5
5E8
330
1FF
100
AcDbEntity
  8
0
  6
Continuous
 62
     7
100
AcDbCircle
 10
110.4572090137
 20
168.3659278987
 30
0.0
 40
0.8999979999999998
  0
CIRCLE
  5
5E9
330
1FF
100
AcDbEntity
  8
0
  6
Continuous
 62
     7
100
AcDbCircle
 10
108.5288461737
 20
170.6640599134
 30
0.0
 40
0.8999979999999998
  0
CIRCLE
  5
5EA
330
1FF
100
AcDbEntity
  8
0
  6
Continuous
 62
     7
100
AcDbCircle
 10
106.6004833337
 20
172.9621919282
 30
0.0
 40
0.8999979999999998
  0
ARC
  5
5EB
330
1FF
100
AcDbEntity
  8
0
  6
Continuous
 62
     7
100
AcDbCircle
 10
114.0680144809
 20
175.3399776752
 30
0.0
 40
0.85
100
AcDbArc
 50
160.5302082703
 51
166.1868339616
  0
ARC
  5
5EC
330
1FF
100
AcDbEntity
  8
0
  6
Continuous
 62
     7
100
AcDbCircle
 10
114.0680144809
 20
175.3399776752
 30
0.0
 40
0.85
100
AcDbArc
 50
273.7482814491
 51
279.4698243274
  0
ARC
  5
5ED
330
1FF
100
AcDbEntity
  8
0
  6
Continuous
 62
     7
100
AcDbCircle
 10
115.4257345952
 20
174.1597302642
 30
0.0
 40
0.85
100
AcDbArc
 50
178.5302082703
 51
183.7238670712
  0
ARC
  5
5EE
330
1FF
100
AcDbEntity
  8
0
  6
Continuous
 62
     7
100
AcDbCircle
 10
115.4257345952
 20
174.1597302642
 30
0.0
 40
0.85
100
AcDbArc
 50
291.0959569374
 51
297.4698243277
  0
ARC
  5
5EF
330
1FF
100
AcDbEntity
  8
0
  6
Continuous
 62
     7
100
AcDbCircle
 10
117.0817196648
 20
173.4568068621
 30
0.0
 40
0.85
100
AcDbArc
 50
196.5302082703
 51
201.4651415829
  0
ARC
  5
5F0
330
1FF
100
AcDbEntity
  8
0
  6
Continuous
 62
     7
100
AcDbCircle
 10
117.0817196648
 20
173.4568068621
 30
0.0
 40
0.85
100
AcDbArc
 50
309.1255234518
 51
315.4698243275
  0
ARC
  5
5F1
330
1FF
100
AcDbEntity
  8
0
  6
Continuous
 62
     7
100
AcDbCircle
 10
122.1687989861
 20
174.6312531874
 30
0.0
 40
0.85
100
AcDbArc
 50
250.5302082703
 51
255.5581355344
  0
ARC
  5
5F2
330
1FF
100
AcDbEntity
  8
0
  6
Continuous
 62
     7
100
AcDbCircle
 10
122.1687989861
 20
174.6312531874
 30
0.0
 40
0.85
100
AcDbArc
 50
4.415619520199999
 51
9.469824327299999
  0
ARC
  5
5F3
330
1FF
100
AcDbEntity
  8
0
  6
Continuous
 62
     7
100
AcDbCircle
 10
120.6267584061
 20
173.7047011329
 30
0.0
 40
0.85
100
AcDbArc
 50
232.5302082703
 51
237.3748299977
  0
ARC
  5
5F4
330
1FF
100
AcDbEntity
  8
0
  6
Continuous
 62
     7
100
AcDbCircle
 10
120.6267584061
 20
173.7047011329
 30
0.0
 40
0.85
100
AcDbArc
 50
346.1211217101
 51
351.4698243275
  0
ARC
  5
5F5
330
1FF
100
AcDbEntity
  8
0
  6
Continuous
 62
     7
100
AcDbCircle
 10
118.8738703332
 20
173.300014509
 30
0.0
 40
0.85
100
AcDbArc
 50
214.5302082703
 51
219.3587495262
  0
ARC
  5
5F6
330
1FF
100
AcDbEntity
  8
0
  6
Continuous
 62
     7
100
AcDbCircle
 10
118.8738703332
 20
173.300014509
 30
0.0
 40
0.85
100
AcDbArc
 50
327.6640154577
 51
333.4698243275
  0
CIRCLE
  5
5F7
330
1FF
100
AcDbEntity
  8
0
  6
Continuous
 62
     7
100
AcDbCircle
 10
122.7429722351
 20
165.6900225302
 30
0.0
 40
0.7500010000000001
  0
ARC
  5
5F8
330
1FF
100
AcDbEntity
  8
0
  6
Continuous
 62
     7
100
AcDbCircle
 10
117.444334557
 20
167.2809099539
 30
0.0
 40
0.5
100
AcDbArc
 50
355.0000162987999
 51
175.0000162988
  0
ARC
  5
5F9
330
1FF
100
AcDbEntity
  8
0
  6
Continuous
 62
     7
100
AcDbCircle
 10
121.7643633536
 20
168.6644858117
 30
0.0
 40
0.15
100
AcDbArc
 50
25.000016288
 51
160.0000163314
  0
ARC
  5
5FA
330
1FF
100
AcDbEntity
  8
0
  6
Continuous
 62
     7
100
AcDbCircle
 10
124.3020248207
 20
169.8478176665
 30
0.0
 40
0.15
100
AcDbArc
 50
70.00001630529999
 51
205.0000163083
  0
ARC
  5
5FB
330
1FF
100
AcDbEntity
  8
0
  6
Continuous
 62
     7
100
AcDbCircle
 10
113.5964915577
 20
182.0830420661
 30
0.0
 40
0.85
100
AcDbArc
 50
202.6380898385
 51
207.4698243269
  0
ARC
  5
5FC
330
1FF
100
AcDbEntity
  8
0
  6
Continuous
 62
     7
100
AcDbCircle
 10
113.5964915577
 20
182.0830420661
 30
0.0
 40
0.85
100
AcDbArc
 50
88.5302082703
 51
93.80732316399999
  0
ARC
  5
5FD
330
1FF
100
AcDbEntity
  8
0
  6
Continuous
 62
     7
100
AcDbCircle
 10
112.8935681556
 20
180.4270569965
 30
0.0
 40
0.85
100
AcDbArc
 50
220.660611521
 51
225.4698243277
  0
ARC
  5
5FE
330
1FF
100
AcDbEntity
  8
0
  6
Continuous
 62
     7
100
AcDbCircle
 10
112.8935681556
 20
180.4270569965
 30
0.0
 40
0.85
100
AcDbArc
 50
106.5302082703
 51
112.2917011401
  0
ARC
  5
5FF
330
1FF
100
AcDbEntity
  8
0
  6
Continuous
 62
     7
100
AcDbCircle
 10
112.7367758025
 20
178.6349063282
 30
0.0
 40
0.85
100
AcDbArc
 50
238.5243150513
 51
243.4698243274
  0
ARC
  5
600
330
1FF
100
AcDbEntity
  8
0
  6
Continuous
 62
     7
100
AcDbCircle
 10
112.7367758025
 20
178.6349063282
 30
0.0
 40
0.85
100
AcDbArc
 50
124.5302082703
 51
130.8647179973
  0
ARC
  5
601
330
1FF
100
AcDbEntity
  8
0
  6
Continuous
 62
     7
100
AcDbCircle
 10
113.1414624264
 20
176.8820182552
 30
0.0
 40
0.85
100
AcDbArc
 50
142.5302082703
 51
148.9088681282
  0
ARC
  5
602
330
1FF
100
AcDbEntity
  8
0
  6
Continuous
 62
     7
100
AcDbCircle
 10
113.1414624264
 20
176.8820182552
 30
0.0
 40
0.85
100
AcDbArc
 50
256.2594860986
 51
261.4698243269
  0
CIRCLE
  5
603
330
1FF
100
AcDbEntity
  8
0
  6
Continuous
 62
     7
100
AcDbCircle
 10
104.7548576999
 20
178.9872436748
 30
0.0
 40
0.7500010000000001
  0
ARC
  5
604
330
1FF
100
AcDbEntity
  8
0
  6
Continuous
 62
     7
100
AcDbCircle
 10
107.6009350859
 20
178.5818190472
 30
0.0
 40
0.15
100
AcDbArc
 50
310.000016292
 51
85.0000162977
  0
ARC
  5
605
330
1FF
100
AcDbEntity
  8
0
  6
Continuous
 62
     7
100
AcDbCircle
 10
107.8449703721
 20
181.3711642713
 30
0.0
 40
0.15
100
AcDbArc
 50
265.0000163045
 51
40.00001628489999
  0
ARC
  5
606
330
1FF
100
AcDbEntity
  8
0
  6
Continuous
 62
     7
100
AcDbCircle
 10
114.7767389687
 20
183.4407621804
 30
0.0
 40
0.85
100
AcDbArc
 50
184.4156195216
 51
189.4698243274
  0
ARC
  5
607
330
1FF
100
AcDbEntity
  8
0
  6
Continuous
 62
     7
100
AcDbCircle
 10
114.7767389687
 20
183.4407621804
 30
0.0
 40
0.85
100
AcDbArc
 50
70.5302082703
 51
75.5581355332
  0
CIRCLE
  5
608
330
1FF
100
AcDbEntity
  8
0
  6
Continuous
 62
     7
100
AcDbCircle
 10
118.4727689774
 20
179.0360076838999
 30
0.0
 40
16.0
  0
ARC
  5
609
330
1FF
100
AcDbEntity
  8
0
  6
Continuous
 62
     7
100
AcDbCircle
 10
118.4727689774
 20
179.0360076838999
 30
0.0
 40
11.2
100
AcDbArc
 50
193.2099731631
 51
198.6898759597
  0
ARC
  5
60A
330
1FF
100
AcDbEntity
  8
0
  6
Continuous
 62
     7
100
AcDbCircle
 10
118.4727689774
 20
179.0360076838999
 30
0.0
 40
11.2
100
AcDbArc
 50
277.897910228
 51
283.2099731631
  0
ARC
  5
60B
330
1FF
100
AcDbEntity
  8
0
  6
Continuous
 62
     7
100
AcDbCircle
 10
118.4727689774
 20
179.0360076838999
 30
0.0
 40
11.2
100
AcDbArc
 50
151.3101566379
 51
156.7900594345999
  0
ARC
  5
60C
330
1FF
100
AcDbEntity
  8
0
  6
Continuous
 62
     7
100
AcDbCircle
 10
118.4727689774
 20
179.0360076838999
 30
0.0
 40
11.2
100
AcDbArc
 50
66.79005943449999
 51
72.1021223697
  0
ARC
  5
60D
330
1FF
100
AcDbEntity
  8
0
  6
Continuous
 62
     7
100
AcDbCircle
 10
118.4727689774
 20
179.0360076838999
 30
0.0
 40
11.0
100
AcDbArc
 50
183.8407250488
 51
227.1625365358
  0
ARC
  5
60E
330
1FF
100
AcDbEntity
  8
0
  6
Continuous
 62
     7
100
AcDbCircle
 10
118.4727689774
 20
179.0360076838999
 30
0.0
 40
11.0
100
AcDbArc
 50
122.8374960619
 51
166.159307549
  0
ARC
  5
60F
330
1FF
100
AcDbEntity
  8
0
  6
Continuous
 62
     7
100
AcDbCircle
 10
118.4727689774
 20
179.0360076838999
 30
0.0
 40
11.0
100
AcDbArc
 50
242.8374960619
 51
287.1625365357
  0
ARC
  5
610
330
1FF
100
AcDbEntity
  8
0
  6
Continuous
 62
     7
100
AcDbCircle
 10
118.4727689774
 20
179.0360076838999
 30
0.0
 40
11.0
100
AcDbArc
 50
17.5873306775
 51
47.16253653579999
  0
ARC
  5
611
330
1FF
100
AcDbEntity
  8
0
  6
Continuous
 62
     7
100
AcDbCircle
 10
118.4727689774
 20
179.0360076838999
 30
0.0
 40
11.0
100
AcDbArc
 50
62.83749606189999
 51
107.1625365358
  0
ARC
  5
612
330
1FF
100
AcDbEntity
  8
0
  6
Continuous
 62
     7
100
AcDbCircle
 10
118.4727689774
 20
179.0360076838999
 30
0.0
 40
11.0
100
AcDbArc
 50
302.8374960619
 51
332.4127019201
  0
CIRCLE
  5
613
330
1FF
100
AcDbEntity
  8
0
  6
Continuous
 62
     7
100
AcDbCircle
 10
118.4727689774
 20
179.0360076838999
 30
0.0
 40
9.0
  0
ARC
  5
614
330
1FF
100
AcDbEntity
  8
0
  6
Continuous
 62
     7
100
AcDbCircle
 10
118.4727689774
 20
179.0360076838999
 30
0.0
 40
8.7000209688
100
AcDbArc
 50
328.4224674075
 51
334.5922220809
  0
ARC
  5
615
330
1FF
100
AcDbEntity
  8
0
  6
Continuous
 62
     7
100
AcDbCircle
 10
118.4727689774
 20
179.0360076838999
 30
0.0
 40
8.699999999999999
100
AcDbArc
 50
102.7325901106
 51
103.5109632103
  0
ARC
  5
616
330
1FF
100
AcDbEntity
  8
0
  6
Continuous
 62
     7
100
AcDbCircle
 10
118.4727689774
 20
179.0360076838999
 30
0.0
 40
8.699999999999999
100
AcDbArc
 50
33.2266932069
 51
34.0478384926
  0
ARC
  5
617
330
1FF
100
AcDbEntity
  8
0
  6
Continuous
 62
     7
100
AcDbCircle
 10
118.4727689774
 20
179.0360076838999
 30
0.0
 40
8.699999999999999
100
AcDbArc
 50
148.4272329401
 51
168.3175330687
  0
CIRCLE
  5
618
330
1FF
100
AcDbEntity
  8
0
  6
Continuous
 62
     7
100
AcDbCircle
 10
118.4727689774
 20
179.0360076838999
 30
0.0
 40
8.5
  0
ARC
  5
619
330
1FF
100
AcDbEntity
  8
0
  6
Continuous
 62
     7
100
AcDbCircle
 10
118.4727689774
 20
179.0360076838999
 30
0.0
 40
7.5
100
AcDbArc
 50
267.8470365261
 51
48.9045952572
  0
ARC
  5
61A
330
1FF
100
AcDbEntity
  8
0
  6
Continuous
 62
     7
100
AcDbCircle
 10
118.4727689774
 20
179.0360076838999
 30
0.0
 40
7.5
100
AcDbArc
 50
87.84703652610001
 51
228.9045952572
  0
ARC
  5
61B
330
1FF
100
AcDbEntity
  8
0
  6
Continuous
 62
     7
100
AcDbCircle
 10
118.4727689774
 20
179.0360076838999
 30
0.0
 40
7.0
100
AcDbArc
 50
252.4718596499
 51
61.813388023
  0
ARC
  5
61C
330
1FF
100
AcDbEntity
  8
0
  6
Continuous
 62
     7
100
AcDbCircle
 10
118.4727689774
 20
179.0360076838999
 30
0.0
 40
7.0
100
AcDbArc
 50
74.9382437603
 51
244.2797721335
  0
CIRCLE
  5
61D
330
1FF
100
AcDbEntity
  8
0
  6
Continuous
 62
     7
100
AcDbCircle
 10
118.4727689774
 20
179.0360076838999
 30
0.0
 40
6.299999999999999
  0
CIRCLE
  5
61E
330
1FF
100
AcDbEntity
  8
0
  6
Continuous
 62
     7
100
AcDbCircle
 10
118.4727689774
 20
179.0360076838999
 30
0.0
 40
6.224999999999999
  0
CIRCLE
  5
61F
330
1FF
100
AcDbEntity
  8
0
  6
Continuous
 62
     7
100
AcDbCircle
 10
118.4727689774
 20
179.0360076838999
 30
0.0
 40
5.724999999999999
  0
ARC
  5
620
330
1FF
100
AcDbEntity
  8
0
  6
Continuous
 62
     7
100
AcDbCircle
 10
118.4727689774
 20
179.0360076838999
 30
0.0
 40
5.525
100
AcDbArc
 50
18.7774987609
 51
61.2225338368
  0
ARC
  5
621
330
1FF
100
AcDbEntity
  8
0
  6
Continuous
 62
     7
100
AcDbCircle
 10
118.4727689774
 20
179.0360076838999
 30
0.0
 40
5.525
100
AcDbArc
 50
0.1922585042
 51
5.439694518899999
  0
ARC
  5
622
330
1FF
100
AcDbEntity
  8
0
  6
Continuous
 62
     7
100
AcDbCircle
 10
118.4727689774
 20
179.0360076838999
 30
0.0
 40
5.525
100
AcDbArc
 50
344.5603380788
 51
349.8077740935
  0
ARC
  5
623
330
1FF
100
AcDbEntity
  8
0
  6
Continuous
 62
     7
100
AcDbCircle
 10
118.4727689774
 20
179.0360076838999
 30
0.0
 40
5.525
100
AcDbArc
 50
288.7774987609
 51
331.2225338368
  0
ARC
  5
624
330
1FF
100
AcDbEntity
  8
0
  6
Continuous
 62
     7
100
AcDbCircle
 10
118.4727689774
 20
179.0360076838999
 30
0.0
 40
5.525
100
AcDbArc
 50
254.5603380789
 51
275.4396945189
  0
ARC
  5
625
330
1FF
100
AcDbEntity
  8
0
  6
Continuous
 62
     7
100
AcDbCircle
 10
118.4727689774
 20
179.0360076838999
 30
0.0
 40
5.525
100
AcDbArc
 50
198.7774987609
 51
241.2225338368
  0
ARC
  5
626
330
1FF
100
AcDbEntity
  8
0
  6
Continuous
 62
     7
100
AcDbCircle
 10
118.4727689774
 20
179.0360076838999
 30
0.0
 40
5.525
100
AcDbArc
 50
164.5603380788
 51
185.4396945189
  0
ARC
  5
627
330
1FF
100
AcDbEntity
  8
0
  6
Continuous
 62
     7
100
AcDbCircle
 10
118.4727689774
 20
179.0360076838999
 30
0.0
 40
5.525
100
AcDbArc
 50
108.7774987608
 51
151.2225338367
  0
ARC
  5
628
330
1FF
100
AcDbEntity
  8
0
  6
Continuous
 62
     7
100
AcDbCircle
 10
118.4727689774
 20
179.0360076838999
 30
0.0
 40
5.525
100
AcDbArc
 50
74.5603380788
 51
95.4396945188
  0
CIRCLE
  5
629
330
1FF
100
AcDbEntity
  8
0
  6
Continuous
 62
     7
100
AcDbCircle
 10
118.4727689774
 20
179.0360076838999
 30
0.0
 40
1.5
  0
ARC
  5
62A
330
1FF
100
AcDbEntity
  8
0
  6
Continuous
 62
     7
100
AcDbCircle
 10
124.0519697992
 20
177.6449583713
 30
0.0
 40
0.85
100
AcDbArc
 50
286.5302082703
 51
292.2917011419
  0
ARC
  5
62B
330
1FF
100
AcDbEntity
  8
0
  6
Continuous
 62
     7
100
AcDbCircle
 10
124.0519697992
 20
177.6449583713
 30
0.0
 40
0.85
100
AcDbArc
 50
40.6606115191
 51
45.4698243271
  0
ARC
  5
62C
330
1FF
100
AcDbEntity
  8
0
  6
Continuous
 62
     7
100
AcDbCircle
 10
123.3490463971
 20
175.9889733017
 30
0.0
 40
0.85
100
AcDbArc
 50
268.5302082703
 51
273.8073231648
  0
ARC
  5
62D
330
1FF
100
AcDbEntity
  8
0
  6
Continuous
 62
     7
100
AcDbCircle
 10
123.3490463971
 20
175.9889733017
 30
0.0
 40
0.85
100
AcDbArc
 50
22.6380898375
 51
27.4698243277
  0
ARC
  5
62E
330
1FF
100
AcDbEntity
  8
0
  6
Continuous
 62
     7
100
AcDbCircle
 10
126.746465533
 20
177.1190270915
 30
0.0
 40
0.2
100
AcDbArc
 50
340.2366551525
 51
50.375815892
  0
ARC
  5
62F
330
1FF
100
AcDbEntity
  8
0
  6
Continuous
 62
     7
100
AcDbCircle
 10
123.8040755284
 20
181.1899971126
 30
0.0
 40
0.85
100
AcDbArc
 50
76.25948609779999
 51
81.4698243275
  0
ARC
  5
630
330
1FF
100
AcDbEntity
  8
0
  6
Continuous
 62
     7
100
AcDbCircle
 10
123.8040755284
 20
181.1899971126
 30
0.0
 40
0.85
100
AcDbArc
 50
322.5302082703
 51
328.9088681292
  0
ARC
  5
631
330
1FF
100
AcDbEntity
  8
0
  6
Continuous
 62
     7
100
AcDbCircle
 10
122.8775234739
 20
182.7320376926
 30
0.0
 40
0.85
100
AcDbArc
 50
93.74828144790001
 51
99.4698243274
  0
ARC
  5
632
330
1FF
100
AcDbEntity
  8
0
  6
Continuous
 62
     7
100
AcDbCircle
 10
122.8775234739
 20
182.7320376926
 30
0.0
 40
0.85
100
AcDbArc
 50
340.5302082703
 51
346.1868339633
  0
ARC
  5
633
330
1FF
100
AcDbEntity
  8
0
  6
Continuous
 62
     7
100
AcDbCircle
 10
124.2087621523
 20
179.4371090396
 30
0.0
 40
0.85
100
AcDbArc
 50
304.5302082702999
 51
310.8647179991
  0
ARC
  5
634
330
1FF
100
AcDbEntity
  8
0
  6
Continuous
 62
     7
100
AcDbCircle
 10
124.2087621523
 20
179.4371090396
 30
0.0
 40
0.85
100
AcDbArc
 50
58.5243150494
 51
63.46982432739999
  0
ARC
  5
635
330
1FF
100
AcDbEntity
  8
0
  6
Continuous
 62
     7
100
AcDbCircle
 10
116.4615345951
 20
190.6492074453
 30
0.0
 40
1.25
100
AcDbArc
 50
327.1482045284
 51
232.5687067383
  0
ARC
  5
636
330
1FF
100
AcDbEntity
  8
0
  6
Continuous
 62
     7
100
AcDbCircle
 10
121.5198033596
 20
183.9122851036
 30
0.0
 40
0.85
100
AcDbArc
 50
111.0959569368
 51
117.4698243271
  0
ARC
  5
637
330
1FF
100
AcDbEntity
  8
0
  6
Continuous
 62
     7
100
AcDbCircle
 10
121.5198033596
 20
183.9122851036
 30
0.0
 40
0.85
100
AcDbArc
 50
358.5302082702999
 51
3.723867072299999
  0
ARC
  5
638
330
1FF
100
AcDbEntity
  8
0
  6
Continuous
 62
     7
100
AcDbCircle
 10
119.86381829
 20
184.6152085057
 30
0.0
 40
0.85
100
AcDbArc
 50
129.1255234516
 51
135.4698243274
  0
ARC
  5
639
330
1FF
100
AcDbEntity
  8
0
  6
Continuous
 62
     7
100
AcDbCircle
 10
119.86381829
 20
184.6152085057
 30
0.0
 40
0.85
100
AcDbArc
 50
16.5302082703
 51
21.4651415835
  0
ARC
  5
63A
330
1FF
100
AcDbEntity
  8
0
  6
Continuous
 62
     7
100
AcDbCircle
 10
118.0716676217
 20
184.7720008588
 30
0.0
 40
0.85
100
AcDbArc
 50
147.6640154581
 51
153.4698243271
  0
ARC
  5
63B
330
1FF
100
AcDbEntity
  8
0
  6
Continuous
 62
     7
100
AcDbCircle
 10
118.0716676217
 20
184.7720008588
 30
0.0
 40
0.85
100
AcDbArc
 50
34.5302082703
 51
39.3587495261
  0
ARC
  5
63C
330
1FF
100
AcDbEntity
  8
0
  6
Continuous
 62
     7
100
AcDbCircle
 10
116.3187795487
 20
184.3673142349
 30
0.0
 40
0.85
100
AcDbArc
 50
166.1211217111
 51
171.4698243272
  0
ARC
  5
63D
330
1FF
100
AcDbEntity
  8
0
  6
Continuous
 62
     7
100
AcDbCircle
 10
116.3187795487
 20
184.3673142349
 30
0.0
 40
0.85
100
AcDbArc
 50
52.53020827029999
 51
57.37482999699999
  0
CIRCLE
  5
63E
330
1FF
100
AcDbEntity
  8
0
  6
Continuous
 62
     7
100
AcDbCircle
 10
125.6780242013
 20
190.8408103849
 30
0.0
 40
0.7500010000000001
  0
ARC
  5
63F
330
1FF
100
AcDbEntity
  8
0
  6
Continuous
 62
     7
100
AcDbCircle
 10
121.0732692008
 20
185.5960303129
 30
0.0
 40
0.65
100
AcDbArc
 50
304.7152156405
 51
328.4237567524
  0
ARC
  5
640
330
1FF
100
AcDbEntity
  8
0
  6
Continuous
 62
     7
100
AcDbCircle
 10
121.0732692008
 20
185.5960303129
 30
0.0
 40
0.65
100
AcDbArc
 50
168.3278750309
 51
192.0364161431
  0
ARC
  5
641
330
1FF
100
AcDbEntity
  8
0
  6
Continuous
 62
     7
100
AcDbCircle
 10
119.5012033979
 20
190.7911054139
 30
0.0
 40
0.5
100
AcDbArc
 50
175.0000162988
 51
355.0000162987999
  0
ARC
  5
642
330
1FF
100
AcDbEntity
  8
0
  6
Continuous
 62
     7
100
AcDbCircle
 10
121.0732692008
 20
185.5960303129
 30
0.0
 40
0.47
100
AcDbArc
 50
168.3278750309
 51
208.3437225138
  0
ARC
  5
643
330
1FF
100
AcDbEntity
  8
0
  6
Continuous
 62
     7
100
AcDbCircle
 10
121.0732692008
 20
185.5960303129
 30
0.0
 40
0.47
100
AcDbArc
 50
288.408094446
 51
328.4237567526
  0
ARC
  5
644
330
1FF
100
AcDbEntity
  8
0
  6
Continuous
 62
     7
100
AcDbCircle
 10
123.5153470257
 20
188.678386338
 30
0.0
 40
0.15
100
AcDbArc
 50
190.0000162686
 51
325.0000162563
  0
ARC
  5
645
330
1FF
100
AcDbEntity
  8
0
  6
Continuous
 62
     7
100
AcDbCircle
 10
125.8089732066
 20
187.0723729687
 30
0.0
 40
0.15
100
AcDbArc
 50
145.0000163046
 51
280.0000162875999
  0
ARC
  5
646
330
1FF
100
AcDbEntity
  8
0
  6
Continuous
 62
     7
100
AcDbCircle
 10
169.0995601143
 20
160.5164040104
 30
0.0
 40
45.2815174984
100
AcDbArc
 50
159.0821411355
 51
159.3163619536
  0
CIRCLE
  5
647
330
1FF
100
AcDbEntity
  8
0
  6
Continuous
 62
     7
100
AcDbCircle
 10
118.4727689774
 20
59.56846710439999
 30
0.0
 40
16.0
  0
ARC
  5
648
330
1FF
100
AcDbEntity
  8
0
  6
Continuous
 62
     7
100
AcDbCircle
 10
118.4727689774
 20
59.56846710439999
 30
0.0
 40
11.0
100
AcDbArc
 50
255.4210853039
 51
264.952491024
  0
ARC
  5
649
330
1FF
100
AcDbEntity
  8
0
  6
Continuous
 62
     7
100
AcDbCircle
 10
132.3007875114
 20
59.2130348859
 30
0.0
 40
1.8999913761
100
AcDbArc
 50
270.0
 51
90.0
  0
ARC
  5
64A
330
1FF
100
AcDbEntity
  8
0
  6
Continuous
 62
     7
100
AcDbCircle
 10
126.5007844907
 20
59.2130348859
 30
0.0
 40
1.8999913761
100
AcDbArc
 50
90.0
 51
270.0
  0
ARC
  5
64B
330
1FF
100
AcDbEntity
  8
0
  6
Continuous
 62
     7
100
AcDbCircle
 10
132.3007875114
 20
59.2130348859
 30
0.0
 40
1.6999913761
100
AcDbArc
 50
270.0
 51
90.0
  0
ARC
  5
64C
330
1FF
100
AcDbEntity
  8
0
  6
Continuous
 62
     7
100
AcDbCircle
 10
126.5007844907
 20
59.2130348859
 30
0.0
 40
1.6999913761
100
AcDbArc
 50
90.0
 51
270.0
  0
CIRCLE
  5
64D
330
1FF
100
AcDbEntity
  8
0
  6
Continuous
 62
     7
100
AcDbCircle
 10
116.4615345951
 20
47.9552673429
 30
0.0
 40
1.25
  0
CIRCLE
  5
64E
330
1FF
100
AcDbEntity
  8
0
  6
Continuous
 62
     7
100
AcDbCircle
 10
129.5763742908
 20
63.6206972731
 30
0.0
 40
1.25
  0
CIRCLE
  5
64F
330
1FF
100
AcDbEntity
  8
0
  6
Continuous
 62
     7
100
AcDbCircle
 10
106.6004833337
 20
65.64228286009999
 30
0.0
 40
0.8999979999999998
  0
CIRCLE
  5
650
330
1FF
100
AcDbEntity
  8
0
  6
Continuous
 62
     7
100
AcDbCircle
 10
110.4572090137
 20
70.2385468896
 30
0.0
 40
0.8999979999999998
  0
CIRCLE
  5
651
330
1FF
100
AcDbEntity
  8
0
  6
Continuous
 62
     7
100
AcDbCircle
 10
108.5288461737
 20
67.9404148749
 30
0.0
 40
0.8999979999999998
  0
CIRCLE
  5
652
330
1FF
100
AcDbEntity
  8
0
  6
Continuous
 62
     7
100
AcDbCircle
 10
104.7548576999
 20
59.6172311135
 30
0.0
 40
0.7500010000000001
  0
CIRCLE
  5
653
330
1FF
100
AcDbEntity
  8
0
  6
Continuous
 62
     7
100
AcDbCircle
 10
125.6780242013
 20
47.7636644033
 30
0.0
 40
0.7500010000000001
  0
CIRCLE
  5
654
330
1FF
100
AcDbEntity
  8
0
  6
Continuous
 62
     7
100
AcDbCircle
 10
122.7429722351
 20
72.9144522581
 30
0.0
 40
0.7500010000000001
  0
ARC
  5
655
330
1FF
100
AcDbEntity
  8
0
  6
Continuous
 62
     7
100
AcDbCircle
 10
612.1480748003
 20
-279.2804612658
 30
0.0
 40
597.4365626933
100
AcDbArc
 50
136.871607925
 51
137.0028725073
  0
ARC
  5
656
330
1FF
100
AcDbEntity
  8
0
  6
Continuous
 62
     7
100
AcDbCircle
 10
613.3383562082
 20
-279.2804612461
 30
0.0
 40
597.4365626605999
100
AcDbArc
 50
136.8716079247
 51
137.002872507
  0
ARC
  5
657
330
1FF
100
AcDbEntity
  8
0
  6
Continuous
 62
     7
100
AcDbCircle
 10
188.3198701321
 20
120.9220042162
 30
0.0
 40
5.0032639441
100
AcDbArc
 50
177.1163215428
 51
177.3708198599
  0
ARC
  5
658
330
1FF
100
AcDbEntity
  8
0
  6
Continuous
 62
     7
100
AcDbCircle
 10
191.3084543002
 20
120.9220042163
 30
0.0
 40
5.0032639435
100
AcDbArc
 50
177.1163215428
 51
177.37081986
  0
ARC
  5
659
330
1FF
100
AcDbEntity
  8
0
  6
Continuous
 62
     7
100
AcDbCircle
 10
185.3312859567
 20
120.9220042166
 30
0.0
 40
5.003263937299999
100
AcDbArc
 50
177.1163215427
 51
177.3708198602
  0
ARC
  5
65A
330
1FF
100
AcDbEntity
  8
0
  6
Continuous
 62
     7
100
AcDbCircle
 10
194.408240136
 20
123.6482625202
 30
0.0
 40
0.5514159388000001
100
AcDbArc
 50
0.013088898
 51
11.6945777514
  0
ARC
  5
65B
330
1FF
100
AcDbEntity
  8
0
  6
Continuous
 62
     7
100
AcDbCircle
 10
194.4187993573
 20
123.6503042527
 30
0.0
 40
0.5406620761
100
AcDbArc
 50
11.709514401
 51
14.1265285344
  0
ARC
  5
65C
330
1FF
100
AcDbEntity
  8
0
  6
Continuous
 62
     7
100
AcDbCircle
 10
185.3328057444
 20
116.4618946376
 30
0.0
 40
0.4039015602
100
AcDbArc
 50
345.4462422897
 51
359.9482769413
  0
ARC
  5
65D
330
1FF
100
AcDbEntity
  8
0
  6
Continuous
 62
     7
100
AcDbCircle
 10
-183.6875978808
 20
-318.7767074573
 30
0.0
 40
627.6835430901
100
AcDbArc
 50
45.3997483979
 51
45.5249546776
  0
ARC
  5
65E
330
1FF
100
AcDbEntity
  8
0
  6
Continuous
 62
     7
100
AcDbCircle
 10
676.4039827364999
 20
-314.0348803653
 30
0.0
 40
621.0295797827999
100
AcDbArc
 50
134.4692377293
 51
134.6007840652
  0
ARC
  5
65F
330
1FF
100
AcDbEntity
  8
0
  6
Continuous
 62
     7
100
AcDbCircle
 10
259.693506619
 20
120.9480554708
 30
0.0
 40
0.5004618703000001
100
AcDbArc
 50
303.024195449
 51
0.0381246685
  0
ARC
  5
660
330
1FF
100
AcDbEntity
  8
0
  6
Continuous
 62
     7
100
AcDbCircle
 10
259.6958331785
 20
120.9450240654
 30
0.0
 40
0.4966355801
100
AcDbArc
 50
270.0060089049
 51
302.9855421667
  0
ARC
  5
661
330
1FF
100
AcDbEntity
  8
0
  6
Continuous
 62
     7
100
AcDbCircle
 10
236.2401449865
 20
120.8485260956
 30
0.0
 40
0.3004110502
100
AcDbArc
 50
129.9456485618
 51
180.0262451484
  0
ARC
  5
662
330
1FF
100
AcDbEntity
  8
0
  6
Continuous
 62
     7
100
AcDbCircle
 10
236.5016113646
 20
120.8485260956
 30
0.0
 40
0.3004110502
100
AcDbArc
 50
129.9456485618
 51
180.0262451483
  0
ARC
  5
663
330
1FF
100
AcDbEntity
  8
0
  6
Continuous
 62
     7
100
AcDbCircle
 10
236.2389505755
 20
120.8483911114
 30
0.0
 40
0.2999975905
100
AcDbArc
 50
90.06840996280001
 51
108.0581644365
  0
ARC
  5
664
330
1FF
100
AcDbEntity
  8
0
  6
Continuous
 62
     7
100
AcDbCircle
 10
236.5004169536
 20
120.8483911114
 30
0.0
 40
0.2999975905
100
AcDbArc
 50
90.06840996280001
 51
108.0581644365
  0
ARC
  5
665
330
1FF
100
AcDbEntity
  8
0
  6
Continuous
 62
     7
100
AcDbCircle
 10
235.9774841974
 20
120.8483911114
 30
0.0
 40
0.2999975905
100
AcDbArc
 50
90.06840996280001
 51
108.0581644365
  0
ARC
  5
666
330
1FF
100
AcDbEntity
  8
0
  6
Continuous
 62
     7
100
AcDbCircle
 10
236.0650877134
 20
120.8488300678
 30
0.0
 40
0.2997196792
100
AcDbArc
 50
90.0684367114
 51
180.0294033901
  0
ARC
  5
667
330
1FF
100
AcDbEntity
  8
0
  6
Continuous
 62
     7
100
AcDbCircle
 10
236.3265540915
 20
120.8488300678
 30
0.0
 40
0.2997196792
100
AcDbArc
 50
90.0684367114
 51
180.0294033901
  0
SPLINE
  5
668
330
1FF
100
AcDbEntity
  8
0
  6
Continuous
 62
     7
100
AcDbSpline
210
0.0
220
0.0
230
1.0
 70
     8
 71
     3
 72
    11
 73
     7
 74
     0
 42
0.0000001
 43
0.0000000001
 40
0.0
 40
0.0
 40
0.0
 40
0.0
 40
0.2504612835
 40
0.5006225941000001
 40
0.7504192496
 40
1.0
 40
1.0
 40
1.0
 40
1.0
 10
106.7083463955
 20
123.6483884881
 30
0.0
 10
106.7083463955
 20
123.7134144862
 30
0.0
 10
106.7342370851
 20
123.8448038938
 30
0.0
 10
106.8450140415
 20
124.0109840282
 30
0.0
 10
107.0105691799
 20
124.1223297602
 30
0.0
 10
107.1416463672
 20
124.1483884881
 30
0.0
 10
107.2064437569
 20
124.1483884881
 30
0.0
  0
SPLINE
  5
669
330
1FF
100
AcDbEntity
  8
0
  6
Continuous
 62
     7
100
AcDbSpline
210
0.0
220
0.0
230
1.0
 70
     8
 71
     3
 72
    13
 73
     9
 74
     0
 42
0.0000001
 43
0.0000000001
 40
0.0
 40
0.0
 40
0.0
 40
0.0
 40
0.0904326275
 40
0.1874509397
 40
0.2954282813
 40
0.4163131825
 40
0.6930997751000002
 40
1.0
 40
1.0
 40
1.0
 40
1.0
 10
110.6575331396
 20
124.1483884881
 30
0.0
 10
110.6386158573
 20
124.1483884881
 30
0.0
 10
110.5991400878
 20
124.1413316997
 30
0.0
 10
110.5441989197
 20
124.1112302422
 30
0.0
 10
110.4945153758
 20
124.0636421678
 30
0.0
 10
110.4345243241
 20
123.9758256785
 30
0.0
 10
110.3839802947
 20
123.8350339497
 30
0.0
 10
110.3707450379
 20
123.7125878631
 30
0.0
 10
110.3707450379
 20
123.6483884881
 30
0.0
  0
SPLINE
  5
66A
330
1FF
100
AcDbEntity
  8
0
  6
Continuous
 62
     7
100
AcDbSpline
210
0.0
220
0.0
230
1.0
 70
     8
 71
     3
 72
    11
 73
     7
 74
     0
 42
0.0000001
 43
0.0000000001
 40
0.0
 40
0.0
 40
0.0
 40
0.0
 40
0.3368664438
 40
0.4923851001
 40
0.6329754049
 40
1.0
 40
1.0
 40
1.0
 40
1.0
 10
121.988688109
 20
123.6483884881
 30
0.0
 10
121.988688109
 20
123.6611904903
 30
0.0
 10
121.9872734579
 20
123.6798784238
 30
0.0
 10
121.9819326094
 20
123.7036225776
 30
0.0
 10
121.9743440577
 20
123.7266408554
 30
0.0
 10
121.9603743655
 20
123.7483884881
 30
0.0
 10
121.9464262571
 20
123.7483884881
 30
0.0
  0
SPLINE
  5
66B
330
1FF
100
AcDbEntity
  8
0
  6
Continuous
 62
     7
100
AcDbSpline
210
0.0
220
0.0
230
1.0
 70
     8
 71
     3
 72
     9
 73
     5
 74
     0
 42
0.0000001
 43
0.0000000001
 40
0.0
 40
0.0
 40
0.0
 40
0.0
 40
0.4929101553
 40
1.0
 40
1.0
 40
1.0
 40
1.0
 10
123.0187278003
 20
122.5483884881
 30
0.0
 10
123.0068916325
 20
122.5483884881
 30
0.0
 10
122.9826084344
 20
122.5430127754
 30
0.0
 10
122.9628193215
 20
122.5281216551
 30
0.0
 10
122.9546421706
 20
122.5190991662
 30
0.0
  0
SPLINE
  5
66C
330
1FF
100
AcDbEntity
  8
0
  6
Continuous
 62
     7
100
AcDbSpline
210
0.0
220
0.0
230
1.0
 70
     8
 71
     3
 72
     9
 73
     5
 74
     0
 42
0.0000001
 43
0.0000000001
 40
0.0
 40
0.0
 40
0.0
 40
0.0
 40
0.493764104
 40
1.0
 40
1.0
 40
1.0
 40
1.0
 10
122.9546421706
 20
122.5190991662
 30
0.0
 10
122.9461522126
 20
122.5097315328
 30
0.0
 10
122.9326400235
 20
122.4871701801
 30
0.0
 10
122.9280970336
 20
122.4613502851
 30
0.0
 10
122.9280970336
 20
122.4483884882
 30
0.0
  0
SPLINE
  5
66D
330
1FF
100
AcDbEntity
  8
0
  6
Continuous
 62
     7
100
AcDbSpline
210
0.0
220
0.0
230
1.0
 70
     8
 71
     3
 72
     9
 73
     5
 74
     0
 42
0.0000001
 43
0.0000000001
 40
0.0
 40
0.0
 40
0.0
 40
0.0
 40
0.506235896
 40
1.0
 40
1.0
 40
1.0
 40
1.0
 10
122.9280970336
 20
121.5483884881
 30
0.0
 10
122.9280970336
 20
121.5354266912
 30
0.0
 10
122.9326400235
 20
121.5096067961
 30
0.0
 10
122.9461522126
 20
121.4870454434
 30
0.0
 10
122.9546421706
 20
121.47767781
 30
0.0
  0
SPLINE
  5
66E
330
1FF
100
AcDbEntity
  8
0
  6
Continuous
 62
     7
100
AcDbSpline
210
0.0
220
0.0
230
1.0
 70
     8
 71
     3
 72
     9
 73
     5
 74
     0
 42
0.0000001
 43
0.0000000001
 40
0.0
 40
0.0
 40
0.0
 40
0.0
 40
0.5070898447
 40
1.0
 40
1.0
 40
1.0
 40
1.0
 10
122.9546421706
 20
121.47767781
 30
0.0
 10
122.9628193215
 20
121.468655321
 30
0.0
 10
122.9826084344
 20
121.4537642008
 30
0.0
 10
123.0068916326
 20
121.4483884881
 30
0.0
 10
123.0187278003
 20
121.4483884881
 30
0.0
  0
SPLINE
  5
66F
330
1FF
100
AcDbEntity
  8
0
  6
Continuous
 62
     7
100
AcDbSpline
210
0.0
220
0.0
230
1.0
 70
     8
 71
     3
 72
    13
 73
     9
 74
     0
 42
0.0000001
 43
0.0000000001
 40
0.0
 40
0.0
 40
0.0
 40
0.0
 40
0.0726239566
 40
0.1557190018
 40
0.2562021064
 40
0.3760174113000001
 40
0.6669412288000001
 40
1.0
 40
1.0
 40
1.0
 40
1.0
 10
122.3984171955
 20
120.8484262679
 30
0.0
 10
122.4012493648
 20
120.8482418015
 30
0.0
 10
122.4074786693
 20
120.8494389
 30
0.0
 10
122.4158164839
 20
120.8553345349
 30
0.0
 10
122.4232245709
 20
120.8647271479
 30
0.0
 10
122.4323934446
 20
120.8825719275
 30
0.0
 10
122.4398696506
 20
120.9109616754
 30
0.0
 10
122.4418419424
 20
120.9353724318
 30
0.0
 10
122.4418419424
 20
120.9483884881
 30
0.0
  0
SPLINE
  5
670
330
1FF
100
AcDbEntity
  8
0
  6
Continuous
 62
     7
100
AcDbSpline
210
0.0
220
0.0
230
1.0
 70
     8
 71
     3
 72
    11
 73
     7
 74
     0
 42
0.0000001
 43
0.0000000001
 40
0.0
 40
0.0
 40
0.0
 40
0.0
 40
0.1857882083
 40
0.4142093807000001
 40
0.6919913139000001
 40
1.0
 40
1.0
 40
1.0
 40
1.0
 10
113.1149897619
 20
123.7483884881
 30
0.0
 10
113.1072449118
 20
123.7483884881
 30
0.0
 10
113.0899448647
 20
123.7415159872
 30
0.0
 10
113.0719456809
 20
123.7179969373
 30
0.0
 10
113.0602710457
 20
123.6857663816
 30
0.0
 10
113.0576321416
 20
123.6612282755
 30
0.0
 10
113.0576321416
 20
123.6483884881
 30
0.0
  0
SPLINE
  5
671
330
1FF
100
AcDbEntity
  8
0
  6
Continuous
 62
     7
100
AcDbSpline
210
0.0
220
0.0
230
1.0
 70
     8
 71
     3
 72
     9
 73
     5
 74
     0
 42
0.0000001
 43
0.0000000001
 40
0.0
 40
0.0
 40
0.0
 40
0.0
 40
0.4929101553
 40
1.0
 40
1.0
 40
1.0
 40
1.0
 10
123.3934649926
 20
122.5483884881
 30
0.0
 10
123.4053011604
 20
122.5483884881
 30
0.0
 10
123.4295843585
 20
122.5430127754
 30
0.0
 10
123.4493734714
 20
122.5281216551
 30
0.0
 10
123.4575506223
 20
122.5190991662
 30
0.0
  0
SPLINE
  5
672
330
1FF
100
AcDbEntity
  8
0
  6
Continuous
 62
     7
100
AcDbSpline
210
0.0
220
0.0
230
1.0
 70
     8
 71
     3
 72
     9
 73
     5
 74
     0
 42
0.0000001
 43
0.0000000001
 40
0.0
 40
0.0
 40
0.0
 40
0.0
 40
0.493764104
 40
1.0
 40
1.0
 40
1.0
 40
1.0
 10
123.4575506223
 20
122.5190991662
 30
0.0
 10
123.4660405803
 20
122.5097315328
 30
0.0
 10
123.4795527694
 20
122.4871701801
 30
0.0
 10
123.4840957593
 20
122.461350285
 30
0.0
 10
123.4840957593
 20
122.4483884881
 30
0.0
  0
SPLINE
  5
673
330
1FF
100
AcDbEntity
  8
0
  6
Continuous
 62
     7
100
AcDbSpline
210
0.0
220
0.0
230
1.0
 70
     8
 71
     3
 72
     9
 73
     5
 74
     0
 42
0.0000001
 43
0.0000000001
 40
0.0
 40
0.0
 40
0.0
 40
0.0
 40
0.506235896
 40
1.0
 40
1.0
 40
1.0
 40
1.0
 10
123.4840957593
 20
121.5483884882
 30
0.0
 10
123.4840957593
 20
121.5354266912
 30
0.0
 10
123.4795527695
 20
121.5096067961
 30
0.0
 10
123.4660405803
 20
121.4870454434
 30
0.0
 10
123.4575506223
 20
121.47767781
 30
0.0
  0
SPLINE
  5
674
330
1FF
100
AcDbEntity
  8
0
  6
Continuous
 62
     7
100
AcDbSpline
210
0.0
220
0.0
230
1.0
 70
     8
 71
     3
 72
     9
 73
     5
 74
     0
 42
0.0000001
 43
0.0000000001
 40
0.0
 40
0.0
 40
0.0
 40
0.0
 40
0.5070898447
 40
1.0
 40
1.0
 40
1.0
 40
1.0
 10
123.4575506223
 20
121.47767781
 30
0.0
 10
123.4493734714
 20
121.468655321
 30
0.0
 10
123.4295843585
 20
121.4537642008
 30
0.0
 10
123.4053011603
 20
121.4483884881
 30
0.0
 10
123.3934649926
 20
121.4483884881
 30
0.0
  0
SPLINE
  5
675
330
1FF
100
AcDbEntity
  8
0
  6
Continuous
 62
     7
100
AcDbSpline
210
0.0
220
0.0
230
1.0
 70
     8
 71
     3
 72
    16
 73
    12
 74
     0
 42
0.0000001
 43
0.0000000001
 40
0.0
 40
0.0
 40
0.0
 40
0.0
 40
0.0728340232
 40
0.1568464527
 40
0.2582114244
 40
0.3785884557
 40
0.4456052123
 40
0.5166902868
 40
0.6691834513
 40
0.8320188691
 40
1.0
 40
1.0
 40
1.0
 40
1.0
 10
123.7590415907
 20
120.4483884881
 30
0.0
 10
123.7731474079
 20
120.4483884881
 30
0.0
 10
123.8037496435
 20
120.4561688301
 30
0.0
 10
123.8440850684
 20
120.4871924208
 30
0.0
 10
123.8801058349
 20
120.5347630254
 30
0.0
 10
123.9052121168
 20
120.5850053578
 30
0.0
 10
123.92303099
 20
120.6318079138
 30
0.0
 10
123.9397846461
 20
120.6855711578
 30
0.0
 10
123.95600497
 20
120.7587754155
 30
0.0
 10
123.9677180602
 20
120.8517516196
 30
0.0
 10
123.9703508505
 20
120.9158554626
 30
0.0
 10
123.9703508505
 20
120.9483884881
 30
0.0
  0
SPLINE
  5
676
330
1FF
100
AcDbEntity
  8
0
  6
Continuous
 62
     7
100
AcDbSpline
210
0.0
220
0.0
230
1.0
 70
     8
 71
     3
 72
    16
 73
    12
 74
     0
 42
0.0000001
 43
0.0000000001
 40
0.0
 40
0.0
 40
0.0
 40
0.0
 40
0.1679810834
 40
0.3308164204
 40
0.4833095718
 40
0.5543946536
 40
0.6214114132000001
 40
0.7417884712000001
 40
0.843153475
 40
0.9271659522
 40
1.0
 40
1.0
 40
1.0
 40
1.0
 10
124.4235046839
 20
123.6483884881
 30
0.0
 10
124.4235046839
 20
123.6809215042
 30
0.0
 10
124.4208718999
 20
123.7450253223
 30
0.0
 10
124.4091588132
 20
123.838001499
 30
0.0
 10
124.3929384967
 20
123.9112057403
 30
0.0
 10
124.3761848526
 20
123.9649689873
 30
0.0
 10
124.3583659785
 20
124.0117715506
 30
0.0
 10
124.3332597018
 20
124.0620138977
 30
0.0
 10
124.2972389329
 20
124.1095845282
 30
0.0
 10
124.2569034928
 20
124.1406081298
 30
0.0
 10
124.226301246
 20
124.1483884881
 30
0.0
 10
124.2121954241
 20
124.1483884881
 30
0.0
  0
SPLINE
  5
677
330
1FF
100
AcDbEntity
  8
0
  6
Continuous
 62
     7
100
AcDbSpline
210
0.0
220
0.0
230
1.0
 70
     8
 71
     3
 72
    12
 73
     8
 74
     0
 42
0.0000001
 43
0.0000000001
 40
0.0
 40
0.0
 40
0.0
 40
0.0
 40
0.1129209605
 40
0.2278846789
 40
0.4684870299
 40
0.7279348157
 40
1.0
 40
1.0
 40
1.0
 40
1.0
 10
111.5994733454
 20
116.0484008203
 30
0.0
 10
111.5726484534
 20
116.048400426
 30
0.0
 10
111.5182922632
 20
116.0549996522
 30
0.0
 10
111.4131948302
 20
116.0942070274
 30
0.0
 10
111.2977458769
 20
116.1913322082
 30
0.0
 10
111.2100808396
 20
116.3564832868
 30
0.0
 10
111.1898972454
 20
116.483758156
 30
0.0
 10
111.1898972454
 20
116.5483884881
 30
0.0
  0
SPLINE
  5
678
330
1FF
100
AcDbEntity
  8
0
  6
Continuous
 62
     7
100
AcDbSpline
210
0.0
220
0.0
230
1.0
 70
     8
 71
     3
 72
    12
 73
     8
 74
     0
 42
0.0000001
 43
0.0000000001
 40
0.0
 40
0.0
 40
0.0
 40
0.0
 40
0.1129209605
 40
0.2278846789
 40
0.4684870299
 40
0.7279348157
 40
1.0
 40
1.0
 40
1.0
 40
1.0
 10
111.8289038341
 20
116.0484008203
 30
0.0
 10
111.8557287261
 20
116.048400426
 30
0.0
 10
111.9100849163
 20
116.0549996522
 30
0.0
 10
112.0151823494
 20
116.0942070274
 30
0.0
 10
112.1306313027
 20
116.1913322082
 30
0.0
 10
112.2182963399
 20
116.3564832868
 30
0.0
 10
112.2384799342
 20
116.483758156
 30
0.0
 10
112.2384799342
 20
116.5483884881
 30
0.0
  0
SPLINE
  5
679
330
1FF
100
AcDbEntity
  8
0
  6
Continuous
 62
     7
100
AcDbSpline
210
0.0
220
0.0
230
1.0
 70
     8
 71
     3
 72
    10
 73
     6
 74
     0
 42
0.0000001
 43
0.0000000001
 40
0.0
 40
0.0
 40
0.0
 40
0.0
 40
0.5358979589000001
 40
0.7735505463
 40
1.0
 40
1.0
 40
1.0
 40
1.0
 10
125.5086024352
 20
120.5450611469
 30
0.0
 10
125.4864556112
 20
120.5167691061
 30
0.0
 10
125.4476955458
 20
120.4796007176
 30
0.0
 10
125.385565923
 20
120.4528387773
 30
0.0
 10
125.3542961018
 20
120.4483884881
 30
0.0
 10
125.3391137493
 20
120.4483884881
 30
0.0
  0
SPLINE
  5
67A
330
1FF
100
AcDbEntity
  8
0
  6
Continuous
 62
     7
100
AcDbSpline
210
0.0
220
0.0
230
1.0
 70
     8
 71
     3
 72
    11
 73
     7
 74
     0
 42
0.0000001
 43
0.0000000001
 40
0.0
 40
0.0
 40
0.0
 40
0.0
 40
0.2504612835
 40
0.5006225941000001
 40
0.7504192496
 40
1.0
 40
1.0
 40
1.0
 40
1.0
 10
131.6598850427
 20
120.8483884881
 30
0.0
 10
131.6598850427
 20
120.9329222856
 30
0.0
 10
131.6262271462
 20
121.1037285155
 30
0.0
 10
131.4822171029
 20
121.3197626903
 30
0.0
 10
131.2669954229
 20
121.4645121419
 30
0.0
 10
131.0965950795
 20
121.4983884881
 30
0.0
 10
131.0123584728
 20
121.4983884881
 30
0.0
  0
SPLINE
  5
67B
330
1FF
100
AcDbEntity
  8
0
  6
Continuous
 62
     7
100
AcDbSpline
210
0.0
220
0.0
230
1.0
 70
     8
 71
     3
 72
    11
 73
     7
 74
     0
 42
0.0000001
 43
0.0000000001
 40
0.0
 40
0.0
 40
0.0
 40
0.0
 40
0.2504612835
 40
0.5006225941000001
 40
0.7504192496
 40
1.0
 40
1.0
 40
1.0
 40
1.0
 10
131.3984186646
 20
120.8483884881
 30
0.0
 10
131.3984186646
 20
120.9329222856
 30
0.0
 10
131.3647607681
 20
121.1037285155
 30
0.0
 10
131.2207507248
 20
121.3197626903
 30
0.0
 10
131.0055290448
 20
121.4645121419
 30
0.0
 10
130.8351287014
 20
121.4983884881
 30
0.0
 10
130.7508920947
 20
121.4983884881
 30
0.0
  0
SPLINE
  5
67C
330
1FF
100
AcDbEntity
  8
0
  6
Continuous
 62
     7
100
AcDbSpline
210
0.0
220
0.0
230
1.0
 70
     8
 71
     3
 72
    11
 73
     7
 74
     0
 42
0.0000001
 43
0.0000000001
 40
0.0
 40
0.0
 40
0.0
 40
0.0
 40
0.2504766876
 40
0.5006226967
 40
0.7504042443000002
 40
1.0
 40
1.0
 40
1.0
 40
1.0
 10
130.8754395929
 20
120.8483884881
 30
0.0
 10
130.8754395929
 20
120.8874061035
 30
0.0
 10
130.8599135266
 20
120.9662448218
 30
0.0
 10
130.7934185506
 20
121.0659255363
 30
0.0
 10
130.6941129263
 20
121.1327615936
 30
0.0
 10
130.6154615657
 20
121.1483884881
 30
0.0
 10
130.576581176
 20
121.1483884881
 30
0.0
  0
SPLINE
  5
67D
330
1FF
100
AcDbEntity
  8
0
  6
Continuous
 62
     7
100
AcDbSpline
210
0.0
220
0.0
230
1.0
 70
     8
 71
     3
 72
    16
 73
    12
 74
     0
 42
0.0000001
 43
0.0000000001
 40
0.0
 40
0.0
 40
0.0
 40
0.0
 40
0.1926056973
 40
0.3782379802
 40
0.5492047687000001
 40
0.6992484640000001
 40
0.8228231879
 40
0.9153157173
 40
0.9737969621999999
 40
0.9903025828
 40
1.0
 40
1.0
 40
1.0
 40
1.0
 10
131.346125389
 20
116.4615300204
 30
0.0
 10
131.346125389
 20
116.4355374861
 30
0.0
 10
131.3456918327
 20
116.384491976
 30
0.0
 10
131.3437782445
 20
116.3103982777
 30
0.0
 10
131.3406684743
 20
116.2420853219
 30
0.0
 10
131.3365182903
 20
116.1822424771
 30
0.0
 10
131.3315070064
 20
116.1330264282
 30
0.0
 10
131.3259990274
 20
116.0964902586
 30
0.0
 10
131.3205326614
 20
116.0742662269
 30
0.0
 10
131.3157295421
 20
116.0640204768
 30
0.0
 10
131.3125718916
 20
116.0615342209
 30
0.0
 10
131.3112632054
 20
116.0615347073
 30
0.0
  0
SPLINE
  5
67E
330
1FF
100
AcDbEntity
  8
0
  6
Continuous
 62
     7
100
AcDbSpline
210
0.0
220
0.0
230
1.0
 70
     8
 71
     3
 72
    16
 73
    12
 74
     0
 42
0.0000001
 43
0.0000000001
 40
0.0
 40
0.0
 40
0.0
 40
0.0
 40
0.19260798
 40
0.3782382977000001
 40
0.5492020883
 40
0.6992452982
 40
0.822819317
 40
0.9153143284
 40
0.9737958847999999
 40
0.9903029137999999
 40
1.0
 40
1.0
 40
1.0
 40
1.0
 10
130.9277328685
 20
116.4615300204
 30
0.0
 10
130.9277328685
 20
116.4355371674
 30
0.0
 10
130.9281664165
 20
116.3844915938
 30
0.0
 10
130.9300800005
 20
116.3103982242
 30
0.0
 10
130.9331897789
 20
116.2420859845
 30
0.0
 10
130.9373397039
 20
116.1822436457
 30
0.0
 10
130.9423513796
 20
116.1330274768
 30
0.0
 10
130.9478585226
 20
116.0964908389
 30
0.0
 10
130.9533261011
 20
116.0742664765
 30
0.0
 10
130.9581283035
 20
116.0640203506
 30
0.0
 10
130.96128641
 20
116.0615338117
 30
0.0
 10
130.962595052
 20
116.0615347098
 30
0.0
  0
SPLINE
  5
67F
330
1FF
100
AcDbEntity
  8
0
  6
Continuous
 62
     7
100
AcDbSpline
210
0.0
220
0.0
230
1.0
 70
     8
 71
     3
 72
    11
 73
     7
 74
     0
 42
0.0000001
 43
0.0000000001
 40
0.0
 40
0.0
 40
0.0
 40
0.0
 40
0.2504612835
 40
0.5006225941000001
 40
0.7504192496
 40
1.0
 40
1.0
 40
1.0
 40
1.0
 10
131.9213514208
 20
120.8483884881
 30
0.0
 10
131.9213514208
 20
120.9329222856
 30
0.0
 10
131.8876935243
 20
121.1037285155
 30
0.0
 10
131.743683481
 20
121.3197626903
 30
0.0
 10
131.528461801
 20
121.4645121419
 30
0.0
 10
131.3580614576
 20
121.4983884881
 30
0.0
 10
131.2738248509
 20
121.4983884881
 30
0.0
  0
SPLINE
  5
680
330
1FF
100
AcDbEntity
  8
0
  6
Continuous
 62
     7
100
AcDbSpline
210
0.0
220
0.0
230
1.0
 70
     8
 71
     3
 72
    13
 73
     9
 74
     0
 42
0.0000001
 43
0.0000000001
 40
0.0
 40
0.0
 40
0.0
 40
0.0
 40
0.2605827386
 40
0.5146779334
 40
0.6388176985000001
 40
0.7606999388000001
 40
0.8808330437
 40
1.0
 40
1.0
 40
1.0
 40
1.0
 10
114.0306352514
 20
116.5483884881
 30
0.0
 10
114.0306352514
 20
116.4835712951
 30
0.0
 10
114.0078657109
 20
116.3544032974
 30
0.0
 10
113.9241781455
 20
116.2146459987
 30
0.0
 10
113.8315574111
 20
116.1305026492
 30
0.0
 10
113.7526167315
 20
116.0837400031
 30
0.0
 10
113.6668448452
 20
116.0549036791
 30
0.0
 10
113.6071229306
 20
116.0484012141
 30
0.0
 10
113.5774814139
 20
116.0484008203
 30
0.0
  0
SPLINE
  5
681
330
1FF
100
AcDbEntity
  8
0
  6
Continuous
 62
     7
100
AcDbSpline
210
0.0
220
0.0
230
1.0
 70
     8
 71
     3
 72
    13
 73
     9
 74
     0
 42
0.0000001
 43
0.0000000001
 40
0.0
 40
0.0
 40
0.0
 40
0.0
 40
0.2605827386
 40
0.5146779333
 40
0.6388176985000001
 40
0.7606999388000001
 40
0.8808330437
 40
1.0
 40
1.0
 40
1.0
 40
1.0
 10
112.9552801767
 20
116.5483884853
 30
0.0
 10
112.9552801767
 20
116.4835712926
 30
0.0
 10
112.9780497182
 20
116.3544032955
 30
0.0
 10
113.0617372835
 20
116.2146459976
 30
0.0
 10
113.1543580178
 20
116.1305026486
 30
0.0
 10
113.2332986972
 20
116.0837400029
 30
0.0
 10
113.3190705832
 20
116.054903679
 30
0.0
 10
113.3787924976
 20
116.0484012141
 30
0.0
 10
113.4084340142
 20
116.0484008203
 30
0.0
  0
SPLINE
  5
682
330
1FF
100
AcDbEntity
  8
0
  6
Continuous
 62
     7
100
AcDbSpline
210
0.0
220
0.0
230
1.0
 70
     8
 71
     3
 72
     9
 73
     5
 74
     0
 42
0.0000001
 43
0.0000000001
 40
0.0
 40
0.0
 40
0.0
 40
0.0
 40
0.2462333275
 40
1.0
 40
1.0
 40
1.0
 40
1.0
 10
118.1910130342
 20
129.1483884880999
 30
0.0
 10
118.0743554136
 20
129.0679783625
 30
0.0
 10
117.6019114669
 20
128.7394965348
 30
0.0
 10
117.1343008305
 20
128.4040916102
 30
0.0
 10
116.7839663176
 20
128.1483884881
 30
0.0
  0
SPLINE
  5
683
330
1FF
100
AcDbEntity
  8
0
  6
Continuous
 62
     7
100
AcDbSpline
210
0.0
220
0.0
230
1.0
 70
     8
 71
     3
 72
     9
 73
     5
 74
     0
 42
0.0000001
 43
0.0000000001
 40
0.0
 40
0.0
 40
0.0
 40
0.0
 40
0.2498391981
 40
1.0
 40
1.0
 40
1.0
 40
1.0
 10
120.0114678762
 20
129.1483884880999
 30
0.0
 10
120.04517976
 20
129.0651373397
 30
0.0
 10
120.1800272631
 20
128.7318832619
 30
0.0
 10
120.3145984324
 20
128.3985173996
 30
0.0
 10
120.4154220332
 20
128.1483884881
 30
0.0
  0
SPLINE
  5
684
330
1FF
100
AcDbEntity
  8
0
  6
Continuous
 62
     7
100
AcDbSpline
210
0.0
220
0.0
230
1.0
 70
     8
 71
     3
 72
     8
 73
     4
 74
     0
 42
0.0000001
 43
0.0000000001
 40
0.0
 40
0.0
 40
0.0
 40
0.0
 40
1.0
 40
1.0
 40
1.0
 40
1.0
 10
110.9727430384
 20
129.0737975871
 30
0.0
 10
110.6888722209
 20
128.795058865
 30
0.0
 10
110.4053088724
 20
128.5160068411
 30
0.0
 10
110.1219684934
 20
128.2367289404
 30
0.0
  0
SPLINE
  5
685
330
1FF
100
AcDbEntity
  8
0
  6
Continuous
 62
     7
100
AcDbSpline
210
0.0
220
0.0
230
1.0
 70
     8
 71
     3
 72
    13
 73
     9
 74
     0
 42
0.0000001
 43
0.0000000001
 40
0.0
 40
0.0
 40
0.0
 40
0.0
 40
0.3069001044
 40
0.5836866883000001
 40
0.70457161
 40
0.8125489791999999
 40
0.9095673440999998
 40
1.0
 40
1.0
 40
1.0
 40
1.0
 10
112.8282016603
 20
123.6483884881
 30
0.0
 10
112.8282016603
 20
123.7125878378
 30
0.0
 10
112.8414369083
 20
123.8350338966
 30
0.0
 10
112.8919809141
 20
123.9758256081
 30
0.0
 10
112.9519719528
 20
124.063642115
 30
0.0
 10
113.0016555015
 20
124.1112302167
 30
0.0
 10
113.0565966894
 20
124.141331684
 30
0.0
 10
113.0960724738
 20
124.1483884881
 30
0.0
 10
113.1149897619
 20
124.1483884881
 30
0.0
  0
SPLINE
  5
686
330
1FF
100
AcDbEntity
  8
0
  6
Continuous
 62
     7
100
AcDbSpline
210
0.0
220
0.0
230
1.0
 70
     8
 71
     3
 72
    11
 73
     7
 74
     0
 42
0.0000001
 43
0.0000000001
 40
0.0
 40
0.0
 40
0.0
 40
0.0
 40
0.2634673131
 40
0.5206889469
 40
0.7668285982
 40
1.0
 40
1.0
 40
1.0
 40
1.0
 10
112.0090494528
 20
116.548388488
 30
0.0
 10
112.0090494528
 20
116.5028413237
 30
0.0
 10
111.9989555489
 20
116.4124894152
 30
0.0
 10
111.9543157769
 20
116.2863919087
 30
0.0
 10
111.8832687771
 20
116.1791113353
 30
0.0
 10
111.8194932474
 20
116.1240708786
 30
0.0
 10
111.7852578698
 20
116.1027914702
 30
0.0
  0
SPLINE
  5
687
330
1FF
100
AcDbEntity
  8
0
  6
Continuous
 62
     7
100
AcDbSpline
210
0.0
220
0.0
230
1.0
 70
     8
 71
     3
 72
     9
 73
     5
 74
     0
 42
0.0000001
 43
0.0000000001
 40
0.0
 40
0.0
 40
0.0
 40
0.0
 40
0.5062812344
 40
1.0
 40
1.0
 40
1.0
 40
1.0
 10
111.7852578698
 20
116.1027914702
 30
0.0
 10
111.7572388743
 20
116.0853759284
 30
0.0
 10
111.6971337161
 20
116.0579519837
 30
0.0
 10
111.6316451282
 20
116.0484012932
 30
0.0
 10
111.5994733454
 20
116.0484008203
 30
0.0
  0
SPLINE
  5
688
330
1FF
100
AcDbEntity
  8
0
  6
Continuous
 62
     7
100
AcDbSpline
210
0.0
220
0.0
230
1.0
 70
     8
 71
     3
 72
    16
 73
    12
 74
     0
 42
0.0000001
 43
0.0000000001
 40
0.0
 40
0.0
 40
0.0
 40
0.0
 40
0.0728340232
 40
0.1568464527
 40
0.2582114244
 40
0.3785884557
 40
0.4456052123
 40
0.5166902868
 40
0.6691834513
 40
0.8320188691
 40
1.0
 40
1.0
 40
1.0
 40
1.0
 10
121.9464262571
 20
124.1483884881
 30
0.0
 10
121.9605320743
 20
124.1483884881
 30
0.0
 10
121.9911343099
 20
124.1406081461
 30
0.0
 10
122.0314697347
 20
124.1095845554
 30
0.0
 10
122.0674905013
 20
124.0620139508
 30
0.0
 10
122.0925967832
 20
124.0117716184
 30
0.0
 10
122.1104156563
 20
123.9649690624
 30
0.0
 10
122.1271693125
 20
123.9112058184
 30
0.0
 10
122.1433896363
 20
123.8380015607
 30
0.0
 10
122.1551027266
 20
123.7450253566
 30
0.0
 10
122.1577355168
 20
123.6809215135
 30
0.0
 10
122.1577355168
 20
123.6483884881
 30
0.0
  0
SPLINE
  5
689
330
1FF
100
AcDbEntity
  8
0
  6
Continuous
 62
     7
100
AcDbSpline
210
0.0
220
0.0
230
1.0
 70
     8
 71
     3
 72
     9
 73
     5
 74
     0
 42
0.0000001
 43
0.0000000001
 40
0.0
 40
0.0
 40
0.0
 40
0.0
 40
0.4929101553
 40
1.0
 40
1.0
 40
1.0
 40
1.0
 10
123.5625124004
 20
121.4483884881
 30
0.0
 10
123.5743485682
 20
121.4483884881
 30
0.0
 10
123.5986317663
 20
121.4537642008
 30
0.0
 10
123.6184208792
 20
121.468655321
 30
0.0
 10
123.6265980301
 20
121.47767781
 30
0.0
  0
SPLINE
  5
68A
330
1FF
100
AcDbEntity
  8
0
  6
Continuous
 62
     7
100
AcDbSpline
210
0.0
220
0.0
230
1.0
 70
     8
 71
     3
 72
     9
 73
     5
 74
     0
 42
0.0000001
 43
0.0000000001
 40
0.0
 40
0.0
 40
0.0
 40
0.0
 40
0.493764104
 40
1.0
 40
1.0
 40
1.0
 40
1.0
 10
123.6265980301
 20
121.47767781
 30
0.0
 10
123.6350879881
 20
121.4870454434
 30
0.0
 10
123.6486001772
 20
121.509606796
 30
0.0
 10
123.6531431671
 20
121.5354266911
 30
0.0
 10
123.6531431671
 20
121.5483884879
 30
0.0
  0
SPLINE
  5
68B
330
1FF
100
AcDbEntity
  8
0
  6
Continuous
 62
     7
100
AcDbSpline
210
0.0
220
0.0
230
1.0
 70
     8
 71
     3
 72
     9
 73
     5
 74
     0
 42
0.0000001
 43
0.0000000001
 40
0.0
 40
0.0
 40
0.0
 40
0.0
 40
0.506235896
 40
1.0
 40
1.0
 40
1.0
 40
1.0
 10
123.6531431671
 20
122.4483884881
 30
0.0
 10
123.6531431671
 20
122.461350285
 30
0.0
 10
123.6486001773
 20
122.4871701801
 30
0.0
 10
123.6350879881
 20
122.5097315328
 30
0.0
 10
123.6265980301
 20
122.5190991662
 30
0.0
  0
SPLINE
  5
68C
330
1FF
100
AcDbEntity
  8
0
  6
Continuous
 62
     7
100
AcDbSpline
210
0.0
220
0.0
230
1.0
 70
     8
 71
     3
 72
     9
 73
     5
 74
     0
 42
0.0000001
 43
0.0000000001
 40
0.0
 40
0.0
 40
0.0
 40
0.0
 40
0.5070898447
 40
1.0
 40
1.0
 40
1.0
 40
1.0
 10
123.6265980301
 20
122.5190991662
 30
0.0
 10
123.6184208792
 20
122.5281216551
 30
0.0
 10
123.5986317663
 20
122.5430127754
 30
0.0
 10
123.5743485682
 20
122.5483884881
 30
0.0
 10
123.5625124004
 20
122.5483884881
 30
0.0
  0
SPLINE
  5
68D
330
1FF
100
AcDbEntity
  8
0
  6
Continuous
 62
     7
100
AcDbSpline
210
0.0
220
0.0
230
1.0
 70
     8
 71
     3
 72
     9
 73
     5
 74
     0
 42
0.0000001
 43
0.0000000001
 40
0.0
 40
0.0
 40
0.0
 40
0.0
 40
0.2597686036
 40
1.0
 40
1.0
 40
1.0
 40
1.0
 10
113.995103256
 20
128.1483884881
 30
0.0
 10
113.9533420345
 20
128.2337620008
 30
0.0
 10
113.794743718
 20
128.5634536396
 30
0.0
 10
113.645315356
 20
128.8976721523
 30
0.0
 10
113.5429079316
 20
129.1483884880999
 30
0.0
  0
SPLINE
  5
68E
330
1FF
100
AcDbEntity
  8
0
  6
Continuous
 62
     7
100
AcDbSpline
210
0.0
220
0.0
230
1.0
 70
     8
 71
     3
 72
    16
 73
    12
 74
     0
 42
0.0000001
 43
0.0000000001
 40
0.0
 40
0.0
 40
0.0
 40
0.0
 40
0.1679810834
 40
0.3308164204
 40
0.4833095718
 40
0.5543946536
 40
0.6214114132000001
 40
0.7417884712000001
 40
0.843153475
 40
0.9271659522
 40
1.0
 40
1.0
 40
1.0
 40
1.0
 10
122.6108893502
 20
120.9483884881
 30
0.0
 10
122.6108893502
 20
120.9158554719
 30
0.0
 10
122.6082565662
 20
120.8517516539
 30
0.0
 10
122.5965434796
 20
120.7587754771
 30
0.0
 10
122.5803231631
 20
120.6855712359
 30
0.0
 10
122.563569519
 20
120.6318079888
 30
0.0
 10
122.5457506449
 20
120.5850054256
 30
0.0
 10
122.5206443682
 20
120.5347630785
 30
0.0
 10
122.4846235993
 20
120.4871924479
 30
0.0
 10
122.4442881592
 20
120.4561688463
 30
0.0
 10
122.4136859124
 20
120.4483884881
 30
0.0
 10
122.3995800905
 20
120.4483884881
 30
0.0
  0
SPLINE
  5
68F
330
1FF
100
AcDbEntity
  8
0
  6
Continuous
 62
     7
100
AcDbSpline
210
0.0
220
0.0
230
1.0
 70
     8
 71
     3
 72
     9
 73
     5
 74
     0
 42
0.0000001
 43
0.0000000001
 40
0.0
 40
0.0
 40
0.0
 40
0.0
 40
0.250151089
 40
1.0
 40
1.0
 40
1.0
 40
1.0
 10
123.1691885642
 20
128.1483884881
 30
0.0
 10
123.1355675948
 20
128.2317972972
 30
0.0
 10
123.0011047454
 20
128.5652067465
 30
0.0
 10
122.8664147639
 20
128.8985246438
 30
0.0
 10
122.7652344072
 20
129.1483884880999
 30
0.0
  0
SPLINE
  5
690
330
1FF
100
AcDbEntity
  8
0
  6
Continuous
 62
     7
100
AcDbSpline
210
0.0
220
0.0
230
1.0
 70
     8
 71
     3
 72
    11
 73
     7
 74
     0
 42
0.0000001
 43
0.0000000001
 40
0.0
 40
0.0
 40
0.0
 40
0.0
 40
0.2495806491
 40
0.4993772783
 40
0.7495386149
 40
1.0
 40
1.0
 40
1.0
 40
1.0
 10
130.8380475541
 20
121.4983884881
 30
0.0
 10
130.9222841266
 20
121.4983884881
 30
0.0
 10
131.092684425
 20
121.4645121665
 30
0.0
 10
131.3079061013
 20
121.3197627736
 30
0.0
 10
131.4519162031
 20
121.1037285948
 30
0.0
 10
131.485574124
 20
120.9329223199
 30
0.0
 10
131.485574124
 20
120.8483884881
 30
0.0
  0
SPLINE
  5
691
330
1FF
100
AcDbEntity
  8
0
  6
Continuous
 62
     7
100
AcDbSpline
210
0.0
220
0.0
230
1.0
 70
     8
 71
     3
 72
    11
 73
     7
 74
     0
 42
0.0000001
 43
0.0000000001
 40
0.0
 40
0.0
 40
0.0
 40
0.0
 40
0.2495806491
 40
0.4993772783
 40
0.7495386149
 40
1.0
 40
1.0
 40
1.0
 40
1.0
 10
130.576581176
 20
121.4983884881
 30
0.0
 10
130.6608177485
 20
121.4983884881
 30
0.0
 10
130.8312180469
 20
121.4645121665
 30
0.0
 10
131.0464397232
 20
121.3197627736
 30
0.0
 10
131.190449825
 20
121.1037285948
 30
0.0
 10
131.2241077459
 20
120.9329223199
 30
0.0
 10
131.2241077459
 20
120.8483884881
 30
0.0
  0
SPLINE
  5
692
330
1FF
100
AcDbEntity
  8
0
  6
Continuous
 62
     7
100
AcDbSpline
210
0.0
220
0.0
230
1.0
 70
     8
 71
     3
 72
    13
 73
     9
 74
     0
 42
0.0000001
 43
0.0000000001
 40
0.0
 40
0.0
 40
0.0
 40
0.0
 40
0.1191621191
 40
0.239290088
 40
0.3611708603
 40
0.4853124841
 40
0.7394160337000001
 40
1.0
 40
1.0
 40
1.0
 40
1.0
 10
113.5774814139
 20
116.0484008203
 30
0.0
 10
113.5478411346
 20
116.0484004265
 30
0.0
 10
113.4881221248
 20
116.0549054032
 30
0.0
 10
113.4023518347
 20
116.0837361989
 30
0.0
 10
113.3234120249
 20
116.1304984623
 30
0.0
 10
113.2307895838
 20
116.2146425867
 30
0.0
 10
113.1470974546
 20
116.3544005321
 30
0.0
 10
113.1243275845
 20
116.4835710647
 30
0.0
 10
113.1243275845
 20
116.5483884881
 30
0.0
  0
SPLINE
  5
693
330
1FF
100
AcDbEntity
  8
0
  6
Continuous
 62
     7
100
AcDbSpline
210
0.0
220
0.0
230
1.0
 70
     8
 71
     3
 72
    16
 73
    12
 74
     0
 42
0.0000001
 43
0.0000000001
 40
0.0
 40
0.0
 40
0.0
 40
0.0
 40
0.0096977949
 40
0.0261998311
 40
0.0846794414
 40
0.1771642792
 40
0.3007404435
 40
0.4507859714000001
 40
0.6217612455000001
 40
0.8073994381
 40
1.0
 40
1.0
 40
1.0
 40
1.0
 10
131.3112632054
 20
116.0615347073
 30
0.0
 10
131.3099544689
 20
116.0615351936
 30
0.0
 10
131.3067977512
 20
116.064020315
 30
0.0
 10
131.3019927514
 20
116.0742653769
 30
0.0
 10
131.296529151
 20
116.0964878848
 30
0.0
 10
131.29101927
 20
116.1330227471
 30
0.0
 10
131.2860088675
 20
116.1822382657
 30
0.0
 10
131.2818580151
 20
116.2420826016
 30
0.0
 10
131.278748215
 20
116.3103977151
 30
0.0
 10
131.2768346077
 20
116.3844926127
 30
0.0
 10
131.2764010215
 20
116.4355381955
 30
0.0
 10
131.2764010215
 20
116.4615300204
 30
0.0
  0
SPLINE
  5
694
330
1FF
100
AcDbEntity
  8
0
  6
Continuous
 62
     7
100
AcDbSpline
210
0.0
220
0.0
230
1.0
 70
     8
 71
     3
 72
    11
 73
     7
 74
     0
 42
0.0000001
 43
0.0000000001
 40
0.0
 40
0.0
 40
0.0
 40
0.0
 40
0.2495806491
 40
0.4993772783
 40
0.7495386149
 40
1.0
 40
1.0
 40
1.0
 40
1.0
 10
131.0995139322
 20
121.4983884881
 30
0.0
 10
131.1837505047
 20
121.4983884881
 30
0.0
 10
131.3541508031
 20
121.4645121665
 30
0.0
 10
131.5693724793
 20
121.3197627736
 30
0.0
 10
131.7133825811
 20
121.1037285948
 30
0.0
 10
131.7470405021
 20
120.9329223199
 30
0.0
 10
131.7470405021
 20
120.8483884881
 30
0.0
  0
SPLINE
  5
695
330
1FF
100
AcDbEntity
  8
0
  6
Continuous
 62
     7
100
AcDbSpline
210
0.0
220
0.0
230
1.0
 70
     8
 71
     3
 72
    15
 73
    11
 74
     0
 42
0.0000001
 43
0.0000000001
 40
0.0
 40
0.0
 40
0.0
 40
0.0
 40
0.0258978188
 40
0.0498223963
 40
0.0818293517
 40
0.1698929363
 40
0.288598827
 40
0.4350469155
 40
0.6055090856000001
 40
1.0
 40
1.0
 40
1.0
 40
1.0
 10
46.87274176619999
 20
124.1483884881
 30
0.0
 10
46.8694952458
 20
124.1483884881
 30
0.0
 10
46.86525140479999
 20
124.1416247668
 30
0.0
 10
46.8617329284
 20
124.1326713477
 30
0.0
 10
46.8566536806
 20
124.1149948415
 30
0.0
 10
46.85129147489999
 20
124.0857301645
 30
0.0
 10
46.84552408979999
 20
124.0417223922
 30
0.0
 10
46.84045732949999
 20
123.9873744205
 30
0.0
 10
46.83442253069999
 20
123.898377845
 30
0.0
 10
46.8318143276
 20
123.8275903422
 30
0.0
 10
46.8306572399
 20
123.7781509581
 30
0.0
  0
SPLINE
  5
696
330
1FF
100
AcDbEntity
  8
0
  6
Continuous
 62
     7
100
AcDbSpline
210
0.0
220
0.0
230
1.0
 70
     8
 71
     3
 72
     9
 73
     5
 74
     0
 42
0.0000001
 43
0.0000000001
 40
0.0
 40
0.0
 40
0.0
 40
0.0
 40
0.2565940721
 40
1.0
 40
1.0
 40
1.0
 40
1.0
 10
47.327261398
 20
120.9483884881
 30
0.0
 10
47.327261398
 20
120.9310134168
 30
0.0
 10
47.32757456379999
 20
120.8632999554
 30
0.0
 10
47.32906987359999
 20
120.7955887542
 30
0.0
 10
47.33101873159999
 20
120.7452873292
 30
0.0
  0
SPLINE
  5
697
330
1FF
100
AcDbEntity
  8
0
  6
Continuous
 62
     7
100
AcDbSpline
210
0.0
220
0.0
230
1.0
 70
     8
 71
     3
 72
    15
 73
    11
 74
     0
 42
0.0000001
 43
0.0000000001
 40
0.0
 40
0.0
 40
0.0
 40
0.0
 40
0.4016688409000001
 40
0.5715365553
 40
0.7160052091
 40
0.8322504797
 40
0.9182487340000001
 40
0.9495653157999999
 40
0.97317409
 40
1.0
 40
1.0
 40
1.0
 40
1.0
 10
47.33101873159999
 20
120.7452873292
 30
0.0
 10
47.3325882826
 20
120.7047760924
 30
0.0
 10
47.33555815499999
 20
120.6471522512
 30
0.0
 10
47.3416302925
 20
120.57512524
 30
0.0
 10
47.34644788659999
 20
120.5319442333
 30
0.0
 10
47.3517590432
 20
120.4972892525
 30
0.0
 10
47.3566038487
 20
120.4743160505
 30
0.0
 10
47.36112999289999
 20
120.4605999239
 30
0.0
 10
47.36430205069999
 20
120.4534269583
 30
0.0
 10
47.36813150879999
 20
120.4483884881
 30
0.0
 10
47.3708391277
 20
120.4483884881
 30
0.0
  0
SPLINE
  5
698
330
1FF
100
AcDbEntity
  8
0
  6
Continuous
 62
     7
100
AcDbSpline
210
0.0
220
0.0
230
1.0
 70
     8
 71
     3
 72
    14
 73
    10
 74
     0
 42
0.0000001
 43
0.0000000001
 40
0.0
 40
0.0
 40
0.0
 40
0.0
 40
0.3785021289999999
 40
0.5497047415000001
 40
0.6998380527000001
 40
0.8234147246999999
 40
0.9160814686
 40
0.9745979449
 40
1.0
 40
1.0
 40
1.0
 40
1.0
 10
48.8564156661
 20
120.9483884881
 30
0.0
 10
48.8564156661
 20
120.9356295898
 30
0.0
 10
48.8567116003
 20
120.9170883916
 30
0.0
 10
48.8577761533
 20
120.8935403237
 30
0.0
 10
48.85882967669999
 20
120.8785298221
 30
0.0
 10
48.86003519329999
 20
120.866371366
 30
0.0
 10
48.8615286585
 20
120.8568903952
 30
0.0
 10
48.86274158209999
 20
120.8517025965
 30
0.0
 10
48.8642749361
 20
120.8483884881
 30
0.0
 10
48.865131212
 20
120.8483884881
 30
0.0
  0
SPLINE
  5
699
330
1FF
100
AcDbEntity
  8
0
  6
Continuous
 62
     7
100
AcDbSpline
210
0.0
220
0.0
230
1.0
 70
     8
 71
     3
 72
    11
 73
     7
 74
     0
 42
0.0000001
 43
0.0000000001
 40
0.0
 40
0.0
 40
0.0
 40
0.0
 40
0.2724775734
 40
0.532334448
 40
0.7733007801000001
 40
1.0
 40
1.0
 40
1.0
 40
1.0
 10
57.7221905212
 20
123.6483884881
 30
0.0
 10
57.7221905212
 20
123.6613138002
 30
0.0
 10
57.7181659293
 20
123.686767355
 30
0.0
 10
57.7005780234
 20
123.719798353
 30
0.0
 10
57.6735010943
 20
123.7427390383
 30
0.0
 10
57.6510290596
 20
123.7483884881
 30
0.0
 10
57.6402753005
 20
123.7483884881
 30
0.0
  0
SPLINE
  5
69A
330
1FF
100
AcDbEntity
  8
0
  6
Continuous
 62
     7
100
AcDbSpline
210
0.0
220
0.0
230
1.0
 70
     8
 71
     3
 72
    12
 73
     8
 74
     0
 42
0.0000001
 43
0.0000000001
 40
0.0
 40
0.0
 40
0.0
 40
0.0
 40
0.2720487048
 40
0.5315004749000001
 40
0.7720899827
 40
0.8871067968999998
 40
1.0
 40
1.0
 40
1.0
 40
1.0
 10
59.7705800142
 20
123.6483884881
 30
0.0
 10
59.7705800142
 20
123.7130153336
 30
0.0
 10
59.7503933268
 20
123.8402865592
 30
0.0
 10
59.6627465208
 20
124.0054394804
 30
0.0
 10
59.5472884545
 20
124.1025803334
 30
0.0
 10
59.44218175140001
 20
124.1417682089
 30
0.0
 10
59.38782238619999
 20
124.1483884881
 30
0.0
 10
59.3610039104
 20
124.1483884881
 30
0.0
  0
SPLINE
  5
69B
330
1FF
100
AcDbEntity
  8
0
  6
Continuous
 62
     7
100
AcDbSpline
210
0.0
220
0.0
230
1.0
 70
     8
 71
     3
 72
    13
 73
     9
 74
     0
 42
0.0000001
 43
0.0000000001
 40
0.0
 40
0.0
 40
0.0
 40
0.0
 40
0.3069171533
 40
0.5836874231
 40
0.7045683833
 40
0.8125623263999999
 40
0.9095431919999999
 40
1.0
 40
1.0
 40
1.0
 40
1.0
 10
58.29576672449999
 20
116.5483884882
 30
0.0
 10
58.29576672449999
 20
116.4841859053
 30
0.0
 10
58.3089975601
 20
116.3617379482
 30
0.0
 10
58.35955471470001
 20
116.2209553712
 30
0.0
 10
58.41953713
 20
116.1331328062
 30
0.0
 10
58.4692220851
 20
116.0855573405
 30
0.0
 10
58.52415462939999
 20
116.0554345893
 30
0.0
 10
58.5636325866
 20
116.0484012176
 30
0.0
 10
58.5825548288
 20
116.0484008203
 30
0.0
  0
SPLINE
  5
69C
330
1FF
100
AcDbEntity
  8
0
  6
Continuous
 62
     7
100
AcDbSpline
210
0.0
220
0.0
230
1.0
 70
     8
 71
     3
 72
    13
 73
     9
 74
     0
 42
0.0000001
 43
0.0000000001
 40
0.0
 40
0.0
 40
0.0
 40
0.0
 40
0.3069171533
 40
0.5836874231
 40
0.7045683831999999
 40
0.8125623263999999
 40
0.9095431919999999
 40
1.0
 40
1.0
 40
1.0
 40
1.0
 10
59.1970038108
 20
116.548388488
 30
0.0
 10
59.1970038108
 20
116.4841859051
 30
0.0
 10
59.18377297520001
 20
116.361737948
 30
0.0
 10
59.1332158206
 20
116.2209553711
 30
0.0
 10
59.07323340529999
 20
116.1331328062
 30
0.0
 10
59.0235484503
 20
116.0855573405
 30
0.0
 10
58.968615906
 20
116.0554345893
 30
0.0
 10
58.9291379488
 20
116.0484012176
 30
0.0
 10
58.9102157066
 20
116.0484008203
 30
0.0
  0
SPLINE
  5
69D
330
1FF
100
AcDbEntity
  8
0
  6
Continuous
 62
     7
100
AcDbSpline
210
0.0
220
0.0
230
1.0
 70
     8
 71
     3
 72
    16
 73
    12
 74
     0
 42
0.0000001
 43
0.0000000001
 40
0.0
 40
0.0
 40
0.0
 40
0.0
 40
0.0728485293
 40
0.1568263348
 40
0.2582039711
 40
0.3785796147
 40
0.4455935650000001
 40
0.5166652603000001
 40
0.6691641617000001
 40
0.8320528065999999
 40
1.0
 40
1.0
 40
1.0
 40
1.0
 10
38.5961560642
 20
116.0484008203
 30
0.0
 10
38.6102645984
 20
116.0484004183
 30
0.0
 10
38.6408685734
 20
116.0561602209
 30
0.0
 10
38.6811943406
 20
116.0871983525
 30
0.0
 10
38.71721818400001
 20
116.1347574038
 30
0.0
 10
38.7423200877
 20
116.1850047365
 30
0.0
 10
38.760140044
 20
116.2318024347
 30
0.0
 10
38.776902204
 20
116.2855606438
 30
0.0
 10
38.7931201118
 20
116.3587745473
 30
0.0
 10
38.8048275517
 20
116.4517553407
 30
0.0
 10
38.8074653221
 20
116.5158622487
 30
0.0
 10
38.8074653221
 20
116.5483884881
 30
0.0
  0
SPLINE
  5
69E
330
1FF
100
AcDbEntity
  8
0
  6
Continuous
 62
     7
100
AcDbSpline
210
0.0
220
0.0
230
1.0
 70
     8
 71
     3
 72
    16
 73
    12
 74
     0
 42
0.0000001
 43
0.0000000001
 40
0.0
 40
0.0
 40
0.0
 40
0.0
 40
0.0728485293
 40
0.1568263348
 40
0.2582039711
 40
0.3785796147
 40
0.4455935650000001
 40
0.5166652603000001
 40
0.6691641617000001
 40
0.8320528065999999
 40
1.0
 40
1.0
 40
1.0
 40
1.0
 10
38.2336329937
 20
116.0484008203
 30
0.0
 10
38.2195244596
 20
116.0484004183
 30
0.0
 10
38.18892048449999
 20
116.0561602209
 30
0.0
 10
38.1485947173
 20
116.0871983525
 30
0.0
 10
38.1125708739
 20
116.1347574038
 30
0.0
 10
38.0874689702
 20
116.1850047364
 30
0.0
 10
38.0696490139
 20
116.2318024347
 30
0.0
 10
38.052886854
 20
116.2855606438
 30
0.0
 10
38.0366689461
 20
116.3587745473
 30
0.0
 10
38.0249615062
 20
116.4517553407
 30
0.0
 10
38.0223237358
 20
116.5158622487
 30
0.0
 10
38.0223237358
 20
116.5483884881
 30
0.0
  0
SPLINE
  5
69F
330
1FF
100
AcDbEntity
  8
0
  6
Continuous
 62
     7
100
AcDbSpline
210
0.0
220
0.0
230
1.0
 70
     8
 71
     3
 72
    11
 73
     7
 74
     0
 42
0.0000001
 43
0.0000000001
 40
0.0
 40
0.0
 40
0.0
 40
0.0
 40
0.2495462836
 40
0.4993716642
 40
0.7495293104
 40
1.0
 40
1.0
 40
1.0
 40
1.0
 10
53.1983003666
 20
116.0615347098
 30
0.0
 10
53.14647042699999
 20
116.0615378216
 30
0.0
 10
53.0416094093
 20
116.0823779384
 30
0.0
 10
52.9091811347
 20
116.1714659455
 30
0.0
 10
52.82052468959999
 20
116.3043912314
 30
0.0
 10
52.79982247399999
 20
116.4095080846
 30
0.0
 10
52.79982247399999
 20
116.4615300204
 30
0.0
  0
SPLINE
  5
6A0
330
1FF
100
AcDbEntity
  8
0
  6
Continuous
 62
     7
100
AcDbSpline
210
0.0
220
0.0
230
1.0
 70
     8
 71
     3
 72
    13
 73
     9
 74
     0
 42
0.0000001
 43
0.0000000001
 40
0.0
 40
0.0
 40
0.0
 40
0.0
 40
0.1191325534
 40
0.2393166238
 40
0.3611787037
 40
0.4853250192000001
 40
0.7394314195999999
 40
1.0
 40
1.0
 40
1.0
 40
1.0
 10
38.0528590497
 20
124.1483884881
 30
0.0
 10
38.02322596510001
 20
124.1483884881
 30
0.0
 10
37.9635033168
 20
124.1418617239
 30
0.0
 10
37.87772512820001
 20
124.113048708
 30
0.0
 10
37.7987808146
 20
124.0662711864
 30
0.0
 10
37.70615213780001
 20
123.9821374921
 30
0.0
 10
37.6224793908
 20
123.8423667213
 30
0.0
 10
37.59970521630001
 20
123.7132024332
 30
0.0
 10
37.59970521630001
 20
123.6483884881
 30
0.0
  0
SPLINE
  5
6A1
330
1FF
100
AcDbEntity
  8
0
  6
Continuous
 62
     7
100
AcDbSpline
210
0.0
220
0.0
230
1.0
 70
     8
 71
     3
 72
    11
 73
     7
 74
     0
 42
0.0000001
 43
0.0000000001
 40
0.0
 40
0.0
 40
0.0
 40
0.0
 40
0.2495468282
 40
0.4993512729
 40
0.7495050398
 40
1.0
 40
1.0
 40
1.0
 40
1.0
 10
53.2288047728
 20
116.0615347073
 30
0.0
 10
53.2806348722
 20
116.0615363925
 30
0.0
 10
53.3854914309
 20
116.0823778957
 30
0.0
 10
53.51791811
 20
116.1714577967
 30
0.0
 10
53.60657624369999
 20
116.3043821189
 30
0.0
 10
53.6272826631
 20
116.409502997
 30
0.0
 10
53.6272826631
 20
116.4615300204
 30
0.0
  0
SPLINE
  5
6A2
330
1FF
100
AcDbEntity
  8
0
  6
Continuous
 62
     7
100
AcDbSpline
210
0.0
220
0.0
230
1.0
 70
     8
 71
     3
 72
    11
 73
     7
 74
     0
 42
0.0000001
 43
0.0000000001
 40
0.0
 40
0.0
 40
0.0
 40
0.0
 40
0.2385728623999999
 40
0.4839632787000001
 40
0.7387401343000001
 40
1.0
 40
1.0
 40
1.0
 40
1.0
 10
39.3207146083
 20
123.7483884881
 30
0.0
 10
39.3088775147
 20
123.7483884881
 30
0.0
 10
39.2845712291
 20
123.742984662
 30
0.0
 10
39.2544776268
 20
123.7203698878
 30
0.0
 10
39.2346566158
 20
123.6871968701
 30
0.0
 10
39.2300838417
 20
123.661351226
 30
0.0
 10
39.2300838417
 20
123.6483884881
 30
0.0
  0
SPLINE
  5
6A3
330
1FF
100
AcDbEntity
  8
0
  6
Continuous
 62
     7
100
AcDbSpline
210
0.0
220
0.0
230
1.0
 70
     8
 71
     3
 72
     9
 73
     5
 74
     0
 42
0.0000001
 43
0.0000000001
 40
0.0
 40
0.0
 40
0.0
 40
0.0
 40
0.2486194581
 40
1.0
 40
1.0
 40
1.0
 40
1.0
 10
56.3191183346
 20
128.1483884881
 30
0.0
 10
56.1911325228
 20
128.2348872106
 30
0.0
 10
55.6741098295
 20
128.579469986
 30
0.0
 10
55.14761166319999
 20
128.9099351904
 30
0.0
 10
54.7462471617
 20
129.1483884880999
 30
0.0
  0
LINE
  5
6A4
330
1FF
100
AcDbEntity
  8
0
  6
Continuous
 62
     7
100
AcDbLine
 10
48.0294439068
 20
129.1483884880999
 30
0.0
 11
48.0893965722
 21
128.1483884881
 31
0.0
  0
SPLINE
  5
6A5
330
1FF
100
AcDbEntity
  8
0
  6
Continuous
 62
     7
100
AcDbSpline
210
0.0
220
0.0
230
1.0
 70
     8
 71
     3
 72
    13
 73
     9
 74
     0
 42
0.0000001
 43
0.0000000001
 40
0.0
 40
0.0
 40
0.0
 40
0.0
 40
0.090453211
 40
0.1874288694
 40
0.2954210101
 40
0.4163034155
 40
0.6930815240000001
 40
1.0
 40
1.0
 40
1.0
 40
1.0
 10
58.9102157066
 20
116.0484008203
 30
0.0
 10
58.8912942357
 20
116.0484004231
 30
0.0
 10
58.8518186459
 20
116.0554361146
 30
0.0
 10
58.7968863576
 20
116.0855534838
 30
0.0
 10
58.7472022061
 20
116.1331287119
 30
0.0
 10
58.68721859449999
 20
116.220951872
 30
0.0
 10
58.63665844779999
 20
116.3617358234
 30
0.0
 10
58.62342760749999
 20
116.4841856928
 30
0.0
 10
58.62342760749999
 20
116.5483884881
 30
0.0
  0
SPLINE
  5
6A6
330
1FF
100
AcDbEntity
  8
0
  6
Continuous
 62
     7
100
AcDbSpline
210
0.0
220
0.0
230
1.0
 70
     8
 71
     3
 72
    16
 73
    12
 74
     0
 42
0.0000001
 43
0.0000000001
 40
0.0
 40
0.0
 40
0.0
 40
0.0
 40
0.1679507127
 40
0.3308345329
 40
0.4833273087
 40
0.5543979775
 40
0.6214112708
 40
0.7417856922000001
 40
0.8431653792
 40
0.9271486504999998
 40
1.0
 40
1.0
 40
1.0
 40
1.0
 10
38.4449422554
 20
116.5483884853
 30
0.0
 10
38.4449422554
 20
116.5158615406
 30
0.0
 10
38.442304577
 20
116.4517548393
 30
0.0
 10
38.43059736900001
 20
116.3587753809
 30
0.0
 10
38.4143796974
 20
116.2855637784
 30
0.0
 10
38.3976186841
 20
116.231806768
 30
0.0
 10
38.3798002224
 20
116.1850090918
 30
0.0
 10
38.3546981689
 20
116.1347614448
 30
0.0
 10
38.3186735408
 20
116.087202206
 30
0.0
 10
38.2783482308
 20
116.0561589026
 30
0.0
 10
38.2477420842
 20
116.0484012223
 30
0.0
 10
38.2336329937
 20
116.0484008203
 30
0.0
  0
SPLINE
  5
6A7
330
1FF
100
AcDbEntity
  8
0
  6
Continuous
 62
     7
100
AcDbSpline
210
0.0
220
0.0
230
1.0
 70
     8
 71
     3
 72
    12
 73
     8
 74
     0
 42
0.0000001
 43
0.0000000001
 40
0.0
 40
0.0
 40
0.0
 40
0.0
 40
0.1128931693
 40
0.2279099234
 40
0.4684993975000001
 40
0.7279511865
 40
1.0
 40
1.0
 40
1.0
 40
1.0
 10
57.6402753005
 20
124.1483884881
 30
0.0
 10
57.66709376819999
 20
124.1483884881
 30
0.0
 10
57.7214531126
 20
124.1417682241
 30
0.0
 10
57.826559787
 20
124.1025803583
 30
0.0
 10
57.9420178604
 20
124.0054395475
 30
0.0
 10
58.0296647027
 20
123.840286616
 30
0.0
 10
58.0498514042
 20
123.7130153595
 30
0.0
 10
58.0498514042
 20
123.6483884881
 30
0.0
  0
SPLINE
  5
6A8
330
1FF
100
AcDbEntity
  8
0
  6
Continuous
 62
     7
100
AcDbSpline
210
0.0
220
0.0
230
1.0
 70
     8
 71
     3
 72
    15
 73
    11
 74
     0
 42
0.0000001
 43
0.0000000001
 40
0.0
 40
0.0
 40
0.0
 40
0.0
 40
0.3944897779
 40
0.5649520068000001
 40
0.7114003640000001
 40
0.8301066119999999
 40
0.9181705325999999
 40
0.9501776029
 40
0.9741022481999998
 40
1.0
 40
1.0
 40
1.0
 40
1.0
 10
49.3211438246
 20
123.778141462
 30
0.0
 10
49.3223008476
 20
123.8275819526
 30
0.0
 10
49.32490898930001
 20
123.8983711098
 30
0.0
 10
49.3309437634
 20
123.9873698406
 30
0.0
 10
49.3360105462
 20
124.0417192775
 30
0.0
 10
49.3417779834
 20
124.0857282968
 30
0.0
 10
49.3471402505
 20
124.1149938201
 30
0.0
 10
49.3522195686
 20
124.1326708662
 30
0.0
 10
49.3557380932
 20
124.1416245233
 30
0.0
 10
49.3599819795
 20
124.1483884881
 30
0.0
 10
49.3632285734
 20
124.1483884881
 30
0.0
  0
SPLINE
  5
6A9
330
1FF
100
AcDbEntity
  8
0
  6
Continuous
 62
     7
100
AcDbSpline
210
0.0
220
0.0
230
1.0
 70
     8
 71
     3
 72
     9
 73
     5
 74
     0
 42
0.0000001
 43
0.0000000001
 40
0.0
 40
0.0
 40
0.0
 40
0.0
 40
0.2523043324
 40
1.0
 40
1.0
 40
1.0
 40
1.0
 10
56.5888320186
 20
129.1483884880999
 30
0.0
 10
56.6641915518
 20
129.0687411975
 30
0.0
 10
56.9576369234
 20
128.7481201412999
 30
0.0
 10
57.2309446857
 20
128.4092644317
 30
0.0
 10
57.4246692487
 20
128.1483884881
 30
0.0
  0
LINE
  5
6AA
330
1FF
100
AcDbEntity
  8
0
  6
Continuous
 62
     7
100
AcDbLine
 10
51.0841908875
 20
128.1483884881
 30
0.0
 11
51.0242382221
 21
129.1483884880999
 31
0.0
  0
SPLINE
  5
6AB
330
1FF
100
AcDbEntity
  8
0
  6
Continuous
 62
     7
100
AcDbSpline
210
0.0
220
0.0
230
1.0
 70
     8
 71
     3
 72
    15
 73
    11
 74
     0
 42
0.0000001
 43
0.0000000001
 40
0.0
 40
0.0
 40
0.0
 40
0.0
 40
0.0268259026
 40
0.0504346628
 40
0.0817512343
 40
0.1677494358
 40
0.2839946802
 40
0.4284633027000001
 40
0.5983310428000001
 40
1.0
 40
1.0
 40
1.0
 40
1.0
 10
48.865131212
 20
120.4483884881
 30
0.0
 10
48.86242359729999
 20
120.4483884881
 30
0.0
 10
48.85859414
 20
120.4534269425
 30
0.0
 10
48.8554220856
 20
120.4605998971
 30
0.0
 10
48.8508959483
 20
120.4743159977
 30
0.0
 10
48.8460511432
 20
120.4972891606
 30
0.0
 10
48.8407399914
 20
120.5319440859
 30
0.0
 10
48.83592239569999
 20
120.5751250338
 30
0.0
 10
48.8298502602
 20
120.6471519647
 30
0.0
 10
48.8268803841
 20
120.7047757469
 30
0.0
 10
48.825310831
 20
120.7452869439
 30
0.0
  0
SPLINE
  5
6AC
330
1FF
100
AcDbEntity
  8
0
  6
Continuous
 62
     7
100
AcDbSpline
210
0.0
220
0.0
230
1.0
 70
     8
 71
     3
 72
    11
 73
     7
 74
     0
 42
0.0000001
 43
0.0000000001
 40
0.0
 40
0.0
 40
0.0
 40
0.0
 40
0.2504942371999999
 40
0.5006339829
 40
0.7504384866000001
 40
1.0
 40
1.0
 40
1.0
 40
1.0
 10
53.5967782523
 20
116.4615300204
 30
0.0
 10
53.5967782523
 20
116.4095030336
 30
0.0
 10
53.576072635
 20
116.3043851962
 30
0.0
 10
53.4874189988
 20
116.1714612525
 30
0.0
 10
53.3549941196
 20
116.0823797244
 30
0.0
 10
53.2501336291
 20
116.0615315977
 30
0.0
 10
53.1983003666
 20
116.0615347098
 30
0.0
  0
SPLINE
  5
6AD
330
1FF
100
AcDbEntity
  8
0
  6
Continuous
 62
     7
100
AcDbSpline
210
0.0
220
0.0
230
1.0
 70
     8
 71
     3
 72
    13
 73
     9
 74
     0
 42
0.0000001
 43
0.0000000001
 40
0.0
 40
0.0
 40
0.0
 40
0.0
 40
0.2605684753
 40
0.5146748532
 40
0.6388211779000001
 40
0.7606832788000001
 40
0.8808674114
 40
1.0
 40
1.0
 40
1.0
 40
1.0
 10
38.8675607749
 20
123.6483884881
 30
0.0
 10
38.8675607749
 20
123.7132024071
 30
0.0
 10
38.8903349331
 20
123.8423666623
 30
0.0
 10
38.9740076415
 20
123.9821374201
 30
0.0
 10
39.06663630150001
 20
124.0662711352
 30
0.0
 10
39.1455806269
 20
124.1130486846
 30
0.0
 10
39.2313588439
 20
124.1418617086
 30
0.0
 10
39.291081515
 20
124.1483884881
 30
0.0
 10
39.3207146083
 20
124.1483884881
 30
0.0
  0
SPLINE
  5
6AE
330
1FF
100
AcDbEntity
  8
0
  6
Continuous
 62
     7
100
AcDbSpline
210
0.0
220
0.0
230
1.0
 70
     8
 71
     3
 72
     9
 73
     5
 74
     0
 42
0.0000001
 43
0.0000000001
 40
0.0
 40
0.0
 40
0.0
 40
0.0
 40
0.2527601608999999
 40
1.0
 40
1.0
 40
1.0
 40
1.0
 10
118.1910130342
 20
171.54130198
 30
0.0
 10
118.0754984432
 20
171.465966135
 30
0.0
 10
117.6151352988
 20
171.1730645362
 30
0.0
 10
117.1424075363
 20
170.8997418934
 30
0.0
 10
116.7839663176
 20
170.7054647498
 30
0.0
  0
SPLINE
  5
6AF
330
1FF
100
AcDbEntity
  8
0
  6
Continuous
 62
     7
100
AcDbSpline
210
0.0
220
0.0
230
1.0
 70
     8
 71
     3
 72
     9
 73
     5
 74
     0
 42
0.0000001
 43
0.0000000001
 40
0.0
 40
0.0
 40
0.0
 40
0.0
 40
0.2474053005
 40
1.0
 40
1.0
 40
1.0
 40
1.0
 10
122.9504346988
 20
186.2609997038
 30
0.0
 10
122.9928053296
 20
186.1328354184
 30
0.0
 10
123.1593277831
 20
185.6132578115
 30
0.0
 10
123.3057954
 20
185.0871694955
 30
0.0
 10
123.4026300233
 20
184.6881285309
 30
0.0
  0
SPLINE
  5
6B0
330
1FF
100
AcDbEntity
  8
0
  6
Continuous
 62
     7
100
AcDbSpline
210
0.0
220
0.0
230
1.0
 70
     8
 71
     3
 72
     9
 73
     5
 74
     0
 42
0.0000001
 43
0.0000000001
 40
0.0
 40
0.0
 40
0.0
 40
0.0
 40
0.2527601608999999
 40
1.0
 40
1.0
 40
1.0
 40
1.0
 10
118.7545249206
 20
186.5307133878
 30
0.0
 10
118.8700395117
 20
186.6060492328
 30
0.0
 10
119.330402656
 20
186.8989508315
 30
0.0
 10
119.8031304185
 20
187.1722734743
 30
0.0
 10
120.1615716373
 20
187.3665506179
 30
0.0
  0
SPLINE
  5
6B1
330
1FF
100
AcDbEntity
  8
0
  6
Continuous
 62
     7
100
AcDbSpline
210
0.0
220
0.0
230
1.0
 70
     8
 71
     3
 72
     9
 73
     5
 74
     0
 42
0.0000001
 43
0.0000000001
 40
0.0
 40
0.0
 40
0.0
 40
0.0
 40
0.2474053005
 40
1.0
 40
1.0
 40
1.0
 40
1.0
 10
113.995103256
 20
171.811015664
 30
0.0
 10
113.9527326252
 20
171.9391799494
 30
0.0
 10
113.7862101717
 20
172.4587575563
 30
0.0
 10
113.6397425548
 20
172.9848458723
 30
0.0
 10
113.5429079316
 20
173.3838868369
 30
0.0
  0
SPLINE
  5
6B2
330
1FF
100
AcDbEntity
  8
0
  6
Continuous
 62
     7
100
AcDbSpline
210
0.0
220
0.0
230
1.0
 70
     8
 71
     3
 72
    13
 73
     9
 74
     0
 42
0.0000001
 43
0.0000000001
 40
0.0
 40
0.0
 40
0.0
 40
0.0
 40
0.1191325534
 40
0.2393166238
 40
0.3611787037
 40
0.4853250192000001
 40
0.7394314195999999
 40
1.0
 40
1.0
 40
1.0
 40
1.0
 10
173.0582082442
 20
124.1483884881
 30
0.0
 10
173.0285751597
 20
124.1483884881
 30
0.0
 10
172.9688525114
 20
124.1418617239
 30
0.0
 10
172.8830743228
 20
124.113048708
 30
0.0
 10
172.8041300091
 20
124.0662711864
 30
0.0
 10
172.7115013324
 20
123.9821374921
 30
0.0
 10
172.6278285853
 20
123.8423667213
 30
0.0
 10
172.6050544108
 20
123.7132024332
 30
0.0
 10
172.6050544108
 20
123.6483884881
 30
0.0
  0
SPLINE
  5
6B3
330
1FF
100
AcDbEntity
  8
0
  6
Continuous
 62
     7
100
AcDbSpline
210
0.0
220
0.0
230
1.0
 70
     8
 71
     3
 72
    10
 73
     6
 74
     0
 42
0.0000001
 43
0.0000000001
 40
0.0
 40
0.0
 40
0.0
 40
0.0
 40
0.1928589594
 40
0.5415034027000001
 40
1.0
 40
1.0
 40
1.0
 40
1.0
 10
173.2601131161
 20
121.4483884881
 30
0.0
 10
173.2629343569
 20
121.4483884881
 30
0.0
 10
173.2709102293
 20
121.4504360289
 30
0.0
 10
173.2818522553
 20
121.4609780162
 30
0.0
 10
173.2873857961
 20
121.471499751
 30
0.0
 10
173.2899967582
 20
121.47767781
 30
0.0
  0
SPLINE
  5
6B4
330
1FF
100
AcDbEntity
  8
0
  6
Continuous
 62
     7
100
AcDbSpline
210
0.0
220
0.0
230
1.0
 70
     8
 71
     3
 72
     9
 73
     5
 74
     0
 42
0.0000001
 43
0.0000000001
 40
0.0
 40
0.0
 40
0.0
 40
0.0
 40
0.4674631062
 40
1.0
 40
1.0
 40
1.0
 40
1.0
 10
173.2899967582
 20
121.47767781
 30
0.0
 10
173.2943710954
 20
121.4880283672
 30
0.0
 10
173.3004732418
 20
121.5115255295
 30
0.0
 10
173.3023749681
 20
121.5355872936
 30
0.0
 10
173.3023749681
 20
121.5483884879
 30
0.0
  0
SPLINE
  5
6B5
330
1FF
100
AcDbEntity
  8
0
  6
Continuous
 62
     7
100
AcDbSpline
210
0.0
220
0.0
230
1.0
 70
     8
 71
     3
 72
     9
 73
     5
 74
     0
 42
0.0000001
 43
0.0000000001
 40
0.0
 40
0.0
 40
0.0
 40
0.0
 40
0.5325368938000001
 40
1.0
 40
1.0
 40
1.0
 40
1.0
 10
173.3023749681
 20
122.4483884881
 30
0.0
 10
173.3023749681
 20
122.4611896825
 30
0.0
 10
173.3004732418
 20
122.4852514466
 30
0.0
 10
173.2943710954
 20
122.5087486089
 30
0.0
 10
173.2899967582
 20
122.5190991662
 30
0.0
  0
SPLINE
  5
6B6
330
1FF
100
AcDbEntity
  8
0
  6
Continuous
 62
     7
100
AcDbSpline
210
0.0
220
0.0
230
1.0
 70
     8
 71
     3
 72
    10
 73
     6
 74
     0
 42
0.0000001
 43
0.0000000001
 40
0.0
 40
0.0
 40
0.0
 40
0.0
 40
0.3191341274
 40
0.7032560081
 40
1.0
 40
1.0
 40
1.0
 40
1.0
 10
173.2899967582
 20
122.5190991662
 30
0.0
 10
173.2881822868
 20
122.5233925687
 30
0.0
 10
173.2835421692
 20
122.5325700157
 30
0.0
 10
173.2743403394
 20
122.5442968928
 30
0.0
 10
173.2644471739
 20
122.5483884881
 30
0.0
 10
173.2601131161
 20
122.5483884881
 30
0.0
  0
SPLINE
  5
6B7
330
1FF
100
AcDbEntity
  8
0
  6
Continuous
 62
     7
100
AcDbSpline
210
0.0
220
0.0
230
1.0
 70
     8
 71
     3
 72
    13
 73
     9
 74
     0
 42
0.0000001
 43
0.0000000001
 40
0.0
 40
0.0
 40
0.0
 40
0.0
 40
0.2605684753
 40
0.5146748532
 40
0.6388211779000001
 40
0.7606832788000001
 40
0.8808674114
 40
1.0
 40
1.0
 40
1.0
 40
1.0
 10
172.8163636706
 20
120.9483884881
 30
0.0
 10
172.8163636706
 20
120.8835745691
 30
0.0
 10
172.8391378288
 20
120.7544103139
 30
0.0
 10
172.9228105372
 20
120.614639556
 30
0.0
 10
173.0154391972
 20
120.530505841
 30
0.0
 10
173.0943835225
 20
120.4837282916
 30
0.0
 10
173.1801617395
 20
120.4549152676
 30
0.0
 10
173.2398844107
 20
120.4483884881
 30
0.0
 10
173.269517504
 20
120.4483884881
 30
0.0
  0
SPLINE
  5
6B8
330
1FF
100
AcDbEntity
  8
0
  6
Continuous
 62
     7
100
AcDbSpline
210
0.0
220
0.0
230
1.0
 70
     8
 71
     3
 72
    13
 73
     9
 74
     0
 42
0.0000001
 43
0.0000000001
 40
0.0
 40
0.0
 40
0.0
 40
0.0
 40
0.3069171533
 40
0.5836874231
 40
0.7045683833
 40
0.8125623263999999
 40
0.9095431919999999
 40
1.0
 40
1.0
 40
1.0
 40
1.0
 10
174.2635945521
 20
116.5483884882
 30
0.0
 10
174.2635945521
 20
116.4841859053
 30
0.0
 10
174.2503637165
 20
116.3617379482
 30
0.0
 10
174.1998065618999
 20
116.2209553712
 30
0.0
 10
174.1398241466
 20
116.1331328062
 30
0.0
 10
174.0901391916
 20
116.0855573405
 30
0.0
 10
174.0352066473
 20
116.0554345893
 30
0.0
 10
173.9957286901
 20
116.0484012176
 30
0.0
 10
173.9768064479
 20
116.0484008203
 30
0.0
  0
SPLINE
  5
6B9
330
1FF
100
AcDbEntity
  8
0
  6
Continuous
 62
     7
100
AcDbSpline
210
0.0
220
0.0
230
1.0
 70
     8
 71
     3
 72
    13
 73
     9
 74
     0
 42
0.0000001
 43
0.0000000001
 40
0.0
 40
0.0
 40
0.0
 40
0.0
 40
0.3069171533
 40
0.5836874231
 40
0.7045683831999999
 40
0.8125623263999999
 40
0.9095431919999999
 40
1.0
 40
1.0
 40
1.0
 40
1.0
 10
173.3623574658
 20
116.548388488
 30
0.0
 10
173.3623574658
 20
116.4841859051
 30
0.0
 10
173.3755883014
 20
116.361737948
 30
0.0
 10
173.4261454559999
 20
116.2209553711
 30
0.0
 10
173.4861278714
 20
116.1331328062
 30
0.0
 10
173.5358128264
 20
116.0855573405
 30
0.0
 10
173.5907453707
 20
116.0554345893
 30
0.0
 10
173.6302233279
 20
116.0484012176
 30
0.0
 10
173.6491455701
 20
116.0484008203
 30
0.0
  0
SPLINE
  5
6BA
330
1FF
100
AcDbEntity
  8
0
  6
Continuous
 62
     7
100
AcDbSpline
210
0.0
220
0.0
230
1.0
 70
     8
 71
     3
 72
    11
 73
     7
 74
     0
 42
0.0000001
 43
0.0000000001
 40
0.0
 40
0.0
 40
0.0
 40
0.0
 40
0.261460428
 40
0.5162290611
 40
0.7614389628
 40
1.0
 40
1.0
 40
1.0
 40
1.0
 10
173.8128145167
 20
120.9483884881
 30
0.0
 10
173.8128145167
 20
120.9352031493
 30
0.0
 10
173.817546077
 20
120.9089149823
 30
0.0
 10
173.8380332995
 20
120.875363082
 30
0.0
 10
173.8690462389
 20
120.8528972293
 30
0.0
 10
173.8939141592
 20
120.848061117
 30
0.0
 10
173.9059391464
 20
120.8484263379
 30
0.0
  0
SPLINE
  5
6BB
330
1FF
100
AcDbEntity
  8
0
  6
Continuous
 62
     7
100
AcDbSpline
210
0.0
220
0.0
230
1.0
 70
     8
 71
     3
 72
    11
 73
     7
 74
     0
 42
0.0000001
 43
0.0000000001
 40
0.0
 40
0.0
 40
0.0
 40
0.0
 40
0.2385728623999999
 40
0.4839632787000001
 40
0.7387401343000001
 40
1.0
 40
1.0
 40
1.0
 40
1.0
 10
174.1147545431
 20
123.7483884881
 30
0.0
 10
174.1029174495
 20
123.7483884881
 30
0.0
 10
174.0786111639
 20
123.742984662
 30
0.0
 10
174.0485175616
 20
123.7203698878
 30
0.0
 10
174.0286965506
 20
123.6871968701
 30
0.0
 10
174.0241237764
 20
123.661351226
 30
0.0
 10
174.0241237764
 20
123.6483884881
 30
0.0
  0
SPLINE
  5
6BC
330
1FF
100
AcDbEntity
  8
0
  6
Continuous
 62
     7
100
AcDbSpline
210
0.0
220
0.0
230
1.0
 70
     8
 71
     3
 72
    16
 73
    12
 74
     0
 42
0.0000001
 43
0.0000000001
 40
0.0
 40
0.0
 40
0.0
 40
0.0
 40
0.0728485293
 40
0.1568263348
 40
0.2582039711
 40
0.3785796147
 40
0.4455935650000001
 40
0.5166652603000001
 40
0.6691641617000001
 40
0.8320528065999999
 40
1.0
 40
1.0
 40
1.0
 40
1.0
 10
193.9632052124
 20
116.0484008203
 30
0.0
 10
193.9490966783
 20
116.0484004183
 30
0.0
 10
193.9184927033
 20
116.0561602209
 30
0.0
 10
193.8781669361
 20
116.0871983525
 30
0.0
 10
193.8421430927
 20
116.1347574038
 30
0.0
 10
193.8170411889
 20
116.1850047365
 30
0.0
 10
193.7992212327
 20
116.2318024347
 30
0.0
 10
193.7824590727
 20
116.2855606438
 30
0.0
 10
193.7662411649
 20
116.3587745473
 30
0.0
 10
193.754533725
 20
116.4517553407
 30
0.0
 10
193.7518959546
 20
116.5158622487
 30
0.0
 10
193.7518959546
 20
116.5483884881
 30
0.0
  0
SPLINE
  5
6BD
330
1FF
100
AcDbEntity
  8
0
  6
Continuous
 62
     7
100
AcDbSpline
210
0.0
220
0.0
230
1.0
 70
     8
 71
     3
 72
    16
 73
    12
 74
     0
 42
0.0000001
 43
0.0000000001
 40
0.0
 40
0.0
 40
0.0
 40
0.0
 40
0.0728485293
 40
0.1568263348
 40
0.2582039711
 40
0.3785796147
 40
0.4455935650000001
 40
0.5166652603000001
 40
0.6691641617000001
 40
0.8320528065999999
 40
1.0
 40
1.0
 40
1.0
 40
1.0
 10
194.325728283
 20
116.0484008203
 30
0.0
 10
194.3398368171
 20
116.0484004183
 30
0.0
 10
194.3704407921
 20
116.0561602209
 30
0.0
 10
194.4107665593
 20
116.0871983525
 30
0.0
 10
194.4467904027
 20
116.1347574038
 30
0.0
 10
194.4718923065
 20
116.1850047364
 30
0.0
 10
194.4897122627
 20
116.2318024347
 30
0.0
 10
194.5064744227
 20
116.2855606438
 30
0.0
 10
194.5226923305
 20
116.3587745473
 30
0.0
 10
194.5343997704
 20
116.4517553407
 30
0.0
 10
194.5370375408
 20
116.5158622487
 30
0.0
 10
194.5370375408
 20
116.5483884881
 30
0.0
  0
SPLINE
  5
6BE
330
1FF
100
AcDbEntity
  8
0
  6
Continuous
 62
     7
100
AcDbSpline
210
0.0
220
0.0
230
1.0
 70
     8
 71
     3
 72
    11
 73
     7
 74
     0
 42
0.0000001
 43
0.0000000001
 40
0.0
 40
0.0
 40
0.0
 40
0.0
 40
0.2495462836
 40
0.4993716642
 40
0.7495293104
 40
1.0
 40
1.0
 40
1.0
 40
1.0
 10
179.3610609101
 20
116.0615347098
 30
0.0
 10
179.4128908497
 20
116.0615378216
 30
0.0
 10
179.5177518674
 20
116.0823779384
 30
0.0
 10
179.6501801419
 20
116.1714659455
 30
0.0
 10
179.7388365871
 20
116.3043912314
 30
0.0
 10
179.7595388026
 20
116.4095080846
 30
0.0
 10
179.7595388026
 20
116.4615300204
 30
0.0
  0
SPLINE
  5
6BF
330
1FF
100
AcDbEntity
  8
0
  6
Continuous
 62
     7
100
AcDbSpline
210
0.0
220
0.0
230
1.0
 70
     8
 71
     3
 72
    11
 73
     7
 74
     0
 42
0.0000001
 43
0.0000000001
 40
0.0
 40
0.0
 40
0.0
 40
0.0
 40
0.2495468282
 40
0.4993512729
 40
0.7495050398
 40
1.0
 40
1.0
 40
1.0
 40
1.0
 10
179.3305565038
 20
116.0615347073
 30
0.0
 10
179.2787264045
 20
116.0615363925
 30
0.0
 10
179.1738698458
 20
116.0823778957
 30
0.0
 10
179.0414431667
 20
116.1714577967
 30
0.0
 10
178.9527850329
 20
116.3043821189
 30
0.0
 10
178.9320786136
 20
116.409502997
 30
0.0
 10
178.9320786136
 20
116.4615300204
 30
0.0
  0
SPLINE
  5
6C0
330
1FF
100
AcDbEntity
  8
0
  6
Continuous
 62
     7
100
AcDbSpline
210
0.0
220
0.0
230
1.0
 70
     8
 71
     3
 72
    11
 73
     7
 74
     0
 42
0.0000001
 43
0.0000000001
 40
0.0
 40
0.0
 40
0.0
 40
0.0
 40
0.2724775734
 40
0.532334448
 40
0.7733007801000001
 40
1.0
 40
1.0
 40
1.0
 40
1.0
 10
191.7589389898
 20
123.6483884881
 30
0.0
 10
191.7589389898
 20
123.6613138002
 30
0.0
 10
191.7549143979
 20
123.686767355
 30
0.0
 10
191.737326492
 20
123.719798353
 30
0.0
 10
191.7102495629
 20
123.7427390383
 30
0.0
 10
191.6877775281
 20
123.7483884881
 30
0.0
 10
191.6770237691
 20
123.7483884881
 30
0.0
  0
SPLINE
  5
6C1
330
1FF
100
AcDbEntity
  8
0
  6
Continuous
 62
     7
100
AcDbSpline
210
0.0
220
0.0
230
1.0
 70
     8
 71
     3
 72
    12
 73
     8
 74
     0
 42
0.0000001
 43
0.0000000001
 40
0.0
 40
0.0
 40
0.0
 40
0.0
 40
0.2720487048
 40
0.5315004749000001
 40
0.7720899827
 40
0.8871067968999998
 40
1.0
 40
1.0
 40
1.0
 40
1.0
 10
193.5205403811
 20
123.6483884881
 30
0.0
 10
193.5205403811
 20
123.7130153336
 30
0.0
 10
193.5003536937
 20
123.8402865592
 30
0.0
 10
193.4127068877
 20
124.0054394804
 30
0.0
 10
193.2972488214
 20
124.1025803334
 30
0.0
 10
193.1921421183
 20
124.1417682089
 30
0.0
 10
193.1377827532
 20
124.1483884881
 30
0.0
 10
193.1109642774
 20
124.1483884881
 30
0.0
  0
SPLINE
  5
6C2
330
1FF
100
AcDbEntity
  8
0
  6
Continuous
 62
     7
100
AcDbSpline
210
0.0
220
0.0
230
1.0
 70
     8
 71
     3
 72
    11
 73
     7
 74
     0
 42
0.0000001
 43
0.0000000001
 40
0.0
 40
0.0
 40
0.0
 40
0.0
 40
0.2406319056
 40
0.4861848415
 40
0.7394899968000001
 40
1.0
 40
1.0
 40
1.0
 40
1.0
 10
194.506502227
 20
124.1483884881
 30
0.0
 10
194.5555125031
 20
124.1483884881
 30
0.0
 10
194.6553987255
 20
124.1301778136
 30
0.0
 10
194.7874428264
 20
124.0519173103
 30
0.0
 10
194.8893236075
 20
123.9321212085
 30
0.0
 10
194.9301590911
 20
123.833714169
 30
0.0
 10
194.9431113337
 20
123.7822604267
 30
0.0
  0
SPLINE
  5
6C3
330
1FF
100
AcDbEntity
  8
0
  6
Continuous
 62
     7
100
AcDbSpline
210
0.0
220
0.0
230
1.0
 70
     8
 71
     3
 72
    11
 73
     7
 74
     0
 42
0.0000001
 43
0.0000000001
 40
0.0
 40
0.0
 40
0.0
 40
0.0
 40
0.2266350313
 40
0.4672224144
 40
0.7270895093
 40
1.0
 40
1.0
 40
1.0
 40
1.0
 10
191.961557857
 20
120.8484262679
 30
0.0
 10
191.9724685667
 20
120.8480596319
 30
0.0
 10
191.9954696565
 20
120.8531249084
 30
0.0
 10
192.0233963458
 20
120.8759526223
 30
0.0
 10
192.041566367
 20
120.9093664322
 30
0.0
 10
192.0457270915
 20
120.93524256
 30
0.0
 10
192.0457270915
 20
120.9483884881
 30
0.0
  0
SPLINE
  5
6C4
330
1FF
100
AcDbEntity
  8
0
  6
Continuous
 62
     7
100
AcDbSpline
210
0.0
220
0.0
230
1.0
 70
     8
 71
     3
 72
     9
 73
     5
 74
     0
 42
0.0000001
 43
0.0000000001
 40
0.0
 40
0.0
 40
0.0
 40
0.0
 40
0.4484868964000001
 40
1.0
 40
1.0
 40
1.0
 40
1.0
 10
192.6314972659
 20
122.5483884881
 30
0.0
 10
192.6237532063
 20
122.5483884881
 30
0.0
 10
192.6064520915
 20
122.5415526584
 30
0.0
 10
192.5956774131
 20
122.5273598113
 30
0.0
 10
192.5909393037
 20
122.5190991662
 30
0.0
  0
SPLINE
  5
6C5
330
1FF
100
AcDbEntity
  8
0
  6
Continuous
 62
     7
100
AcDbSpline
210
0.0
220
0.0
230
1.0
 70
     8
 71
     3
 72
     9
 73
     5
 74
     0
 42
0.0000001
 43
0.0000000001
 40
0.0
 40
0.0
 40
0.0
 40
0.0
 40
0.228937972
 40
1.0
 40
1.0
 40
1.0
 40
1.0
 10
192.5909393037
 20
122.5190991662
 30
0.0
 10
192.5881622732
 20
122.5142575594
 30
0.0
 10
192.5779138249
 20
122.4920460361
 30
0.0
 10
192.5741396456
 20
122.4671869276
 30
0.0
 10
192.5741396456
 20
122.4483884879
 30
0.0
  0
SPLINE
  5
6C6
330
1FF
100
AcDbEntity
  8
0
  6
Continuous
 62
     7
100
AcDbSpline
210
0.0
220
0.0
230
1.0
 70
     8
 71
     3
 72
     9
 73
     5
 74
     0
 42
0.0000001
 43
0.0000000001
 40
0.0
 40
0.0
 40
0.0
 40
0.0
 40
0.2672508847
 40
1.0
 40
1.0
 40
1.0
 40
1.0
 10
192.5741396456
 20
121.5483884881
 30
0.0
 10
192.5741396456
 20
121.5418770439
 30
0.0
 10
192.5755119069
 20
121.5175890895
 30
0.0
 10
192.582056628
 20
121.4931642886
 30
0.0
 10
192.5909393036
 20
121.47767781
 30
0.0
  0
SPLINE
  5
6C7
330
1FF
100
AcDbEntity
  8
0
  6
Continuous
 62
     7
100
AcDbSpline
210
0.0
220
0.0
230
1.0
 70
     8
 71
     3
 72
     9
 73
     5
 74
     0
 42
0.0000001
 43
0.0000000001
 40
0.0
 40
0.0
 40
0.0
 40
0.0
 40
0.5515131036
 40
1.0
 40
1.0
 40
1.0
 40
1.0
 10
192.5909393036
 20
121.47767781
 30
0.0
 10
192.5956774131
 20
121.4694171648
 30
0.0
 10
192.6064520915
 20
121.4552243177
 30
0.0
 10
192.6237532063
 20
121.4483884881
 30
0.0
 10
192.6314972659
 20
121.4483884881
 30
0.0
  0
SPLINE
  5
6C8
330
1FF
100
AcDbEntity
  8
0
  6
Continuous
 62
     7
100
AcDbSpline
210
0.0
220
0.0
230
1.0
 70
     8
 71
     3
 72
     9
 73
     5
 74
     0
 42
0.0000001
 43
0.0000000001
 40
0.0
 40
0.0
 40
0.0
 40
0.0
 40
0.2374313334
 40
1.0
 40
1.0
 40
1.0
 40
1.0
 10
192.6628263388
 20
122.5449812393
 30
0.0
 10
192.6640540046
 20
122.5444084065
 30
0.0
 10
192.6691007964
 20
122.5417309372
 30
0.0
 10
192.6735961962
 20
122.5380776802
 30
0.0
 10
192.6766616981
 20
122.5349899018
 30
0.0
  0
SPLINE
  5
6C9
330
1FF
100
AcDbEntity
  8
0
  6
Continuous
 62
     7
100
AcDbSpline
210
0.0
220
0.0
230
1.0
 70
     8
 71
     3
 72
     9
 73
     5
 74
     0
 42
0.0000001
 43
0.0000000001
 40
0.0
 40
0.0
 40
0.0
 40
0.0
 40
0.2367986635
 40
1.0
 40
1.0
 40
1.0
 40
1.0
 10
192.6766616981
 20
122.5349899018
 30
0.0
 10
192.6777668175
 20
122.5338767517
 30
0.0
 10
192.6822511165
 20
122.5289952571
 30
0.0
 10
192.6860247524
 20
122.5234844856
 30
0.0
 10
192.6885400672
 20
122.5190991662
 30
0.0
  0
SPLINE
  5
6CA
330
1FF
100
AcDbEntity
  8
0
  6
Continuous
 62
     7
100
AcDbSpline
210
0.0
220
0.0
230
1.0
 70
     8
 71
     3
 72
     9
 73
     5
 74
     0
 42
0.0000001
 43
0.0000000001
 40
0.0
 40
0.0
 40
0.0
 40
0.0
 40
0.228937972
 40
1.0
 40
1.0
 40
1.0
 40
1.0
 10
192.6885400672
 20
122.5190991662
 30
0.0
 10
192.6913170977
 20
122.5142575594
 30
0.0
 10
192.701565546
 20
122.4920460362
 30
0.0
 10
192.7053397252999
 20
122.4671869277
 30
0.0
 10
192.7053397252999
 20
122.4483884881
 30
0.0
  0
SPLINE
  5
6CB
330
1FF
100
AcDbEntity
  8
0
  6
Continuous
 62
     7
100
AcDbSpline
210
0.0
220
0.0
230
1.0
 70
     8
 71
     3
 72
     9
 73
     5
 74
     0
 42
0.0000001
 43
0.0000000001
 40
0.0
 40
0.0
 40
0.0
 40
0.0
 40
0.2672508847
 40
1.0
 40
1.0
 40
1.0
 40
1.0
 10
192.7053397252999
 20
121.5483884881
 30
0.0
 10
192.7053397252999
 20
121.5418770439
 30
0.0
 10
192.703967464
 20
121.5175890895
 30
0.0
 10
192.6974227429
 20
121.4931642886
 30
0.0
 10
192.6885400672
 20
121.47767781
 30
0.0
  0
SPLINE
  5
6CC
330
1FF
100
AcDbEntity
  8
0
  6
Continuous
 62
     7
100
AcDbSpline
210
0.0
220
0.0
230
1.0
 70
     8
 71
     3
 72
     9
 73
     5
 74
     0
 42
0.0000001
 43
0.0000000001
 40
0.0
 40
0.0
 40
0.0
 40
0.0
 40
0.5515131036
 40
1.0
 40
1.0
 40
1.0
 40
1.0
 10
192.6885400672
 20
121.47767781
 30
0.0
 10
192.6838019578
 20
121.4694171648
 30
0.0
 10
192.6730272794
 20
121.4552243177
 30
0.0
 10
192.6557261646
 20
121.4483884881
 30
0.0
 10
192.647982105
 20
121.4483884881
 30
0.0
  0
SPLINE
  5
6CD
330
1FF
100
AcDbEntity
  8
0
  6
Continuous
 62
     7
100
AcDbSpline
210
0.0
220
0.0
230
1.0
 70
     8
 71
     3
 72
    16
 73
    12
 74
     0
 42
0.0000001
 43
0.0000000001
 40
0.0
 40
0.0
 40
0.0
 40
0.0
 40
0.009684615
 40
0.0261857655
 40
0.0846920087
 40
0.1771906293
 40
0.3007461742
 40
0.4508555738
 40
0.6218099831
 40
0.8073052773
 40
1.0
 40
1.0
 40
1.0
 40
1.0
 10
181.3795969971
 20
121.4983884881
 30
0.0
 10
181.3774731664
 20
121.4983884881
 30
0.0
 10
181.3723461358
 20
121.4943524799
 30
0.0
 10
181.3645280900999
 20
121.4777068385
 30
0.0
 10
181.3556527007
 20
121.4415821256
 30
0.0
 10
181.346702309
 20
121.3822092699
 30
0.0
 10
181.3385510565
 20
121.3022208261
 30
0.0
 10
181.3318150197
 20
121.204967242
 30
0.0
 10
181.326761046
 20
121.0939759363
 30
0.0
 10
181.3236467788
 20
120.9735857076
 30
0.0
 10
181.3229459485
 20
120.8906463337
 30
0.0
 10
181.3229459485
 20
120.8483884881
 30
0.0
  0
SPLINE
  5
6CE
330
1FF
100
AcDbEntity
  8
0
  6
Continuous
 62
     7
100
AcDbSpline
210
0.0
220
0.0
230
1.0
 70
     8
 71
     3
 72
    15
 73
    11
 74
     0
 42
0.0000001
 43
0.0000000001
 40
0.0
 40
0.0
 40
0.0
 40
0.0
 40
0.0096827575
 40
0.0261918228
 40
0.0846866316
 40
0.1771891622
 40
0.3007793191
 40
0.4508328993000001
 40
0.6217961929
 40
1.0
 40
1.0
 40
1.0
 40
1.0
 10
183.3719864428
 20
121.1483884881
 30
0.0
 10
183.3710064256
 20
121.1483884881
 30
0.0
 10
183.3686424997
 20
121.146520012
 30
0.0
 10
183.3650360125999
 20
121.1388409548
 30
0.0
 10
183.3609312095
 20
121.1221679297
 30
0.0
 10
183.356803827
 20
121.0947633833
 30
0.0
 10
183.3530453988
 20
121.0578477038
 30
0.0
 10
183.3499309762
 20
121.0129640524
 30
0.0
 10
183.3467195605
 20
120.9422569266
 30
0.0
 10
183.345839805
 20
120.8866674836
 30
0.0
 10
183.345839805
 20
120.8483884881
 30
0.0
  0
SPLINE
  5
6CF
330
1FF
100
AcDbEntity
  8
0
  6
Continuous
 62
     7
100
AcDbSpline
210
0.0
220
0.0
230
1.0
 70
     8
 71
     3
 72
    15
 73
    11
 74
     0
 42
0.0000001
 43
0.0000000001
 40
0.0
 40
0.0
 40
0.0
 40
0.0
 40
0.0096827575
 40
0.0261918228
 40
0.0846866316
 40
0.1771891622
 40
0.3007793191
 40
0.4508328993000001
 40
0.6217961929
 40
1.0
 40
1.0
 40
1.0
 40
1.0
 10
180.3834022742
 20
121.1483884881
 30
0.0
 10
180.382422257
 20
121.1483884881
 30
0.0
 10
180.380058331
 20
121.146520012
 30
0.0
 10
180.376451844
 20
121.1388409548
 30
0.0
 10
180.3723470408
 20
121.1221679297
 30
0.0
 10
180.3682196583
 20
121.0947633833
 30
0.0
 10
180.3644612300999
 20
121.0578477038
 30
0.0
 10
180.3613468075
 20
121.0129640524
 30
0.0
 10
180.3581353919
 20
120.9422569266
 30
0.0
 10
180.3572556364
 20
120.8866674836
 30
0.0
 10
180.3572556364
 20
120.8483884881
 30
0.0
  0
SPLINE
  5
6D0
330
1FF
100
AcDbEntity
  8
0
  6
Continuous
 62
     7
100
AcDbSpline
210
0.0
220
0.0
230
1.0
 70
     8
 71
     3
 72
    16
 73
    12
 74
     0
 42
0.0000001
 43
0.0000000001
 40
0.0
 40
0.0
 40
0.0
 40
0.0
 40
0.009684615
 40
0.0261857655
 40
0.0846920087
 40
0.1771906293
 40
0.3007461742
 40
0.4508555738
 40
0.6218099831
 40
0.8073052773
 40
1.0
 40
1.0
 40
1.0
 40
1.0
 10
178.3910128284
 20
121.4983884881
 30
0.0
 10
178.3888889977
 20
121.4983884881
 30
0.0
 10
178.3837619671
 20
121.4943524799
 30
0.0
 10
178.3759439214
 20
121.4777068385
 30
0.0
 10
178.367068532
 20
121.4415821256
 30
0.0
 10
178.3581181403
 20
121.3822092699
 30
0.0
 10
178.3499668879
 20
121.3022208261
 30
0.0
 10
178.3432308511
 20
121.204967242
 30
0.0
 10
178.3381768773
 20
121.0939759363
 30
0.0
 10
178.3350626101
 20
120.9735857076
 30
0.0
 10
178.3343617798
 20
120.8906463337
 30
0.0
 10
178.3343617798
 20
120.8483884881
 30
0.0
  0
SPLINE
  5
6D1
330
1FF
100
AcDbEntity
  8
0
  6
Continuous
 62
     7
100
AcDbSpline
210
0.0
220
0.0
230
1.0
 70
     8
 71
     3
 72
    16
 73
    12
 74
     0
 42
0.0000001
 43
0.0000000001
 40
0.0
 40
0.0
 40
0.0
 40
0.0
 40
0.009684615
 40
0.0261857655
 40
0.0846920087
 40
0.1771906293
 40
0.3007461742
 40
0.4508555738
 40
0.6218099831
 40
0.8073052773
 40
1.0
 40
1.0
 40
1.0
 40
1.0
 10
184.3681811657
 20
121.4983884881
 30
0.0
 10
184.366057335
 20
121.4983884881
 30
0.0
 10
184.3609303044
 20
121.4943524799
 30
0.0
 10
184.3531122587
 20
121.4777068385
 30
0.0
 10
184.3442368693
 20
121.4415821256
 30
0.0
 10
184.3352864776
 20
121.3822092699
 30
0.0
 10
184.3271352252
 20
121.3022208261
 30
0.0
 10
184.3203991884
 20
121.204967242
 30
0.0
 10
184.3153452147
 20
121.0939759363
 30
0.0
 10
184.3122309475
 20
120.9735857076
 30
0.0
 10
184.3115301171
 20
120.8906463337
 30
0.0
 10
184.3115301171
 20
120.8483884881
 30
0.0
  0
SPLINE
  5
6D2
330
1FF
100
AcDbEntity
  8
0
  6
Continuous
 62
     7
100
AcDbSpline
210
0.0
220
0.0
230
1.0
 70
     8
 71
     3
 72
    15
 73
    11
 74
     0
 42
0.0000001
 43
0.0000000001
 40
0.0
 40
0.0
 40
0.0
 40
0.0
 40
0.0096827575
 40
0.0261918228
 40
0.0846866316
 40
0.1771891622
 40
0.3007793191
 40
0.4508328993000001
 40
0.6217961929
 40
1.0
 40
1.0
 40
1.0
 40
1.0
 10
186.3605706115
 20
121.1483884881
 30
0.0
 10
186.3595905943
 20
121.1483884881
 30
0.0
 10
186.3572266684
 20
121.146520012
 30
0.0
 10
186.3536201813
 20
121.1388409548
 30
0.0
 10
186.3495153782
 20
121.1221679297
 30
0.0
 10
186.3453879956
 20
121.0947633833
 30
0.0
 10
186.3416295674
 20
121.0578477038
 30
0.0
 10
186.3385151448
 20
121.0129640524
 30
0.0
 10
186.3353037291999
 20
120.9422569266
 30
0.0
 10
186.3344239737
 20
120.8866674836
 30
0.0
 10
186.3344239737
 20
120.8483884881
 30
0.0
  0
SPLINE
  5
6D3
330
1FF
100
AcDbEntity
  8
0
  6
Continuous
 62
     7
100
AcDbSpline
210
0.0
220
0.0
230
1.0
 70
     8
 71
     3
 72
    11
 73
     7
 74
     0
 42
0.0000001
 43
0.0000000001
 40
0.0
 40
0.0
 40
0.0
 40
0.0
 40
0.2324201541
 40
0.4739249413000001
 40
0.7298445612000001
 40
1.0
 40
1.0
 40
1.0
 40
1.0
 10
192.8241761757
 20
120.4483884881
 30
0.0
 10
192.8649694614
 20
120.4483884881
 30
0.0
 10
192.9488603262
 20
120.4640712592
 30
0.0
 10
193.0607346995
 20
120.5311105719
 30
0.0
 10
193.150509186
 20
120.634128412
 30
0.0
 10
193.1902174593999
 20
120.7188864314
 30
0.0
 10
193.2048766629
 20
120.7639799248
 30
0.0
  0
SPLINE
  5
6D4
330
1FF
100
AcDbEntity
  8
0
  6
Continuous
 62
     7
100
AcDbSpline
210
0.0
220
0.0
230
1.0
 70
     8
 71
     3
 72
     9
 73
     5
 74
     0
 42
0.0000001
 43
0.0000000001
 40
0.0
 40
0.0
 40
0.0
 40
0.0
 40
0.2478984589
 40
1.0
 40
1.0
 40
1.0
 40
1.0
 10
193.2048766629
 20
120.7639799248
 30
0.0
 10
193.2096561683
 20
120.7786822648
 30
0.0
 10
193.2265244024
 20
120.8387529724
 30
0.0
 10
193.2337522794
 20
120.9014851398
 30
0.0
 10
193.2337522794
 20
120.9483884881
 30
0.0
  0
SPLINE
  5
6D5
330
1FF
100
AcDbEntity
  8
0
  6
Continuous
 62
     7
100
AcDbSpline
210
0.0
220
0.0
230
1.0
 70
     8
 71
     3
 72
     9
 73
     5
 74
     0
 42
0.0000001
 43
0.0000000001
 40
0.0
 40
0.0
 40
0.0
 40
0.0
 40
0.2486194581
 40
1.0
 40
1.0
 40
1.0
 40
1.0
 10
190.6902269819
 20
128.1483884881
 30
0.0
 10
190.5622411701
 20
128.2348872106
 30
0.0
 10
190.0452184768
 20
128.579469986
 30
0.0
 10
189.5187203105
 20
128.9099351904
 30
0.0
 10
189.1173558089
 20
129.1483884880999
 30
0.0
  0
LINE
  5
6D6
330
1FF
100
AcDbEntity
  8
0
  6
Continuous
 62
     7
100
AcDbLine
 10
182.400552554
 20
129.1483884880999
 30
0.0
 11
182.4605052194
 21
128.1483884881
 31
0.0
  0
SPLINE
  5
6D7
330
1FF
100
AcDbEntity
  8
0
  6
Continuous
 62
     7
100
AcDbSpline
210
0.0
220
0.0
230
1.0
 70
     8
 71
     3
 72
    16
 73
    12
 74
     0
 42
0.0000001
 43
0.0000000001
 40
0.0
 40
0.0
 40
0.0
 40
0.0
 40
0.1679507126
 40
0.3308345327
 40
0.4833273086000001
 40
0.5543979775
 40
0.6214112708
 40
0.7417856922000001
 40
0.8431653793
 40
0.9271486506
 40
1.0
 40
1.0
 40
1.0
 40
1.0
 10
194.1745144741
 20
116.5483884881
 30
0.0
 10
194.1745144741
 20
116.5158615433
 30
0.0
 10
194.1718767959
 20
116.4517548417
 30
0.0
 10
194.1601695881
 20
116.3587753828
 30
0.0
 10
194.1439519165
 20
116.28556378
 30
0.0
 10
194.1271909033
 20
116.2318067692
 30
0.0
 10
194.1093724415999
 20
116.1850090927
 30
0.0
 10
194.084270388
 20
116.1347614454
 30
0.0
 10
194.0482457598
 20
116.0872022063
 30
0.0
 10
194.0079204497
 20
116.0561589027
 30
0.0
 10
193.977314303
 20
116.0484012223
 30
0.0
 10
193.9632052124
 20
116.0484008203
 30
0.0
  0
SPLINE
  5
6D8
330
1FF
100
AcDbEntity
  8
0
  6
Continuous
 62
     7
100
AcDbSpline
210
0.0
220
0.0
230
1.0
 70
     8
 71
     3
 72
    12
 73
     8
 74
     0
 42
0.0000001
 43
0.0000000001
 40
0.0
 40
0.0
 40
0.0
 40
0.0
 40
0.2720487048
 40
0.5315004749000001
 40
0.7720899827
 40
0.8871067968999998
 40
1.0
 40
1.0
 40
1.0
 40
1.0
 10
192.3733879743999
 20
120.9483884881
 30
0.0
 10
192.3733879743999
 20
120.8837616425
 30
0.0
 10
192.353201287
 20
120.756490417
 30
0.0
 10
192.265554481
 20
120.5913374958
 30
0.0
 10
192.1500964147
 20
120.4941966428
 30
0.0
 10
192.0449897116
 20
120.4550087673
 30
0.0
 10
191.9906303465
 20
120.4483884881
 30
0.0
 10
191.9638118707
 20
120.4483884881
 30
0.0
  0
SPLINE
  5
6D9
330
1FF
100
AcDbEntity
  8
0
  6
Continuous
 62
     7
100
AcDbSpline
210
0.0
220
0.0
230
1.0
 70
     8
 71
     3
 72
     9
 73
     5
 74
     0
 42
0.0000001
 43
0.0000000001
 40
0.0
 40
0.0
 40
0.0
 40
0.0
 40
0.4484868964000001
 40
1.0
 40
1.0
 40
1.0
 40
1.0
 10
192.9756429879
 20
121.4483884881
 30
0.0
 10
192.9833870476
 20
121.4483884881
 30
0.0
 10
193.0006881624
 20
121.4552243177
 30
0.0
 10
193.0114628408
 20
121.4694171648
 30
0.0
 10
193.0162009502
 20
121.47767781
 30
0.0
  0
SPLINE
  5
6DA
330
1FF
100
AcDbEntity
  8
0
  6
Continuous
 62
     7
100
AcDbSpline
210
0.0
220
0.0
230
1.0
 70
     8
 71
     3
 72
     9
 73
     5
 74
     0
 42
0.0000001
 43
0.0000000001
 40
0.0
 40
0.0
 40
0.0
 40
0.0
 40
0.228937972
 40
1.0
 40
1.0
 40
1.0
 40
1.0
 10
193.0162009502
 20
121.47767781
 30
0.0
 10
193.0189779807
 20
121.4825194168
 30
0.0
 10
193.029226429
 20
121.50473094
 30
0.0
 10
193.0330006083
 20
121.5295900486
 30
0.0
 10
193.0330006083
 20
121.5483884883
 30
0.0
  0
SPLINE
  5
6DB
330
1FF
100
AcDbEntity
  8
0
  6
Continuous
 62
     7
100
AcDbSpline
210
0.0
220
0.0
230
1.0
 70
     8
 71
     3
 72
     9
 73
     5
 74
     0
 42
0.0000001
 43
0.0000000001
 40
0.0
 40
0.0
 40
0.0
 40
0.0
 40
0.2672508847
 40
1.0
 40
1.0
 40
1.0
 40
1.0
 10
193.0330006083
 20
122.448388488
 30
0.0
 10
193.0330006083
 20
122.4548999323
 30
0.0
 10
193.031628347
 20
122.4791878867
 30
0.0
 10
193.0250836259
 20
122.5036126875
 30
0.0
 10
193.0162009502
 20
122.5190991662
 30
0.0
  0
SPLINE
  5
6DC
330
1FF
100
AcDbEntity
  8
0
  6
Continuous
 62
     7
100
AcDbSpline
210
0.0
220
0.0
230
1.0
 70
     8
 71
     3
 72
     9
 73
     5
 74
     0
 42
0.0000001
 43
0.0000000001
 40
0.0
 40
0.0
 40
0.0
 40
0.0
 40
0.5515131036
 40
1.0
 40
1.0
 40
1.0
 40
1.0
 10
193.0162009502
 20
122.5190991662
 30
0.0
 10
193.0114628408
 20
122.5273598113
 30
0.0
 10
193.0006881624
 20
122.5415526584
 30
0.0
 10
192.9833870476
 20
122.5483884881
 30
0.0
 10
192.9756429879
 20
122.5483884881
 30
0.0
  0
SPLINE
  5
6DD
330
1FF
100
AcDbEntity
  8
0
  6
Continuous
 62
     7
100
AcDbSpline
210
0.0
220
0.0
230
1.0
 70
     8
 71
     3
 72
    13
 73
     9
 74
     0
 42
0.0000001
 43
0.0000000001
 40
0.0
 40
0.0
 40
0.0
 40
0.0
 40
0.1191325534
 40
0.2393166238
 40
0.3611787037
 40
0.4853250192000001
 40
0.7394314195999999
 40
1.0
 40
1.0
 40
1.0
 40
1.0
 10
173.9034452834
 20
120.4483884881
 30
0.0
 10
173.8738121988
 20
120.4483884881
 30
0.0
 10
173.8140895505
 20
120.4549152523
 30
0.0
 10
173.7283113619
 20
120.4837282682
 30
0.0
 10
173.6493670483
 20
120.5305057897
 30
0.0
 10
173.5567383715
 20
120.614639484
 30
0.0
 10
173.4730656244
 20
120.7544102549
 30
0.0
 10
173.4502914499
 20
120.883574543
 30
0.0
 10
173.4502914499
 20
120.9483884881
 30
0.0
  0
SPLINE
  5
6DE
330
1FF
100
AcDbEntity
  8
0
  6
Continuous
 62
     7
100
AcDbSpline
210
0.0
220
0.0
230
1.0
 70
     8
 71
     3
 72
     9
 73
     5
 74
     0
 42
0.0000001
 43
0.0000000001
 40
0.0
 40
0.0
 40
0.0
 40
0.0
 40
0.2523043324
 40
1.0
 40
1.0
 40
1.0
 40
1.0
 10
190.9599406659
 20
129.1483884880999
 30
0.0
 10
191.0353001991
 20
129.0687411975
 30
0.0
 10
191.3287455707
 20
128.7481201412999
 30
0.0
 10
191.602053333
 20
128.4092644317
 30
0.0
 10
191.7957778959999
 20
128.1483884881
 30
0.0
  0
SPLINE
  5
6DF
330
1FF
100
AcDbEntity
  8
0
  6
Continuous
 62
     7
100
AcDbSpline
210
0.0
220
0.0
230
1.0
 70
     8
 71
     3
 72
    13
 73
     9
 74
     0
 42
0.0000001
 43
0.0000000001
 40
0.0
 40
0.0
 40
0.0
 40
0.0
 40
0.2605684753
 40
0.5146748532
 40
0.6388211779000001
 40
0.7606832788000001
 40
0.8808674114
 40
1.0
 40
1.0
 40
1.0
 40
1.0
 10
173.6616007097
 20
123.6483884881
 30
0.0
 10
173.6616007097
 20
123.7132024071
 30
0.0
 10
173.6843748679
 20
123.8423666623
 30
0.0
 10
173.7680475763
 20
123.9821374201
 30
0.0
 10
173.8606762363
 20
124.0662711352
 30
0.0
 10
173.9396205616
 20
124.1130486846
 30
0.0
 10
174.0253987786999
 20
124.1418617086
 30
0.0
 10
174.0851214498
 20
124.1483884881
 30
0.0
 10
174.1147545431
 20
124.1483884881
 30
0.0
  0
SPLINE
  5
6E0
330
1FF
100
AcDbEntity
  8
0
  6
Continuous
 62
     7
100
AcDbSpline
210
0.0
220
0.0
230
1.0
 70
     8
 71
     3
 72
     9
 73
     5
 74
     0
 42
0.0000001
 43
0.0000000001
 40
0.0
 40
0.0
 40
0.0
 40
0.0
 40
0.2591086039
 40
1.0
 40
1.0
 40
1.0
 40
1.0
 10
183.3153353942
 20
120.8483884881
 30
0.0
 10
183.3153353942
 20
120.8745764816
 30
0.0
 10
183.3158790274
 20
120.9756441422
 30
0.0
 10
183.3184361217
 20
121.076710017
 30
0.0
 10
183.3218729370999
 20
121.1515126764
 30
0.0
  0
SPLINE
  5
6E1
330
1FF
100
AcDbEntity
  8
0
  6
Continuous
 62
     7
100
AcDbSpline
210
0.0
220
0.0
230
1.0
 70
     8
 71
     3
 72
    14
 73
    10
 74
     0
 42
0.0000001
 43
0.0000000001
 40
0.0
 40
0.0
 40
0.0
 40
0.0
 40
0.4055676201
 40
0.7180527484
 40
0.8328123034999999
 40
0.9176496903
 40
0.9486355993
 40
0.9721834084999999
 40
1.0
 40
1.0
 40
1.0
 40
1.0
 10
183.322941677
 20
121.173710611
 30
0.0
 10
183.325203207
 20
121.2185846857
 30
0.0
 10
183.3303210248
 20
121.2979857526
 30
0.0
 10
183.3397506854
 20
121.3898003591
 30
0.0
 10
183.3493251473
 20
121.4457979654
 30
0.0
 10
183.3551459973
 20
121.4706039353
 30
0.0
 10
183.3605175909
 20
121.4852955792
 30
0.0
 10
183.3643441931
 20
121.4931680109
 30
0.0
 10
183.3689047668
 20
121.4983884881
 30
0.0
 10
183.3719864428
 20
121.4983884881
 30
0.0
  0
LINE
  5
6E2
330
1FF
100
AcDbEntity
  8
0
  6
Continuous
 62
     7
100
AcDbLine
 10
185.4552995347
 20
128.1483884881
 30
0.0
 11
185.3953468693
 21
129.1483884880999
 31
0.0
  0
SPLINE
  5
6E3
330
1FF
100
AcDbEntity
  8
0
  6
Continuous
 62
     7
100
AcDbSpline
210
0.0
220
0.0
230
1.0
 70
     8
 71
     3
 72
     9
 73
     5
 74
     0
 42
0.0000001
 43
0.0000000001
 40
0.0
 40
0.0
 40
0.0
 40
0.0
 40
0.2591086039
 40
1.0
 40
1.0
 40
1.0
 40
1.0
 10
180.3267512256
 20
120.8483884881
 30
0.0
 10
180.3267512256
 20
120.8745764816
 30
0.0
 10
180.3272948587
 20
120.9756441422
 30
0.0
 10
180.3298519531
 20
121.076710017
 30
0.0
 10
180.3332887685
 20
121.1515126764
 30
0.0
  0
SPLINE
  5
6E4
330
1FF
100
AcDbEntity
  8
0
  6
Continuous
 62
     7
100
AcDbSpline
210
0.0
220
0.0
230
1.0
 70
     8
 71
     3
 72
    14
 73
    10
 74
     0
 42
0.0000001
 43
0.0000000001
 40
0.0
 40
0.0
 40
0.0
 40
0.0
 40
0.4055676201
 40
0.7180527484
 40
0.8328123034999999
 40
0.9176496903
 40
0.9486355993
 40
0.9721834084999999
 40
1.0
 40
1.0
 40
1.0
 40
1.0
 10
180.3343575084
 20
121.173710611
 30
0.0
 10
180.3366190383
 20
121.2185846857
 30
0.0
 10
180.3417368562
 20
121.2979857526
 30
0.0
 10
180.3511665167
 20
121.3898003591
 30
0.0
 10
180.3607409786
 20
121.4457979654
 30
0.0
 10
180.3665618286
 20
121.4706039353
 30
0.0
 10
180.3719334222
 20
121.4852955792
 30
0.0
 10
180.3757600245
 20
121.4931680109
 30
0.0
 10
180.3803205982
 20
121.4983884881
 30
0.0
 10
180.3834022742
 20
121.4983884881
 30
0.0
  0
SPLINE
  5
6E5
330
1FF
100
AcDbEntity
  8
0
  6
Continuous
 62
     7
100
AcDbSpline
210
0.0
220
0.0
230
1.0
 70
     8
 71
     3
 72
    11
 73
     7
 74
     0
 42
0.0000001
 43
0.0000000001
 40
0.0
 40
0.0
 40
0.0
 40
0.0
 40
0.2504941118
 40
0.5006373148
 40
0.7504420866000001
 40
1.0
 40
1.0
 40
1.0
 40
1.0
 10
179.7290343919
 20
116.4615300204
 30
0.0
 10
179.7290343919
 20
116.4095030935
 30
0.0
 10
179.7083286061
 20
116.3043845842
 30
0.0
 10
179.6196739283
 20
116.17146054
 30
0.0
 10
179.4872485102
 20
116.0823793636
 30
0.0
 10
179.382388985
 20
116.0615330219
 30
0.0
 10
179.3305565038
 20
116.0615347073
 30
0.0
  0
SPLINE
  5
6E6
330
1FF
100
AcDbEntity
  8
0
  6
Continuous
 62
     7
100
AcDbSpline
210
0.0
220
0.0
230
1.0
 70
     8
 71
     3
 72
    12
 73
     8
 74
     0
 42
0.0000001
 43
0.0000000001
 40
0.0
 40
0.0
 40
0.0
 40
0.0
 40
0.1128931693
 40
0.2279099234
 40
0.4684993975000001
 40
0.7279511865
 40
1.0
 40
1.0
 40
1.0
 40
1.0
 10
191.6770237691
 20
124.1483884881
 30
0.0
 10
191.7038422368
 20
124.1483884881
 30
0.0
 10
191.7582015812
 20
124.1417682241
 30
0.0
 10
191.8633082556
 20
124.1025803583
 30
0.0
 10
191.978766329
 20
124.0054395475
 30
0.0
 10
192.0664131713
 20
123.840286616
 30
0.0
 10
192.0865998728
 20
123.7130153595
 30
0.0
 10
192.0865998728
 20
123.6483884881
 30
0.0
  0
SPLINE
  5
6E7
330
1FF
100
AcDbEntity
  8
0
  6
Continuous
 62
     7
100
AcDbSpline
210
0.0
220
0.0
230
1.0
 70
     8
 71
     3
 72
    13
 73
     9
 74
     0
 42
0.0000001
 43
0.0000000001
 40
0.0
 40
0.0
 40
0.0
 40
0.0
 40
0.090453211
 40
0.1874288694
 40
0.2954210101
 40
0.4163034155
 40
0.6930815240000001
 40
1.0
 40
1.0
 40
1.0
 40
1.0
 10
173.9768064479
 20
116.0484008203
 30
0.0
 10
173.957884977
 20
116.0484004231
 30
0.0
 10
173.9184093872
 20
116.0554361146
 30
0.0
 10
173.8634770989
 20
116.0855534838
 30
0.0
 10
173.8137929474
 20
116.1331287119
 30
0.0
 10
173.7538093358
 20
116.220951872
 30
0.0
 10
173.7032491891
 20
116.3617358234
 30
0.0
 10
173.6900183488
 20
116.4841856928
 30
0.0
 10
173.6900183488
 20
116.5483884881
 30
0.0
  0
SPLINE
  5
6E8
330
1FF
100
AcDbEntity
  8
0
  6
Continuous
 62
     7
100
AcDbSpline
210
0.0
220
0.0
230
1.0
 70
     8
 71
     3
 72
     9
 73
     5
 74
     0
 42
0.0000001
 43
0.0000000001
 40
0.0
 40
0.0
 40
0.0
 40
0.0
 40
0.2591086039
 40
1.0
 40
1.0
 40
1.0
 40
1.0
 10
186.3039195629
 20
120.8483884881
 30
0.0
 10
186.3039195629
 20
120.8745764816
 30
0.0
 10
186.304463196
 20
120.9756441422
 30
0.0
 10
186.3070202904
 20
121.076710017
 30
0.0
 10
186.3104571058
 20
121.1515126764
 30
0.0
  0
SPLINE
  5
6E9
330
1FF
100
AcDbEntity
  8
0
  6
Continuous
 62
     7
100
AcDbSpline
210
0.0
220
0.0
230
1.0
 70
     8
 71
     3
 72
    14
 73
    10
 74
     0
 42
0.0000001
 43
0.0000000001
 40
0.0
 40
0.0
 40
0.0
 40
0.0
 40
0.4055676201
 40
0.7180527484
 40
0.8328123034999999
 40
0.9176496903
 40
0.9486355993
 40
0.9721834084999999
 40
1.0
 40
1.0
 40
1.0
 40
1.0
 10
186.3115258457
 20
121.173710611
 30
0.0
 10
186.3137873756
 20
121.2185846857
 30
0.0
 10
186.3189051935
 20
121.2979857526
 30
0.0
 10
186.328334854
 20
121.3898003591
 30
0.0
 10
186.3379093159
 20
121.4457979654
 30
0.0
 10
186.3437301659
 20
121.4706039353
 30
0.0
 10
186.3491017595
 20
121.4852955792
 30
0.0
 10
186.3529283618
 20
121.4931680109
 30
0.0
 10
186.3574889355
 20
121.4983884881
 30
0.0
 10
186.3605706115
 20
121.4983884881
 30
0.0
  0
SPLINE
  5
6EA
330
1FF
100
AcDbEntity
  8
0
  6
Continuous
 62
     7
100
AcDbSpline
210
0.0
220
0.0
230
1.0
 70
     8
 71
     3
 72
    10
 73
     6
 74
     0
 42
0.0000001
 43
0.0000000001
 40
0.0
 40
0.0
 40
0.0
 40
0.0
 40
0.1928589594
 40
0.5415034027000001
 40
1.0
 40
1.0
 40
1.0
 40
1.0
 10
173.0065420044
 20
122.5483884881
 30
0.0
 10
173.0037207636
 20
122.5483884881
 30
0.0
 10
172.9957448913
 20
122.5463409473
 30
0.0
 10
172.9848028653
 20
122.5357989599
 30
0.0
 10
172.9792693245
 20
122.5252772252
 30
0.0
 10
172.9766583623
 20
122.5190991662
 30
0.0
  0
SPLINE
  5
6EB
330
1FF
100
AcDbEntity
  8
0
  6
Continuous
 62
     7
100
AcDbSpline
210
0.0
220
0.0
230
1.0
 70
     8
 71
     3
 72
     9
 73
     5
 74
     0
 42
0.0000001
 43
0.0000000001
 40
0.0
 40
0.0
 40
0.0
 40
0.0
 40
0.4674631062
 40
1.0
 40
1.0
 40
1.0
 40
1.0
 10
172.9766583623
 20
122.5190991662
 30
0.0
 10
172.9722840251
 20
122.5087486089
 30
0.0
 10
172.9661818788
 20
122.4852514467
 30
0.0
 10
172.9642801525
 20
122.4611896826
 30
0.0
 10
172.9642801525
 20
122.4483884882
 30
0.0
  0
SPLINE
  5
6EC
330
1FF
100
AcDbEntity
  8
0
  6
Continuous
 62
     7
100
AcDbSpline
210
0.0
220
0.0
230
1.0
 70
     8
 71
     3
 72
     9
 73
     5
 74
     0
 42
0.0000001
 43
0.0000000001
 40
0.0
 40
0.0
 40
0.0
 40
0.0
 40
0.5325368938000001
 40
1.0
 40
1.0
 40
1.0
 40
1.0
 10
172.9642801525
 20
121.5483884881
 30
0.0
 10
172.9642801525
 20
121.5355872937
 30
0.0
 10
172.9661818787
 20
121.5115255295
 30
0.0
 10
172.9722840251
 20
121.4880283672
 30
0.0
 10
172.9766583623
 20
121.47767781
 30
0.0
  0
SPLINE
  5
6ED
330
1FF
100
AcDbEntity
  8
0
  6
Continuous
 62
     7
100
AcDbSpline
210
0.0
220
0.0
230
1.0
 70
     8
 71
     3
 72
    10
 73
     6
 74
     0
 42
0.0000001
 43
0.0000000001
 40
0.0
 40
0.0
 40
0.0
 40
0.0
 40
0.3191341274
 40
0.7032560081
 40
1.0
 40
1.0
 40
1.0
 40
1.0
 10
172.9766583623
 20
121.47767781
 30
0.0
 10
172.9784728337
 20
121.4733844074
 30
0.0
 10
172.9831129513
 20
121.4642069604
 30
0.0
 10
172.9923147811
 20
121.4524800834
 30
0.0
 10
173.0022079467
 20
121.4483884881
 30
0.0
 10
173.0065420044
 20
121.4483884881
 30
0.0
  0
SPLINE
  5
6EE
330
1FF
100
AcDbEntity
  8
0
  6
Continuous
 62
     7
100
AcDbSpline
210
0.0
220
0.0
230
1.0
 70
     8
 71
     3
 72
    11
 73
     7
 74
     0
 42
0.0000001
 43
0.0000000001
 40
0.0
 40
0.0
 40
0.0
 40
0.0
 40
0.2504612835
 40
0.5006225941000001
 40
0.7504192496
 40
1.0
 40
1.0
 40
1.0
 40
1.0
 10
260.3682935434
 20
123.6483884881
 30
0.0
 10
260.3682935434
 20
123.7134144862
 30
0.0
 10
260.3424028538
 20
123.8448038938
 30
0.0
 10
260.2316258973
 20
124.0109840282
 30
0.0
 10
260.0660707589
 20
124.1223297602
 30
0.0
 10
259.9349935717
 20
124.1483884881
 30
0.0
 10
259.8701961819
 20
124.1483884881
 30
0.0
  0
SPLINE
  5
6EF
330
1FF
100
AcDbEntity
  8
0
  6
Continuous
 62
     7
100
AcDbSpline
210
0.0
220
0.0
230
1.0
 70
     8
 71
     3
 72
    11
 73
     7
 74
     0
 42
0.0000001
 43
0.0000000001
 40
0.0
 40
0.0
 40
0.0
 40
0.0
 40
0.2495806491
 40
0.4993772783
 40
0.7495386149
 40
1.0
 40
1.0
 40
1.0
 40
1.0
 10
259.8266184522
 20
120.4483884881
 30
0.0
 10
259.8914158157
 20
120.4483884881
 30
0.0
 10
260.0224929683
 20
120.474447197
 30
0.0
 10
260.1880481039
 20
120.5857928838
 30
0.0
 10
260.2988251053
 20
120.7519730214
 30
0.0
 10
260.3247158137
 20
120.8833624636
 30
0.0
 10
260.3247158137
 20
120.9483884881
 30
0.0
  0
SPLINE
  5
6F0
330
1FF
100
AcDbEntity
  8
0
  6
Continuous
 62
     7
100
AcDbSpline
210
0.0
220
0.0
230
1.0
 70
     8
 71
     3
 72
    12
 73
     8
 74
     0
 42
0.0000001
 43
0.0000000001
 40
0.0
 40
0.0
 40
0.0
 40
0.0
 40
0.1129209605
 40
0.2278846789
 40
0.4684870299
 40
0.7279348157
 40
1.0
 40
1.0
 40
1.0
 40
1.0
 10
255.4771665934
 20
116.0484008203
 30
0.0
 10
255.5039914854
 20
116.048400426
 30
0.0
 10
255.5583476757
 20
116.0549996522
 30
0.0
 10
255.6634451087
 20
116.0942070274
 30
0.0
 10
255.778894062
 20
116.1913322082
 30
0.0
 10
255.8665590992
 20
116.3564832868
 30
0.0
 10
255.8867426935
 20
116.483758156
 30
0.0
 10
255.8867426935
 20
116.5483884881
 30
0.0
  0
SPLINE
  5
6F1
330
1FF
100
AcDbEntity
  8
0
  6
Continuous
 62
     7
100
AcDbSpline
210
0.0
220
0.0
230
1.0
 70
     8
 71
     3
 72
    12
 73
     8
 74
     0
 42
0.0000001
 43
0.0000000001
 40
0.0
 40
0.0
 40
0.0
 40
0.0
 40
0.1129209605
 40
0.2278846789
 40
0.4684870299
 40
0.7279348157
 40
1.0
 40
1.0
 40
1.0
 40
1.0
 10
255.2477361047
 20
116.0484008203
 30
0.0
 10
255.2209112127
 20
116.048400426
 30
0.0
 10
255.1665550225
 20
116.0549996522
 30
0.0
 10
255.0614575895
 20
116.0942070274
 30
0.0
 10
254.9460086362
 20
116.1913322082
 30
0.0
 10
254.858343599
 20
116.3564832868
 30
0.0
 10
254.8381600047
 20
116.483758156
 30
0.0
 10
254.8381600047
 20
116.5483884881
 30
0.0
  0
SPLINE
  5
6F2
330
1FF
100
AcDbEntity
  8
0
  6
Continuous
 62
     7
100
AcDbSpline
210
0.0
220
0.0
230
1.0
 70
     8
 71
     3
 72
    13
 73
     9
 74
     0
 42
0.0000001
 43
0.0000000001
 40
0.0
 40
0.0
 40
0.0
 40
0.0
 40
0.0904326275
 40
0.1874509397
 40
0.2954282813
 40
0.4163131825
 40
0.6930997751000002
 40
1.0
 40
1.0
 40
1.0
 40
1.0
 10
241.3279500858
 20
124.1483884881
 30
0.0
 10
241.3090328036
 20
124.1483884881
 30
0.0
 10
241.269557034
 20
124.1413316997
 30
0.0
 10
241.2146158659
 20
124.1112302422
 30
0.0
 10
241.1649323221
 20
124.0636421678
 30
0.0
 10
241.1049412703
 20
123.9758256785
 30
0.0
 10
241.054397241
 20
123.8350339497
 30
0.0
 10
241.0411619842
 20
123.7125878631
 30
0.0
 10
241.0411619842
 20
123.6483884881
 30
0.0
  0
SPLINE
  5
6F3
330
1FF
100
AcDbEntity
  8
0
  6
Continuous
 62
     7
100
AcDbSpline
210
0.0
220
0.0
230
1.0
 70
     8
 71
     3
 72
    11
 73
     7
 74
     0
 42
0.0000001
 43
0.0000000001
 40
0.0
 40
0.0
 40
0.0
 40
0.0
 40
0.1857882083
 40
0.4142093807000001
 40
0.6919913139000001
 40
1.0
 40
1.0
 40
1.0
 40
1.0
 10
243.3758306045
 20
123.7483884881
 30
0.0
 10
243.3680857544
 20
123.7483884881
 30
0.0
 10
243.3507857073
 20
123.7415159872
 30
0.0
 10
243.3327865234
 20
123.7179969373
 30
0.0
 10
243.3211118882
 20
123.6857663816
 30
0.0
 10
243.3184729841
 20
123.6612282755
 30
0.0
 10
243.3184729841
 20
123.6483884881
 30
0.0
  0
SPLINE
  5
6F4
330
1FF
100
AcDbEntity
  8
0
  6
Continuous
 62
     7
100
AcDbSpline
210
0.0
220
0.0
230
1.0
 70
     8
 71
     3
 72
    11
 73
     7
 74
     0
 42
0.0000001
 43
0.0000000001
 40
0.0
 40
0.0
 40
0.0
 40
0.0
 40
0.3368664438
 40
0.4923851001
 40
0.6329754049
 40
1.0
 40
1.0
 40
1.0
 40
1.0
 10
252.1396970207
 20
123.6483884881
 30
0.0
 10
252.1396970207
 20
123.6611904903
 30
0.0
 10
252.1382823695
 20
123.6798784238
 30
0.0
 10
252.132941521
 20
123.7036225776
 30
0.0
 10
252.1253529693
 20
123.7266408554
 30
0.0
 10
252.1113832771
 20
123.7483884881
 30
0.0
 10
252.0974351687
 20
123.7483884881
 30
0.0
  0
SPLINE
  5
6F5
330
1FF
100
AcDbEntity
  8
0
  6
Continuous
 62
     7
100
AcDbSpline
210
0.0
220
0.0
230
1.0
 70
     8
 71
     3
 72
    16
 73
    12
 74
     0
 42
0.0000001
 43
0.0000000001
 40
0.0
 40
0.0
 40
0.0
 40
0.0
 40
0.1679810834
 40
0.3308164204
 40
0.4833095718
 40
0.5543946536
 40
0.6214114132000001
 40
0.7417884712000001
 40
0.843153475
 40
0.9271659522
 40
1.0
 40
1.0
 40
1.0
 40
1.0
 10
255.0276674289
 20
123.6483884881
 30
0.0
 10
255.0276674289
 20
123.6809215042
 30
0.0
 10
255.0250346449
 20
123.7450253223
 30
0.0
 10
255.0133215583
 20
123.838001499
 30
0.0
 10
254.9971012418
 20
123.9112057403
 30
0.0
 10
254.9803475977
 20
123.9649689873
 30
0.0
 10
254.9625287236
 20
124.0117715506
 30
0.0
 10
254.9374224468
 20
124.0620138977
 30
0.0
 10
254.9014016779
 20
124.1095845282
 30
0.0
 10
254.8610662378
 20
124.1406081298
 30
0.0
 10
254.8304639911
 20
124.1483884881
 30
0.0
 10
254.8163581691
 20
124.1483884881
 30
0.0
  0
SPLINE
  5
6F6
330
1FF
100
AcDbEntity
  8
0
  6
Continuous
 62
     7
100
AcDbSpline
210
0.0
220
0.0
230
1.0
 70
     8
 71
     3
 72
    13
 73
     9
 74
     0
 42
0.0000001
 43
0.0000000001
 40
0.0
 40
0.0
 40
0.0
 40
0.0
 40
0.3069001044
 40
0.5836866883000001
 40
0.70457161
 40
0.8125489791999999
 40
0.9095673440999998
 40
1.0
 40
1.0
 40
1.0
 40
1.0
 10
241.4507380879
 20
120.9483884881
 30
0.0
 10
241.4507380879
 20
120.8841891384
 30
0.0
 10
241.463973336
 20
120.7617430795
 30
0.0
 10
241.5145173417
 20
120.620951368
 30
0.0
 10
241.5745083804
 20
120.5331348611
 30
0.0
 10
241.6241919291
 20
120.4855467595
 30
0.0
 10
241.679133117
 20
120.4554452921
 30
0.0
 10
241.7186089014
 20
120.4483884881
 30
0.0
 10
241.7375261896
 20
120.4483884881
 30
0.0
  0
SPLINE
  5
6F7
330
1FF
100
AcDbEntity
  8
0
  6
Continuous
 62
     7
100
AcDbSpline
210
0.0
220
0.0
230
1.0
 70
     8
 71
     3
 72
     9
 73
     5
 74
     0
 42
0.0000001
 43
0.0000000001
 40
0.0
 40
0.0
 40
0.0
 40
0.0
 40
0.4846995412
 40
1.0
 40
1.0
 40
1.0
 40
1.0
 10
242.3108479057
 20
121.4483884881
 30
0.0
 10
242.321600783
 20
121.4483884881
 30
0.0
 10
242.3440519009
 20
121.4540096264
 30
0.0
 10
242.3615265602
 20
121.4688343331
 30
0.0
 10
242.3687707138
 20
121.47767781
 30
0.0
  0
SPLINE
  5
6F8
330
1FF
100
AcDbEntity
  8
0
  6
Continuous
 62
     7
100
AcDbSpline
210
0.0
220
0.0
230
1.0
 70
     8
 71
     3
 72
     9
 73
     5
 74
     0
 42
0.0000001
 43
0.0000000001
 40
0.0
 40
0.0
 40
0.0
 40
0.0
 40
0.2417662767
 40
1.0
 40
1.0
 40
1.0
 40
1.0
 10
242.3687707138
 20
121.47767781
 30
0.0
 10
242.3726266213
 20
121.4823850029
 30
0.0
 10
242.3866737371
 20
121.5033892138
 30
0.0
 10
242.3927631265
 20
121.5293049482
 30
0.0
 10
242.3927631265
 20
121.5483884883
 30
0.0
  0
SPLINE
  5
6F9
330
1FF
100
AcDbEntity
  8
0
  6
Continuous
 62
     7
100
AcDbSpline
210
0.0
220
0.0
230
1.0
 70
     8
 71
     3
 72
     9
 73
     5
 74
     0
 42
0.0000001
 43
0.0000000001
 40
0.0
 40
0.0
 40
0.0
 40
0.0
 40
0.2592777322
 40
1.0
 40
1.0
 40
1.0
 40
1.0
 10
242.3927631265
 20
122.448388488
 30
0.0
 10
242.3927631265
 20
122.4549107128
 30
0.0
 10
242.3907949344
 20
122.4799946748
 30
0.0
 10
242.3805782961
 20
122.5046847726
 30
0.0
 10
242.3687707138
 20
122.5190991662
 30
0.0
  0
SPLINE
  5
6FA
330
1FF
100
AcDbEntity
  8
0
  6
Continuous
 62
     7
100
AcDbSpline
210
0.0
220
0.0
230
1.0
 70
     8
 71
     3
 72
     9
 73
     5
 74
     0
 42
0.0000001
 43
0.0000000001
 40
0.0
 40
0.0
 40
0.0
 40
0.0
 40
0.5153004588
 40
1.0
 40
1.0
 40
1.0
 40
1.0
 10
242.3687707138
 20
122.5190991662
 30
0.0
 10
242.3615265602
 20
122.527942643
 30
0.0
 10
242.3440519009
 20
122.5427673498
 30
0.0
 10
242.321600783
 20
122.5483884881
 30
0.0
 10
242.3108479057
 20
122.5483884881
 30
0.0
  0
SPLINE
  5
6FB
330
1FF
100
AcDbEntity
  8
0
  6
Continuous
 62
     7
100
AcDbSpline
210
0.0
220
0.0
230
1.0
 70
     8
 71
     3
 72
     9
 73
     5
 74
     0
 42
0.0000001
 43
0.0000000001
 40
0.0
 40
0.0
 40
0.0
 40
0.0
 40
0.4846995412
 40
1.0
 40
1.0
 40
1.0
 40
1.0
 10
242.0487870626
 20
121.4483884881
 30
0.0
 10
242.0380341853
 20
121.4483884881
 30
0.0
 10
242.0155830674
 20
121.4540096264
 30
0.0
 10
241.9981084081
 20
121.4688343331
 30
0.0
 10
241.9908642545
 20
121.47767781
 30
0.0
  0
SPLINE
  5
6FC
330
1FF
100
AcDbEntity
  8
0
  6
Continuous
 62
     7
100
AcDbSpline
210
0.0
220
0.0
230
1.0
 70
     8
 71
     3
 72
     9
 73
     5
 74
     0
 42
0.0000001
 43
0.0000000001
 40
0.0
 40
0.0
 40
0.0
 40
0.0
 40
0.2417662767
 40
1.0
 40
1.0
 40
1.0
 40
1.0
 10
241.9908642545
 20
121.47767781
 30
0.0
 10
241.987008347
 20
121.4823850029
 30
0.0
 10
241.9729612312
 20
121.5033892138
 30
0.0
 10
241.9668718418
 20
121.5293049482
 30
0.0
 10
241.9668718418
 20
121.5483884882
 30
0.0
  0
SPLINE
  5
6FD
330
1FF
100
AcDbEntity
  8
0
  6
Continuous
 62
     7
100
AcDbSpline
210
0.0
220
0.0
230
1.0
 70
     8
 71
     3
 72
     9
 73
     5
 74
     0
 42
0.0000001
 43
0.0000000001
 40
0.0
 40
0.0
 40
0.0
 40
0.0
 40
0.2592777322
 40
1.0
 40
1.0
 40
1.0
 40
1.0
 10
241.9668718418
 20
122.448388488
 30
0.0
 10
241.9668718418
 20
122.4549107128
 30
0.0
 10
241.9688400339
 20
122.4799946748
 30
0.0
 10
241.9790566722
 20
122.5046847726
 30
0.0
 10
241.9908642545
 20
122.5190991662
 30
0.0
  0
SPLINE
  5
6FE
330
1FF
100
AcDbEntity
  8
0
  6
Continuous
 62
     7
100
AcDbSpline
210
0.0
220
0.0
230
1.0
 70
     8
 71
     3
 72
     9
 73
     5
 74
     0
 42
0.0000001
 43
0.0000000001
 40
0.0
 40
0.0
 40
0.0
 40
0.0
 40
0.5153004588
 40
1.0
 40
1.0
 40
1.0
 40
1.0
 10
241.9908642545
 20
122.5190991662
 30
0.0
 10
241.9981084081
 20
122.527942643
 30
0.0
 10
242.0155830674
 20
122.5427673498
 30
0.0
 10
242.0380341853
 20
122.5483884881
 30
0.0
 10
242.0487870626
 20
122.5483884881
 30
0.0
  0
SPLINE
  5
6FF
330
1FF
100
AcDbEntity
  8
0
  6
Continuous
 62
     7
100
AcDbSpline
210
0.0
220
0.0
230
1.0
 70
     8
 71
     3
 72
     8
 73
     4
 74
     0
 42
0.0000001
 43
0.0000000001
 40
0.0
 40
0.0
 40
0.0
 40
0.0
 40
1.0
 40
1.0
 40
1.0
 40
1.0
 10
236.0472628748
 20
121.0788373851
 30
0.0
 10
236.0761106224
 20
121.1029918186
 30
0.0
 10
236.1101940247
 20
121.1219211238
 30
0.0
 10
236.1459566293
 20
121.1336115179
 30
0.0
  0
SPLINE
  5
700
330
1FF
100
AcDbEntity
  8
0
  6
Continuous
 62
     7
100
AcDbSpline
210
0.0
220
0.0
230
1.0
 70
     8
 71
     3
 72
     8
 73
     4
 74
     0
 42
0.0000001
 43
0.0000000001
 40
0.0
 40
0.0
 40
0.0
 40
0.0
 40
1.0
 40
1.0
 40
1.0
 40
1.0
 10
236.3087292529
 20
121.0788373851
 30
0.0
 10
236.3375770005
 20
121.1029918186
 30
0.0
 10
236.3716604028
 20
121.1219211238
 30
0.0
 10
236.4074230073
 20
121.1336115179
 30
0.0
  0
SPLINE
  5
701
330
1FF
100
AcDbEntity
  8
0
  6
Continuous
 62
     7
100
AcDbSpline
210
0.0
220
0.0
230
1.0
 70
     8
 71
     3
 72
    11
 73
     7
 74
     0
 42
0.0000001
 43
0.0000000001
 40
0.0
 40
0.0
 40
0.0
 40
0.0
 40
0.2503465436
 40
0.5005126827000001
 40
0.7503948112000001
 40
1.0
 40
1.0
 40
1.0
 40
1.0
 10
235.6782675898
 20
120.8483884881
 30
0.0
 10
235.6782675898
 20
120.879648546
 30
0.0
 10
235.688154149
 20
120.9425813489
 30
0.0
 10
235.7312385424
 20
121.0274662187
 30
0.0
 10
235.798272077
 20
121.0949255145
 30
0.0
 10
235.8548654003
 20
121.1239274866
 30
0.0
 10
235.8844902512
 20
121.1336115179
 30
0.0
  0
SPLINE
  5
702
330
1FF
100
AcDbEntity
  8
0
  6
Continuous
 62
     7
100
AcDbSpline
210
0.0
220
0.0
230
1.0
 70
     8
 71
     3
 72
    11
 73
     7
 74
     0
 42
0.0000001
 43
0.0000000001
 40
0.0
 40
0.0
 40
0.0
 40
0.0
 40
0.2504612835
 40
0.5006225941000001
 40
0.7504192496
 40
1.0
 40
1.0
 40
1.0
 40
1.0
 10
235.155288518
 20
120.8483884881
 30
0.0
 10
235.155288518
 20
120.9329222856
 30
0.0
 10
235.1889464145
 20
121.1037285155
 30
0.0
 10
235.3329564579
 20
121.3197626903
 30
0.0
 10
235.5481781379
 20
121.4645121419
 30
0.0
 10
235.7185784813
 20
121.4983884881
 30
0.0
 10
235.8028150879
 20
121.4983884881
 30
0.0
  0
SPLINE
  5
703
330
1FF
100
AcDbEntity
  8
0
  6
Continuous
 62
     7
100
AcDbSpline
210
0.0
220
0.0
230
1.0
 70
     8
 71
     3
 72
    11
 73
     7
 74
     0
 42
0.0000001
 43
0.0000000001
 40
0.0
 40
0.0
 40
0.0
 40
0.0
 40
0.3094375883
 40
0.5874985785
 40
0.8148040462
 40
1.0
 40
1.0
 40
1.0
 40
1.0
 10
242.9088968804
 20
120.9483884881
 30
0.0
 10
242.9088968804
 20
120.9353326292
 30
0.0
 10
242.9116206646
 20
120.9104165303
 30
0.0
 10
242.923651276
 20
120.8778438752
 30
0.0
 10
242.9422369545
 20
120.8542927383
 30
0.0
 10
242.9600279493
 20
120.8480517792
 30
0.0
 10
242.9678327953
 20
120.8484263379
 30
0.0
  0
SPLINE
  5
704
330
1FF
100
AcDbEntity
  8
0
  6
Continuous
 62
     7
100
AcDbSpline
210
0.0
220
0.0
230
1.0
 70
     8
 71
     3
 72
    13
 73
     9
 74
     0
 42
0.0000001
 43
0.0000000001
 40
0.0
 40
0.0
 40
0.0
 40
0.0
 40
0.2605827386
 40
0.5146779334
 40
0.6388176985000001
 40
0.7606999388000001
 40
0.8808330437
 40
1.0
 40
1.0
 40
1.0
 40
1.0
 10
253.0460046875
 20
116.5483884881
 30
0.0
 10
253.0460046875
 20
116.4835712951
 30
0.0
 10
253.068774228
 20
116.3544032974
 30
0.0
 10
253.1524617934
 20
116.2146459987
 30
0.0
 10
253.2450825277
 20
116.1305026492
 30
0.0
 10
253.3240232074
 20
116.0837400031
 30
0.0
 10
253.4097950936
 20
116.0549036791
 30
0.0
 10
253.4695170083
 20
116.0484012141
 30
0.0
 10
253.499158525
 20
116.0484008203
 30
0.0
  0
SPLINE
  5
705
330
1FF
100
AcDbEntity
  8
0
  6
Continuous
 62
     7
100
AcDbSpline
210
0.0
220
0.0
230
1.0
 70
     8
 71
     3
 72
    13
 73
     9
 74
     0
 42
0.0000001
 43
0.0000000001
 40
0.0
 40
0.0
 40
0.0
 40
0.0
 40
0.2605827386
 40
0.5146779333
 40
0.6388176985000001
 40
0.7606999388000001
 40
0.8808330437
 40
1.0
 40
1.0
 40
1.0
 40
1.0
 10
254.1213597621
 20
116.5483884853
 30
0.0
 10
254.1213597621
 20
116.4835712926
 30
0.0
 10
254.0985902206
 20
116.3544032955
 30
0.0
 10
254.0149026553
 20
116.2146459976
 30
0.0
 10
253.922281921
 20
116.1305026486
 30
0.0
 10
253.8433412416
 20
116.0837400029
 30
0.0
 10
253.7575693556
 20
116.054903679
 30
0.0
 10
253.6978474412
 20
116.0484012141
 30
0.0
 10
253.6682059246
 20
116.0484008203
 30
0.0
  0
SPLINE
  5
706
330
1FF
100
AcDbEntity
  8
0
  6
Continuous
 62
     7
100
AcDbSpline
210
0.0
220
0.0
230
1.0
 70
     8
 71
     3
 72
     9
 73
     5
 74
     0
 42
0.0000001
 43
0.0000000001
 40
0.0
 40
0.0
 40
0.0
 40
0.0
 40
0.2462333275
 40
1.0
 40
1.0
 40
1.0
 40
1.0
 10
248.3221150182
 20
129.1483884880999
 30
0.0
 10
248.2054573976
 20
129.0679783625
 30
0.0
 10
247.733013451
 20
128.7394965347
 30
0.0
 10
247.2654028145
 20
128.4040916102
 30
0.0
 10
246.9150683016
 20
128.1483884881
 30
0.0
  0
SPLINE
  5
707
330
1FF
100
AcDbEntity
  8
0
  6
Continuous
 62
     7
100
AcDbSpline
210
0.0
220
0.0
230
1.0
 70
     8
 71
     3
 72
     8
 73
     4
 74
     0
 42
0.0000001
 43
0.0000000001
 40
0.0
 40
0.0
 40
0.0
 40
0.0
 40
1.0
 40
1.0
 40
1.0
 40
1.0
 10
241.1038450224
 20
129.0737975871
 30
0.0
 10
240.8199742049
 20
128.795058865
 30
0.0
 10
240.5364108564
 20
128.5160068411
 30
0.0
 10
240.2530704774
 20
128.2367289404
 30
0.0
  0
SPLINE
  5
708
330
1FF
100
AcDbEntity
  8
0
  6
Continuous
 62
     7
100
AcDbSpline
210
0.0
220
0.0
230
1.0
 70
     8
 71
     3
 72
     9
 73
     5
 74
     0
 42
0.0000001
 43
0.0000000001
 40
0.0
 40
0.0
 40
0.0
 40
0.0
 40
0.2498391981
 40
1.0
 40
1.0
 40
1.0
 40
1.0
 10
250.1425698602
 20
129.1483884880999
 30
0.0
 10
250.176281744
 20
129.0651373397
 30
0.0
 10
250.3111292471
 20
128.7318832619
 30
0.0
 10
250.4457004164
 20
128.3985173996
 30
0.0
 10
250.5465240172
 20
128.1483884881
 30
0.0
  0
SPLINE
  5
709
330
1FF
100
AcDbEntity
  8
0
  6
Continuous
 62
     7
100
AcDbSpline
210
0.0
220
0.0
230
1.0
 70
     8
 71
     3
 72
    11
 73
     7
 74
     0
 42
0.0000001
 43
0.0000000001
 40
0.0
 40
0.0
 40
0.0
 40
0.0
 40
0.2495959954
 40
0.4993776142000001
 40
0.7495235528000001
 40
1.0
 40
1.0
 40
1.0
 40
1.0
 10
235.8028150879
 20
121.1483884881
 30
0.0
 10
235.7639346609
 20
121.1483884881
 30
0.0
 10
235.6852832495
 20
121.132761568
 30
0.0
 10
235.5859776217
 20
121.0659254443
 30
0.0
 10
235.5194827119
 20
120.9662447335
 30
0.0
 10
235.503956671
 20
120.8874060661
 30
0.0
 10
235.503956671
 20
120.8483884881
 30
0.0
  0
SPLINE
  5
70A
330
1FF
100
AcDbEntity
  8
0
  6
Continuous
 62
     7
100
AcDbSpline
210
0.0
220
0.0
230
1.0
 70
     8
 71
     3
 72
    16
 73
    12
 74
     0
 42
0.0000001
 43
0.0000000001
 40
0.0
 40
0.0
 40
0.0
 40
0.0
 40
0.0728340232
 40
0.1568464527
 40
0.2582114244
 40
0.3785884557
 40
0.4456052123
 40
0.5166902868
 40
0.6691834513
 40
0.8320188691
 40
1.0
 40
1.0
 40
1.0
 40
1.0
 10
252.0974351687
 20
124.1483884881
 30
0.0
 10
252.1115409859
 20
124.1483884881
 30
0.0
 10
252.1421432216
 20
124.1406081461
 30
0.0
 10
252.1824786464
 20
124.1095845554
 30
0.0
 10
252.2184994129
 20
124.0620139508
 30
0.0
 10
252.2436056948
 20
124.0117716184
 30
0.0
 10
252.261424568
 20
123.9649690624
 30
0.0
 10
252.2781782241
 20
123.9112058184
 30
0.0
 10
252.294398548
 20
123.8380015607
 30
0.0
 10
252.3061116383
 20
123.7450253566
 30
0.0
 10
252.3087444285
 20
123.6809215135
 30
0.0
 10
252.3087444285
 20
123.6483884881
 30
0.0
  0
SPLINE
  5
70B
330
1FF
100
AcDbEntity
  8
0
  6
Continuous
 62
     7
100
AcDbSpline
210
0.0
220
0.0
230
1.0
 70
     8
 71
     3
 72
    13
 73
     9
 74
     0
 42
0.0000001
 43
0.0000000001
 40
0.0
 40
0.0
 40
0.0
 40
0.0
 40
0.0904326275
 40
0.1874509397
 40
0.2954282813
 40
0.4163131825
 40
0.6930997751000002
 40
1.0
 40
1.0
 40
1.0
 40
1.0
 10
242.9662545007
 20
120.4483884881
 30
0.0
 10
242.9473372185
 20
120.4483884881
 30
0.0
 10
242.9078614489
 20
120.4554452765
 30
0.0
 10
242.8529202808
 20
120.485546734
 30
0.0
 10
242.803236737
 20
120.5331348083
 30
0.0
 10
242.7432456852
 20
120.6209512977
 30
0.0
 10
242.6927016559
 20
120.7617430264
 30
0.0
 10
242.6794663991
 20
120.884189113
 30
0.0
 10
242.6794663991
 20
120.9483884881
 30
0.0
  0
SPLINE
  5
70C
330
1FF
100
AcDbEntity
  8
0
  6
Continuous
 62
     7
100
AcDbSpline
210
0.0
220
0.0
230
1.0
 70
     8
 71
     3
 72
    11
 73
     7
 74
     0
 42
0.0000001
 43
0.0000000001
 40
0.0
 40
0.0
 40
0.0
 40
0.0
 40
0.2634673131
 40
0.5206889469
 40
0.7668285982
 40
1.0
 40
1.0
 40
1.0
 40
1.0
 10
255.6573122121
 20
116.5483884882
 30
0.0
 10
255.6573122121
 20
116.5028413239
 30
0.0
 10
255.6472183082
 20
116.4124894153
 30
0.0
 10
255.6025785362
 20
116.2863919088
 30
0.0
 10
255.5315315364
 20
116.1791113354
 30
0.0
 10
255.4677560067
 20
116.1240708786
 30
0.0
 10
255.4335206291
 20
116.1027914702
 30
0.0
  0
SPLINE
  5
70D
330
1FF
100
AcDbEntity
  8
0
  6
Continuous
 62
     7
100
AcDbSpline
210
0.0
220
0.0
230
1.0
 70
     8
 71
     3
 72
     9
 73
     5
 74
     0
 42
0.0000001
 43
0.0000000001
 40
0.0
 40
0.0
 40
0.0
 40
0.0
 40
0.5062812344
 40
1.0
 40
1.0
 40
1.0
 40
1.0
 10
255.4335206291
 20
116.1027914702
 30
0.0
 10
255.4055016336
 20
116.0853759284
 30
0.0
 10
255.3453964754
 20
116.0579519837
 30
0.0
 10
255.2799078875
 20
116.0484012932
 30
0.0
 10
255.2477361047
 20
116.0484008203
 30
0.0
  0
SPLINE
  5
70E
330
1FF
100
AcDbEntity
  8
0
  6
Continuous
 62
     7
100
AcDbSpline
210
0.0
220
0.0
230
1.0
 70
     8
 71
     3
 72
     9
 73
     5
 74
     0
 42
0.0000001
 43
0.0000000001
 40
0.0
 40
0.0
 40
0.0
 40
0.0
 40
0.4846995412
 40
1.0
 40
1.0
 40
1.0
 40
1.0
 10
241.8193565812
 20
122.5483884881
 30
0.0
 10
241.8086037039
 20
122.5483884881
 30
0.0
 10
241.7861525861
 20
122.5427673498
 30
0.0
 10
241.7686779267
 20
122.527942643
 30
0.0
 10
241.7614337732
 20
122.5190991662
 30
0.0
  0
SPLINE
  5
70F
330
1FF
100
AcDbEntity
  8
0
  6
Continuous
 62
     7
100
AcDbSpline
210
0.0
220
0.0
230
1.0
 70
     8
 71
     3
 72
     9
 73
     5
 74
     0
 42
0.0000001
 43
0.0000000001
 40
0.0
 40
0.0
 40
0.0
 40
0.0
 40
0.2417662767
 40
1.0
 40
1.0
 40
1.0
 40
1.0
 10
241.7614337732
 20
122.5190991662
 30
0.0
 10
241.7575778657
 20
122.5143919733
 30
0.0
 10
241.7435307499
 20
122.4933877623
 30
0.0
 10
241.7374413605
 20
122.467472028
 30
0.0
 10
241.7374413605
 20
122.4483884879
 30
0.0
  0
SPLINE
  5
710
330
1FF
100
AcDbEntity
  8
0
  6
Continuous
 62
     7
100
AcDbSpline
210
0.0
220
0.0
230
1.0
 70
     8
 71
     3
 72
     9
 73
     5
 74
     0
 42
0.0000001
 43
0.0000000001
 40
0.0
 40
0.0
 40
0.0
 40
0.0
 40
0.2592777322
 40
1.0
 40
1.0
 40
1.0
 40
1.0
 10
241.7374413605
 20
121.5483884881
 30
0.0
 10
241.7374413605
 20
121.5418662633
 30
0.0
 10
241.7394095525
 20
121.5167823014
 30
0.0
 10
241.7496261908
 20
121.4920922036
 30
0.0
 10
241.7614337732
 20
121.47767781
 30
0.0
  0
SPLINE
  5
711
330
1FF
100
AcDbEntity
  8
0
  6
Continuous
 62
     7
100
AcDbSpline
210
0.0
220
0.0
230
1.0
 70
     8
 71
     3
 72
     9
 73
     5
 74
     0
 42
0.0000001
 43
0.0000000001
 40
0.0
 40
0.0
 40
0.0
 40
0.0
 40
0.5153004588
 40
1.0
 40
1.0
 40
1.0
 40
1.0
 10
241.7614337732
 20
121.47767781
 30
0.0
 10
241.7686779267
 20
121.4688343331
 30
0.0
 10
241.7861525861
 20
121.4540096264
 30
0.0
 10
241.8086037039
 20
121.4483884881
 30
0.0
 10
241.8193565812
 20
121.4483884881
 30
0.0
  0
SPLINE
  5
712
330
1FF
100
AcDbEntity
  8
0
  6
Continuous
 62
     7
100
AcDbSpline
210
0.0
220
0.0
230
1.0
 70
     8
 71
     3
 72
    13
 73
     9
 74
     0
 42
0.0000001
 43
0.0000000001
 40
0.0
 40
0.0
 40
0.0
 40
0.0
 40
0.1191621191
 40
0.239290088
 40
0.3611708603
 40
0.4853124841
 40
0.7394160337000001
 40
1.0
 40
1.0
 40
1.0
 40
1.0
 10
253.6682059246
 20
116.0484008203
 30
0.0
 10
253.6385656454
 20
116.0484004265
 30
0.0
 10
253.5788466356
 20
116.0549054032
 30
0.0
 10
253.4930763455
 20
116.0837361989
 30
0.0
 10
253.4141365357
 20
116.1304984623
 30
0.0
 10
253.3215140945
 20
116.2146425867
 30
0.0
 10
253.2378219654
 20
116.354400532
 30
0.0
 10
253.2150520953
 20
116.4835710647
 30
0.0
 10
253.2150520953
 20
116.5483884881
 30
0.0
  0
SPLINE
  5
713
330
1FF
100
AcDbEntity
  8
0
  6
Continuous
 62
     7
100
AcDbSpline
210
0.0
220
0.0
230
1.0
 70
     8
 71
     3
 72
     9
 73
     5
 74
     0
 42
0.0000001
 43
0.0000000001
 40
0.0
 40
0.0
 40
0.0
 40
0.0
 40
0.2597686036
 40
1.0
 40
1.0
 40
1.0
 40
1.0
 10
244.12620524
 20
128.1483884881
 30
0.0
 10
244.0844440185
 20
128.2337620008
 30
0.0
 10
243.925845702
 20
128.5634536396
 30
0.0
 10
243.77641734
 20
128.8976721523
 30
0.0
 10
243.6740099156
 20
129.1483884880999
 30
0.0
  0
SPLINE
  5
714
330
1FF
100
AcDbEntity
  8
0
  6
Continuous
 62
     7
100
AcDbSpline
210
0.0
220
0.0
230
1.0
 70
     8
 71
     3
 72
     9
 73
     5
 74
     0
 42
0.0000001
 43
0.0000000001
 40
0.0
 40
0.0
 40
0.0
 40
0.0
 40
0.250151089
 40
1.0
 40
1.0
 40
1.0
 40
1.0
 10
253.3002905482
 20
128.1483884881
 30
0.0
 10
253.2666695788
 20
128.2317972972
 30
0.0
 10
253.1322067294
 20
128.5652067465
 30
0.0
 10
252.9975167478
 20
128.8985246438
 30
0.0
 10
252.8963363912
 20
129.1483884880999
 30
0.0
  0
SPLINE
  5
715
330
1FF
100
AcDbEntity
  8
0
  6
Continuous
 62
     7
100
AcDbSpline
210
0.0
220
0.0
230
1.0
 70
     8
 71
     3
 72
    11
 73
     7
 74
     0
 42
0.0000001
 43
0.0000000001
 40
0.0
 40
0.0
 40
0.0
 40
0.0
 40
0.2495806491
 40
0.4993772783
 40
0.7495386149
 40
1.0
 40
1.0
 40
1.0
 40
1.0
 10
259.6523075335
 20
124.1483884881
 30
0.0
 10
259.717104897
 20
124.1483884881
 30
0.0
 10
259.8481820496
 20
124.1223297792
 30
0.0
 10
260.0137371852
 20
124.0109840923
 30
0.0
 10
260.1245141866
 20
123.8448039548
 30
0.0
 10
260.150404895
 20
123.7134145126
 30
0.0
 10
260.150404895
 20
123.6483884881
 30
0.0
  0
SPLINE
  5
716
330
1FF
100
AcDbEntity
  8
0
  6
Continuous
 62
     7
100
AcDbSpline
210
0.0
220
0.0
230
1.0
 70
     8
 71
     3
 72
    13
 73
     9
 74
     0
 42
0.0000001
 43
0.0000000001
 40
0.0
 40
0.0
 40
0.0
 40
0.0
 40
0.3069001044
 40
0.5836866883000001
 40
0.70457161
 40
0.8125489791999999
 40
0.9095673440999998
 40
1.0
 40
1.0
 40
1.0
 40
1.0
 10
243.0890425028
 20
123.6483884881
 30
0.0
 10
243.0890425028
 20
123.7125878378
 30
0.0
 10
243.1022777509
 20
123.8350338966
 30
0.0
 10
243.1528217566
 20
123.9758256081
 30
0.0
 10
243.2128127953
 20
124.063642115
 30
0.0
 10
243.262496344
 20
124.1112302167
 30
0.0
 10
243.3174375319
 20
124.141331684
 30
0.0
 10
243.3569133163
 20
124.1483884881
 30
0.0
 10
243.3758306045
 20
124.1483884881
 30
0.0
  0
ELLIPSE
  5
717
330
1FF
100
AcDbEntity
  8
0
  6
Continuous
 62
     7
100
AcDbEllipse
 10
118.4727689774
 20
126.6483884881
 30
0.0
 11
-6.875733779199999
 21
6.875733779199999
 31
0.0
210
0.0
220
0.0
230
0.9999999999999998
 40
0.190978937
 41
1.0168825001
 42
1.3106002715
  0
ELLIPSE
  5
718
330
1FF
100
AcDbEntity
  8
0
  6
Continuous
 62
     7
100
AcDbEllipse
 10
118.4727689774
 20
126.6483884881
 30
0.0
 11
8.3491053033
 21
8.3491053033
 31
0.0
210
0.0
220
0.0
230
0.9999999999999998
 40
0.190978937
 41
-4.701081979499999
 42
-4.582539881
  0
ELLIPSE
  5
719
330
1FF
100
AcDbEntity
  8
0
  6
Continuous
 62
     7
100
AcDbEllipse
 10
118.4727689774
 20
126.6483884881
 30
0.0
 11
-8.3491053033
 21
8.3491053033
 31
0.0
210
0.0
220
0.0
230
0.9999999999999998
 40
0.190978937
 41
1.204690116999999
 42
1.3232322155
  0
ELLIPSE
  5
71A
330
1FF
100
AcDbEntity
  8
0
  6
Continuous
 62
     7
100
AcDbEllipse
 10
117.444334557
 20
123.2483884881
 30
0.0
 11
0.3686386204000001
 21
0.3686386204000001
 31
0.0
210
0.0
220
0.0
230
1.0
 40
0.9163314356999999
 41
-0.7417650276000001
 42
2.312561401099999
  0
ELLIPSE
  5
71B
330
1FF
100
AcDbEntity
  8
0
  6
Continuous
 62
     7
100
AcDbEllipse
 10
60.8492240447
 20
123.2483884881
 30
0.0
 11
-0.4995241139
 21
0.4995241139
 31
0.0
210
0.0
220
0.0
230
1.0
 40
0.0436608004
 41
0.0436331071
 42
1.5271632377
  0
ELLIPSE
  5
71C
330
1FF
100
AcDbEntity
  8
0
  6
Continuous
 62
     7
100
AcDbEllipse
 10
49.09412631470001
 20
126.6483884881
 30
0.0
 11
-7.031193041799999
 21
7.031193041799999
 31
0.0
210
0.0
220
0.0
230
1.0
 40
0.6792908234999999
 41
-2.1086303789
 42
-1.9900882804
  0
ELLIPSE
  5
71D
330
1FF
100
AcDbEntity
  8
0
  6
Continuous
 62
     7
100
AcDbEllipse
 10
49.09412631470001
 20
126.6483884881
 30
0.0
 11
5.790394269699999
 21
5.790394269699999
 31
0.0
210
0.0
220
0.0
230
0.9999999999999996
 40
0.6792908234999999
 41
-0.7295619445999999
 42
-0.6088975475
  0
ELLIPSE
  5
71E
330
1FF
100
AcDbEntity
  8
0
  6
Continuous
 62
     7
100
AcDbEllipse
 10
60.8492240447
 20
123.2483884881
 30
0.0
 11
-0.4995241139
 21
0.4995241139
 31
0.0
210
0.0
220
0.0
230
1.0
 40
0.0436608004
 41
-1.6144294159
 42
-0.0436330891
  0
ELLIPSE
  5
71F
330
1FF
100
AcDbEntity
  8
0
  6
Continuous
 62
     7
100
AcDbEllipse
 10
49.09412631470001
 20
126.6483884881
 30
0.0
 11
7.031193041799999
 21
7.031193041799999
 31
0.0
210
0.0
220
0.0
230
1.0
 40
0.6792908234999999
 41
-0.9152472627999999
 42
-0.7967051643000001
  0
ELLIPSE
  5
720
330
1FF
100
AcDbEntity
  8
0
  6
Continuous
 62
     7
100
AcDbEllipse
 10
195.220332692
 20
123.2483884881
 30
0.0
 11
-0.4995241139
 21
0.4995241139
 31
0.0
210
0.0
220
0.0
230
1.0
 40
0.0436608004
 41
0.0436331071
 42
1.5271632377
  0
ELLIPSE
  5
721
330
1FF
100
AcDbEntity
  8
0
  6
Continuous
 62
     7
100
AcDbEllipse
 10
183.465234962
 20
126.6483884881
 30
0.0
 11
-7.031193041799999
 21
7.031193041799999
 31
0.0
210
0.0
220
0.0
230
1.0
 40
0.6792908234999999
 41
-2.1086303789
 42
-1.9900882804
  0
ELLIPSE
  5
722
330
1FF
100
AcDbEntity
  8
0
  6
Continuous
 62
     7
100
AcDbEllipse
 10
183.465234962
 20
126.6483884881
 30
0.0
 11
5.790394269699999
 21
5.790394269699999
 31
0.0
210
0.0
220
0.0
230
0.9999999999999996
 40
0.6792908234999999
 41
-0.7295695635
 42
-0.6088975475
  0
ELLIPSE
  5
723
330
1FF
100
AcDbEntity
  8
0
  6
Continuous
 62
     7
100
AcDbEllipse
 10
195.220332692
 20
123.2483884881
 30
0.0
 11
-0.4995241139
 21
0.4995241139
 31
0.0
210
0.0
220
0.0
230
1.0
 40
0.0436608004
 41
-1.6144294159
 42
-0.0436330891
  0
ELLIPSE
  5
724
330
1FF
100
AcDbEntity
  8
0
  6
Continuous
 62
     7
100
AcDbEllipse
 10
183.465234962
 20
126.6483884881
 30
0.0
 11
7.031193041799999
 21
7.031193041799999
 31
0.0
210
0.0
220
0.0
230
1.0
 40
0.6792908234999999
 41
-0.9152472627999999
 42
-0.7967051643000001
  0
ELLIPSE
  5
725
330
1FF
100
AcDbEntity
  8
0
  6
Continuous
 62
     7
100
AcDbEllipse
 10
248.6038709614
 20
126.6483884881
 30
0.0
 11
8.3491053033
 21
8.3491053033
 31
0.0
210
0.0
220
0.0
230
0.9999999999999998
 40
0.190978937
 41
-4.701081979499999
 42
-4.582539881
  0
ELLIPSE
  5
726
330
1FF
100
AcDbEntity
  8
0
  6
Continuous
 62
     7
100
AcDbEllipse
 10
248.6038709614
 20
126.6483884881
 30
0.0
 11
-6.875733779199999
 21
6.875733779199999
 31
0.0
210
0.0
220
0.0
230
0.9999999999999998
 40
0.190978937
 41
1.0168825001
 42
1.267553748199999
  0
ELLIPSE
  5
727
330
1FF
100
AcDbEntity
  8
0
  6
Continuous
 62
     7
100
AcDbEllipse
 10
247.5754365409
 20
123.2483884881
 30
0.0
 11
0.3686386204000001
 21
0.3686386204000001
 31
0.0
210
0.0
220
0.0
230
1.0
 40
0.9163314356999999
 41
-0.7417650276000001
 42
2.312561401099999
  0
ELLIPSE
  5
728
330
1FF
100
AcDbEntity
  8
0
  6
Continuous
 62
     7
100
AcDbEllipse
 10
248.6038709614
 20
126.6483884881
 30
0.0
 11
-8.3491053033
 21
8.3491053033
 31
0.0
210
0.0
220
0.0
230
0.9999999999999998
 40
0.190978937
 41
1.204690116999999
 42
1.3232322155
  0
DIMENSION
  5
782
330
1FF
100
AcDbEntity
  8
0
100
AcDbDimension
  2
*D1
 10
107.3908328878299
 20
167.4951804818887
 30
0.0
 11
144.464747426135
 21
196.4972887644522
 31
0.0
 70
   163
 71
     5
 42
32.0
  3
STANDARD
100
AcDbDiametricDimension
 15
129.5547050669701
 25
190.5768348859112
 35
0.0
 40
0.0
1001
ACAD
1000
DSTYLE
1002
{
1070
    41
1040
3.0
1070
    43
1040
11.286
1070
    47
1040
0.0
1070
    48
1040
0.0
1070
    78
1070
     0
1070
    79
1070
     0
1070
   140
1040
3.0
1070
   141
1040
2.673
1070
   143
1040
0.0393700787
1070
   171
1070
     2
1070
   176
1070
     3
1070
   177
1070
     3
1070
   178
1070
     3
1070
   179
1070
     0
1070
   284
1070
     0
1070
   341
1005
0
1070
   343
1005
0
1070
   344
1005
0
1002
}
1001
ACAD_DSTYLE_DIMRADIAL_EXTENSION
1070
   387
1070
     1
1070
   388
1040
0.0
1070
   390
1040
0.0
  0
DIMENSION
  5
78F
330
1FF
100
AcDbEntity
  8
0
100
AcDbDimension
  2
*D2
 10
94.89734783992085
 20
111.3483884881
 30
0.0
 11
94.89734783992089
 21
120.2483884881
 31
0.0
 70
    32
 71
     5
 42
17.79999999999998
  3
STANDARD
100
AcDbAlignedDimension
 13
110.9727737806
 23
129.1483884880999
 33
0.0
 14
124.6007931208
 24
111.3483884881
 34
0.0
 50
90.0
100
AcDbRotatedDimension
1001
ACAD
1000
DSTYLE
1002
{
1070
    41
1040
3.0
1070
    43
1040
11.286
1070
    47
1040
0.0
1070
    48
1040
0.0
1070
    78
1070
     0
1070
    79
1070
     0
1070
   140
1040
3.0
1070
   141
1040
2.673
1070
   143
1040
0.0393700787
1070
   171
1070
     2
1070
   176
1070
     3
1070
   177
1070
     3
1070
   178
1070
     3
1070
   179
1070
     0
1070
   284
1070
     0
1070
   341
1005
0
1070
   343
1005
0
1070
   344
1005
0
1002
}
  0
DIMENSION
  5
79D
330
1FF
100
AcDbEntity
  8
0
100
AcDbDimension
  2
*D3
 10
144.1137939998338
 20
117.8483884881
 30
0.0
 11
137.6887939998338
 21
111.8483884881
 31
0.0
 70
    32
 71
     5
  3
STANDARD
100
AcDbAlignedDimension
 13
134.4727689774
 23
118.8483884881
 33
0.0
 14
134.4727689774
 24
117.8483884881
 34
0.0
 50
90.0
100
AcDbRotatedDimension
1001
ACAD
1000
DSTYLE
1002
{
1070
    41
1040
3.0
1070
    43
1040
11.286
1070
    47
1040
0.0
1070
    48
1040
0.0
1070
    78
1070
     0
1070
    79
1070
     0
1070
   140
1040
3.0
1070
   141
1040
2.673
1070
   143
1040
0.0393700787
1070
   171
1070
     2
1070
   176
1070
     3
1070
   177
1070
     3
1070
   178
1070
     3
1070
   179
1070
     0
1070
   284
1070
     0
1070
   341
1005
0
1070
   343
1005
0
1070
   344
1005
0
1002
}
  0
ENDSEC
  0
SECTION
  2
OBJECTS
  0
DICTIONARY
  5
C
330
0
100
AcDbDictionary
281
     1
  3
ACAD_CIP_PREVIOUS_PRODUCT_INFO
350
77D
  3
ACAD_COLOR
350
75F
  3
ACAD_DETAILVIEWSTYLE
350
778
  3
ACAD_GROUP
350
D
  3
ACAD_LAYOUT
350
1A
  3
ACAD_MATERIAL
350
72D
  3
ACAD_MLEADERSTYLE
350
774
  3
ACAD_MLINESTYLE
350
17
  3
ACAD_PLOTSETTINGS
350
19
  3
ACAD_PLOTSTYLENAME
350
E
  3
ACAD_SCALELIST
350
762
  3
ACAD_SECTIONVIEWSTYLE
350
776
  3
ACAD_TABLESTYLE
350
760
  3
ACAD_VISUALSTYLE
350
746
  3
ACDB_RECOMPOSE_DATA
350
7C1
  3
AcDbVariableDictionary
350
7B4
  3
DWGPROPS
350
7C2
  0
DICTIONARY
  5
7AC
330
10
100
AcDbDictionary
280
     1
281
     1
  3
ADSK_XREC_LAYER_RECONCILED
360
7AD
  0
DICTIONARY
  5
7AE
330
1FA
100
AcDbDictionary
280
     1
281
     1
  3
ADSK_XREC_LAYER_RECONCILED
360
7AF
  0
DICTIONARY
  5
7B0
330
1FB
100
AcDbDictionary
280
     1
281
     1
  3
ADSK_XREC_LAYER_RECONCILED
360
7B1
  0
DICTIONARY
  5
7B2
330
1FC
100
AcDbDictionary
280
     1
281
     1
  3
ADSK_XREC_LAYER_RECONCILED
360
7B3
  0
DICTIONARY
  5
800
330
789
100
AcDbDictionary
280
     1
281
     1
  3
ACAD_MTEXT_RT
360
801
  0
XRECORD
  5
77D
102
{ACAD_REACTORS
330
C
102
}
330
C
100
AcDbXrecord
280
     1
300
ACD
300
2021
300

  0
DICTIONARY
  5
75F
102
{ACAD_REACTORS
330
C
102
}
330
C
100
AcDbDictionary
281
     1
  0
DICTIONARY
  5
778
102
{ACAD_REACTORS
330
C
102
}
330
C
100
AcDbDictionary
281
     1
  3
Metric50
350
779
  0
DICTIONARY
  5
D
102
{ACAD_REACTORS
330
C
102
}
330
C
100
AcDbDictionary
281
     1
  0
DICTIONARY
  5
1A
102
{ACAD_REACTORS
330
C
102
}
330
C
100
AcDbDictionary
281
     1
  3
Layout1
350
72A
  3
Model
350
729
  0
DICTIONARY
  5
72D
102
{ACAD_REACTORS
330
C
102
}
330
C
100
AcDbDictionary
281
     1
  3
ByBlock
350
736
  3
ByLayer
350
72E
  3
Global
350
73E
  0
DICTIONARY
  5
774
102
{ACAD_REACTORS
330
C
102
}
330
C
100
AcDbDictionary
281
     1
  3
Standard
350
775
  0
DICTIONARY
  5
17
102
{ACAD_REACTORS
330
C
102
}
330
C
100
AcDbDictionary
281
     1
  3
Standard
350
18
  0
DICTIONARY
  5
19
102
{ACAD_REACTORS
330
C
102
}
330
C
100
AcDbDictionary
281
     1
  0
ACDBDICTIONARYWDFLT
  5
E
102
{ACAD_REACTORS
330
C
102
}
330
C
100
AcDbDictionary
281
     1
  3
Normal
350
F
100
AcDbDictionaryWithDefault
340
F
  0
DICTIONARY
  5
762
102
{ACAD_REACTORS
330
C
102
}
330
C
100
AcDbDictionary
281
     1
  3
A0
350
763
  3
A1
350
764
  3
A2
350
765
  3
A3
350
766
  3
A4
350
767
  3
A5
350
768
  3
A6
350
769
  3
A7
350
76A
  3
A8
350
76B
  3
A9
350
76C
  3
B0
350
76D
  3
B1
350
76E
  3
B2
350
76F
  3
B3
350
770
  3
B4
350
771
  3
B5
350
772
  3
B6
350
773
  0
DICTIONARY
  5
776
102
{ACAD_REACTORS
330
C
102
}
330
C
100
AcDbDictionary
281
     1
  3
Metric50
350
777
  0
DICTIONARY
  5
760
102
{ACAD_REACTORS
330
C
102
}
330
C
100
AcDbDictionary
281
     1
  3
Standard
350
761
  0
DICTIONARY
  5
746
102
{ACAD_REACTORS
330
C
102
}
330
C
100
AcDbDictionary
281
     1
  3
2dWireframe
350
74C
  3
Basic
350
74B
  3
Brighten
350
752
  3
ColorChange
350
756
  3
Conceptual
350
74F
  3
Dim
350
751
  3
EdgeColorOff
350
75E
  3
Facepattern
350
755
  3
Flat
350
747
  3
FlatWithEdges
350
748
  3
Gouraud
350
749
  3
GouraudWithEdges
350
74A
  3
Hidden
350
74E
  3
JitterOff
350
75C
  3
Linepattern
350
754
  3
OverhangOff
350
75D
  3
Realistic
350
750
  3
Shaded
350
75B
  3
Shaded with edges
350
75A
  3
Shades of Gray
350
757
  3
Sketchy
350
758
  3
Thicken
350
753
  3
Wireframe
350
74D
  3
X-Ray
350
759
  0
XRECORD
  5
7C1
102
{ACAD_REACTORS
330
C
102
}
330
C
100
AcDbXrecord
280
     1
 90
        1
330
761
  0
DICTIONARY
  5
7B4
102
{ACAD_REACTORS
330
C
102
}
330
C
100
AcDbDictionary
281
     1
  3
CANNOSCALE
350
7B9
  3
CMLEADERSTYLE
350
7B6
  3
CTABLESTYLE
350
7B5
  3
CVIEWDETAILSTYLE
350
7B7
  3
CVIEWSECTIONSTYLE
350
7B8
  3
DIMASSOC
350
7BC
  3
INDEXCTL
350
7BB
  3
SORTENTS
350
7BA
  3
XCLIPFRAME
350
7BD
  0
XRECORD
  5
7C2
102
{ACAD_REACTORS
330
C
102
}
330
C
100
AcDbXrecord
280
     1
  1
DWGPROPS COOKIE
  2

  3

  4

  6

  7

  8
HR
  9

300
=
301
=
302
=
303
=
304
=
305
=
306
=
307
=
308
=
309
=
 40
0.0007638888888889
 41
2460606.657881945
 42
2460606.658645833
  1

 90
        0
  0
XRECORD
  5
7AD
102
{ACAD_REACTORS
330
7AC
102
}
330
7AC
100
AcDbXrecord
280
     1
290
     1
  0
XRECORD
  5
7AF
102
{ACAD_REACTORS
330
7AE
102
}
330
7AE
100
AcDbXrecord
280
     1
290
     1
  0
XRECORD
  5
7B1
102
{ACAD_REACTORS
330
7B0
102
}
330
7B0
100
AcDbXrecord
280
     1
290
     1
  0
XRECORD
  5
7B3
102
{ACAD_REACTORS
330
7B2
102
}
330
7B2
100
AcDbXrecord
280
     1
290
     1
  0
XRECORD
  5
801
102
{ACAD_REACTORS
330
800
102
}
330
800
100
AcDbXrecord
280
     1
 40
7183.0
  1
\A1;\U+220532.00
  0
ACDBDETAILVIEWSTYLE
  5
779
102
{ACAD_XDICTIONARY
360
7FE
102
}
102
{ACAD_REACTORS
330
778
102
}
330
778
100
AcDbModelDocViewStyle
 70
     0
  3
Metric50
290
     0
100
AcDbDetailViewStyle
 70
     0
 71
     0
 90
        3
 71
     1
340
11
 40
5.0
340
0
 40
5.0
300

 40
0.0
280
     1
 71
     2
340
16
 90
       25
 71
     3
340
11
 40
5.0
 90
        0
 40
15.0
 90
        1
300
%<\AcVar ViewDetailId>% (%<\AcVar ViewScale \f "%sn">%)
 71
     4
340
16
 90
       25
340
16
 90
       25
280
     0
  0
LAYOUT
  5
72A
102
{ACAD_XDICTIONARY
360
7C5
102
}
102
{ACAD_REACTORS
330
1A
102
}
330
1A
100
AcDbPlotSettings
  1

  2
none_device
  4
ISO_A4_(297.00_x_210.00_MM)
  6

 40
0.0
 41
0.0
 42
0.0
 43
0.0
 44
297.0
 45
210.0
 46
0.0
 47
0.0
 48
0.0
 49
0.0
140
0.0
141
0.0
142
1.0
143
1.0
 70
     0
 72
     1
 73
     0
 74
     0
  7

 75
     0
147
1.0
148
0.0
149
0.0
100
AcDbLayout
  1
Layout1
 70
     1
 71
     1
 10
0.0
 20
0.0
 11
12.0
 21
9.0
 12
0.0
 22
0.0
 32
0.0
 14
1.000000000000000E+20
 24
1.000000000000000E+20
 34
1.000000000000000E+20
 15
-1.000000000000000E+20
 25
-1.000000000000000E+20
 35
-1.000000000000000E+20
146
0.0
 13
0.0
 23
0.0
 33
0.0
 16
1.0
 26
0.0
 36
0.0
 17
0.0
 27
1.0
 37
0.0
 76
     0
330
200
  0
LAYOUT
  5
729
102
{ACAD_XDICTIONARY
360
7C3
102
}
102
{ACAD_REACTORS
330
1A
102
}
330
1A
100
AcDbPlotSettings
  1

  2
none_device
  4
ISO_A4_(297.00_x_210.00_MM)
  6

 40
0.0
 41
0.0
 42
0.0
 43
0.0
 44
297.0
 45
210.0
 46
0.0
 47
0.0
 48
0.0
 49
0.0
140
0.0
141
0.0
142
1.0
143
1.0
 70
  1024
 72
     1
 73
     0
 74
     0
  7

 75
     0
147
1.0
148
0.0
149
0.0
100
AcDbLayout
  1
Model
 70
     0
 71
     0
 10
0.0
 20
0.0
 11
297.0
 21
210.0
 12
0.0
 22
0.0
 32
0.0
 14
0.0
 24
0.0
 34
0.0
 15
0.0
 25
0.0
 35
0.0
146
0.0
 13
0.0
 23
0.0
 33
0.0
 16
1.0
 26
0.0
 36
0.0
 17
0.0
 27
1.0
 37
0.0
 76
     0
330
1FF
331
1F4
  0
MATERIAL
  5
736
102
{ACAD_XDICTIONARY
360
737
102
}
102
{ACAD_REACTORS
330
72D
102
}
330
72D
100
AcDbMaterial
  1
ByBlock
 72
     0
 43
0.0008202099737533
 43
0.0
 43
0.0
 43
0.0
 43
0.0
 43
0.0008202099737533
 43
0.0
 43
0.0
 43
0.0
 43
0.0
 43
1.0
 43
0.0
 43
0.0
 43
0.0
 43
0.0
 43
1.0
 77
     0
 47
0.0008202099737533
 47
0.0
 47
0.0
 47
0.0
 47
0.0
 47
0.0008202099737533
 47
0.0
 47
0.0
 47
0.0
 47
0.0
 47
1.0
 47
0.0
 47
0.0
 47
0.0
 47
0.0
 47
1.0
171
     0
 49
0.0008202099737533
 49
0.0
 49
0.0
 49
0.0
 49
0.0
 49
0.0008202099737533
 49
0.0
 49
0.0
 49
0.0
 49
0.0
 49
1.0
 49
0.0
 49
0.0
 49
0.0
 49
0.0
 49
1.0
175
     0
142
0.0008202099737533
142
0.0
142
0.0
142
0.0
142
0.0
142
0.0008202099737533
142
0.0
142
0.0
142
0.0
142
0.0
142
1.0
142
0.0
142
0.0
142
0.0
142
0.0
142
1.0
179
     0
144
0.0008202099737533
144
0.0
144
0.0
144
0.0
144
0.0
144
0.0008202099737533
144
0.0
144
0.0
144
0.0
144
0.0
144
1.0
144
0.0
144
0.0
144
0.0
144
0.0
144
1.0
147
0.0008202099737533
147
0.0
147
0.0
147
0.0
147
0.0
147
0.0008202099737533
147
0.0
147
0.0
147
0.0
147
0.0
147
1.0
147
0.0
147
0.0
147
0.0
147
0.0
147
1.0
  0
MATERIAL
  5
72E
102
{ACAD_XDICTIONARY
360
72F
102
}
102
{ACAD_REACTORS
330
72D
102
}
330
72D
100
AcDbMaterial
  1
ByLayer
 72
     0
 43
0.0008202099737533
 43
0.0
 43
0.0
 43
0.0
 43
0.0
 43
0.0008202099737533
 43
0.0
 43
0.0
 43
0.0
 43
0.0
 43
1.0
 43
0.0
 43
0.0
 43
0.0
 43
0.0
 43
1.0
 77
     0
 47
0.0008202099737533
 47
0.0
 47
0.0
 47
0.0
 47
0.0
 47
0.0008202099737533
 47
0.0
 47
0.0
 47
0.0
 47
0.0
 47
1.0
 47
0.0
 47
0.0
 47
0.0
 47
0.0
 47
1.0
171
     0
 49
0.0008202099737533
 49
0.0
 49
0.0
 49
0.0
 49
0.0
 49
0.0008202099737533
 49
0.0
 49
0.0
 49
0.0
 49
0.0
 49
1.0
 49
0.0
 49
0.0
 49
0.0
 49
0.0
 49
1.0
175
     0
142
0.0008202099737533
142
0.0
142
0.0
142
0.0
142
0.0
142
0.0008202099737533
142
0.0
142
0.0
142
0.0
142
0.0
142
1.0
142
0.0
142
0.0
142
0.0
142
0.0
142
1.0
179
     0
144
0.0008202099737533
144
0.0
144
0.0
144
0.0
144
0.0
144
0.0008202099737533
144
0.0
144
0.0
144
0.0
144
0.0
144
1.0
144
0.0
144
0.0
144
0.0
144
0.0
144
1.0
147
0.0008202099737533
147
0.0
147
0.0
147
0.0
147
0.0
147
0.0008202099737533
147
0.0
147
0.0
147
0.0
147
0.0
147
1.0
147
0.0
147
0.0
147
0.0
147
0.0
147
1.0
  0
MATERIAL
  5
73E
102
{ACAD_XDICTIONARY
360
73F
102
}
102
{ACAD_REACTORS
330
72D
102
}
330
72D
100
AcDbMaterial
  1
Global
 72
     0
 43
0.0008202099737533
 43
0.0
 43
0.0
 43
0.0
 43
0.0
 43
0.0008202099737533
 43
0.0
 43
0.0
 43
0.0
 43
0.0
 43
1.0
 43
0.0
 43
0.0
 43
0.0
 43
0.0
 43
1.0
 77
     0
 47
0.0008202099737533
 47
0.0
 47
0.0
 47
0.0
 47
0.0
 47
0.0008202099737533
 47
0.0
 47
0.0
 47
0.0
 47
0.0
 47
1.0
 47
0.0
 47
0.0
 47
0.0
 47
0.0
 47
1.0
171
     0
 49
0.0008202099737533
 49
0.0
 49
0.0
 49
0.0
 49
0.0
 49
0.0008202099737533
 49
0.0
 49
0.0
 49
0.0
 49
0.0
 49
1.0
 49
0.0
 49
0.0
 49
0.0
 49
0.0
 49
1.0
175
     0
142
0.0008202099737533
142
0.0
142
0.0
142
0.0
142
0.0
142
0.0008202099737533
142
0.0
142
0.0
142
0.0
142
0.0
142
1.0
142
0.0
142
0.0
142
0.0
142
0.0
142
1.0
179
     0
144
0.0008202099737533
144
0.0
144
0.0
144
0.0
144
0.0
144
0.0008202099737533
144
0.0
144
0.0
144
0.0
144
0.0
144
1.0
144
0.0
144
0.0
144
0.0
144
0.0
144
1.0
147
0.0008202099737533
147
0.0
147
0.0
147
0.0
147
0.0
147
0.0008202099737533
147
0.0
147
0.0
147
0.0
147
0.0
147
1.0
147
0.0
147
0.0
147
0.0
147
0.0
147
1.0
  0
MLEADERSTYLE
  5
775
102
{ACAD_REACTORS
330
774
102
}
330
774
100
AcDbMLeaderStyle
170
     2
171
     1
172
     0
 90
        2
 40
0.0
 41
0.0
173
     1
 91
-1056964608
340
14
 92
       -2
290
     1
 42
2.0
291
     1
 43
0.36
  3
Standard
 44
4.0
300

342
11
174
     1
178
     6
175
     1
176
     0
 93
-1056964608
 45
4.0
292
     0
297
     0
 46
4.0
 94
-1056964608
 47
1.0
 49
1.0
140
1.0
293
     1
141
0.0
294
     1
177
     0
142
1.0
295
     0
296
     0
143
0.125
1001
ACAD_MLEADERVER
1070
     2
  0
MLINESTYLE
  5
18
102
{ACAD_REACTORS
330
17
102
}
330
17
100
AcDbMlineStyle
  2
STANDARD
 70
     0
  3

 62
   256
 51
90.0
 52
90.0
 71
     2
 49
0.5
 62
   256
  6
BYLAYER
 49
-0.5
 62
   256
  6
BYLAYER
  0
ACDBPLACEHOLDER
  5
F
102
{ACAD_REACTORS
330
E
102
}
330
E
  0
SCALE
  5
763
102
{ACAD_REACTORS
330
762
102
}
330
762
100
AcDbScale
 70
     0
300
1:1
140
1.0
141
1.0
290
     1
  0
SCALE
  5
764
102
{ACAD_REACTORS
330
762
102
}
330
762
100
AcDbScale
 70
     0
300
1:2
140
1.0
141
2.0
290
     0
  0
SCALE
  5
765
102
{ACAD_REACTORS
330
762
102
}
330
762
100
AcDbScale
 70
     0
300
1:4
140
1.0
141
4.0
290
     0
  0
SCALE
  5
766
102
{ACAD_REACTORS
330
762
102
}
330
762
100
AcDbScale
 70
     0
300
1:5
140
1.0
141
5.0
290
     0
  0
SCALE
  5
767
102
{ACAD_REACTORS
330
762
102
}
330
762
100
AcDbScale
 70
     0
300
1:8
140
1.0
141
8.0
290
     0
  0
SCALE
  5
768
102
{ACAD_REACTORS
330
762
102
}
330
762
100
AcDbScale
 70
     0
300
1:10
140
1.0
141
10.0
290
     0
  0
SCALE
  5
769
102
{ACAD_REACTORS
330
762
102
}
330
762
100
AcDbScale
 70
     0
300
1:16
140
1.0
141
16.0
290
     0
  0
SCALE
  5
76A
102
{ACAD_REACTORS
330
762
102
}
330
762
100
AcDbScale
 70
     0
300
1:20
140
1.0
141
20.0
290
     0
  0
SCALE
  5
76B
102
{ACAD_REACTORS
330
762
102
}
330
762
100
AcDbScale
 70
     0
300
1:30
140
1.0
141
30.0
290
     0
  0
SCALE
  5
76C
102
{ACAD_REACTORS
330
762
102
}
330
762
100
AcDbScale
 70
     0
300
1:40
140
1.0
141
40.0
290
     0
  0
SCALE
  5
76D
102
{ACAD_REACTORS
330
762
102
}
330
762
100
AcDbScale
 70
     0
300
1:50
140
1.0
141
50.0
290
     0
  0
SCALE
  5
76E
102
{ACAD_REACTORS
330
762
102
}
330
762
100
AcDbScale
 70
     0
300
1:100
140
1.0
141
100.0
290
     0
  0
SCALE
  5
76F
102
{ACAD_REACTORS
330
762
102
}
330
762
100
AcDbScale
 70
     0
300
2:1
140
2.0
141
1.0
290
     0
  0
SCALE
  5
770
102
{ACAD_REACTORS
330
762
102
}
330
762
100
AcDbScale
 70
     0
300
4:1
140
4.0
141
1.0
290
     0
  0
SCALE
  5
771
102
{ACAD_REACTORS
330
762
102
}
330
762
100
AcDbScale
 70
     0
300
8:1
140
8.0
141
1.0
290
     0
  0
SCALE
  5
772
102
{ACAD_REACTORS
330
762
102
}
330
762
100
AcDbScale
 70
     0
300
10:1
140
10.0
141
1.0
290
     0
  0
SCALE
  5
773
102
{ACAD_REACTORS
330
762
102
}
330
762
100
AcDbScale
 70
     0
300
100:1
140
100.0
141
1.0
290
     0
  0
ACDBSECTIONVIEWSTYLE
  5
777
102
{ACAD_XDICTIONARY
360
7FC
102
}
102
{ACAD_REACTORS
330
776
102
}
330
776
100
AcDbModelDocViewStyle
 70
     0
  3
Metric50
290
     0
100
AcDbSectionViewStyle
 70
     0
 71
     0
 90
      102
 71
     1
340
11
 40
5.0
340
0
340
0
 40
5.0
300
I, O, Q, S, X, Z
 40
10.0
 90
        0
 40
2.5
 90
        0
 71
     2
340
16
 90
       25
340
16
 90
       50
 40
5.0
 40
2.5
 40
5.0
 71
     3
340
11
 40
5.0
 90
        0
 40
15.0
 90
        1
300
%<\AcVar ViewSectionStartId>%-%<\AcVar ViewSectionEndId>% (%<\AcVar ViewScale \f "%sn">%)
 71
     4
300
ANSI31
 40
1.0
 90
        0
290
     0
290
     0
 90
        6
 40
0.0
 40
1.570796326794896
 40
0.2617993877991494
 40
1.308996938995747
 40
-0.2617993877991494
 40
1.832595714594046
  0
TABLESTYLE
  5
761
102
{ACAD_XDICTIONARY
360
7BF
102
}
102
{ACAD_REACTORS
330
760
102
}
330
760
100
AcDbTableStyle
  3
Standard
 70
     0
 71
     0
 40
1.5
 41
1.5
280
     0
281
     0
  7
STANDARD
140
4.5
170
     2
 62
     0
 63
     7
283
     0
274
    -2
284
     1
 64
     0
275
    -2
285
     1
 65
     0
276
    -2
286
     1
 66
     0
277
    -2
287
     1
 67
     0
278
    -2
288
     1
 68
     0
279
    -2
289
     1
 69
     0
  7
STANDARD
140
6.0
170
     5
 62
     0
 63
     7
283
     0
274
    -2
284
     1
 64
     0
275
    -2
285
     1
 65
     0
276
    -2
286
     1
 66
     0
277
    -2
287
     1
 67
     0
278
    -2
288
     1
 68
     0
279
    -2
289
     1
 69
     0
  7
STANDARD
140
4.5
170
     5
 62
     0
 63
     7
283
     0
274
    -2
284
     1
 64
     0
275
    -2
285
     1
 65
     0
276
    -2
286
     1
 66
     0
277
    -2
287
     1
 67
     0
278
    -2
288
     1
 68
     0
279
    -2
289
     1
 69
     0
  0
VISUALSTYLE
  5
74C
102
{ACAD_XDICTIONARY
360
7D4
102
}
102
{ACAD_REACTORS
330
746
102
}
330
746
100
AcDbVisualStyle
  2
2dWireframe
 70
     4
 71
     0
 72
     2
 73
     0
 90
        0
 40
-0.6
 41
-30.0
 62
     5
 63
     7
 74
     1
 91
        4
 64
     7
 65
   257
 75
     1
175
     1
 42
1.0
 92
        0
 66
   257
 43
1.0
 76
     1
 77
     6
 78
     2
 67
     7
 79
     5
170
     0
171
     0
290
     0
174
     0
 93
        1
 44
0.0
173
     0
291
     0
 45
0.0
1001
ACAD
1000
AcDbSavedByObjectVersion
1070
     0
  0
VISUALSTYLE
  5
74B
102
{ACAD_XDICTIONARY
360
7D2
102
}
102
{ACAD_REACTORS
330
746
102
}
330
746
100
AcDbVisualStyle
  2
Basic
 70
     7
 71
     1
 72
     0
 73
     1
 90
        0
 40
-0.6
 41
-30.0
 62
     5
 63
     7
 74
     0
 91
        4
 64
     7
 65
   257
 75
     1
175
     1
 42
1.0
 92
        8
 66
     7
 43
1.0
 76
     1
 77
     6
 78
     2
 67
     7
 79
     5
170
     0
171
     0
290
     0
174
     0
 93
        1
 44
0.0
173
     0
291
     1
 45
0.0
1001
ACAD
1000
AcDbSavedByObjectVersion
1070
     0
  0
VISUALSTYLE
  5
752
102
{ACAD_XDICTIONARY
360
7E0
102
}
102
{ACAD_REACTORS
330
746
102
}
330
746
100
AcDbVisualStyle
  2
Brighten
 70
    12
 71
     2
 72
     2
 73
     0
 90
        0
 40
-0.6
 41
-30.0
 62
     5
 63
     7
 74
     1
 91
        4
 64
     7
 65
   257
 75
     1
175
     1
 42
1.0
 92
        8
 66
     7
 43
1.0
 76
     1
 77
     6
 78
     2
 67
     7
 79
     5
170
     0
171
     0
290
     0
174
     0
 93
        1
 44
50.0
173
     0
291
     1
 45
0.0
1001
ACAD
1000
AcDbSavedByObjectVersion
1070
     0
  0
VISUALSTYLE
  5
756
102
{ACAD_XDICTIONARY
360
7E8
102
}
102
{ACAD_REACTORS
330
746
102
}
330
746
100
AcDbVisualStyle
  2
ColorChange
 70
    16
 71
     2
 72
     2
 73
     3
 90
        0
 40
-0.6
 41
-30.0
 62
     5
 63
     8
 74
     1
 91
        4
 64
     7
 65
   257
 75
     1
175
     1
 42
1.0
 92
        8
 66
     8
 43
1.0
 76
     1
 77
     6
 78
     2
 67
     7
 79
     5
170
     0
171
     0
290
     0
174
     0
 93
        1
 44
0.0
173
     0
291
     1
 45
0.0
1001
ACAD
1000
AcDbSavedByObjectVersion
1070
     0
  0
VISUALSTYLE
  5
74F
102
{ACAD_XDICTIONARY
360
7DA
102
}
102
{ACAD_REACTORS
330
746
102
}
330
746
100
AcDbVisualStyle
  2
Conceptual
 70
     9
 71
     3
 72
     2
 73
     0
 90
        0
 40
-0.6
 41
-30.0
 62
     5
 63
     7
 74
     2
 91
        2
 64
     7
 65
   257
 75
     1
175
     1
 42
179.0
 92
        8
 66
     7
 43
1.0
 76
     1
 77
     6
 78
     2
 67
     7
 79
     3
170
     0
171
     0
290
     0
174
     0
 93
        1
 44
0.0
173
     0
291
     0
 45
0.0
1001
ACAD
1000
AcDbSavedByObjectVersion
1070
     0
  0
VISUALSTYLE
  5
751
102
{ACAD_XDICTIONARY
360
7DE
102
}
102
{ACAD_REACTORS
330
746
102
}
330
746
100
AcDbVisualStyle
  2
Dim
 70
    11
 71
     2
 72
     2
 73
     0
 90
        0
 40
-0.6
 41
-30.0
 62
     5
 63
     7
 74
     1
 91
        4
 64
     7
 65
   257
 75
     1
175
     1
 42
1.0
 92
        8
 66
     7
 43
1.0
 76
     1
 77
     6
 78
     2
 67
     7
 79
     5
170
     0
171
     0
290
     0
174
     0
 93
        1
 44
-50.0
173
     0
291
     1
 45
0.0
1001
ACAD
1000
AcDbSavedByObjectVersion
1070
     0
  0
VISUALSTYLE
  5
75E
102
{ACAD_XDICTIONARY
360
7F8
102
}
102
{ACAD_REACTORS
330
746
102
}
330
746
100
AcDbVisualStyle
  2
EdgeColorOff
 70
    22
 71
     2
 72
     2
 73
     0
 90
        0
 40
-0.6
 41
-30.0
 62
     5
 63
     7
 74
     1
 91
        4
 64
     7
 65
   257
 75
     1
175
     1
 42
1.0
 92
        8
 66
     7
 43
1.0
 76
     1
 77
     6
 78
     2
 67
     7
 79
     5
170
     0
171
     0
290
     0
174
     0
 93
        1
 44
0.0
173
     0
291
     1
 45
0.0
1001
ACAD
1000
AcDbSavedByObjectVersion
1070
     0
  0
VISUALSTYLE
  5
755
102
{ACAD_XDICTIONARY
360
7E6
102
}
102
{ACAD_REACTORS
330
746
102
}
330
746
100
AcDbVisualStyle
  2
Facepattern
 70
    15
 71
     2
 72
     2
 73
     0
 90
        0
 40
-0.6
 41
-30.0
 62
     5
 63
     7
 74
     1
 91
        4
 64
     7
 65
   257
 75
     1
175
     1
 42
1.0
 92
        8
 66
     7
 43
1.0
 76
     1
 77
     6
 78
     2
 67
     7
 79
     5
170
     0
171
     0
290
     0
174
     0
 93
        1
 44
0.0
173
     0
291
     1
 45
0.0
1001
ACAD
1000
AcDbSavedByObjectVersion
1070
     0
  0
VISUALSTYLE
  5
747
102
{ACAD_XDICTIONARY
360
7CA
102
}
102
{ACAD_REACTORS
330
746
102
}
330
746
100
AcDbVisualStyle
  2
Flat
 70
     0
 71
     2
 72
     1
 73
     1
 90
        2
 40
-0.6
 41
30.0
 62
     5
 63
     7
 74
     0
 91
        0
 64
     7
 65
   257
 75
     1
175
     1
 42
1.0
 92
        8
 66
     7
 43
1.0
 76
     1
 77
     6
 78
     2
 67
     7
 79
     5
170
     0
171
     0
290
     0
174
     0
 93
       13
 44
0.0
173
     0
291
     1
 45
0.0
1001
ACAD
1000
AcDbSavedByObjectVersion
1070
     0
  0
VISUALSTYLE
  5
748
102
{ACAD_XDICTIONARY
360
7CC
102
}
102
{ACAD_REACTORS
330
746
102
}
330
746
100
AcDbVisualStyle
  2
FlatWithEdges
 70
     1
 71
     2
 72
     1
 73
     1
 90
        2
 40
-0.6
 41
30.0
 62
     5
 63
     7
 74
     1
 91
        0
 64
     7
 65
   257
 75
     1
175
     1
 42
1.0
 92
        0
 66
   257
 43
1.0
 76
     1
 77
     6
 78
     2
 67
     7
 79
     5
170
     0
171
     0
290
     0
174
     0
 93
       13
 44
0.0
173
     0
291
     1
 45
0.0
1001
ACAD
1000
AcDbSavedByObjectVersion
1070
     0
  0
VISUALSTYLE
  5
749
102
{ACAD_XDICTIONARY
360
7CE
102
}
102
{ACAD_REACTORS
330
746
102
}
330
746
100
AcDbVisualStyle
  2
Gouraud
 70
     2
 71
     2
 72
     2
 73
     1
 90
        2
 40
-0.6
 41
30.0
 62
     5
 63
     7
 74
     0
 91
        0
 64
     7
 65
   257
 75
     1
175
     1
 42
1.0
 92
        0
 66
     7
 43
1.0
 76
     1
 77
     6
 78
     2
 67
     7
 79
     5
170
     0
171
     0
290
     0
174
     0
 93
       13
 44
0.0
173
     0
291
     1
 45
0.0
1001
ACAD
1000
AcDbSavedByObjectVersion
1070
     0
  0
VISUALSTYLE
  5
74A
102
{ACAD_XDICTIONARY
360
7D0
102
}
102
{ACAD_REACTORS
330
746
102
}
330
746
100
AcDbVisualStyle
  2
GouraudWithEdges
 70
     3
 71
     2
 72
     2
 73
     1
 90
        2
 40
-0.6
 41
30.0
 62
     5
 63
     7
 74
     1
 91
        0
 64
     7
 65
   257
 75
     1
175
     1
 42
1.0
 92
        0
 66
   257
 43
1.0
 76
     1
 77
     6
 78
     2
 67
     7
 79
     5
170
     0
171
     0
290
     0
174
     0
 93
       13
 44
0.0
173
     0
291
     1
 45
0.0
1001
ACAD
1000
AcDbSavedByObjectVersion
1070
     0
  0
VISUALSTYLE
  5
74E
102
{ACAD_XDICTIONARY
360
7D8
102
}
102
{ACAD_REACTORS
330
746
102
}
330
746
100
AcDbVisualStyle
  2
Hidden
 70
     6
 71
     1
 72
     2
 73
     2
 90
        0
 40
-0.6
 41
-30.0
 62
     5
 63
     7
 74
     2
 91
        2
 64
     7
 65
   257
 75
     2
175
     1
 42
40.0
 92
        0
 66
   257
 43
1.0
 76
     1
 77
     6
 78
     2
 67
     7
 79
     3
170
     0
171
     0
290
     0
174
     0
 93
        1
 44
0.0
173
     0
291
     0
 45
0.0
1001
ACAD
1000
AcDbSavedByObjectVersion
1070
     0
  0
VISUALSTYLE
  5
75C
102
{ACAD_XDICTIONARY
360
7F4
102
}
102
{ACAD_REACTORS
330
746
102
}
330
746
100
AcDbVisualStyle
  2
JitterOff
 70
    20
 71
     2
 72
     2
 73
     0
 90
        0
 40
-0.6
 41
-30.0
 62
     5
 63
     7
 74
     1
 91
        4
 64
     7
 65
   257
 75
     1
175
     1
 42
1.0
 92
       10
 66
     7
 43
1.0
 76
     1
 77
     6
 78
     2
 67
     7
 79
     5
170
     0
171
     0
290
     0
174
     0
 93
        1
 44
0.0
173
     0
291
     1
 45
0.0
1001
ACAD
1000
AcDbSavedByObjectVersion
1070
     0
  0
VISUALSTYLE
  5
754
102
{ACAD_XDICTIONARY
360
7E4
102
}
102
{ACAD_REACTORS
330
746
102
}
330
746
100
AcDbVisualStyle
  2
Linepattern
 70
    14
 71
     2
 72
     2
 73
     0
 90
        0
 40
-0.6
 41
-30.0
 62
     5
 63
     7
 74
     1
 91
        4
 64
     7
 65
   257
 75
     7
175
     7
 42
1.0
 92
        8
 66
     7
 43
1.0
 76
     1
 77
     6
 78
     2
 67
     7
 79
     5
170
     0
171
     0
290
     0
174
     0
 93
        1
 44
0.0
173
     0
291
     1
 45
0.0
1001
ACAD
1000
AcDbSavedByObjectVersion
1070
     0
  0
VISUALSTYLE
  5
75D
102
{ACAD_XDICTIONARY
360
7F6
102
}
102
{ACAD_REACTORS
330
746
102
}
330
746
100
AcDbVisualStyle
  2
OverhangOff
 70
    21
 71
     2
 72
     2
 73
     0
 90
        0
 40
-0.6
 41
-30.0
 62
     5
 63
     7
 74
     1
 91
        4
 64
     7
 65
   257
 75
     1
175
     1
 42
1.0
 92
        9
 66
     7
 43
1.0
 76
     1
 77
     6
 78
     2
 67
     7
 79
     5
170
     0
171
     0
290
     0
174
     0
 93
        1
 44
0.0
173
     0
291
     1
 45
0.0
1001
ACAD
1000
AcDbSavedByObjectVersion
1070
     0
  0
VISUALSTYLE
  5
750
102
{ACAD_XDICTIONARY
360
7DC
102
}
102
{ACAD_REACTORS
330
746
102
}
330
746
100
AcDbVisualStyle
  2
Realistic
 70
     8
 71
     2
 72
     3
 73
     0
 90
        2
 40
-0.6
 41
30.0
 62
     5
 63
     7
 74
     0
 91
        0
 64
     7
 65
   257
 75
     1
175
     1
 42
1.0
 92
        8
 66
   257
 43
1.0
 76
     1
 77
     6
 78
     2
 67
     7
 79
     3
170
     0
171
     0
290
     0
174
     0
 93
       13
 44
0.0
173
     0
291
     0
 45
0.0
1001
ACAD
1000
AcDbSavedByObjectVersion
1070
     0
  0
VISUALSTYLE
  5
75B
102
{ACAD_XDICTIONARY
360
7F2
102
}
102
{ACAD_REACTORS
330
746
102
}
330
746
100
AcDbVisualStyle
  2
Shaded
 70
    27
 71
     2
 72
     2
 73
     1
 90
        2
 40
-0.6
 41
30.0
 62
     5
 63
     7
 74
     0
 91
        4
 64
     7
 65
   257
 75
     1
175
     1
 42
1.0
 92
        8
 66
   257
 43
1.0
 76
     1
 77
     6
 78
     2
 67
     8
 79
     3
170
     0
171
     0
290
     0
174
     0
 93
        5
 44
0.0
173
     0
291
     0
 45
0.0
1001
ACAD
1000
AcDbSavedByObjectVersion
1070
     0
  0
VISUALSTYLE
  5
75A
102
{ACAD_XDICTIONARY
360
7F0
102
}
102
{ACAD_REACTORS
330
746
102
}
330
746
100
AcDbVisualStyle
  2
Shaded with edges
 70
    26
 71
     2
 72
     2
 73
     1
 90
        2
 40
-0.6
 41
30.0
 62
     5
 63
     7
 74
     1
 91
        2
 64
     7
 65
   257
 75
     2
175
     1
 42
1.0
 92
        8
 66
   257
 43
1.0
 76
     1
 77
     6
 78
     2
 67
     7
 79
     3
170
     0
171
     0
290
     0
174
     0
 93
        5
 44
0.0
173
     0
291
     0
 45
0.0
1001
ACAD
1000
AcDbSavedByObjectVersion
1070
     0
  0
VISUALSTYLE
  5
757
102
{ACAD_XDICTIONARY
360
7EA
102
}
102
{ACAD_REACTORS
330
746
102
}
330
746
100
AcDbVisualStyle
  2
Shades of Gray
 70
    23
 71
     2
 72
     2
 73
     3
 90
        0
 40
-0.6
 41
-30.0
 62
     5
 63
     7
 74
     2
 91
        2
 64
     7
 65
     7
 75
     1
175
     1
 42
40.0
 92
        8
 66
     7
 43
1.0
 76
     1
 77
     6
 78
     2
 67
     7
 79
     3
170
     0
171
     0
290
     0
174
     0
 93
        1
 44
0.0
173
     0
291
     0
 45
0.0
1001
ACAD
1000
AcDbSavedByObjectVersion
1070
     0
  0
VISUALSTYLE
  5
758
102
{ACAD_XDICTIONARY
360
7EC
102
}
102
{ACAD_REACTORS
330
746
102
}
330
746
100
AcDbVisualStyle
  2
Sketchy
 70
    24
 71
     1
 72
     2
 73
     2
 90
        0
 40
-0.6
 41
-30.0
 62
     5
 63
     7
 74
     2
 91
        2
 64
     7
 65
     7
 75
     1
175
     1
 42
40.0
 92
       11
 66
     7
 43
1.0
 76
     1
 77
     6
 78
     2
 67
     7
 79
     6
170
     0
171
     0
290
     0
174
     0
 93
        1
 44
0.0
173
     0
291
     0
 45
0.0
1001
ACAD
1000
AcDbSavedByObjectVersion
1070
     0
  0
VISUALSTYLE
  5
753
102
{ACAD_XDICTIONARY
360
7E2
102
}
102
{ACAD_REACTORS
330
746
102
}
330
746
100
AcDbVisualStyle
  2
Thicken
 70
    13
 71
     2
 72
     2
 73
     0
 90
        0
 40
-0.6
 41
-30.0
 62
     5
 63
     7
 74
     1
 91
        4
 64
     7
 65
   257
 75
     1
175
     1
 42
1.0
 92
       12
 66
     7
 43
1.0
 76
     1
 77
     6
 78
     2
 67
     7
 79
     5
170
     0
171
     0
290
     0
174
     0
 93
        1
 44
0.0
173
     0
291
     1
 45
0.0
1001
ACAD
1000
AcDbSavedByObjectVersion
1070
     0
  0
VISUALSTYLE
  5
74D
102
{ACAD_XDICTIONARY
360
7D6
102
}
102
{ACAD_REACTORS
330
746
102
}
330
746
100
AcDbVisualStyle
  2
Wireframe
 70
     5
 71
     0
 72
     2
 73
     0
 90
        0
 40
-0.6
 41
-30.0
 62
     5
 63
     7
 74
     1
 91
        4
 64
     7
 65
   257
 75
     1
175
     1
 42
1.0
 92
        0
 66
   257
 43
1.0
 76
     1
 77
     6
 78
     2
 67
     7
 79
     3
170
     0
171
     0
290
     0
174
     0
 93
        1
 44
0.0
173
     0
291
     0
 45
0.0
1001
ACAD
1000
AcDbSavedByObjectVersion
1070
     0
  0
VISUALSTYLE
  5
759
102
{ACAD_XDICTIONARY
360
7EE
102
}
102
{ACAD_REACTORS
330
746
102
}
330
746
100
AcDbVisualStyle
  2
X-Ray
 70
    25
 71
     2
 72
     2
 73
     1
 90
        1
 40
0.5
 41
-30.0
 62
     5
 63
     7
 74
     1
 91
        0
 64
     7
 65
   257
 75
     1
175
     1
 42
1.0
 92
        8
 66
     7
 43
1.0
 76
     1
 77
     6
 78
     2
 67
     7
 79
     3
170
     0
171
     0
290
     0
174
     0
 93
       13
 44
0.0
173
     0
291
     0
 45
0.0
1001
ACAD
1000
AcDbSavedByObjectVersion
1070
     0
  0
DICTIONARYVAR
  5
7B9
102
{ACAD_REACTORS
330
7B4
102
}
330
7B4
100
DictionaryVariables
280
     0
  1
1:1
  0
DICTIONARYVAR
  5
7B6
102
{ACAD_REACTORS
330
7B4
102
}
330
7B4
100
DictionaryVariables
280
     0
  1
STANDARD
  0
DICTIONARYVAR
  5
7B5
102
{ACAD_REACTORS
330
7B4
102
}
330
7B4
100
DictionaryVariables
280
     0
  1
STANDARD
  0
DICTIONARYVAR
  5
7B7
102
{ACAD_REACTORS
330
7B4
102
}
330
7B4
100
DictionaryVariables
280
     0
  1
Metric50
  0
DICTIONARYVAR
  5
7B8
102
{ACAD_REACTORS
330
7B4
102
}
330
7B4
100
DictionaryVariables
280
     0
  1
Metric50
  0
DICTIONARYVAR
  5
7BC
102
{ACAD_REACTORS
330
7B4
102
}
330
7B4
100
DictionaryVariables
280
     0
  1
1
  0
DICTIONARYVAR
  5
7BB
102
{ACAD_REACTORS
330
7B4
102
}
330
7B4
100
DictionaryVariables
280
     0
  1
0
  0
DICTIONARYVAR
  5
7BA
102
{ACAD_REACTORS
330
7B4
102
}
330
7B4
100
DictionaryVariables
280
     0
  1
127
  0
DICTIONARYVAR
  5
7BD
102
{ACAD_REACTORS
330
7B4
102
}
330
7B4
100
DictionaryVariables
280
     0
  1
2
  0
DICTIONARY
  5
7FE
330
779
100
AcDbDictionary
280
     1
281
     1
  3
ACAD_XREC_ROUNDTRIP
360
7FF
  0
DICTIONARY
  5
7C5
330
72A
100
AcDbDictionary
280
     1
281
     1
  3
ACAD_XREC_ROUNDTRIP
360
7C6
  0
DICTIONARY
  5
7C3
330
729
100
AcDbDictionary
280
     1
281
     1
  3
ACAD_XREC_ROUNDTRIP
360
7C4
  0
DICTIONARY
  5
737
330
736
100
AcDbDictionary
280
     1
281
     1
  3
ACAD_XREC_ROUNDTRIP
360
7C8
  3
BUMPTILE
360
739
  3
DIFFUSETILE
360
738
  3
OPACITYTILE
360
73C
  3
REFLECTIONTILE
360
73B
  3
REFRACTIONTILE
360
73D
  3
SPECULARTILE
360
73A
  0
DICTIONARY
  5
72F
330
72E
100
AcDbDictionary
280
     1
281
     1
  3
ACAD_XREC_ROUNDTRIP
360
7C7
  3
BUMPTILE
360
731
  3
DIFFUSETILE
360
730
  3
OPACITYTILE
360
734
  3
REFLECTIONTILE
360
733
  3
REFRACTIONTILE
360
735
  3
SPECULARTILE
360
732
  0
DICTIONARY
  5
73F
330
73E
100
AcDbDictionary
280
     1
281
     1
  3
ACAD_XREC_ROUNDTRIP
360
7C9
  3
BUMPTILE
360
741
  3
DIFFUSETILE
360
740
  3
FBXASSET
360
77E
  3
OPACITYTILE
360
744
  3
REFLECTIONTILE
360
743
  3
REFRACTIONTILE
360
745
  3
SPECULARTILE
360
742
  0
DICTIONARY
  5
7FC
330
777
100
AcDbDictionary
280
     1
281
     1
  3
ACAD_XREC_ROUNDTRIP
360
7FD
  0
DICTIONARY
  5
7BF
330
761
100
AcDbDictionary
280
     1
281
     1
  3
ACAD_ROUNDTRIP_2008_TABLESTYLE_CELLSTYLEMAP
360
7C0
  3
ACAD_XREC_ROUNDTRIP
360
7FA
  0
DICTIONARY
  5
7D4
330
74C
100
AcDbDictionary
280
     1
281
     1
  3
ACAD_XREC_ROUNDTRIP
360
7D5
  0
DICTIONARY
  5
7D2
330
74B
100
AcDbDictionary
280
     1
281
     1
  3
ACAD_XREC_ROUNDTRIP
360
7D3
  0
DICTIONARY
  5
7E0
330
752
100
AcDbDictionary
280
     1
281
     1
  3
ACAD_XREC_ROUNDTRIP
360
7E1
  0
DICTIONARY
  5
7E8
330
756
100
AcDbDictionary
280
     1
281
     1
  3
ACAD_XREC_ROUNDTRIP
360
7E9
  0
DICTIONARY
  5
7DA
330
74F
100
AcDbDictionary
280
     1
281
     1
  3
ACAD_XREC_ROUNDTRIP
360
7DB
  0
DICTIONARY
  5
7DE
330
751
100
AcDbDictionary
280
     1
281
     1
  3
ACAD_XREC_ROUNDTRIP
360
7DF
  0
DICTIONARY
  5
7F8
330
75E
100
AcDbDictionary
280
     1
281
     1
  3
ACAD_XREC_ROUNDTRIP
360
7F9
  0
DICTIONARY
  5
7E6
330
755
100
AcDbDictionary
280
     1
281
     1
  3
ACAD_XREC_ROUNDTRIP
360
7E7
  0
DICTIONARY
  5
7CA
330
747
100
AcDbDictionary
280
     1
281
     1
  3
ACAD_XREC_ROUNDTRIP
360
7CB
  0
DICTIONARY
  5
7CC
330
748
100
AcDbDictionary
280
     1
281
     1
  3
ACAD_XREC_ROUNDTRIP
360
7CD
  0
DICTIONARY
  5
7CE
330
749
100
AcDbDictionary
280
     1
281
     1
  3
ACAD_XREC_ROUNDTRIP
360
7CF
  0
DICTIONARY
  5
7D0
330
74A
100
AcDbDictionary
280
     1
281
     1
  3
ACAD_XREC_ROUNDTRIP
360
7D1
  0
DICTIONARY
  5
7D8
330
74E
100
AcDbDictionary
280
     1
281
     1
  3
ACAD_XREC_ROUNDTRIP
360
7D9
  0
DICTIONARY
  5
7F4
330
75C
100
AcDbDictionary
280
     1
281
     1
  3
ACAD_XREC_ROUNDTRIP
360
7F5
  0
DICTIONARY
  5
7E4
330
754
100
AcDbDictionary
280
     1
281
     1
  3
ACAD_XREC_ROUNDTRIP
360
7E5
  0
DICTIONARY
  5
7F6
330
75D
100
AcDbDictionary
280
     1
281
     1
  3
ACAD_XREC_ROUNDTRIP
360
7F7
  0
DICTIONARY
  5
7DC
330
750
100
AcDbDictionary
280
     1
281
     1
  3
ACAD_XREC_ROUNDTRIP
360
7DD
  0
DICTIONARY
  5
7F2
330
75B
100
AcDbDictionary
280
     1
281
     1
  3
ACAD_XREC_ROUNDTRIP
360
7F3
  0
DICTIONARY
  5
7F0
330
75A
100
AcDbDictionary
280
     1
281
     1
  3
ACAD_XREC_ROUNDTRIP
360
7F1
  0
DICTIONARY
  5
7EA
330
757
100
AcDbDictionary
280
     1
281
     1
  3
ACAD_XREC_ROUNDTRIP
360
7EB
  0
DICTIONARY
  5
7EC
330
758
100
AcDbDictionary
280
     1
281
     1
  3
ACAD_XREC_ROUNDTRIP
360
7ED
  0
DICTIONARY
  5
7E2
330
753
100
AcDbDictionary
280
     1
281
     1
  3
ACAD_XREC_ROUNDTRIP
360
7E3
  0
DICTIONARY
  5
7D6
330
74D
100
AcDbDictionary
280
     1
281
     1
  3
ACAD_XREC_ROUNDTRIP
360
7D7
  0
DICTIONARY
  5
7EE
330
759
100
AcDbDictionary
280
     1
281
     1
  3
ACAD_XREC_ROUNDTRIP
360
7EF
  0
XRECORD
  5
7FF
102
{ACAD_REACTORS
330
7FE
102
}
330
7FE
100
AcDbXrecord
280
     1
102
DISPLAYNAME
  1
Metric50
102
FLAGS
 90
        0
  0
XRECORD
  5
7C6
102
{ACAD_REACTORS
330
7C5
102
}
330
7C5
100
AcDbXrecord
280
     1
102
SHADEPLOT
 70
     0
102
SHADEPLOTRESLEVEL
 70
     2
102
SHADEPLOTCUSTOMDPI
 70
   300
  0
XRECORD
  5
7C4
102
{ACAD_REACTORS
330
7C3
102
}
330
7C3
100
AcDbXrecord
280
     1
102
SHADEPLOT
 70
     0
102
SHADEPLOTRESLEVEL
 70
     2
102
SHADEPLOTCUSTOMDPI
 70
   300
  0
XRECORD
  5
7C8
102
{ACAD_REACTORS
330
737
102
}
330
737
100
AcDbXrecord
280
     1
102
MATERIAL
148
0.0
149
0.0
149
0.0
 93
        0
 94
      127
282
     0
 72
     0
 77
     0
171
     0
175
     0
179
     0
273
     0
  0
XRECORD
  5
739
102
{ACAD_REACTORS
330
737
102
}
330
737
100
AcDbXrecord
280
     1
270
     1
271
     1
  0
XRECORD
  5
738
102
{ACAD_REACTORS
330
737
102
}
330
737
100
AcDbXrecord
280
     1
270
     1
271
     1
  0
XRECORD
  5
73C
102
{ACAD_REACTORS
330
737
102
}
330
737
100
AcDbXrecord
280
     1
270
     1
271
     1
  0
XRECORD
  5
73B
102
{ACAD_REACTORS
330
737
102
}
330
737
100
AcDbXrecord
280
     1
270
     1
271
     1
  0
XRECORD
  5
73D
102
{ACAD_REACTORS
330
737
102
}
330
737
100
AcDbXrecord
280
     1
270
     1
271
     1
  0
XRECORD
  5
73A
102
{ACAD_REACTORS
330
737
102
}
330
737
100
AcDbXrecord
280
     1
270
     1
271
     1
  0
XRECORD
  5
7C7
102
{ACAD_REACTORS
330
72F
102
}
330
72F
100
AcDbXrecord
280
     1
102
MATERIAL
148
0.0
149
0.0
149
0.0
 93
        0
 94
      127
282
     0
 72
     0
 77
     0
171
     0
175
     0
179
     0
273
     0
  0
XRECORD
  5
731
102
{ACAD_REACTORS
330
72F
102
}
330
72F
100
AcDbXrecord
280
     1
270
     1
271
     1
  0
XRECORD
  5
730
102
{ACAD_REACTORS
330
72F
102
}
330
72F
100
AcDbXrecord
280
     1
270
     1
271
     1
  0
XRECORD
  5
734
102
{ACAD_REACTORS
330
72F
102
}
330
72F
100
AcDbXrecord
280
     1
270
     1
271
     1
  0
XRECORD
  5
733
102
{ACAD_REACTORS
330
72F
102
}
330
72F
100
AcDbXrecord
280
     1
270
     1
271
     1
  0
XRECORD
  5
735
102
{ACAD_REACTORS
330
72F
102
}
330
72F
100
AcDbXrecord
280
     1
270
     1
271
     1
  0
XRECORD
  5
732
102
{ACAD_REACTORS
330
72F
102
}
330
72F
100
AcDbXrecord
280
     1
270
     1
271
     1
  0
XRECORD
  5
7C9
102
{ACAD_REACTORS
330
73F
102
}
330
73F
100
AcDbXrecord
280
     1
102
MATERIAL
148
0.0
149
0.0
149
0.0
 93
        0
 94
      127
282
     0
 72
     0
 77
     0
171
     0
175
     0
179
     0
273
     0
  0
XRECORD
  5
741
102
{ACAD_REACTORS
330
73F
102
}
330
73F
100
AcDbXrecord
280
     1
270
     1
271
     1
  0
XRECORD
  5
740
102
{ACAD_REACTORS
330
73F
102
}
330
73F
100
AcDbXrecord
280
     1
270
     1
271
     1
  0
XRECORD
  5
77E
102
{ACAD_REACTORS
330
73F
102
}
330
73F
100
AcDbXrecord
280
     1
 70
     1
 90
-1506045146
 71
     1
  1
4F76ACBE-A6C1-4842-B2CE-591F35022B33
311
504B0304140006080800ED7D56598CEB5CC436010000A80100004F00000036323344323244432D324343382D343638352D383139352D4635393242423643444136332F4173736574446174612F446566696E6974696F6E4974657261746F7250726F706572746965732E62696E35504B4EC330101D58F0939040EA122190D8
311
9A24769C3848154A9C840D6CE000C84D9CB6529A564D22B65D72176EC465E05994193DCFF3FCED4F22FAD90B281D003B9CE7B04FB6B3DB65F5562DECCAD091F3B4EB9969EFC09490222E78C9F230E32CE4BC604AEB92A944C6810C52AD12FF1079C7406E1B33B6836BF9B2EC2BDBB6A6B3EBB1BF84633FE3666506CC32EDBD
311
2B3A25726607D07FA0779DE67F1BB9253F00536F1E1E4DDFDB61EA455CE49CE79A71AD150B2325990A12C94A99F02C8B749E46C27BB5FD7ADC56B6F7C2328E529D152C8D74C042157296715D309904A5903EE79910DEB018DDD74CDC1AB3CE2C5BCFF7F62BBC6FBAB920411549B2D0887CE214D0708264C8C5F7EDD7351E71
311
063E81CF7BBE2283BC19D5C8ACC17D688C9A0690F028DC6AC40D7A35E89B20DE406B4413FA05504B0304140006080800ED7D565914828CCCEC000000300200004500000036323344323244432D324343382D343638352D383139352D4635393242423643444136332F4173736574446174612F496E7374616E636550726F70
311
6572746965732E62696EEB606060F80F0540260323103700495E20ED9E9A975A94991C9C9C919A9BA802143071333773747672D575347336D435B13031D275327276D535B534743336353032723236664768046931363471713532B5D435353131D635313332D475727372D13534373670367376B67474B5042A03DBCBA019
311
D37FE8ABC6157B20CD04146B0062181F4C03F940F0C11EA29A8141C08141002C0426541C106CAC2CA046088033B02A030AC2157C6006F21A8018AAF50194E6010A610250382264E08660284CD9E98021862280A91564B406929A0FF62C401E28B6F88038B83CB1243943D7A928312F25350524432B0000504B030414000608
311
0800ED7D5659B5A795FFE3790000DE7900006B00000036323344323244432D324343382D343638352D383139352D4635393242423643444136332F5265736F75726365732F34463736414342452D413643312D343834322D423243452D3539314633353032324233332F7468756D626E61696C2F302F67656E657269635F70
311
6E6701DE79218689504E470D0A1A0A0000000D49484452000001000000010008030000006BAC58540000000467414D410000B18F0BFC6105000000017352474200AECE1CE900000192504C5445818181B3B3B35A5A5A4848486060605C5C5C6464648383835E5E5E6262624E4E4EAFAFAF4A4A4AB5B5B54C4C4CB1B1B18585
311
85B7B7B7585858ADADAD7C7C7C464646787878ABABAB747474A7A7A7686868707070B9B9B96E6E6E6A6A6A8B8B8B666666545454565656A5A5A5505050A1A1A1BBBBBB8F8F8F9F9F9F4242425252527676764040403E3E3E9B9B9B7A7A7A8989897E7E7E9393939797974444448787873C3C3C727272BDBDBD3A3A3A6C6C6C
311
A9A9A9A3A3A32020209D9D9DBFBFBF8D8D8D9595959191912626269999992222222424241E1E1EC1C1C1282828C3C3C32C2C2C2A2A2A2E2E2E303030C5C5C53232321C1C1C363636383838343434C7C7C71A1A1A0E0E0E121212484A484C4E4C1616160A0A0A4A4C4A787A781414147C7E7C9193915E605E46484683858387
311
8987B1B3B18587856668665A5C5A626462818381A7A7A5A3A3A1B1B1AFADAFAD7072705C5E5C9D9D9BABADAB7E817EB7B9B7585A58BBBDBB4C4C4A8D8F8D747674B5B5B3B7B7B59FA19F606260ABABA9A5A5A39B9B99A9A9A78F8F8D6C6C6AC7C7C5451AD12700002000494441547801DCBD89771BD7B5A70B8EE04C702641
311
712605CE034890E220088028C93245451215B713AF388E7DFD9EEDB8DDCE6ABFF4B57D97137BE50FEFEFDBA74049B6AEED74869B7E87404D2814EBB7F76F0F67A8835CEEBFA0E42B854AA5B2BB5B6BCC951A8D52A93657A914FE0BEEE39FFE2FF395B9B9C6CAD2D4C4606F4B7FFF8D1B37EEDCB97587F7CD9B4343BD134BAB
311
E7DB48E3FFA7A228ECD6F6574E4786C0FC8B5FFCE2CD5FFCE297BF7CF3CD5FFC92B52FFE58BFF9E69B776E0EF5F79E55CBBBF9FC3F5D3DFFB07F5898ABAF7CDA3B74E74EC0CE20230561BF096E97E05712BFFCC59BC80539DCE83DDD6E54FE61B7747DE17FB8980BBBFB2BBD4337DF487881AAE6C5ACC6AF25207877B2B527
311
BFF1CB3B77FA47561ABBD7F7FA7FE146A5B6BD74E3164C7F51449AE95DB412200EC539418717E7F2F11B376FF62E95FEAF1442BED0581DBCA1BD2780D23F506AFA16E1A7AD974EF17876F00DD7BCB187A1A97AE51FCED5BF2BC1F2BBE5B3C19BE27B43CF26DE00933658FE129B109C2FFF922CC22C4260FA01BEFB462A77DE
311
BC35F42F600C3F5B0795D2E9E02DAD5E650B4438A92801B65C35CBAB7B1EE5041CE69D3B6F1822DFB873EBD6AD3B6FBC71EBC6C86AE967DFC2DFA4CEBFF1BF54F6276EBC114E2F43FEC60B01A0D440A868B2920E5C4BC10D60931ADCB871F3268B21D3851B08E1D6AD9BFD4BF57F7577909FAB86F29B982571136AF01DF5FE
311
32AC3BD9406CAAF2440A54CF176EDD01FBADA1FEFEFE21FE4C9858DFF4183458A9FD2B6708A5A5A137E0EE1D11A9EC0C7C58B2C73C0AD6B479BD76B7790CF899E287FA5B06FB7B07C9195B7851FA8794031EF1FC5F9406BBFB23375420286399B631E93B08022A785C4DBF9996EC3551874094D71B6F487E80F6837E50F483
311
BDBDBD83232323AC420A18C68DA196EDDADF68A77F938F78FD972BABBDB7B87FB164AC6FC2CB760365821ACB74AED44FFAD7E7431ECD7E08AC421F391D199998989A383D9D98E8E56F84A318C58D9BFD2DAB73FF5222C8EFAEF4DE7AF30D756E5108683DA471E70D0502099A7240F19E4089D3FD203E620F1B47BF43501E85
311
031AE44B4B9F2E4D2D9D4D51D8970983FA861B3706FF950CA170DE82F6B312CC4F42C8966295F7D725ED29882415DC055F36DEA1FE96FEC141493F05FAA9A9A5A595B333DED5B3D5A533F62183323032F46EFF13EA0AAFA5FBF7C8976F8C10F7280A014832593B90004D52341980D907EAEB73411EB2F1EBC9F507F92746C4
311
0E7AE0AFAE54292BAB2BAB67CAE0746264A277B06508168C94BF772BE9765F7BF0B548FE1E07F3B5A521340A5CB5297C4B12811B89E82191ECF3E41B3259C529F135E23CF4C7F961FB13537F5A02ECCAEA76B5BA5D3D3FDF3F2FEFEFB3AA22053E5008833428DC6C59FA2F770595F311F235D427F379BB8A121BD901B96076
311
A388DC4C3C61C7933CCCD770FF375A6E0CE9F535FE2534BF5ADD3E3FAFD71BF57AA951B6D4CFEBFB8864758A26154430080B06ABFF557610ECC93726224F155D1471041E0D42F82F4891C926C1355B0831649FF365F46FF05300A7A790BD8ADEEB0D4AA9569A9BDBADCCD56AA55AE377F5F3F3EA2A34983A1DE91D81054313
311
8D7F28E57FF4E2B5335A3928B76EA1CB9B00BF158C8F63A2E788826896D0B5E7C461949ECE089144F8EBEFC7FB4D8C9C4E9DAD60F7FBE572B416C2F2423ECF8B86C439E450DA970634ACFDA977629098D0B2FAF313A36B3869E37AF7853378CDA1171FBEBA95DF1E44FD5144A420588641B0055A79ED91CC0DC41E27064512
311
FB33F1F04D09D0D2DF0203A646A6CECE80DF28356A348CED8C4F1EF137B9319E1BCD29867CA556AA97F7B757567006A447FD375A26CAAFDED9CFDCFB2BB0BEEE8AA5911BC2C7F85DF88A3775389990AA72219D582409210F85A4E66F2987D875C30848023088FDF77E87F96FD7CBA5B9DCCEF4F4C9FC7C676777577B7B7B67
311
E7ECCCE4E8DEE85E81A6D55AA3BC7FBEB242589CE8ED4770E785D7DDE23FF2587EBF57F50B9E820527316488E5C32D50F979BCA58207297E2B6D658702FFCD211840FE43FC9F3A5BAD9E97E6F21B9FCF16BBBB3A3A5A175B5B1787875B5B3B86DFEFFC687A72674F19D46A8DFDF3EACA59E405375ACE76FFA922C817CE86A8
311
9BDD92F400F2C55B7462F610459837D3A61ACF50C7471C8F2F2A9D38C3DA2F068007F80EFCDBFBE5DCC674B1D83EBCBEB8BCBCBC3ED0D3D333D0B3DE33BCBEB0D8DA35FBF9F8CECE68AE020BCE61C112A4C1138CD47F9AD13F7DC6AB9CF9CFCFAF9D0E01FFE6CD503F5B91C5218E2899CA15098714848B04FCE5654884ABF0
311
E554F11F6C21D73D5D5AADD64B7B9327DDAD8B0B7D7D6D6D07070763BC0F3E38E8EB4310EBEB8BC3DDB347E3E37B5842B97C4E44A0C630427E5CFDFB71E03F471E12CA9FF70E055AE141042DD81234B879EB4606361D9328149037D7D76A571A7E974FA20AD0323832713AB5BA7ABE3B3E3D3FBC30307070B0B9B645D93C3C
311
DC3CDCA41CFC6AAC2D64D0D579B4B1B397A7C1BDBEBD7D36657A3CD4B2F44F4909F2B9CA597F4245C59DEC354316F0587020D0C661742BC02869435FD12CF195C422DB3C5A3E2305C000CE6B7B27ED8B7D63079B5B5B878787C787C7C7C757C76C51B60ED60EDAFA06D67B965B3B672677080BB5329E60E9B477847AE2E9EB
311
53E35779FD37EFCD2D0DDD68AA355B6B0D81860502B8B68C801F5C697E9AD62F4B406244CB975560BAC756AAA577675B07C6D03778C17E7C95CAF1B3ABABE3E3ADADE3CDB1B1B6B681014470343EBA979F8B90383545727C63E43549D14FD0F927E5F1FDEFD7263058FE02EBCD1BDCBCA053496BD58E69BC44F9F854D4D979
311
AE9ADB908824382AC1D4014E9756EAF9CE85B6B54DB01F02F8EA5908E0D9D5F1B3E72188C3C3AB67879B07C8A0A767B8B831FE5E7EB754DEAE5261460243FFF07858D8EF0D658BDC563A2C5EF5833C13C90B69248C4DD97842B61DFA7F210A2F6108A0F96B62E2D3B3F3DD939EA47E30ABF5AB2B903F4BE5F9B36757CF6502
311
1E616DAC6F60A1FB647274B4B05B2E5341B082D43278F67D8DFDA48AFF9A13F22B34C7586C9992BA6E66CABC190E313E7C811AA57304B421A75B289B9D174CC868C24548823E230B9A5A2DCD2CAFE1F98E61C015CA7E96B083FC59F3ED06EE60F360B3AD6F79787ED278D0A86FAFE00BA9220EAEFE1D5DE1F7855939C3FCC1
311
332426B377F692406E022C010DB437EF009803F0DCFD3B7C94440571D8F2C328F115F47FD324802070BAB43FBA80EFDB92FCA1F7E7CF9FA875CBB327CF9EB08C4DE4815BC4210E2CB7CF1CEDECEDCED5B757490968286899FAF95583BF46F9393CEE6A86D6F618CAAD9BFF0BE22B042412C5CFB50556815CC5BBE33E9F61EC
311
EC26A9BCB8145FD10590078F9C9E953B513FAE1FE387FAC246E14F9E3CE7F5F8194BD6594140876B6B84C5D6799C61A16434201E5237582AFD75C07EEED9863F463284E2E13425A036BD41061259289B6BDC1ED656FC8B8592C9D00701E27CEA749F0D8EF44EAD8C1F80FFF8F8F9D513191F6803384C800097F24069C407CF
311
AE88136B7DCB3D5D4A60B711F19070D83235F77331FD35E715966889038E2E0B346EAB7936C4162043E1A1F144093695443A570144898BC4079CEF1912809A3035A1D3F361235F90FFF1E3E0FB93C7E2750719F88E7D8E68123883ADB5B18185AE99F1D11C1238A792DC4BEDE8EC6FF503DF377E0445F68FAF4E08D43082D0
311
2170F30131A154206CC559A8D9CFDD762B31273E4947A581E0D9BB71E33FFA07CD02CE2A6BE1EC80167497F2A81CFA3F7EFE58D0CF5D5D170DE4F89070B0BC4040CC17BEAC6B0586C3D3FF0309BC06F44B04A1E13729929B4DF73C44070692C810B08AC3012E8EE9EAE22067796288C193B2139B970B86F47FAD0F98382B1E
311
035D9C32FD318A4FAFCB274F2E1FA772F94411B0CD42493C23393A685B5FEF3E1ACF554AF5F3552A478383374E6B2FDDFC4F6DFE38F4F4ED7A7FE838F488EA852482F412D3CB07E293D02C9F074F12E84C5AAC423271450572A385449844706475FD38DC3C22486A0639E5F1E38B0CFE93CB4B25910EF309A2224BD8DAD40C
311
682C28341AD69047E8539A6AFC14EC573F7FAD10AE0FE6EB13E87B28E093B513B5803514DE408809BC12A14876DE0A25F643009E9176D9F0C330164285A7444DC8CAF0E9FE41429EE0A2F6A6DE91C0856C501272404A8468822E24C807030B1D33D40D4AFBDBABB411D093D88C86D7205E05FC57EDD1F805FA4CED5920F0CE
311
D39157E007CE21757C5DE440ECBCB46CD283E378029B43FB077B4F47E60E9F61E8D01BE017D7E843EB49F50A2028F1E442FCC90C9EE308E4C0C2C94EAE30B75FAD3A0EAFA57FE9EF960F14BE15638840EAF3BA490BB6850EDB38EECAFD21A0C746D0C4234DBD035EFC7EDD121FA585FAB73DB89FE6A03CF833AB0730E5E2F1
311
A36CE3F202A128934B44E396961121E1F2C9F32BFCC0C140CFE22C1CA8E109B182919696BFB98120234F61B59F7BF46EC30CF067B21A33B0FB3E402448EE266CCD93135A8E823DB31F85E677434E608F53F8100BC0098EA2FD6BC01770E0F2F2D1E5452A711C4BB8486248FAD756D852026B6DC90A2AA5C6B69E9068B8F27A
311
FABFFEE8AB36F1D23985D5960014FD711940800B560250D2272CC54FF1D3A660B275AC3881E349689C1616E1E9044129D032313509DE4700BC867C71F128C400159407C761022BA8A040F40A244788808C60B3AD67A17576279F6F946923191921B0545FC2F12AC0EFEFBD7262B6935679FC7F80629160ABFAEC88E8430E76
311
D82A8DE62ACE50BD4A42FBF03B387B37FD321B37E31C3F063D99703F5160E6C9E5A300CF32A91E0A085A29C0FC507F6C21012303C6104B82C1F1E156DB3229D1A855A32A8352C9077AF733A0AFE0FB3EF81FDF2F0F82C21B0EB06998866878B103305E31EC17F4FD43831E570A2118D1667632D4FFFFB125782F96168A833D
311
BE78C3F11F8383A79D49F58F1E3DBC780417AE6581381E8610604888E2913E12492881274822C221AD04CB0B1D273B8542837460898C686864FF6F801E8269F40AD0481DFAF5E6E9C1F3BE391C325004DF0746A4E4448F7B52C0D5EAD39EC46896B888C4210D68E99DFA2820DF7FF850EC407EB55C3EBC5028611409BFCB88
311
89C90F1C52355AEF98B18100094C9D0EF6F64FD47E5CBF3FF5293DDFB4B50DDD54F351446FA1F14580DC3902C085F593CB24ACC917B213BBC11B3F0A61042FD8B24F4FB9C4556D0CB9E1A880DE89934CE9607F18F81FDD950DD0E1D143F41D56110E227C250621FF098838042BC85B5B6BCBCBC31DD37B34966E9FFD9936A2
311
FEFEA9EBA4182E5CD3E17AE35501FCE0707E5525A7DBC64DFD077825BE37CE0BBE1BBEC061410C660B6E49912665E2B3749C7C9F93834022F74CDE6CA5EB501D9CBC04B768292C5CCB84478F3CA83074092C6082169015E5800D5839DC6C1B58EFE83ECA513BDE3EFB8EF1242D2D4B3FD55AFE03D42F8492AF8A3F21444FA2
311
FA9ABBF525EAF84C09F0168527B0138A85D1EC0443C467B28BF844EAF76323BE13D7C11F72FED783837B970FEFDE7D7817E077C17EF7E2A1C2C0FE851FE4C008388C15E818958746129E1009D054B67530D6B3D8DA3D59D82D9D57CF70039FF50FFE0DE94089DB269C3655A4F25B38C49D0BD48E59F1526887C18FC5272197
311
F85CA72862A593A4843CD25F920487DDF7AA0441A2C0600D062001F103FCEEA3D8560CEC3EBACB01CAE5A51E420349F602191E5F901893142381351CE17047E764BE50DEAF9E4D8C38B6ECFFACEB141E54A6865A88A60133EE9CBB4C256930B0B168C1C3AB59FE1743FB422C7166082E934AFA5EFA3E4BCE0B69362FA70418
311
18B7FDECE1DDFB4D022007CA23E521F0700AAEB5888BBBF08023E128B4045381542FA256B0D04E28A0C3804E233A1BFB476A2F48FD135BAF9843BEDA3264EB42BA499601F16B566E72C7EA35908ABCB9176BBED43204C696AFD3D7B24B08D3AFA44BE243D88A6D9D0B6562B52F741E1610C0EFBBAF2B0829289A640EC4C8A4
311
FF66A24430786CEBE1E1E61AF9507BFB496EAEB64F8F49B4129EBDEC065EC1F8A3F228A3CD0950883B41BEC6D1944AE06147289600A7726313AC69A3F91197F1438BCB743E76F01F6EF1D1C854071670FFFE43FF1EDED702EE5A14C85D0C42DF90B86068800659AC88981855E3E774A71C0CAC2F76754EE7CC87C808D1E1E0
311
F6CF47FD4224731337BE1E39C5010823EE997B1491BBD99FC8D8EF77482BEB5EB2CF66499A8E0F7511B19B3EFBDACB6507BC78731B1B383D02FFDD7BE8DD9256F7D0BA7B46015941097B80018F700FFA024CC08078F51806100ADBFA163ABA8A3B95B9D2F92AC30BC908ED31FABE0CBEBFFF0279B675868F9AA24E9530B08C
311
174055B7F48E4F58002F3E82F0BDFA003E8B431EB6C4A91E4D9B5FFB791265BA8827BBE5F1BCFA7F789F72F75EC800F8AE43FFAEC42F13009FB905A9A0132015D0068ED7682AC608BA6771038DEDB3B33082891FAB1ABF5614F93238079726B833958796B845B731FCB86316713C1DC581B1E19B424EE32674093F80776F7E
311
27C6FBFAC85C536CD955B96EDA2A3FBF770FF4BE11845470EB3E42D022000E0FE07D161811020742162444668308801E133A4C163BE68F6826A5523071CA78B2FED51F28F8C70FE4190073A3E5D3259D7A288CD19BDE623F10021BAB0C6E327FD507B2741627727EA00D31856492F9F009D7F152D930704E642795C1C1B336
311
E0DEBB7F0FDCB79318543B25341F36802D64A981A690B94259607DE0B19D466BF8C1C5E1CEF9A3FC5C639FD6117B4BAEAB453F8EFBDA500A67E8BAF76C8A06566E36EE1184E8329419161F83D843D5DE7D8221163E145F56921C3EE383978072129E290A9B7166E63D26BAB1FCDBF710009E4051842390031845F20077CD07
311
9407C575F20364C4910ED2A574BC357630B0BCD8DE39335EB175646A698458F6A346F003A93002E846FFE0C459B8006E506D79BF902908A0AA05CB5E73530E33BA1D3C2EF99C712B7C8B41DF4D2A7830BE8707485FCFAEEB85A09AB6D39BBF7B4F23E00509C20DB04E240822A4B810E04D8D53D10D504C059ED86BB8697F51
311
4777717A8F8144D48A4C89077F7EDB00E2D89DC02A7B975640A282C49A4AA84B70B12BFED8EA6584860DFB7EE23FCB00C6BAF7332FF259FA3C9346508813E372F1DDE425065BB61FDF8300F7EEDDBE8D0C6EDF46F7D8823478590AE23759D60DA6B7A9F125EDE8F4A5D2B37470D0B63C30DCDE3D3D59A8D1501EB1B0A53775
311
17BDD6E301F995E3F955F0F58FAC2E81CE172A8344AC03DC6781939D2484B8FFC15E8F3ACCD3954CE19576B942D0A029188EC7013FE59AE90B71292DE774F1F63D60230180B30A2EDC65291B6211B4081128856001A680015CE000708254891851D4B3BED0FA4D7166B466BFF1D2A924885AD12B387FC0FCE6819AC3AE06A7
311
AA4B715F0927B74D119D4A668FB54B8A8C268D8B038A207D10A7B1E95E42195B695BE0240F7408B311257C23F581E987C180140C584A02B1670CB817CEC0A080F259F1360E58452013200E3EC107AC1DF4FD7B0F6D23F33347F9527D9F51E6138E31AF35F1BDAAEEEBA3D71BB402E2FB47CECEE96B4DB85536772B07C82A34
311
F3E66D0BCEC207FEB9E70643761276F7B50D5EE963CFF80C7AF4A2130F5BF8C4EBFB5F07B709840480DBD8007FB7EF3F90104908BA457D43AA2A6A02C91422285E5AAC143F3313A0CB74D9D164933B86C25587134E8D342B453FC982860D09FD13ABE72055ED020E85D3E312F74C25CB0293D978A1C4001927C80B86FD0634
311
9126EC219F0C735C8053D8F5F310817EA01F1B7851F406144C211C6362C27DD51F1E310C0102280ADB891E9B085CC528A2B1369A46BA195B9A2B351862CE43174BA73FB7CBB430A5798F4C54B7333B96C3224A9863AD02B9FBD8E63092191924E77C199D92887DA594B6DCF0112857162FD0949FE6A441F5E62E42FB2105BC
311
405A2301A3424601DC807912CB2C39C604A27908021CDA30C4C8C2019A883B3A8BD393BB3546136EAF561980FB63E9E035FF73B96D09A905ACB2C11D79571C5159026227DDBDB81396EB03F14100BEB66DE1FA9EF82C3ECCBE318119C4269FD014E66361FC8BB0B4EA9A98EF3D8848A01360430284335004C183CC25BCA82D
311
2302EB03B8419241C64DF4F5ADAF77B533BE786334BFCBB8DA72BDBEFFC36103AFB30608A0B39B58D93F0BF42180841DD26BDC22CF0A770E90240006BAC65197D90920131C7B2EB3CFD3C71C6378A305EE8488FC1FF8D391E2BDDB0F6E3F45E7C8207C419800DB410073A3173942CA8D5242642A74496FF115832A6314D9FA
311
4257577BF7FCF8F8E8CEE8DEDE5EBE76DD3CF892BA7FB8B90F629431B5525E92A15A3A4A6FEA3FDD73136172060959206591F4C927196CF645AA285CF3014630121754261C0D31E1A7E3DA2DBDB54B04703BDE3A4209F02045C4BB0F529A14BED07098A2A1CD47513DA64B512F409BC01663090796D787173B5AA141B1B39B
311
B470EEBCF1E30F9D263ACC4D05110797CEF7B923B027F089F74D1D06F0A4D8C0CDA6604023FCA45B76C5CDE0BF3845ECBE13E0C0ED73700A8A753C1AC8AEFFF1B407FC8A20F42F0D94019121DE304077A027D4112283BB8FF0072444D68AAD111D6F591BC0061854BBC048EBBE9E81F6A33A95C21BFD13AF3C7E7DCDFFEB0D
311
E8903F77B41DF178E99C289895B0EA8CD640549D68935BA7C5294E0A1D66DA0CC419BD398E6265789CA1241441AC94532A3C19C95340BEFC68703077EFC1D307B71F3C500859C11494838E902203A2BE90EACC5135B80B078804340C920C2300BCC06F7A1C71B875DC572C9BD1D84BD5FB9363CA6BA7D03E5C40FDFC54FC23
311
C9B4B9DDD028787D89219038523BF64E638BB37CC25335937A00DFD32869C5B390C8C32FF25C8C47A7181B4A599A224A9DADB0E0406FEFF9F183B7448F081E3C55024FB33828784AB61704482CD0160C04174F9E33BA9291D58C2F1F1B1B3B5863B0D9F3E51C35C253D54A23E560E2C0CB3A6F7A81382601C2079CAE96B7B1
311
560D20A341E85A928A4E01083256420576C2ED477E2E565FD9223BCC691CF394D3D8E281501E0EE5C1C8159E92585D255CF30CC854C75318006EA4A01028EC853F9407C6053910BE105348324002260254886C156260F9189EE0F8C9A3CBAE9D5A992184568A69D5183A7DB97DB089FDC57AEE54F858FE54F577DBA8530964
311
0290F2D220952620750C5811FB772A7876D1E4040FBFC6474D51246D8B3FB378283FB514F8AB3C20B8BF7DBE5DE541C9A5D3D38DDB30E00151E02523081BC89C2214103E0BC1B3D0199A08E002681A2613A2616CEDF0F0F9C5DDC75DA395C25C0309C03DEC8091A4AFD3FEB504AAC6633930556DAC86EE3561941E862C4A75
311
DD6B6BB3A0C59BE153DFA73EDFCBC3CE2188D3D378FC976D0EF9A95B7C8532F527CE3CF539581E0FE501291E9139FFB65EFF5DBD8E0C18DE3077170A64E033FD278F18068028802F156C3809FDEB11B1019C208D020C9BA2870457F0F8E1FDC7EDD393E3B9FC9C4308E9315704233F960E554802C14716B0B45DAB5EAB5E25
311
AB7830EBB8D25E6CA94E4AA01794FB1EE164FE9F040FE82C940A4BCEF913075D087E85A7237D3CF29C47E4E676777779528C4781761F0BFBC1D3A77880E40C9A2E5109180D5255317890394229F0F082010354082D574F1E3FBAB7D6553C2113DACB97BEB5526C7C6F69F9310A94C46CD89FF8F379AD1AA035FD00FF3F3201
311
80F01417A6F255A3A8D86319FE0C0B0E06A0DCD33F79841339C01E5BBE1911AFCFF7C1E0A540BFBDBFCF2372352686D863F83F59CB6865F43104007EE06F52406F680341102048A01BB048823082CBCB0B6AC48C313F3E7CFEF8F2D1FDC3D6F6F9F9D9E98D9D7CAE5EADE2A6512FAD7AB526E17F600C85550DDE9ACFE9D97E
311
694513103BC69F8A2813176032C890C1E9C49FC09C61670FF8705B1D7386260E7C8E7122C7F8208A55139E8C8D4763F7EBF5728DF9C34677364E3A3F9AEFDEC9CD95470788834F9FBEC512379890B38C94205B2557987C4186DF5C0837608DF0F9F3CB87B7EF6E920475752A01460E556919B2B64296FB9FB70DD5F47232A0
311
F77465BF140CD001F00ADCA175090E2665A14E6329B62660E02A1CB50C6025E3DA252A670B3F0FFAA5EAD94A509FE7036B159E0D1D9F2E76B7AE1FD5A606198D3A747AF450023CBDFD162278B9446688111009B4029B0F2180AE20A542D40610C073B47FEFE1416B2B12200F3C991C2F54EC2491027A816B0A34A9D05C6F43
311
7AC23462385DADD75642EDDA738AF1600DBE07EE8437804D2D011A94DF71C2085EDD40266A407FFA1D1C00B0C03927E60338E3B9D8C47D1F8CAED578E06F7CFAA4BB63B175FA7C301B747CB377F45192003CB8FD34B12009224543D8604494011A80C1903CE0518C986208E1C5FDDB8FDA161686873BBABABAE74FA637BEA8
311
94A44078C19696F326E057D7F95D061A6B0394A9D5F2DCAAFE4C2388D8A6E9AB7695CB0BDD0A332430F1A9333DA41D1FFB97FA09AE84E738C75C407C260408F8DBD5EDED7DE1570A7BE333C54F16963B46AB0C2B71208EA3D16EF4EEDCD7005241166C005A73C03164792151205C007288AE337B4D7103741BDE7B7AC91335
311
0B348B2D767515674EC6F72A0402BBCB41C81305AFCF05F2758D3ECAC8D26AB97606DB9581A4B7A8FFB068CD5C0604E6849046B70C2B60FF0CDDF93C13822B4E82FA0479A68220E66D9FD775FB3C1A9CDBDB9829B6AF2F77EC9E0678FB20ED8D1B1A1A39D10F9812E20D6281F5673121AACAA9C53424000DAC173F7E18C305
311
2EEE3E78E7F1160F5AAEAFB70E0F7775CFCE4EF384DDEEBEB9C0889D5243BDF557559FEDE5F17AB21E118C4C31A3DF6A96B56AC62180293910ECD6B721047664BCFCC6B2DD3C65CA0F0C823DFEF84083C7ECCDF05898EEF158F4FEF97EB9C123F1B9D1D1A3D9F9AEC5F5CEDA84A3C96C14A55584D62893D6A54D8D2028D05C
311
8B1F124884543F3223B29D208B04910D3FC43F5C52196AEB5B5F5E58E8E82610F08C21BD443801233C0CE8BD1E40F84A1CA86001990048031ABBAB11EF83F9283EA89F181F2A0D9A9F62D94B7F625FD727E6A93F63F200F614F7CF100D4511C07DB45FC5F0CB4CA359ABE4774631FDAE85E599EA0878A3C33D5AD6430CF4C0
311
55EE5FDB80629000D7855DED3F436F3B61B3DC7FFACEFD2B1BC6FB0696312CFA477CE87A87070C7998E04FBA78AE3F915A065E819FCF35B410321D9ABB308146A11AD5196CDDD7C477A171C8AFC74B45CBC6F641AB53C8D4ADA5870C02379BC0470CF83DB55F073E29CF5CE5F7A3F8FD62EB7AEB1774C2C6780B9523F92871
311
93FD23DDB79FBEA513B45200E2E0C1B51350163AC19043C600F2C1DBF7DEBA7BB9B5457BC0D840CF325EB0BBABBB786D301437000020004944415472B491ABCCEDAFC0591201CAC8EBFACBF367FE7B6E40E69F551BBBE7123E3C00AC560CE20C62436E8C3C54CC225EE08C0D74CE26148877689EDD004FB2BFBFFFBB984035
311
373A7954EC5EE8591FE531348654514DB1D1C56411DFA2A7C212BE5ED91278F2851A432244C6822C29C85A8B320ADCBDFDD63BF71FD32648E7D098CD018BC35D7FE89E250EF2AC75F96C15271602687965C844B8807C6E7729D93F22E81D39ABD62A0820C1FE9F11CFA7208125D33E96FD69E83AF6052DD32D49FF0802CD9F
311
9DFD39260389A950887A647CCC99BAB17132DFB5DED35138FB3A060F6295AA5E195BF0BB56495A5A4A8FA440026E46A047D40ED2520A441C302D240F201FB8F7E0EDDB0E12A04D8816215A0579E8FE1B1281E9F19C9900DE79842E2A7CCD48E9876EB01C75DBA0E0C8D44AB5512947A00BE7CF5DE9E1A6A6BE43CF1A78783D
311
FD5A404E4477336C1ED8B18908B2A847B2AFE9839E891137A6673BBB96FBBA2A4B8E9373B001F08369BA11BE8ABC4302FD2345FD6014A127068427D007BE28B41D9B0D40FFB7EE531FA673C8870A69135B1CEEE8D009C08042A5B4EDA314920B635BF941E7487E45256439DFE9D276295F87E698389CD49FB394FE19720412
311
DEDDC40E9CE9C6DD605E0B719FADC416CB15AB3A61F9B5B9B9426E54F81D8B03DD950946D432B40CEDAB7BB5AF11213CBA73C9BCCCDAFBCF06127C7980FE6D1DC9B4DF14832D6568FEAEEBA76FBF438300B541064ED33F3AC0B0D10505306FD370AED02859234402F6C3FED006766DDED2034D90D119057225EEE3DAF787EB
311
F30EC51ACB4F551678BD6728E1944730C095F13E4D81A4DFFBF67C5BEE37E62A85FCCEC6CC6C7BC77A5B477E22223ECA4FCC0F87E2A5E3EB782BDB25B8CFC6736A044DE5A7CDA604526361D650484FE283B77EFBD65D52C1C73C4F48E7D0D81ACF572F2E2280F98FB230508FA906B42DE240ED651B301CEC83DE1790C9FD96
311
B6CBF986BECF3BD332C18EF627A0B6EECD5B152E02088D03D828AFFAD26B05BF671B4F9A09A8CE0CD2707F67F2A4B3BB75B9ADA331C1305BBAC182FB4A79820B7EEAF73199B8404C0B81231CDCBB871B80FC41FF5860E8E108222A1A076C29E6E03B6F3FBD4F1F295DC457573C7ADED636D6B7B8C88413DDF3B327E1046AA5
311
1040B40CB50C7E3F1D2E44DAD34CFA604029BFFBE714DF0C069908027EB275F1F366C132E1A7450B04011CF82B2B647CE754F650FF6E25BF37AAF65B7BDA16CAA791F1D09F6CAB989EC5AB7809BE145FA459E8D3E4B0FB47DAEF093B946FED585B80FE1A0305FD5330FEDB4FDF79FBF6BDE81D8300CF6815E5F9896552412A
311
03F31FCDCC7CB5E32365550CD9365FDCCEC8752E943161D78047336F8AF6539840A1F2E764FDA2970999F205CD2BD1F5CF496571F76EAEFA0E1CF8FD2A55FD06391F9EEF8B9DC9994E72BEBEE1FC928E2F223EBA0FBFBFB4F2DF137BC894B8087643D64ADE6EDED67F7680FAC9060239E845FC94AE93D880F994FBF71FBCF5
311
F66F9F32C292EA900F9C1E6F1105E81C5B5F58A067A448143842008D7275EA3BBA3D2516FDF02FF79260020D6B3C714711F3CFB61BFF56A826E627E82256F7400FB387FEF23C1C1E77FD6A21EBB1B2B35F2F95E7760BE1FA3ABB3A981423477517EEE36FF96F122B942F6FB64D9502BD1B9089162532A2FEFED255028FE653
311
C9F46FA321E0B588B7DE79FBED07C44106CC85133CA65190543004D01D02D8181DDDA5A9C91A7110805B7875B689FC3902200FB192E7DFD936B37B57D9C338BD49E99E181F4E5FCAB2ABC1CA7AAB382CBC7D515457CFABE6FBC63D525E5CDF74B16378B9AD6774A58531912D232DF01BAA913DFB7D3AAFF912984302B84D05
311
00077800D26C60A4742101DE420C610C2E92FA93056022EFBCFD5BB6B38651470CD33BD87630C05831BA864C85997B8754B05167F0706499DC442FCD22592AEC2ABF3FF13F950039BF159FA9B36ABDB2778EFF83F70972B83BFD3F4899E64DD8346AA495CB155A7499F2CE39B0AAE755125EB84FD8CF8D8E4F4E9FB4B72E8F
311
1DBCCB98B31BC4607C2CFF21C8145FB48EA0F2159F86A3098415609554DEFA7B27EF1301033DD06D274BAF6821D220DEF96FA4CBB60B3CA241C021D38E1AA76B4406B4767576166766A6C7F77273F5F395291BBA19F64F2E3095C14F3E60371827741CB27E89543857D6D96BF9A47C6A9A26057840332EB843717AAD171880
311
217B71FCCC0355AED3D4819911F79D0EA8AD6DA31A83E36C5DC2D470295C011302387069158F6C9966022367ECF1D00BA9BB95C389AE7B6105A1FB640689033A7FCCFFEDB762189103A61C3A4FEFE0D6A6B5A19EC5755A443AE78BC5E9235B047890A65919A0D2F96AA3C01CEE913BB3ED239C3E0CD8DDAB99E4348BF3F8B9
311
77B6C43DEBEFBD7721A839A63B94C06A10DB87FCBFA3C2932F8C26F88B6D6BB30C3C4E09AFE40FAB52EFAA1EC0316920E031A46D65A0FFE45A673432E907FBCF86717AC04F2CD0EF512D665FF53F05BFCDC43489F150890C60A8E0314E70A06F619D30D841189CA15D3417F3CD50191AE4396543F0C42BCFD696C58DF163F5
311
B46D708BD5FDDA5E5E5FDF9401BC4F7E00E8A17520833D1CBFF495B5D1CE037C664123EEE74737268B5D1D3DBFDA6AAD8C08DF2C0BC7A737E10AAB2A7B958990CEBF556CDBEE823CB09FB344143463C630CFFF585D330CF0320E921744A7918280FEEF981161008E9FBC78C830217A07B7D6985E83F9A79884ABB5AB383B4D
311
7D788F9FB3D867A2112A43F19042B33A108690CF6F472F8661CFAC971478757F6E6F2F7AEB82FEA85E5715941778B278281F28C268AB24BDB470EF3303E09C359E9DF1CF990D8A096106E6A66C8620DDE7D281DF0B2831F20439A30D68386CE13E002F7EDA8D7806162B205D6A19AA1FABFD6B1B400EC2BFFDD66FDF7E8755
311
B4883C043F43046C1326136680404F1F934EBDDFDD39CB58A98DF1BD7880E0532E671FA1435E9D6EA5E9071000BE8F262E7C4044FD95D5FD526EB40A05A634775F32205C3D779FDC168CD5E56BF982508BF572BDA4F6F57D3304BE9EB18149461B12F760D7485891CA47CFC44909136FBF4931716A2E100123FC6CCAA6A644
311
F25EDF4AC980B14039009BECE8B798BF69A05DC5B6885CD23F8E13A46FF0C0A986D617F001C52241801E87C2974C31411DA3A5D7B6175472763D637D3E57C33B908F867F4A59CFCA7923375E5F027A983E18BD7BD4E6FDDBB2250C1529F4202EFAAF979DFFB1F2612E87EBEFEC58581EDB9AA95AD1D7C1905F7305BF8182D5
311
BBB524D47C4E3B81CD843220DE1E6536497C0962C225F75A2D6A998303B23FC501F0B3F736EE1FF01200FC8C99F5515207C9C40081DF304C0A17D06E26CCBC5B3C47459308178301FA8057C2C0AE9D99B05F038828B08400F2E3251254DD7EB8BC4853B101F99AB48E387457C96951E5DB670648BAB70A7B04FE93EEC5F5B1
311
83F9739C98952C6845C380D401B8FC86E70A20744EC720E09D35955D96A9041720196D183AC2CFE6AEA816652D0234883D788BEC8F5DF2615261DB031C2381092401B48D8D2D870FECEA9C3D99DDB036C8A051058030E32190976718C89F031DFBFF2EEA3D88606A8A19BD0AE305BDFD12BA4FF46F1A0002B07137989C7489
311
36E9DB2C91F43B07E4E4D16C3779CF5A4FFE8CC981F07C29E34B7C012AF0054FAEA4A6A3D49D3A16D2B3CF220A029003366663053C89B3FB1827080DEC2780076FBFFD8E39810CB0593CC68B5D9009F2D400418028B0BC6CC74067E7C9CC0C2690FBB084AA5254A12AF63543B35EB40D17B693F7E3464D5094C00AA9E04E0E
311
0524F5C35C5EC6BA94B21AAF2440725E2A9FF94FE7A8F0E769EB83FDEB039B631B18BF396F5C13CF89ACC02C387DA56DC3B1CD84B96CFAAA37B55FE723B611062258257D331F186AC93D8AD600B4FEF4AD777E4BF68F2168FF08C081A37AC13446C859964803961928476D78F68419390D830C1935B5C2A0A22A3AB17D3D64
311
28BF12DC373B8D464E04C0A496BB3B3B75639DCC2500E0F0B15FB6F47B5A7ED0183A87CAE8D535F2EDBD4B3B7FC762DFE65A07C30B2851DB890082ADC07131EEEFA3DB7DD5CD32C0860CA83CD4B7993A175F422A8149B1C1D94C1145059D9C78A8A572A90B7C8B1E3392FF77A80C50220880FF3669004E90F101740D2B8081
311
81455A044904674E7482CC3EC85C4BCE339404C0B0BF6A5611E4F9B8157BAB6DE327EC9BFBA1B4557ECB609C1F45326499EFB90EE78F18227F09E563C9E63D847EDB3B68EB9C39E95AC4F7ADCF7D87F6752BB6912040281E4A0D8A8314E80D60470999B8A51FB1488A66A9F3F81FFA61C83F4FA6969E472288FADFD61B005E
311
0EA4284822E018911828E868614DA0C36E11F3A051070BF2F0840E35F200E2C0C80A776CC9E7E6841C0503D0EDF15ED9AFE527E798D23BEE5F0604E58DFB7099D739BF0BA5D332EF29F1535995BDBD0DE681C4F71DFE6A7AC5A13554AE6910963E9ABC9A0DB5B202225545F5CFACC942B5B93C207352B6E5310BF349AF2001
311
75D7DFDF78F6D683B7C87E087FA9B35812C4F8F13452CED610A2207541E6D659A739441F3833CD0C9C3C3DC2B0712F62333C4FA9327C9CA1124904B4FDE0FE21C119776CB0C212AAFBA5CAF80EB43772ADFE77CD9FA8A4144C54C2FB2304C65F62FC3678E4F6C68F30FEE1BE8383CE7DB86F58B1AE0C51F0F055E188D02F00
311
911DDB0991832228B3172B3E623E513FF1734FF414A611A603163F401BEA790FC9FF7FC3FD3DB02DC00184145B850D01D120424DC03C00FCEB7880EEEE939399F1F18DBD4AA54C939899304D913CC2D5CFBC55E50C7FBE4C0E14AEEF53D6843DFF56BE2D554637EA047D3C210E2C61077875FB5B40E19F43AB7470CAFE1C0D
311
3ED3B3B4778D1DF6D4F837C08747180FE8394F2CA1E0A46B6DA62CE2B2DABEDE0B1924098580FC16B369730E9E90541D3730D47FDE16EE1FFAD3419CDA05ED1F2715C607F2E81893AFC5936303F40EB776F1D808BDE393A3FA401E1C706E154C892860AD74A2949C409E28A8FB3349C764D13E4D1D3468952B7B1B35001BF4
311
1142CAD58D6011C8B78961EACAB66E9AFBC627673B61FFDA4167950A274145BF11EA17BA9AA60815C2C43AE1F648E3772E53C94E6364AF826019E723069A8AA353A3BF7FB5359281700061FF64C28C10B9AF0B70B0B0D30A31CD1CFD22F68C76DA1E44558869257892363C091D313EFA46B57C3BEB252E9C6BF5B4799EC58F
311
1910F469E25AA17B343799DB3E33CF410061F96C6D63FA91B1000CEBB7D2971BDD39A2A76361E000F5DBC1688D47CB812DD60F8001AF25B328D173A9E4BAC18CE9F1F628704330741B2649B92E9714447C68559C6CD2F681919367E4811100750058809D0230C087A89FF3C80C23C4C60882E481F48D531764BABD5CCECA30
311
8DE2F63D3BB50373D630796126803C2D1FBAC148F7592881B395ED7D26B7DD38D7096AF98841CB37592561D9C6565317AFBE9FC4AF7371E060736C7635E0CBA1809FC80F544DBAA1F2F9393D970D44C0615A0C6930E758B9E63AE690F73045F0C8C0731DE9CD80F718E94652383458799E02C06D328010011C7090D8C5E533
311
6A83D4059953877EA1E1D66FBE994F04608C4C991917230FB61F9AEE183A40AB9108D032449FD1A7283DD25ED15360EF7EA9303EDDC0043403531EDEAB10DFF87F5E2FD56DF0F1B701A9F614DB17FA0E0EDF6FD0B1622A81FA3D1DE5A33F551930335C353A87F9AB05C60455193448246944A232C5D07636D864CDD7A50D0B
311
4440CDCC465D1C418321F50E1648D500294065D869559EF3C40C8FCC6C323E989AD0F0C73142480B200842802C061008B480A9954AF282052B3AF67350FD0DD30D1F4075AC303A5D490250F5400ACF479656861E4C77AFF327F3EBECA4B57B6B6C8FF62602BF150744656A87DABD7BC6BED50527B2120C001A0B3718C74F0C
311
65CD34F275164D7968148DDF259AB8AD6CA81CDA4E8819509B996A7F642D987A401A2B04018C01E6C169A8700F9DE3B489DB2BC49C9B7B858A4F50D22AE15428FCA4A1EDB20C83492690CFE361CC7F8C8066FFD0D77AEE797977F468A36E0B0DFC87F90EE6348BC748F7CB73B5B9DD5C6EE7AB19ADBF6DF359F1DC2A0F9E44
311
F213F8041F64274C0859A2AB7C37440FEDDD2F95BE44065F22067E3EA0CC3BD8C0D8194EAB291CCEE20B9CD8E02950AD806080047A279F19024C837C848816719AC4A34DF8F0706CED904E8185753A458A27E4C1E37B5F30A104932BE140E0BF4E400160F320B054A8705042FFC47B4940810173F9C9E97240C7FCC3F3813E
311
A239B745DE9F1B1F3FC2F9330374DBD1A7B475923F9A2ED81716D18D1B577DAAB9D1A0458655AD3CA7E211867AE7C702DCACCD291E0F798013DC01BC326087775C0833E04EA3778FBCB8DA4687A0255CA0AD210C15661E4E92001A4449031D1DD27D327334BE830B64DAD90CBF537A45FBD4E94A7A88888E715B7E74FCD040
311
E818BDC1BF5AC609CCCC015DED23877080FCDC47BD8EF3A7B783A17D33F3ADEB6D6BC7AD75EA7C7852C5B6FDADA6AFEFC2D181C03F8C40DD8A4AB5024F0B72E34B57BC1182472DC80946789AFB711DB7F1193C03C893B0345F420246114D3EA71D04FBA731C0DAB0D3CD311B218F0D5A15ECC105D02F3AC32F13600084731A
311
83220040019B03180634B5923D438300B05BAC80881F061095FED5D572A3323ABD83F1D37A2301A8C930AB3F66ADF7CBEFED30BAAD7D78A06DEB6A87F15491F5AB7E25842B6B34BEFC12C8A159F187C64B3CBD2356DE5FBAB98BBE9583F0E3280C0076DA15BF34C15238145742B07080B1EFB83382F9FEF2239D0035410410
311
83C5AF9EF3C8944DC2030BC3ADEDDD9D27475800693049E05413BFB3FEB4308731512F13400D06F813368A0101D8D863EB3E75FCCADED124F532AD3F123F131AB46A93DF1ECE7F96CE9EB6C365C6D6A07EEC461FC919FE288AF7AE1A7D012D291EB073735FF26BBB1C99FB706E972192819B7A34BF22424BEA1CC7958AC2E0
311
4BFC8E02DB90A4A1DD04811ACDBC181037864672C78F6C0EC3073A40CC49D5E813593B7002763BC6A909D31AC86F3F6E335C9E1C309BC58F16418642E2AF6B290A34FEDC0CFEE08FCA0F56700699CB73B9C99302AA17BD516D7F1FD755A2B32B3FBE7134D3BEC813195BD355020A7DBB541539CD2C06E45F46FC0EE08293E6
311
C0E1972176D9B678340AA1A4823404EF79B1E2347E47C35D0A2260730E0B513025DC0BD1C07E3366E9B9D17F767405FB531070700035618606F0B40C73C974CFD321B0C174A80C0F3AA54945FFEF348F5488895713E89B5C98DA501E06D8D24FF04FF0CD7ECD7BAA755A854EC6A180AD13BE094E8D5D63BFD6DFA5F5D3E4DB
311
1BA18FD8473DC6E17FFC9832B71A2A94D96E808BB53F9192955D62C82E282B05168AA0927D54AB20A20A74800B7CC9655C8B15F62377CA4C91641F9F4D0478F4FEFDCE273A002CC0A725EC165CE3A149F0333E8E9600B2C05A7D15FD831F0938DBE5D0FF13E3C0F0765965A0961C3FA86DEEB0E28304747BFBA5FCDEE44C23
311
544F7BB7BF7A132DDE34F99E44EC3FEEAE92F667A10F7E90B0E8C6442DF5A5318B0F816311DB2E6DC6F172C363FC800EE09186BB9EC82A24C0117700CD884AA42023B81EA6E0CF8B3056411110D78606EBC5AD5417B45BCC8E61EA01C4006AC233933E35D860BC1B6CB9C9CCCE7840D2E0C1C1FFC11CCE54D59300F2B47D66
311
A10F09D8E24B71B9BDDF98FB62A3B897C53EC88D16D1FFE8C649B17BB8E760EB20B784F52F992544753F2CBF642CD3C9C70D8722C197142C567E74FB431EE248A8F3FC00377F5142144A82FFC28AC2970A780C85A7EE9146FA4B2981F3C93BCB0F3FBCB6DD3DE69C72B6073B99140DE28B8E919D9D9E7C2F5FA99FC1FFD07E
311
9AC0965CDAEA0A945FADE52C791EA989E8E7A21A355FB37E44405D171B98A6E946DB26AE71DBD01FEF07FD378F5B4B518724481820890E7486E3FCE61A60E096D577701890EE07CA5D7F2B086040749FCEF3F81972E510A86359C9BB579883035887542090614E5C4461705D7CA1CF84DB564838606CF1597E8119790D0210
311
80C935A908324EDE9F60A04B7830A33F0670CB08605B8D01BF9A3D435693FAB4FD84EF6754930640C1F9D74B052A7ABBA9F502B39DA3BF6BC7514EA4BEC71D752BFDC198EDA8DFE8F32B3EF811E4576B0A2074B99B070A069F60173E7427BDF285024E35A4418B7A412914F2800F1965C4F1120A2D5D2C64400563D5942044
311
807BE7C738EBF3034C4A6F4D70C04ED1F97673C039FABC4CFF18866E08200BB66BDC9CCDCC3FFD1E43BEFC52C317F0F5E64900FBFCDA4DEE68768FFF46350E0EDADB7B34DBBEDE3776BC55599AF84E312229F931E700D04478D66A0D88D09B2276141AF0F8811C5F8067DC04C0F90929F7F1AC9CCD368488AFB965C97B855A
311
3E2E93AE5B4866502E55991B82D4388614F2C36B8484A5FA06E3EFFA984A6AF17D5C2073299D9F12FD63826F67FC460E54030981684E9FBFC22009A3006962285FDF4FC84B699FB5BEF3736C6072F6844C15EDF25883037DE6BB7AFAD6AE164B367812FA8CFCA6FA25725D99AEC5C6EDEEC64ADDA2BE0056002032E1D7A20A
311
54CF444E360D520A5B69816C0A953CE0434A8A898BF18E2B704588C01BDB2133342F5404FEE698957C200EF54E31BE6DF4E888C9C67F5F3F1B41F922777E7FA6332677C20098C59F762F5DFE4A23F9801A3BB6F8A4F66E0D40EC867E92DEFCE84C714FC7CE8DD3DD3BDBF9C781B1C3B549FAD2C89D711808CAB100E09700BB
311
85240374A7209212F320CA577222A7020E7824500179FC7096C714884BDFD9499E027ABEB3CB0226CD293CAE6E0C41A6788F396606A073E28CBE5CC67D584D36CA39D37974FE1023253E3FFB007A26F657FFC901D851130DDC2BF54884F20D5D40A0B7E5C7BCC7CC87B84F2ED820192CCE1AABA1FF24ADBE1D03635B5B3B53
311
D4A5F84120125FADC36A0E792D3AD7E255792CD5241A4C84171F1104090017DA493D0A7790A7BDE6DF326180398E4B0DEADA5C2763825E43E05C388E184678C88CE6422606C017F030366981353DF03A753DBF6370879F79889DD0BF75408724DB53C5B0063AB6568D02DC47AE4627B58D7E367A6000267E7840C23A0940B9
311
92DB98ED1C4731B4FB4DCFB6D3EAFB6CAC7646F0335C5031888CD74E2103380260AD47176D703960230370FBBF28813524C17FFFBD6288BB28E4F905ADB4A788B40B4A6201C1878BED224DE9906C4C79EF32EE679B9F5D3B5DFA137327320643909A823F62106CB8F9BFE4BFEAFF0FC7A6393EC7F64A698EFF8ACE31BA05EC
311
E6DAB6DF124118D1D13F892F3D3530602E3F3ED3D59DFB821ECFA3D9AE85B1ADAB9E328DE738BF55D5DFD039445AE76D0194180F57B15BEE5F09C07F952F9A10372BC894CF7DA12CF6507E2A8916E0DF430C519485C55D61EFE209912D8C32866214E121611E22A0B1238DB18E86636A3BFAFD5B4EE02FF1E505F902BDF424
311
D0516907BFC95EF3A76B6B3872769D67E25B548F0DA46E2B93DFDFD5F2B9E9EEE1EE1DCC7FBE6380DFBF38A165CAC73DF912AD76A4690D2B766A3EB4AFA2D05BE543EA20B095FB17AE3F1928D84482049B659E671A4763CFA567C08824913D37F2F92F841FC244085C1681225C04AD6DE1684831682CE0D6096B56101C0D4F
311
B3A1BD3F11FC1105AECF5660BD3FEEDF162B0D9DEC6DB55AF27FC98050BDDEDFF63ED14B01336053A19DE9AEF5F5D9E9D9F9E19ECDADCD497BCC57681922F327EB41FF681E17C1921B04FBAE371AC69E53F98183E91B84897A5DB164158BD1D12FF6F6BEF0E02847727BF2628F9FD48B6FB11DF6928C868B29590A0606F921
311
40D0C08850DAA7DD8A5FE8A50389F61288AEB743E9C801BB67DBE0A7F64F63BC87770FDF57AA73FE1F5A84F8DD3AADDFC32087FBC0A7D645C327B97D65E7A8BBA76DFD9BCEE1B1CDE3F5F7CE4E6DF4013ECD7CB60BD1239E8A4E9A5722AD9C4FAC8F7FF17B214AF8801950430639A08E3ABD05A0D94E253BD5951C885B0CE7
311
50309070555FF21F2EF83FF53F4E15038B8D8A244740A5C9CBC120043DA0B323FB1DA0A4EDA268C05A304619505000BE10415DE898809DB6B66896E60AE347ED3D6DC707CB7D5B5BC374A158EDC343D0EA61C217D4878CBBDC1D85686782C3CF4272E7DCFB5E9EF628F5A95AC1AC0C6848F5771329EF8DF2BB79EFEDEC8DBE
311
C72EB7F245287FD4B31008AB38EA4D52F2BF57167159E3004CD8950E217DDD6F699FC763E9D1A0AECC701F7BD4430A3E030374066938F883C01DE40E7DAFD609345E33570F4CE6BE467FBD7F793B5AF2A9D331D86DBA7BF98067918F9FCDD609A0384B523F4413B574B818C6889FAEFC5E7B8F90CEFD62BC2C85B2478D54DD
311
076635BE434FCADE68B3ECF1C8708E27863DBEC352D87BCC7A92A8E135700CDE65BC114026DE5DB68275E656D2C0D4087293D43BB4C9C14EA83C0D806783B40DD7CD4F19EE9F33801F55A3F1FD600017A6CD5DE607783D5F74E34680E7DAB98D99F6E5B5ABC7F7DF19D8278322F6A97FDB2FADE1539BD945DDF868EE2B8B70
311
D9EDAA45D1BB0A5801198CF1DA891540474745BF0317F8A3703E02510AE94B084221F887FE950272D62D4232781054A87C58D015CD45EBF9B70E60820A2056E9D4D619E8494BBFA68B61EBDD8CF52CCBA124BACD4A4077E8420A7F36FCDAF661E577B792A7E1B7E337C7CF1FDEBB3B49F501F3C7366C1730E793F51FA20A9C
311
3D2E9F18E63DC277449054CEADA36DA0807467D45F8A744E1BDED725A033868703F1392BBE221158220588F30574A0B0893D0515B0B7C404AD0E7F40C11D504C49BD7DA39A85A19CD7357DFC966E5D92272FF06D59CA5A6A1C8AE30E52F1247C1F1D78F81887F9F3E387075B170F9F5EEE4A7F5BFC69DF02FD8795FCFFAB47
311
2E7C88D563DA514861B85BD41594A75F5E866BE69471110A9F75C8609C7E6BF6C7C727431EE3E9E3773D2378C25226E82C08104A57ED273FE0921D6990E02B006BD038263BA360355E8DC446A380F0BA35FA9945A80CF60DFD54054202F91897C241C147D59F8E0FC67CD0F2BF377A3463F8BBBABCFBD6833C57E214AC3F5A
311
E9C2FDE88852968F20337972C7E04EE5658223008AE82D93BC37D8DDD900BD6B16EF221F0D4149045D740A8A215D4FC186C658E01994B8CCD317465828704BB630DA2243B3B4ADD3EA554A97408454148C04A1A0CAAC2E04033C04073851F54380E0BF2DFFA43FAD3D6B574F2E1E5EF6E5F4FEFBD1CA87C161FCBCF5C7AAE2
311
F726F814027BAE10F79BC3D765D61D1803952210A9AA07F8C6BB2105B61145B324F96014EF223D4A9261080239F03FF6F4DD4975C183B887E081F7A467A25EAA0C94028FEB808637768B07400A8235D4EF33143253198900E079E3FACB0C59B00F827A5785A6FFE2FCF0C0E6F1714F11CDE5140D931D707950631F3DE877F3
311
00002000494441540ADFB08704E252AADE1BD4E8DF55796A32B9B6F17737C67702E5C638682737286CB0E0A89B624D5BF28222432848C9AB8C07170C97B814FF492A61072407D638006F7C8400860444C01B1930A522788045633DFA9507267A3A42BA05925BAD705CDD3792FA23C1075C6EE768A673919EB6C3FCFE7629B7
311
310AA794CC9C0D14A1FB88F95C845BF22543F57996E0B26C9E4C2ADF187F979F8A55F11B47BC26594C52588518D25E6C2B1CCED231EA1B748F093E5726A21A54C91EF95789041030C20FD5AD68613432E19A4D0DA2505B6BD843516E10BB00AF9AC315EE9FDB39CC1F9EA59CD88F9CD071D470C86C4647FDEDDBB1CDAB81DA
311
94034747A779F4CED497CFF817348F69F52E55490840E48840BA72DB71F3E84F6DA2F4717AA928F153DA6E4C7E8E00363CEC9A2E1C8E65F298FC4A52F087FCDEE5CBA38A80CBE11FF7BC2AFF249203FFAB77A128A001B1987BD334AD9B901890A8C2005B6B248196AD09C0025ED841325B31845032E327C531C839E66DBAB3
311
9566B631C2FF0A1DA5A3CC47E665AD8751B47CFE33899DF047C9F3C365E3B11278D49DF939298E09002F6430F9958803309827A7C791048CA070061B7E9A64C557D235F83EE24822E5EAB805F9862F20FC58F483DC0EF02181F572930205107E00E523861895A2811309808F2B6C14B2AA579E893753C155D2F54302007E9F
311
F36AC5FEDBCAD47E182D91A73920CFA5C18E01F8FFF4C3F1FF553BCAD0E58DEF85DD63B91BE38ECE1A9FFC4AD4A1FBA30D462C328C5A0340DFD393D3D3D3C0659195C96990F391EFF4175213BC74C020922D4830FE215E76940962BC0713A3B82784C0CB6623DC40D6E1485BAD454F6892200B225096127FBD82D2B12006BA
311
E2E329C771E25FEBC0DAB3B5395289D56D7A8A89081B34EE06F80F819EFE75C67DEEE95D227E283FE98A7B9F1C97D2D05B4D07A469153C3DA3048EA68FA667A6D90E291C7D7E2D063E4D044964D055F2DBF3E31BB851AE9F78A0A7314F0AD24901F581D74A6929142039C65AF5830D1C809536CDC05E4BA51038F79D713DA9
311
30CF18BA3010E385351CF47F74D439BCBC793556A1F99814926AF12835E251C59BEA3C083EC2B2760FEBDF4304C9EB87B35769E1EB24B648542CFA4EBA9EF93CD42F03C08F249A2C98897D8E2225E90077823F4A52171A61219998CED6FA050992B6B0A74A2220ED12123004FB977084208F8E2AFC80F456CB110BCA647A3A
311
0F854085D84FE0052BE31FFE7F925610BAFEC06FC33F9931BF063F39DB3D1BB20EE357F594045F4226131578582CB055A59A073AE0413989D215019B6EB8A21CF154D71164E0D8F4E730C2CD382D098DA5261456A425643686BC8301710F2C50665881399156AA2B4C3191BC555728384800CE10040F746A3D8A80A5F0E500
311
A93456FEC52833BBB45203DACCA37FE1D3EE4B9BF0EC27ED47D89B8266F11EA2DB8B5A8BB93EAEDF0C06B7AD0402B9EAC6E787365535AF19F15158308A9D9785C1BC1C01377F8C6B4D07B50DAD25649764A91DC9812C7B34CA98184084F7C01055466B48058CD44085AF26648520C85C41C67805462D8425680425559F4440
311
F3ABBE1F3F81B1EC72708767DDC8FFB6465796C8FE310FEABE0C9B242A74137EC3E0427091967023299BE5D6D4D0C6D15747DC2AEA4ECC57C72856E827D33CBD319D70FF854369EB841282F84B7CA4881447ACFCB257E252E00FBB3272120A75B99119840858486615636E0E0334031AAA8C08A62E080053A0AAA4158431EC
311
727A084021D41CF5D630C94184F6FE7432E8F5F9A4FCDF3EA7CF136FC2988093F98ED622E38E4976E1BF0CF49D2889E6DF3566719FE1F9B47A2D3BF89C69155DCF24F88C609EE551160F0415900B4C48FB013D8900A9192A700748002924771A3686A0A580FE4009E00ACC090253E280B90AC15048E047020483A038A60ED2
311
32831F2CC90498648690D960C48E439F18F4DDBEB0B6F5AC7B7B89F6230243B4FA160A7B9327F3AD5D937C8BFFE5FF8B3A5E64283BEF8EAB9F71159514CFED62DBC880614AA1F7994CCFAE7D8C87057F451733699B8DF87056E1F0654B5021E38097E4E23221B810DE20559AD183A61C2C88A648DB096081E9801CA00BC1DA
311
0124E08DAAC15FD2936905CA8DA1C40E42B13F1764E0C4015EAD7F8BFEC99A310B1B7C0BCC7746D3C0702759C89EAD57122092122D1F857067684A578F1DAB7EAC400841F493A468113282FFE42316CC74C756B1C880FE78795C692813CF4644480EE9B02991BCA257A71861F00666D9410288487618D120D0E80D7773E2B7
311
DD180E100EC98B221C94BFC4FF531A09B986230F1CD08378A8E4D0FDD7D9B1BC75F5C12EAD7FF83F3ED19EB018620303C217A6A35D826E72ABF2D8E2BB1B783F6E48D2E3F360806E1D192085D022103473A10375B63853EC54F500B5B064DBC20945B88160DCF7E4F83A0200BF6FAEAC88E9F54D22D898E43F378D20B51B5D
311
6B1457000922202800DD401A9266483029C0D6D57ED80D42A0E6E08835F0F3AC73D7FAE6D56185F04FC44472B854EB7D9CBF7134DF3DDC35A9F6B38417DD6F508B37C1A718B0D054124176F7222F62DFB327F34D451799D56216880193254FF782D7DDE26C271BF38C6E422E271CE4AB8823C9510F021126A7A944E00DB403
311
1D013C88EA0746C96D4574069BD5439C4110403B40020C30B07A604F1E41D19C21A93FD9002DFC35F23B1E7B98E95E38387E3603FE7393680410D702FF9ED5A3C5E5CE68B5827D721FA78F3A9A0C08A79722D9C9B418F46C0057BB1640C70AA4A03D29CECF33987596D53CFB27B32C3BE304C540E14BF8464E080918268D25
311
4838C91A01F0FFB99154FD8A9C0495EAA6534A6C464440B4A71E16100E7405088122A35F7A511DC003D002E6C8E7E15F6D1D2FD09014139EC11FDC89394621F77B9F88EB5A583C41E2FEDBC8F82334494C0BFA97FF3C3A34ADE60385B60E5A30CF036E5E75370BE3B83AE73B3B7DC0BB337DA0045299ED0C66681E4AE223D0
311
1B1BC3BD4C921E2005FEB5114739040758189BA8A320067B62A3995E4720055065AC2B4A8006BF8CFCC907C0063EACE41813C5F017065AD46CFDC6FF1BFEE052932CA3478C8E5A6F25DC8503D40F61FC1B047E4DFFE8E84407C81F1AC7B5C79DA358551CD0D13785A9AEB38D6EB68A0A8087FC6543E7471082873CDCE5CBEA
311
1EFC5CC0579469E225428E9A43D6A6000B4219DE52E8DF00A55F4BF5035960661C2DB88AC1F67C2890A93FC420193C8326409E7B595FBBBA9AE1D1511B3F6D65B09AC10A71C2317201A603E88C56CC68C91279E83F5C147787EFE6C675F00941D23EF092920330982DF38C65EDFCA89DA98E8ADDECCD77CB86D85118F3DD98
311
84820B1128010D02F1060F582871CC8FF42024C02239273A1CC3BF71E770DFB7E96081682803188118B50310BD620234F230B12711B063E0F0490FCDA9248B580D3D3DE944A30CFCF2A1E0F6E59E8FBEA289CCCC943785BB8880ADA9C2FD70F6A13F5418444E3A669273C006C4B4EEEC067827539FFBEA9CFF04D84E7F1704
311
80037005AAC8829084329899F90B5E013927F8E646514B4824B01D11F72C012CEACD163B6358A4454A4221D06E68A71062520649BF9E9127D0772D6E5EADED52FF216BC2FC513C7D3C5CC4C8AF009811826AE20203B076A2AA66D8D32E317DEE0EFC000FCE16D9E0BEB17C74AB009256C5D8AD1CBABBDA61402612C675FBD7
311
2D07E633B1A42F2421208CE01397560811204306617A5141706105C9F4984C459F2D0F6C392FA05BED808512B0B9A8A9FC6CED89640EA347D31F0DF76D3D9E61E800FE9F7601BE4C9614A1C58E6C839F13A12D0EB426DE6386B82369A9E6A7F1F9146EB578A2EF4289AA109B4F6CEFEC0463E0072A05CC9DEDEDFE08407B17
311
3B8AA65399C80B2911252E6290C82CC1B8909140C11B7AE161B42B93905045D017E00CED6D27AAA15F2C2179F1E83D411A7020B9408D202381E7E5DEE5A9E7E5CDE3B186433F488AC81554BEC09BC579018ADD1DCB3D9D70F02B14BF9159A4DA376225FE43DA224FED327941705DA582B2FD1BB5DC0540667B650BECDD1D5D
311
DFB0C7F36DEE2B94F6EE2EE4E426F20A1174C31DF153321A24114C4FFF25E505475F6906D4149B21F1BD9D9DF7B059F8E0FD83323CB97991FE80EE131A9003B81C491B218B1D42C0C0D593D9D548003839DC29A740298B0C23F0CE14BB167BD61989AEF0B985C8FAC8F923A73F31953989F0F6C96CA6C4D0A9A88184BEDBBB
311
DA3BBADE77CD8E2FFEDEEF46184A86671D7DDC51417477BE9F04804F305AC82C2D018A21EA903866A0F959FBD4139916D036635EE03DDB7408BCF0627A03027AD314C09B0A27F0A79490D53839D0DAF1416995CAB24101FA63F75029D57A4CBBA9FB4D120ADB17FB5A999FC9420DFE04FA670430B90FE7F589F7FE8D50A4B5
311
F004CE5F07EB4EA007F8AEAE8E8EF7DB3BE2F81F42166C7246FA9E62D02C8209BA1024414C483498B50229FD923F2414040B2081390AAC353B5283EADA12A30B1080866D746B9ABF5BC107F33C2A015B275480759334B83AB02175EFD0DEC785DFC505E0064F4EBA5A97073A74C5C9FEC97BD25D819E28AEE661FD2732B8BB
311
FB1BF13441B3C1F45E8AC1752BBF80C113DE960E0AC7D9D02C58C80505A19BA0E84B14402601A590A4AE00A825E98C3212342302EE10FC5100681F86834A2804BC409D70270A2091DCE874B16BE0706C974EB3D26EFEDFFCA6C4579AA4DB781708469F055532A7046C6BEB0CF39F3ED2EC4FBCA3D00EA91CA68FD2B87B5C19
311
1E0EB2C300F00A1C9881F263571C6CFD83D079D09F176FAD839340CF030F70458F81F09AEE1329505150CA0A00576B56C06D58070B23086F685E44232D9D53DE3FC3731044F286D19F459351863F749F1104198D6E14BBC68E17CAE70D7AFD958E350BEBBC70C9C4DFBA075240DA27D40AD7DB063A097DD3F041EDB3E4B682
311
A7A12A548F3393DB01945547175879989302521EEB1431B08759B632B174E0F700E774FCA1BB83F95029ED1A084288C8893520E49415E00DA080AE8027C34206D35491D050A4C6B080F6A20889A2FF82379AB6234F6710C05F9080ADF002B9C9F9C583AB220F45D618D7E7F7547FB27CED8A8B7A7D24EDA4988B0C1C2A1AFB
311
53FDC61BF3DE50D63C560F0120B0372F0839DDDAF13E583B868717C1CB8CC71D1D7F440CC82184803144196EFD58BBE00B7EE77DE8C015942357FB06FC906A5E2B8882CCF9FFE184B0035A5CF186A962A63F84B3AAEE3D5A2C830008807568B6A9F424086D2095A3E262DBF124350082C4B5DF4704A9D2C93553DE47BD6766
311
B69349610716999FA25854F759CA9792599D3837ACF6247CE8597B0F960FA3EC45B61715050260C5844FCCFEC9666BC71F875B17E3BCB4CB151405D7D08F846B4CB952248B4603CC402B609E90F0044A007FA800EC46D07A51232B00E5683C55D5096E1374DA4FCBBDE2C25A5B8D26008227CA7758033D7D70DF12CAF7F247
311
939F93F1CC63047D63ADA0B7CC8771B234D8095FCDB577B586D1834062035670E204B245EC093FCBE15626C10D210CB38A13F50E10A0D5C0814B0C4B30AA9858516001669002229618F100767AA3D6D2528595FE7A398C2D2300ED0013A0AE60B91644A057327BD3C36BEBF48C91279B45F8BD145494674AFB211A91977CB8
311
38DF35DCB3D6D6AA2FB2784B591ED785DFD7DB77747DAC9D2F7674810EFC2895F9ED8007EC7885101679C06F21E4B1C8A6120956F80518D1DAF1717BEBFB5803E20C6F2A11B2E48AFF4AD2810A70054623E341B3D1ACD92DA91150DE631EEB2C28882D092049C0DD38E262A7BD6F98549930C9D44B7C37028AEA9F8C5628A2
311
BEF5704C0DCB2B428181B1BE766F43014498D2E57791E4C8DA6BD2ABF5003F0C40202E2E32EDFB02852D16C30B7F646B98FDF86C7891690043128B0A0DE6B4EA27F08C30CA34C9D0AA0852A5997F8D11A6EE84E040B20472020256F4AFEBBB74E6705A12083B249089218E6452C8E5A69717E904A3F5EF3D5D08EC1F4D4E85
311
086B238CFFC11AB9AE972CB775616C6D1DE04DDF073B4DE3747C41FBAE6072901CAD0237100670C5A00C2C3CE063610ED824826C1F6650700E88C00B62468903A0D71D3A390255AD7040048348C56C4647413C2C2561216E0C469203EF06A5B101AD40D0E207F78B124747DB5B4BBB4E88B1C373C114E0470B345156EDDBCE
311
1B4DBDF81DBC400746B0B54E05F693707B89A5E430982C2AC7D10DFF11D5B102B9505034B35D07E8E5F585757F088B390F2D4C85CF7218E8418BB4F25B885053D07D5A908326809F31D6CC6B77CC948413B28664484439D118DBAC27DB5AC40C1AD166F25E6A2F0AE82100C0BF220405323E1FF80DFC518CACA8DE1003F3C9
311
FAE9C7B2D60703A0004F8EAEAD2DE0F5485452D15B77B4B67F4C2403B8D8F9C533558ADE058A9E177A1698F75DC0EB4C800F74C0270178C8579C1FACD025F0560844502D2BBC01E620030CB93636C1041636A693949CD80139FD15BE107F905590A292840F8860706D07E2970A2F15E5B13B87C3143CB2930374CC46A6F9B9
311
D7A5CCCC14E11B9E879A49FBE27ADBD6DA82410FBB94FAA8487D61B51F4BE0A03FD08743C31020D6628ED20305A22C2C2FAFA7ED1E7881C438AA5B9035F20759E243C51F34D0D5F02F11403B9E204CC1686C0B6C9000470561519CBE1B0E4FBEAB37A39EE4B84C05F023858779341991F36D9D9F351E7BB3B5ADF00148D9D0
311
5784F9AD8B037D48C01BFA83D4247F03BB768BEEF973A14E610090D4B96B1EEC5C5E66928F28EBEB6CF578B067DD83086081579848E60DFC7684044D8174993C39F886043481F6A2B743B18749E52447CD4D230513032D20D20206E536E15BCF7B7D211634F98FF9986287F33F9A94615A5A0A7CACF8DF5DCC1AC6EF9AF194
311
5EB78E0A2FED1DA2ACC00EF983F9A012260BD722EF61C9DBCDD8719703ECF839029010CA0B9F100B1D2842153E01A1A3837AB579516A31982FD2908A09100DAE591016CBCD4B011A2F4DE299E1338CE065DC4841BF9895D8C81714800CD08F5AD39601BC929B55D291F6CDCEF2AB40DD5D98F4E6F107C47AEE4A09A079C053
311
16F479DAF4C2BAB83221BCC0CE23FE3D3D4C7BC9AB673D89A3677D6020F6E182332028012FA0FBE0B2668FB85485902A8E7FA0BA2105C213E20BC2169211A4BABA7D693C3F1DA961F203694853137073AD5CD25F1C017DE0477626D7BA55B88F83B5EE513C41D814639FD1BF759171F4577D3CAB0C3DFF68B2D3B1F8478C18
311
F67BEBB2598FA76A4545E9E961BACF657E0791D2373030E0EC9FAEDD17BEA7703A738185D08236C407448A4CB504CBF01FF43859D3115488EA01B55078000DF085911805790DE1B41B6F8CB2889C3834FE02AFE07D85143C6C008438A944EA63E047023A7EF37E13B0903AFEA7BBAB9579330FAFDAACD540022980B65A75FB
311
A17D388F1E6576405CCE7032D95BDA420E7DC0EFA320879E5F8B3B04C1D2D9C1114210C19FCC49DC6A855E12010184DB8968109ED016E4683CD552A36B3AFA13BFC2114068935A7E774CD2C7225642B73325938052D8634ABC18DC9442BF9E0402E85B42F9F3273672DA8E8F1070405D1DC3248487574CD98092B8B956E6AF
311
E1566530B78FAE05B4A0DE51FBAF85DD075C7E11939F80E015A58D1F87E400CFFD2306C4D1D3C634380A201545A92BE01F445800BE12302AB477BD6F62600D211232EB061448A0D2B877BB940D63D059C37E0569A83DE93E214F4BD86209FF6F479C640AFF8AF6D1BFD987D029A94DB7C329B4184D4BB013BF912FB88FEEF9
311
13071A8D82B651BC10DB067A7EC52FE1B421883144C00F64FA23A11CF708BF16CA59F18D4C04B8085964B2D8DA4A855187000BE440BC816FFB13374640B0EB1D0998AF38A1AEF503F14302E2811081FC12EA6CD38A63B33035125F40F170C0B0AA45E9FCA38FC6D688D48563B5C4B4B7C359D3C7AE0EFB16ACD5E2FAA47EF8
311
307044B4EBE1C71E84E742D81431FB06B90B600B9C239E277A57C94C427EE10E7826980C0136600D916A06058CBE8604DB4D314FBC014EDAACD0820F14BF75449B70339490FE5A0491221BF95F949DF1235380E969AABDBE2D32EB4403D3FDF17F42F9A0A7C28ED75BE86BDB7C7EC80C76F86B8800F77B305EB88F00A4352E
311
0F8089EF811EA02A3DF08F7DA008F803BE4B4EF5F41E56087099E920708C3D720916444440FDFA013D4E1201414123A09290F5BD7AB729298209C4306D007BB0829FD4EC3A6D7E4F00B67DF38CA0764F832F0448E58439B952CB4F70DF964AFA74CCFDBABBDF273E2FF4F56D3DBFF2A78D42FFF2755DF307066497F44062AA
311
DFC0CC546F6DCCFECECFA232E14F408F05477D311B683A35BC245FCF8A5CD2AF20022C21022266905A5BCC8B20235D6FF04019CC04058AC80023662E25F342063165956320BE50370F2A657BACC817DDA3DDD3EFE04028645780A768FE38DBA88BF2EF3ADADFC7FEACA952E5A77568ECF0C971DF32BF1D24F8486B22A649EC
311
81B1B60315CBEFC026091CA45F858D7D04C1B437079431E63E38F880758842E780A9E03791C0FAAFE10012588C3C592FE35461A6047802BA18686887023A422A49599399893103942CF6DA53A8E387825FA0678B261F139F801E2B17C901D0F5217E07AC2401A87D0480F753FBED44FE949C93A1D042B879FCE499B3D861AE
311
B23F9C1F372F0C24D0B7D6E70FE1AAF60F84BAE642D82F0A9F53E22783915518494FDBC0AFAE7DA282E5050B703570E06319A015E00D693A6BEFFAE493941C3B08C13B96BD20D0115A9565701DC58568A3009DA13E965765C03091F0FF339F7309D44F6E61F837F1B1FF920450EB8FC48F9B40158BE89C81A597CFB0DAF5F5
311
755D3886DC13D4479599B583758CBF35663AA234F133F91D3BCCFCE0A794367F385C59B19431780F1C099131384056616E15A1563B50021D369C593FB292685A68A8B2A50A0A2085CF05434617E05FC24A6B077B990014421A68401AC4D65788EE25F737EB780D08A6E38F060F2ABD889E1B889C44852C2FF368C1E3E710D7
311
3B6589EA83F7417B341ADA1F639A23D15298F087AD0326410E116C3A1B325218433C71AE62C07C1480F1C045629724A076A4BB8D622D24690486727F56108D07046DAB065000678E04C4F8C342DE27F4AC102D854F2D08D59B4ED0E4F697B0FF62F113646BC5B7F3131D4EA8BF8B265EA3F2026E7061B96F6DF3D993276B21
311
80B8E57067587428579460551049049B074CF8B1066C7E14C705F0B39298C0997C17F701097023BAC31081390196801FB0C2A12380042927503D5A01CA127F9841B460310639C674BC8CDF1A320501448E0068905B07F6E5602F8C1F07786253438CEC51AE61FDB25FF71B09893AC026A9EAE3F30F369F5D5EAEA5801FBAD3
311
C98B38C13EE017B054F81A56F05259DBDA64FE270B1FC4C77200FE276FE814B916E222575ED717A62A92956504605268408CFE13FD61F84252228376060206802B9550F00B9D47E6AF1022538A752CF4FFF1F5931384A9FF8700EDD4FFA2B93FCBFABB3EA6C607FF714B0B8B04EBBE83B52B246092AB018C0D0002FC490849
311
F1E214AE6FC42009D6D86616C835B65DB9862EFC4480C14137603C3089D0A5588FA27E693DD184131BA4E88C35045ACEF1CDE1A82323C20B842F2419604821196EE8185BC834AD44F8E9B7549A32900196E9ECBBE20FFB4706861AACADBBFD9B56A23FFD3AB8BFACC18B1B5AC0ECD7B6AE2E2E9CCD2BE8AF1B1BC3A813B941
311
07E82DE67A42E7CC7D4A6116700B5B2EE3C338A09B840F07C40A64800D7C605AC42B72227C4C7020AB1F20056E26F542717F56534261DE3766AC10A6ED2D006DD03BA9DBA507AE0510A8B385C92363B9154167F1230C40D76AF6F3BE0CA08F8BA2FFBBCEFB09D0986550E0F0EAE2F2780CDF850CB0F88CFC2815FE87BD8390
311
9F474F45DD47F1C821DB2107A8817FD45384F57891B65F2543D0C1E20A89B4A8DF806862AC27C60F6A054627FD344250718AC0FA21CDC4E28DBF2650D1B39D8B8A420C348A4F846E2BE824BF8C45E1DB8EEB52F576F47A75FF95F90FCE0FD3A7A08D48D5B9AFBE3EA658E1676FE3372FB57F0AD8D70ED4AEBA3D4C2BE0AAF1
311
C3AD63A6004D12900CFC481A47430C9EACB390038642C8C41B13303166614210592736B8603AD4FAB17189DBB32F3915F0C380795A089A15228460BDE8E52203527D41B5470901B088D84FF8B3FE2BA7F4FD30ACAB3DE0B7E2FF95807AB0010FFDE3A048F7360F9F3FB9380EE537F16F8673131325D3351A3F664022020811
311
A0FE8C019CA17370725CBFF64132025DA1BE2555102212E80A907FB43ED80A991A8AAC183932C19AE17524B06590B6AD286EB99BAD18FF4BD64BAB519202F992A963648ED30E7521F909F090C0213E367A77D8836BEB6F34D92EDA624183070248351F1A079E5D3E7A9EE81F2CE6678F92E299EE312B6C0572C0A7B5EEE078
311
53612403813152C7125E2022A20C18F855DBAFA399817FC97FB6E1CDCA31D348434ACD0012F0D32A5456B4007E6E92D72B1A4E9971223A42C1042819E4049C0C5801300C0013FA48F8944FBAE71DAFC27F1826FA2304ECDF3F6C10FF47D5C7E49748DDD687DE8E91C09394EE0682A4F84CFD6067EEDF43E67EA46CB2F40701
311
60439245F00343D03BF25D7E2F26FC400A896DBF19FB8D4D0A66DA669C3D608F9CD048A0533621B25690EE19D5D15248E390F042B12C682511B02BFE3E5700E4C9A9B2107A8F45248FA48234FD23005ED1F4EFE80D1320836F04003BF42856D478D1DCA3ABEEE3C68F9F30C3A16E5C238EA5DE3FF37DACC2F8B7980033F47F
311
AC34421EF0418A045394802CE032D61C70023D788136788613887C0011A4EA316E005718AE191F8D0D841B9C679CD2FC478442D005429166F5A24403B1E6ACF3298F388B6D0BA933D92339D48969A5C11F09B4FF017A9900A4F887010C474717E10F36468032FF33F4AD610517777104CD920C3CD15FC5F3B3A0C75BBCA3B0
311
0F2724863C10BCD4A0E00736C7981F2F72E4B001438B99714FCFAF713A2603BC710376A1715FC602022202E06FDEBBC680A3DF1C4C095A12C50B554FE7623B50374FB2129DDEA4C392C9188077658C87F55FF92FFA507FF03FC8DFD3F31BDAB46DD51AEB03F7E1B38B8B87CFF47EA1479C3EBAD5C6B382C221C0F1B358B39D
311
76D9D3142C4A20935F541E492E0EF081BA41B3620A8E172B584EA1485632E22A8221CEDAC6110AFA4B6D43E2B76A18AB240BB24337721C9321D2C033B2D3E2641A55A400A28403C12D1DADE39AD23FC5FC08C47A64DC3FF6DFF76B5235124022D7E6D6D5F3CB870F9F31C96FE477FAFE54100068A3A87FA5908A2C08011CF3
311
1309C10025B089FEF9C510522B8DC07C30AA469841723A10C08E27F00F7FBC181C083F2809EC3B2B328E294AEAD5A071B3A95C81D2DE3F930372D022C9C793535B92FDAD5426E90490C3C81D000017C6494441544698C416520C1C40C71FC204B22448FD9303782FBA67089A1A7D4CE38E89050FEF5F1E078A4DCCFADA0580
311
32C34C1CBC2E1202B1F8962B1A8024F0EB7A11F209E96FB369D4B64202FE7BA230AD24C46413536EAE955B341B726C593B5D4630C0BE822480908522B0D85430230352618DCD4F7BA6D568BF4343801480006658EA3EDCBFFA9702B4FDE9022163C43F9B72B58001A23FCE6F0B3FF0E4E1DDFB9801A6FC42FD0132CC1F2224
311
F89933107AD30B6C9131A53818AE944BE25A70810821C38F098411980E46D108F483DC63F49B91B852351604091D60546702F58A3872A1716411B642C7629C267E64E77719F46B0548FD6BFFFC86A38DBFADFCDF700228C124C8664FAA02BFB1F92B09800876FCE4F2D1C3FB4FD0A44E0106A8DB8079751CBF0BD9340066C3
311
D52BC64706467C05B5A54401BE4A1B0132A55EAC1CCCB10D378A3DFEB9812022327745EF2102886A9142C812A1A2C9708027BB55B7006357459F9C2080E0BC34489FC629510F3017B62D5073E2A2C64048A0A42580E413BA9E08274091A398EA80B5BF31C87BF5ECF8F1C5DDFB4F22AAC181F070AAFDDAE5650C4000516440
311
D8806786D874215149E69ABEC43FF0EFC820FEA112B0522003C84BE03FB76623513B6D840820358B084119B0CEC8C00AE888826339A54091F5FCA513AFE147975BB1A86FC50618D9D74502F0C7C8815AA306602FEE3A5E79E0D7DED1B221001118B73182CD439A092FF801105D1AA14E1918EC282F6260869D55108065988B
311
D67F68E5581720A708051F7C8070F582389C682BE53F2AFD85853F2A013D21564028E06E79B7A71E43212180A81541EBC88F451E02385100491AB0C4A3BC5309A95911E66D04C0B448366988ECD204C2FC930F8CEE8FA410EE4C25B58DD1B6EBAD83F6196670F7DE635282C0A56A851AB035831725F0471A10FE52097089C8
311
0495804100318405F0DFC2136004B4C40705EC9154315129205EC357930035688F61AC02188250CFA9A980233925F16A117A48CA54DAB6400221976B75D863330942E20EE3B00B08FBB71AA813B0E502FD2B023DF70114E0D7DF2E2EEEDE7B789504200112075478F2FBD6897835C91F0C20782401E801A2F9142700B74805
311
703426023A81CC0BE88B537D0003E0C5181D29EB8D83050964DD2580910A1E7A8138F76253DC01DC2F3824391AD748276C0B0CDF12366625D038603D0003E0266CB42704C8CE7FA7F11B4D59C0BF454A78F8FCF1E50513715D469607031272358F04E0003C90107223A581218F10008B10247CD20D860FF0BF48801040B361
311
808148714764028EAC137E871501EFDD97C89B52107FF1235B0928C562530082573CE137840EFEF82A0BDC602736C595912FBEC69E6A3A26903B3A300C5A098A9E3F1810CDFFBA019D97B4E7A7A075850F2E92569BD960CA7B8304995FD006FC4213BB1448A6F4BFBB3A9F9FC4962D0A1369129B10073771FEDA38B1737B66
311
3A71C088D8848027FC3008DAC4E4397A6F76271DFFFCF77D6BD7F1F67DA51E0E08875A6BAFBD6BD7AE52CC04A0B4A2206F650EC412841A48258258E8662C3838FBE21E25172C2A15A4F78D82DCF68A005DCF07047C183E1CE47731BBCCB5469D9169E0D588945BEB637E87802A03D88FB82486210D28FB3B858D13DC7CE75F
311
5E6F3B03C1744D30CC58C7C7A256146853A05243060B850072A7010CA47CFBF9A1E24F414037B8781E8E9F219A774B36481CB43E48A79819D638C8760D672FAC19FB9D3FC5EA9158DBD0159C27860409682E8FF2595652FE189D2CC2D7C023E944158355806FC320087CC74116030CC376C559C098B93A041C5DDA48AF3382
311
7D2327DC761D19C17CC62780D82A170E6CE7415A5E7FE825E053048F88D2AC2A561CA4D4C60098DA28EF1A01382772484698F60C8DD24BF396EA76260542810A625978C03580A9CAB91D10249BE579B0377A3DD15749A45F24C4D81FF3D7D7996F6A1690288008C0FF6CC186DA9D5FC95BB09B1301004B016E707FDFED306A
311
1BE8FA208828F00BF342186839839F1F6FA338DC5A0200FF383DE92614C03A4508DA18F4D85F9354F7E867AA77A42FF49BBE6757A1A7454448D0BFC3C220714FE43A3D8F1547BE10F0BC5A05985AC3C28829A06FE24CD062700601F4AF12AF99099B08E7071DC4626A97C920C3FF96E190C9D1FD7CB6163E800D79E5F3F10A
311
9306C02B799E80F1AB380E0571A584C0370A220C3125000B500900D96FEA40409F980E2083E4EDF4D8D2480AE5667222E020BCDAD4EF19682120818FE18EC7FD6AAD67C03F7DF1955E697456F517AC4F24700C30171C67E9168B109A4F60AFA60F98BE30941BF776DBC7C70792A2FBE98AAA97224F8BEA39B47BFD14A8CD03
311
320DA2B676E3AA397E652E30A42CE2987B7DA1EF7F75242413800A04C0270C62A13372400B435ACD84B8B5009208F5AC73EB149FFF3508E21C2201E0338BE07E50EB47E7FF6D97724A601028C5519073E7978EC88834410450E074DD58AD13A4900103A6444A9CB99103229F0EF8C0C78161EBC68137240734CDCFC3498078
311
51E0EB46CE864D2E405ED341B71A390CF2DE20CF5193189E1901E866D0230409684B193D17E2928534D04240937D3C84477494FC5E0FE0B448E35AFC19007926C1C6A6E622FDB8A12E30993C6710E070397C4B26304C0AE38218D19F01FFB15BAE1C0E7E74DF75F2406E373C414E848FF8E500EFAF3C1029C9C0ADAB2313A7
311
426CA9B2C1B9E30032C84EF31A09A88A386F136E8C2F1D582EA0459207015F10F1F001F0B1B7DF7222011EA2001F00BFD36BAEE0850928B08C077030FE3806C880EAA74BCE0863A952812E6008B3A89199C1EE918AF96AF583F1A073B0A355B9D861AF1460DCFB3BFC6B7EFDC834B09700CBED3510E48DC7129041C991F06B
311
A5006CA6B5B34EE21501374E8DFC910042036111EC9C7CFA1C05D48A7270F7F835BF04A4194DA4CF76CEC66718C84CD020D04C412AC848F03E3C61A1C8D50D0EA6838A00376054D3DF61A0E393E1F8B058A6C994093476D601A4A06F0CFD3C0A6BFA910E75CC10400A80FDA93AC9B5EA4303F6C0D188B559086091CC591013
311
7772E14F2376D03181B5CFE74C0EA38440D0AC256D6C4D104CE05302FCC00B60B9CD4D71E08BD40C144A025E60D4C1F45FE846A2105D717EEA84808A5DD90A168E133640311CF05DD870768683F5D2F1800F485AEBE5CABD8FFA3C0BEB33702493AEB551B1EB035EF5C8E5757FA7832141F88E8578A363802B560007AF93D7
311
D470B478C4D00B412D634C9140C4F9275C00DCE8DFE3C7F8C0AFBC5B2CE82E3C3BDF393D4375D50C43CD1C17E3777CD2C170725B7B42B41DF15BFC344DAD089C1E9118522B4A2C60B794E4E8F33081BB7C8CFCEEA0B2015E49D586429C6C78646180B7710E06018A3082243C275F077FBE412C17DE80D3E6B9462C5204C5D9
311
80D1DF84A864401C483CD01B143F4A4868087A0F780F37230200A4FBF6AED325114C367C22512750A5C7C3E32D545CE20A0904183BA10015DCAD89864B3E1EE97EBAE8B204266A48E010511838E2FE413FB116E60880C2D8440AC3880DDA6DF6618C138CF1CB2A09637E18D00F80CB0DC05322E31EADB8081C29410903F06B
311
FCDF5AB46024E4A75828056440503C707856EF0C037623DD4922A400E8A6BD75E4D2800905F18450A00CEE88860C8964C7B3F90F56528BA18F71CFBBBCD2D05797E168FC37DB26DBE0DD2EAEF39686C18440820013C1444055402A541400DD362A0A402F1FE51246404E098249FEE30708C10CA0B54601053159480C00BAA9
311
B1223A773234FE72FD5C3BD81804D8D196FE3D5315A0C981D88D04FA01DFC185CA93F9120E1F480B08063364A0A318F08DF95056E4C91F1150D31B011200383502E079EE43CC18603AE2F88FD139C802A739F208E88D06DC78267C448C27C4113C19B0F51B0E9C1C021CF8F9167C6B1F2E10E461002910105D1042792D1CA3
311
03F469714C018C23D72179E165049C40E801CB96CF334562E5807291D1E0C70FE6CAD91656715F0E5C5E70F8D7F83290549B1BAA6F781D25180EBCA93EC84E72A74081CE3020789B3790E1A9E478E658C099BECFF01E530E80EC5FE31204ACFF70AF8177A03059240CD074978A002A878BF883FEEC81DD684E406CA630ACFD
311
E87292822A11953710F000885D6F68A67ED40CD772B0828359B753F7CE23D9479AB9845771B389D6A77130F8C134EFC83947392029B10E4425440A84AF0E54825228FC1634D369874739C837A9DDC83C20D320C36042610ECDFA750303710224D01202488012CA847424F8D53F78AB6BECE9B3B35A7F32396AC6B744456632
311
7DBB4DF06FD9616744F4D3A397EB3B0A3FBA8D763702883ED742FE5CD24146D8E353ACCF811C806AE09914D8446E93840FF4D6C963FF32BFB6AB015D1D3B0C9A0968776F021F21404B6260CF84A14F35180CE20B5E85BDA2EC91FD5A7DBA7E5705F4F0F97AF26CE18E3BA078138202400A62930FA6CC7882F911A92F33E547
311
E64990B0F27323D73B6222863F86425153FA8009361C675554C25382CE148420C8DCC47A20122806CA178A0918C14CBD33440289078A00EC6070184CA9907FD0A1270478E0B325B67C2193694EDB7DD0F3C238447C8A11485562FB4902134E6AC952FD5320A4F7C780882DA9684285CD81D278C0E8FF8DEC9F45D22DC3C2CA
311
99C2728110888799575B6834BF22B0F01EDE72D7F21B672C40F0A972999E2200B7C91403F9BB3D09C01990819238CBAE5E7510D7D57450507E3DB04AAA0A3C280064E0775380C8C16EEA4834346A04BF0CE847B4B3AF760D06D24BBB267C32E2C9257DE5EB748AD101AF1FD33265E2B674EED8C01A0AC901392211011AC810
311
560F77778E85B13BAFE3E25C95B70919A4862C15928BD8989664AD8638101D009A80F00BDC41AF27602A4BDA0C077E550048E7F1011410F01405045E1C140B4D0E70E0F6E034171C3D6FD12004FCC1FA304312518910356628A4A326EC9ADF5DFFD1B2C0399503F14B4F8E3E0E4E39A06ABCB56A8014687E86E462BDDE5124
311
615ECDB412B7314F62E6E0C76ADEC0F717B360E741960104CF1706CFA18E0605004B01AE007869B095ED92144A807841EFF2811C047889A04901C809062057192688C92346F97F279449F89B113500BAD282D1DA80A55C27EFFE02C8D4F395003F285B617BBF0831F49B055342DDDD414378E8888E92C16789F269A27C9A22
311
1FAA4A0DFDDB9F935B2ECC04DC51481558A69301E0460B02665AC4DD30C03D480866C3409400051811876014C0F294C542821AB045011A3E3F09001FF304E3A0BED05CC11A811B865001769507FC01ADC611F400CF68C7B093606E30F3C7E0F00C1D10C31951C1E2D7252181DA00345842A19130715C736EC9ECE686A712FD
311
B31E4D3E50AB336E5666D7B212C0113C4A4406029709B43D0228F3FBAF49921B19CA0C82A2D5BC4A2079809240F37D3E10F9637607C3983F0458508A98B8B4EFC92AC13530180CF55359500080061DF59B98BB3FEACEE881DC8127F182A885A86FB12B43C590A4380504E32305E3148BBEEB2D2782029765428092545BA5C2
311
C681FC5F8E869C0EE1034A822FF09A12C94084505AA868080303473F8161F7AA0A6610745E280BE4427FB770106F8800EADABA19F453210435BDB2348471B13B65F2FCB554827632C4C44467333E4127095D22092ED492009930413251B5408345065065E415266E20279A40B3F520370BE2050C8360E6BB4601C1673B9BFE
311
007EF5200B6483CD195400A783E6DEA0653515B0FCE8E86D1618FC1EFC15C2E727F24F2A2DAB57326D8D0877D4E298894E7A0C3C7D9CE8A0E2D17AA2020FA1097D6372F2A9F955060FDD467AD0426368C24A8340FD0D6687A76316DEF5179ED9042005A2BF02A5DD810A4DEFA4A8F700EFC50FF4FB8C06410F0303C106ADF8
311
852ACC6A2CA9046E9ED070739339857222CC009E206479886EA26227BF7A341A15C351A8404A6C10080A2140FA4B4E8D9B9A11645899332363FD69887F436A660566964250FD752E787B64BCF8E6C8190DF8EA0C854C062D8A5A1346F810414313E606ECA0AC3A01D6928544029D5F42E202C0CB386F880F7842A31287061F
311
32F3CBE09F2950783394F2F2B23D85386C6F51943E99DD10C8A0000BA9569A14805693274BD0E4F4DC3F28E331EEA91C4F33ABE057889BFB92819187840A08E57A276A8BFCB75B0342668C70C565C8059996D209C2800941A21FB82B2F520BC2E6FE6F1A8827043DE17000DACC8193E78BBB8DF1467978C06F6AFE986123E3
311
A95272CAC122046F4C65C4B88FED2F1CD1D918F7CDBF8903BF1A90057D42F4DC133AF804ACBB58446A0DB78806FC053FA1E45D0AF1112613CC0DD976C5E70AD3282F42725C0D02AC8588DE451B1C01ABF063E7748A3882F0DD484BB78D037F9812240EB88B6034C0AD53E5116D4C6D920C6A89F084E6D0598AD7EB6930CC7B
311
293E27A666E5CDFE9A3FA52FEB3C97976FDAAE9A60008FCA6B33099CF9880D35D419FC687D424378E3099441E110C5B3C6DC311E6653514A67A530D863326C4D8430E0C28024803B5B069B0E60C10EDB6DF087034171DF01F1F3404B27B1056D8C0E56E7CA6056E7798147BE4C2F01CED5987E413AC6A724876DE3F599E060
311
1CE7B9CEF3BEB3671E12DCE8AF9631B8031D3F360B6955DC2342B2A0E4632A00264C0DA002220CFEC3E10D9BADC8904D88DC51928593AA16C91DF6FFF82B3234404C7214D0F8608E0052283EFB2B0563F1D072936C4017706010BCF1B16CDE0C1FA9C777E44E1F5259B0C9BBC8794A82A6C182A3AF56B16921405351FDDC91
311
B5BAAA617860E8D76C97C377FE701A4EB4378FA97C2C8E3CC8950886C6FD93AF70A1F5F676B7ED16CBC56AF5D09110EEB8607CC08A795882358280DDB98AFFE7087C6EB593D62F041CDB4018935238E73F1098100D0C8769818F777057F64C703C6530E142FDF5C837AE1CF66C94C4887D3A3726AB990DEA248F73B5D32C8E
311
04F6714B1E67C53FC52040252E605B322407CBF8C7F05453462A295ABF4D95592DDD76AC23512E9A2DF964715C80DD752CA8E263AC36F02C3C28A133EB22AC8D099BDEFDE28C3E8FFEE3815D5D00C17C00511058354D62443C1A546280E43572A9C661A34FA5891F8E7570608C8DF21DF51DF9D2A84D4501F41B8CD4F4C9DE
311
B2F901E810C0E4CEB6EC08DFB06341C864CF8D0EEE779A606545E1E64AAF30A4324C20FDD3BD558BD966BA994FA915CD162B1978642AD01694E533EC190368A68234657085B5F88E27A0805E04B8BB6A00A51646EE3C10A50FF007FF410F1963CA69BE2002F0F902E701AEC995FD41F83A3F0C3809A3288A083003A6CC2A20
311
E6D703EE48E3777AC07ADD51EB6101603A9FCF17B3D5928F6D742EE7E4CF38AE2B03C5FB39C81D7B2978FAFE85AF3D2710B0582C970F0FEB0E4D1103B8BE2B4D560CA10002FC8F334C891C07B44FE06B2E3ACE5E1E2D1FC32203110ABF9CA0E8381F68EC3C06701328E5A38278A5FCD944CEA5283DA933DF2A2448BD23F1C5
311
D8BE04CC2DC3B43B3EEC29F8B5FF926D11D3E97EBF7FA1BD1E5E5F5FE6D3D972F548547783146ECD84873F377C5820F7F9FCE5E07378D6CBCB7E036DF7F7104079A05B77C6942D1BA95D47424BFC3DB6411009A42E207871B7EE9B06614BBD20F22F7523FB985F3F7068E37600273A3ED0C1CCC380F6EC4AF01CC1CF95E484
311
8B7BF950AD14C44F10460221E02D21D01DAE800F323704C00035DFE97CB37F797D3D1C0E4FBF35EE1E5E9E0E879FBF3DF6F474780A01FB3DAF01FE0C0798218007C2090A3008BA7682A338F4A8804A06CBFE6A80CEC766F49853F15B2F45FCEA3F8250012841315016E75E797EFEEC4ACA6C79F515CF1738F7C36E24060710
311
51043817C9E8C5888D49D0332E800062FF54FA562BF7446CC0BFDFBF8603D1FEFCC9F7FFB5A7F000430755C2D3F72F2D02A022820897ABDD44594475BDCCA4A10AF34C06B08B4AB58BBFAE30999DC66C7CE903A83CF8EB006EEEAA063430F84B05F0ECF644825F5E95073870E72A0771AB89B080022A0C5A9FAF34C8928625
311
7FB7BEA000EC65B59750C68E0815B0D9834B15606328F80709DE09018AC2A7817F83F96DB3D562C10A0A31300230CD4200B87F85808BAF64D04600254047F9C14DE93464009E7F5AABB4FDD6D55142A2C0BF1541FCE19C20C899BF4F76AB54B84CB97F88F48ECC029FD253F0C70DF4816B9AC94BCBD653B1A283C4001A0337
311
955E4AFED3FB790B6B1F5EA0B5514074103A38D84280EE0F5F9BE974EAB2D16AB1EA969684B6E4166CA28264B300474C7308D20013B204A65F82970718D05678B3315D442E1C0A327E2F56556040C005D2FAB1326A68A07507C9E46A3648555A7080F5F50219A00E6222E3E0862CE95B5680930530742F1D041805E69B7881
311
61F015944D041182B861A2C17F3AF01CF5BFDF6C343F9171F5B004BF59C016719164B888EA206A02AD05E8464D06B48E4381A0E9345FD171625AC22198F57C003BEA5510F81FF78D31C9B033D0030000000049454E44AE426082504B0304140006080800ED7D565928BB58AF800100009E0500003D00000036323344323244
311
432D324343382D343638352D383139352D4635393242423643444136332F536368656D61732F436F6D6D6F6E536368656D612E786D6CBD544D4FC23018BEFB2B96DE15493C78601010A34B880709DEDFB52FD0D8B54BD70DF6EFED3AC0B12E6442E2716BFB3CEFF3D18E26FB440405EA8C2B1992E1C323095052C5B8DC8424
311
37EBFB673219DF8DA659866649B798C078B48AE6410122242F2A4994AC7F93815DF85C049C8564CA0A901499DD886B2EB9B1E02448F358701A9235880C49A0119892A20C89D1B9FD768815CAD268CB5E0355B40B1E47F3E37A2020464BED06AA57CE8FCC20C3C3446D46761A2632A8C1283D07031EFF2AE7CCB1BFEEE916E4
311
06DFAC8E36FFD99A9D60A6944090EEDC3B670C7DC13DE86B6B2C5C240D6E503BB85ACD579D513F1B9F9A69DC9CC22AFA80C426D40AF0B21EA168559156B6276F0F726A6BFF04DCD513A87A62CAD41FB24FCB2858B3952E3D852084DA25B9303C15687973CC8E8AAE11DF2836C38C6A9E765E8C1BA1BFB1DC29CDFE518C8B5A
311
7655A4ED7E77291ABEB80DBD82EC866ADE1B8D05AF9E35CF09D7A061F38A986D9EC412B8F0F65E5D81534D9B231D1E5A8FE577A241F3A5FD01504B0304140006080800ED7D5659670136ADA9040000B41400003E00000036323344323244432D324343382D343638352D383139352D4635393242423643444136332F536368
311
656D61732F47656E65726963536368656D612E786D6CDD586D6FE3360CFEBE5F21F87BD3245B0E2D90F4905CD12E1F8A0CCDF5BE0A8AAC24DAE417C872DAECD78FD48BE3D44EE3B5C3E16E010EE75A34C5877C48911A7F7E4914D9095DC82C9D44835E3F2222E5592CD3CD242ACDFAE22AFA7CF3CB785A14C22CF95624EC66
311
FC34BF253BA626D1BD488596DCBD8F2E6FC6335608B7F428D258E807664080A98384D9E75E22F16B2CCF05D32CE502359492C878124DE31DBE89612BB196A934605E44F272A5249F446BA60A11112D589CA56A3F898C2EE16F6B136C595C7AC3C2FF076D3D808BDBC824572211A961A8D96E393F7AF5806BEA91EDDFB1ABFB
311
769EB08DE8BCDFE27EF98E9DE0ABCE3BFCA1C54E8AE777ECE2BFFC92A94C87EDE6A9111BA1ADE75C74BF391275D33FAAC5FABF89F1D33C9836CB3225980B2A479BE96A4FB3D59F821BCF11CF1FC55602586C7191D99E2C9C0CF2B8A662E3484E59466361985485D7E248E7953C01F19DA23B9D256461B6E09C40FF02D1DEA9
311
8C19EBAFBA4659184B7D47DEDF22E2F53DB017721B164F5B845961697F0C699AAC2410982C385725A6361A500F59CD848221F103A8C1A7CA84A55F407794695C905C688E69B111550ACA946B9B4785FC1BDE0E229240B62665328986D5B32C400CEDD88188F35AC25EBCD40836F47F35E5C0EA4B6F767B50568CFFB5665C50
311
5E2AD5EA8A9997205F50A2350EAB32C9294B0024108429953DF32C4D812E226658F78A490408362A94987E6F787DFCBBBABAAEDC36758ADEE9B58B41BF0F35D87BB1E991E02BF0B513748E6C0AA2EB2CE56EC68E97585643D82DE284E51DE03E4E22B00738761F1E66E1616A03EE093B0327B6BB9797262B0DCD72C6A5817A
311
DAC1C3C0A3909CF6639B404D18B15CAF4B3C09CEAA4414BD5F0723F059ED37048E7A64271711EDC9C5230F58FBDA5DE00DA512CF04BA6671A0D201A83D2EC81D2EB552C7E5CD1BF9D6913567B2CD53A659AC362A2B200B440195E2ACBBD167A32A86F7874F7F00686DB55D163481DADE5E417E979BAD827FC6B2B0AD8A6AB1
311
567038E466EB4B10C4C2F3F71196A09260938125FDAB8662456EAD68AB2F7C1DFF709C874887B76A4355564F017256531BF73D7D754A40E23401DA38EFC907CF8D8E3C1E5E7505D8E432C60BE1EDA01E5166683F169B6EAC6EC046153F66C2BE0679FD3F407982ABFA28F92E0E457501938D96B12090869079360D3F947CA8
311
BBC3D9FCE1ECF3C676C9BE80EB67CABE004FC290F8E26BE6A0371AD6CE66781C408A1FAA8CFFA63DD93A94CD5E1F3BA6A3DFB05B34E1247BB3949E3C332105035203136EA14AE89FF99E3E0B3C4EFE65C581A3A3D2D0EE84EFDB22B49DA31A07059E69B81628A8ED1228B63E42C3D840C3C01F460D1F331FE199821B03F22C
311
CDB6DBF074B49566B12C3B3626074EA1B130B4596BDBFBB642A835954A9509E5769234228129889952870EEE13F494954AD7A27EAD09411BDEEC5B6B6AD752C11509F826EF4007E86281B1AE63750FD09DBA87A34EF4CE2A75F3E85960004EA6B519F4806609E8C91CD18380BD81691D9F2CB5730631E6DDBAFBC30E96D3E1
311
D3D67EE8FB72BAD92AD4C1FD3CEDFBD2681858ED6583CA3853294B80AF67AECFAC6418D08164D5FD1E52E8B546BCC77B87C6E9D1655FFD384FB26A28AADD82E04B9C64EBF78FFF00504B0304140006080800ED7D56598DFFFC99640100009B0300004500000036323344323244432D324343382D343638352D383139352D46
311
35393242423643444136332F536368656D61732F52656E6465724D6174657269616C536368656D612E786D6CA5535D6BC230147DDFAF08799F5FDB600FADA20EA430D968A7AF12D36B1B481349529DFF7EF9A85A718860DFDA73EFB987734EA3D16FC5D10E946652C4B8DFE9610482CA9C8922C6B5D93CBFE3D1F0291A6B0D
311
26A3255464182D920FB4233CC629881CD49C18508CF000E3EE309A100D61622AAB4A8A33B2483F11CB639C545B0E1508438C3D3C0361192846DB7ACD198DF186700D182920B914FC1063A36AFBEE8FBA03FFD3CC1D1F4FC9E151A2AF59F628C5B7821D83FDFD3489305080F2EE04BF962195FB285E9D2DD352320A9E827AE3
311
57594914E42B1F5FE35F83688F60C4C91A6C946ED0668E8F244BC2EB0BA6E3BCCFC0B6A4B507F9F9F8D51EB315D9BA9E08D308E89F96931666E577837E2B4172199C68C4FE306156D47DF51C698C7B9D97FE5BEFE2190C3C38BB054E6E8163FB039CB4B993C80BF18D969203116D6BBD26238B821F9BB909AD6D9C71B85BCD
311
8C33D66FEA3D31B4BC0AD45BEA46BBEDDFEC0F504B0304140006080800ED7D5659AE43035051000000570000004700000036323344323244432D324343382D343638352D383139352D4635393242423643444136332F4173736574446174612F41737365745461626C654F66436F6E74656E74732E62696E53616060307133
311
3773747672D575347336D435B13031D275327276D535B5347433363530327232361602AACB4D2C492DCA4CCC492C28484D2C4ACC4B4E050A82012F90744FCD03CA26072767A4E6260200504B0304140006080800ED7D5659C55C663656000000680000004500000036323344323244432D324343382D343638352D38313935
311
2D4635393242423643444136332F4173736574446174612F53747265616D56657273696F6E5461626C652E696E665D8CBD0A80300C06F73E4B29FE6CDD8A2E82A083B8B7F209014925C9FBA3AEAEC7DD2555D896CB85E51C2A1BD834F6A1F56EC4494C4695278364ABB24ABD2146F88CCEBB89D5321FF8F3F43D672A3B44DF
311
3CB6A1710F504B0304140006080800ED7D5659A2C7F8D337010000A20400003600000036323344323244432D324343382D343638352D383139352D4635393242423643444136332F4173736574446174612F636E782E786D6CCD94314FC3301085FF4A64893176121515558E2B044B2790A818D8AECEA55875ECC8BE20F8F7
311
D86D0650115387AEA7EFEE9E9FFC4EAE3F075B7C6088C6BB96D5BC62053AED3BE3F62D9BA82FEF58B15632784F3F30563818B065B9CC94DC073F8D73A9C31E269BABD6B8C35CBC8F11690B3B8B4FFD8377848E222BB485185B16F53B0EC06122DF613CF00E0878CD03463F058D69129901E7493A2010764C3555B328EBAA6C
311
9A6D7DBB5A2C57CDF24D8A4C2AB9F3DECEBC49CB821F6F9A4A9FF6325549910125A760662ABF86A9BF54F29D71522452C94821B93277D0D7983A601CADD140C93CE1352195094218A438C14A8AECC22F2F1EB137CEE4964D9206E4C3731288810C5EA127FFA9BDBC371B17099CC66B76E45CE3E57D7839FEA2D7532C8FB9B9
311
BEB49C6BE4C6F517C88A389E93149D7C5DD437504B0304140006080800ED7D5659A22A4646E7000000600100006700000036323344323244432D324343382D343638352D383139352D4635393242423643444136332F5265736F75726365732F34463736414342452D413643312D343834322D423243452D35393146333530
311
32324233332F7468756D626E61696C2F302F636E782E786D6C4D90C16EC4200C447F2542EA3121415B6DB572D89FE8A9978A126F8A966004A66AFFBED072D8D358E327CB3370FD3EFCF085293B0AAB58A6590C182C6D2EECAB287C1B5FC470D59088F80113433007AEA2D942C39EA8C46E6D7833C537D7BB70EFE68E0193B3
311
EF31EC62B0DEE4BC8A6C3FF13093294C1BE6FBB41936D33225CC5492C57A80DD81FD804D681837A1D5AC4EE3328F4ABD2ECF97D3F9A2CE6F201BA9E183C877DE05C644F149CD96EA18EA3F33C8066828C975AA8510FAE1399075A92173AAF93BC43FB1422646EFACE15A9324CBC86385D01C20FF610DB2E5ADF25746D5D68D
311
FE05504B0304140006080800ED7D5659A233C2345D000000800000006500000036323344323244432D324343382D343638352D383139352D4635393242423643444136332F5265736F75726365732F34463736414342452D413643312D343834322D423243452D3539314633353032324233332F7468756D626E61696C2F63
311
6E782E786D6C4D8B490E80201004BF42E6EE76F3C0F216234B883063108CCF170C074F95AE5473F5C4C06E932E4F28601967600677D21E9D8092EDB002539227A2FCCB80E1168D80A6417297A89C5D6963B7129A0D1E8F2EE73AA7B62BBEB8B27DE50B504B0304140006080800ED7D5659BE89762363000000880000005B00
311
000036323344323244432D324343382D343638352D383139352D4635393242423643444136332F5265736F75726365732F34463736414342452D413643312D343834322D423243452D3539314633353032324233332F636E782E786D6C4DCC3B0E80201004D0AB90EDFD75167CCE820A4A845D83603CBE602CAC26799919AE
311
EEE0D965E2E908050C6D0FCCE04C8BC355404EB6198129C92351FAD580A10E464065907C8D948F8F166375F655BDC3FDC3B4E530A176BE7057BDC43B2A593FE403504B0304140006080800ED7D56599CB545657F000000A30000003600000036323344323244432D324343382D343638352D383139352D4635393242423643
311
444136332F5265736F75726365732F636E782E786D6C4D8CD10A832018465F45FE7BB7D46A0DD248A9F7886521990E97638F3F1D5DECEA83C3774EDB7D768BDE3ABC8C771CC8A500A4DDC3CFC6AD1CE2B1E0065027DAE0FDF17703E4A65D73C81844BB061F9F279AF532459BA9356E3B6139DEEA5EC901F7B522B86C4A8A25
311
5503AEEE64645541A9642C19D7ACA4F9F5D2E6BCF802504B0304140006080800ED7D5659297413CE0B010000550300003400000036323344323244432D324343382D343638352D383139352D4635393242423643444136332F536368656D61732F636E782E786D6CCD93BD4E042114855F65426239CC0C59B366C3B0858595
311
8D5AD921DC5DC90277C28FD1B717468ADDC44E8BEDE0E4CBCD39072EDF7F3ADB7D408806FD4C263A920EBC426DFC7126391DFA3BD2ED050F88E90C239D970E66526522F831605E9AA4E120B3ADAA35FED4C47B740EFDB37A072749A7AC8C712671BD5299136A8827AA659274A20122E6A0A04C48C6419BA002C8049A0836B2
311
4D3F8D3D632FD3ED6EB3DDB1ED2B1F2A29F81BA26DBCF109022E376C54588EBE181AF95001C173308DAA29883877474B1F7C2884E03185D24223D3D75248B92CD628994A59C30AFE30820F35EC45E407F0108CBAD6CC17F6FE2DF413780DE1B1BC5430D25E6BF6DF5CFEAD8261DD80F20DEA42886F504B0304140006080800
311
ED7D5659E3603EBE7A000000C20000002C00000036323344323244432D324343382D343638352D383139352D4635393242423643444136332F636E782E786D6C6DCD410EC2201085E1AB90D9DBEACE05D09878023D01A1D34A8419C380F1F82DA68B9AB8FDFEC93C3D7C52546FCC12980C9CBA232824CF63A0D9402DD3E10C
311
6AB03A3397DD192872090D3406ABE7CCF5B5D18893ABB1690CF4DCF02282E5EA8A5BB96FFE536F285CB347F95BEFFE81C9ED5AFF9D5B1FB575BB00504B0304140006080800ED7D56598053F5A77E000000A300000007000000636E782E786D6C4D8CD10AC22018465F45FE7BABB91407EA684AEF319A1B92D361337AFC3476
311
D1D50787EF1CD17F568FDE36BD5C0C129AD305900D8F38B9B048C8FB8C39A05E8914E3FE770314C6D54AA818945852CCDB81263B8FD957EA5D781E9091D6106234265A737C659C62DE7414DF694786816973636D31CE5529F3EB95AD79F505504B0304140006080800ED7D5659CA1DF9C9A900000073010000130000005B43
311
6F6E74656E745F54797065735D2E786D6CA590410EC2300C04BF12E5DEBA70400835E500FC800F84E0B411AD13252E2ABF27A55740421CEDDDD9B55CEFA7A117778CC979527255565220197F75D42A39B22DB652EC9BFAFC089844F65252B2630E3B80643A1C742A7D40CA8AF571D09CC7D842D0E6A65B8475556DC0786224
311
2E78CE904D7D44ABC79EC569CAEBA537E3521C16DF5CA5A40EA17746733E0B6615DE7217475F386F18B9481C510F1F021CD9FF027EA0E1F5C4E609504B0304140006080800ED7D56593DEE336E64000000790000001B0000006175746F6465736B2D64657369676E2D7061636B6167652E786D6C35CBC10E83200C00D05F21
311
DCA56CA76D41FC96062B120735B69A7DBE268BB7777961F8D5AF396893C2ADB70FE7ADA196782C2DF776D7A97B5933C430F15651E5469C55D70F80A4992A3ADC954792C525AE70A1E4D6AD9816CC044FEFDF01FE3FDE907802504B0304140006080800ED7D5659A2C04B9AF900000096010000370000003632334432324443
311
2D324343382D343638352D383139352D4635393242423643444136332F4173736574446174612F636F72652E786D6C8550CB6E833010FC15B47703762081C8384AEBE60B7AEACD320EB1126CE447D5CFAF1DA8D49E7ADAD5ECCCECEED0D3D7FC283E95F3DA9A01705943A18CB4A336D300315C5107C58951676DF84583C288
311
590D9061607472362E1B24AD09CA64D4D8516DA0F05E0528E4233503787953B328450C89E1EFE522E45D4CAAC4E5CA6334463D6E523D26377DD5CA013B347DDBF7970BEADF3847CD79DFA30EF33DE21DAF397EE56DF7B2A35516331AF4FCB35D3A25821A81919A3408D7889077DC1E9BC3911C3E6895998CFAE0D2CFDBD2FC
311
1DB073BE9A8B2068B54EFFB8C665FCDF356A137664735D151E184E473E078C5639A5549E11A69A1365DF504B0304140006080800ED7D5659802F40C2F50000008E0100006800000036323344323244432D324343382D343638352D383139352D4635393242423643444136332F5265736F75726365732F3446373641434245
311
2D413643312D343834322D423243452D3539314633353032324233332F7468756D626E61696C2F302F636F72652E786D6C8550CB6E833010FC15B47703762040641CB575F3053DF56619875A0936F2A3EAE7D70E546A4F3DED6A76667677E8F96BB9179FCA796DCD08B8ACA15046DA499B798418AEA887E2CCA8B336FCA241
311
61C4A246C830303A3B1BD71D92D60465326AECA4765078AF0214F29E9A11BCFC508B28450C89E16FE52AE44DCCAAC4E5C66334463DED523D25377DD5CA01EB9AA11D86CB050DAF9CA3E6E938A01EF323E23DAF397EE16DFF7CA05516331AF4F2B35D3A25829A80919A3408D7889037DC9E9AEE44BA775A6526A33EB8F4F3BE
311
347F07ACA6D586FE718BEBF4BF5BD4261CC8EEB6293C309C8E7B0C18AD723AA93CA24B3527C9BE01504B0304140006080800ED7D5659C20E7A98FA000000960100006600000036323344323244432D324343382D343638352D383139352D4635393242423643444136332F5265736F75726365732F34463736414342452D41
311
3643312D343834322D423243452D3539314633353032324233332F7468756D626E61696C2F636F72652E786D6C8550416E833010FC0ADABB013B1020328EDABA79414FBDB9D82156C046D8AEFAFCDA814AEDA9A75DCDCECCEE0E3D7FCD53F6A956A7ADE901E72564CA0C566A33F610FC15B5909D195DADF5BF68901931AB1E
311
120C8C8EAB0DCB0E0DD67865126AAC543B289C531EB2618A4D0F6EB8A959E422F8C870F77C11C35D8C2AC7F9C66334042D77A996D14D5FB55A8135555777DDE582BA57CE51F574EC508BF911F196971CBFF0BA7D3ED0228919F57AFED93EAC4A78258191925408978890375C9FAAE6449A775A2426A3CEAFF1E77D69FA0E98
311
BF85F9C3083DD1629BFE710D8BFCDF3568E30F6477DD140E188E473E068C1629A5581E11C69A1265DF504B0304140006080800ED7D5659DAA7A1FF0E010000B10100005C00000036323344323244432D324343382D343638352D383139352D4635393242423643444136332F5265736F75726365732F34463736414342452D
311
413643312D343834322D423243452D3539314633353032324233332F636F72652E786D6C8590CD6E842014855FC5B04705F16F824C46D127E8AA3BA28C2533C244A0E9E317666CD2AEBABAE4700E1FF7D0F3D7764F3EE56E95D11D40690E12A967B328BD76C0BB2B6C4072667437C6FDB281448B4D7620CA80D17537FE7148
311
B3D14EEAA86AB3C84314D64A0792F91E0E1DB0F387DC442ABC0B0E7B4B1F62BE8955A6287DF918F55E2D47542DE13575557207AC266DD9B6D304DB9173482E550B1BC42BC81B9E7334F0B2E90B9AC530A34E6D3FF47997C2C905309C6302510E317E43E589D4275CBFD32C3A19B56E0F3B1FD0B81D6064AAABCBD08FF0520D
311
08928660D8E36184658BA6A2CC31EE8B807B05FF00FD63F91FE89576053E80AF84050C85FF3F2F18CD6281613CDB0D3396CDBE01504B0304140006080800ED7D5659369C2CC7FB000000960100003700000036323344323244432D324343382D343638352D383139352D4635393242423643444136332F5265736F75726365
311
732F636F72652E786D6C8550CB4EC33010FC9568EF4EE2346993CA7105987E00E2C4CD72B6ADD5C68EFC407C3E761B243871DAD5ECCCECEEB0C3D77C2B3ED1796DCD08B4ACA140A3ECA4CD7984184EA487E2C099B336FCA24161E48C236418383B3B1B971552D60434193576C21594DE638042DD52338257179C652963480C
311
7F2D17A9AEF28C252D1F3CCE62D4D32AD55372D3278D0EF8AE1DBA61381EC9F02A04699FB603E9A9D812D18B5AD017D1F5CF1B5665316741CF3FDB9543197002DED44D4B684D9AE69D76FB76B76F761FACCA4CCE7C70E9E77569FE0EF81B7A1B9D42CFAAC7F48F6B5CA6FF5DA33661D3ACAE0F85074ED391F70167554E2995
311
7B84A9E644F937504B0304140006080800ED7D5659AA7DDA66F8000000940100003500000036323344323244432D324343382D343638352D383139352D4635393242423643444136332F536368656D61732F636F72652E786D6C8550416E833010FC0ADABB013B1020328EDABAF9407BEACDC20EB1126C84EDAACFAF0D546A
311
4F3DED6A76667677E8F96B7A649F6A71DA9A1E705E42A6CC60A536630FC15F510BD999D1C55AFF8B06991193EA21C1C0E8B8D830EFD0608D5726A1C64AB583C239E5211B1EB1E9C10D3735895C041F19EE9ECF62B88B51E538DF788C86A0E52ED532BAE9AB560BB0A6EAEAAEBB5C50F7CA39AA9E8E1D6A313F22DEF292E317
311
5EB7CF075A2431A35E4F3FDB874509AF243052920AE11211F28EEB53D59C48F3418BC464D4F925FEBC2F4DDF017B5BEF74B4D8667F3CC32CFFF70CDAF803D93D37850386E389EB80D1226514CB1A60AC294FF60D504B0304140006080800ED7D5659FFD84BD402010000D80100002D00000036323344323244432D32434338
311
2D343638352D383139352D4635393242423643444136332F636F72652E786D6C9591CB6EC32010457FC59A3D7EE0479C081335B6FA055D7547CDC44589C1025CF5F30BB5ABB6BB7605BA9C3BC39D61E7F7F99EBCA175CAE80E8A348704F568A4D25307ABBF9216923367D618FF0383448B193B8832703659B32EBB341AED51
311
47551B89BB289C430FC9780F970EDCF88AB348C5EA03E16EE922C69B98302DD28DE3CCABF9CB3A5A141E25709AD38A1439A1F4A9A84FD5E1440FCF2C8B2467ABD2BEA47B339C5F502666F12112F0BA64D9F61CB055C91D52327C525D155AE00D2D074A879ED0BE6F49D5B435698B634D1EEB23BD5C9A7E7868629160E6CC79
311
1B46B3178943F8AB7D33FE8AB62EF29FD13687035E7C87CAE29C39CB3E9710CEB813FE01504B0304140006080800ED7D56595F99977808010000B201000008000000636F72652E786D6C8D50C172832014FC15E6DD51211A358364DAD27C414FBD5121868982239869FFBE90D899F6D6D36376F7BD5D961D3FA711DDF4E28D
311
B31D90AC00A46DEF94B143076B38E306D091B3C5B9F04B06C8CA49779060E06C58DC3A6F50EF6CD036A1D629BD81D27B1D00F5637C74E0FB8B9E6426D71015FE9ACDB2BFCA4167247BE8380B66FA59ED172D8356C069414B4C0A4CE91BA90E657DA0F53BCB9392B375356AB3322ABA9BB3D10BF0BA6CABB63D9D70FB2A042E
311
9FF62D6E88D863D1884290175135CF3B96A765CE7C58E29FB7233167405EDE922FCB1F14671FCE8D9B208652C8D9F10B78C1F244FC09BDCEEA1FA18D0D3BBA1D7C6C78E02406BA13D1383518C7BDDE3853DBFC1B504B01021400140006080800ED7D56598CEB5CC436010000A80100004F0000000000000000000000000000
311
00000036323344323244432D324343382D343638352D383139352D4635393242423643444136332F4173736574446174612F446566696E6974696F6E4974657261746F7250726F706572746965732E62696E504B01021400140006080800ED7D565914828CCCEC000000300200004500000000000000000000000000A30100
311
0036323344323244432D324343382D343638352D383139352D4635393242423643444136332F4173736574446174612F496E7374616E636550726F706572746965732E62696E504B01021400140006080800ED7D5659B5A795FFE3790000DE7900006B00000000000000000000000000F202000036323344323244432D3243
311
43382D343638352D383139352D4635393242423643444136332F5265736F75726365732F34463736414342452D413643312D343834322D423243452D3539314633353032324233332F7468756D626E61696C2F302F67656E657269635F706E67504B01021400140006080800ED7D565928BB58AF800100009E0500003D0000
311
00000000000000000000005E7D000036323344323244432D324343382D343638352D383139352D4635393242423643444136332F536368656D61732F436F6D6D6F6E536368656D612E786D6C504B01021400140006080800ED7D5659670136ADA9040000B41400003E00000000000000000000000000397F00003632334432
311
3244432D324343382D343638352D383139352D4635393242423643444136332F536368656D61732F47656E65726963536368656D612E786D6C504B01021400140006080800ED7D56598DFFFC99640100009B03000045000000000000000000000000003E84000036323344323244432D324343382D343638352D383139352D
311
4635393242423643444136332F536368656D61732F52656E6465724D6174657269616C536368656D612E786D6C504B01021400140006080800ED7D5659AE430350510000005700000047000000000000000000000000000586000036323344323244432D324343382D343638352D383139352D463539324242364344413633
311
2F4173736574446174612F41737365745461626C654F66436F6E74656E74732E62696E504B01021400140006080800ED7D5659C55C663656000000680000004500000000000000000000000000BB86000036323344323244432D324343382D343638352D383139352D4635393242423643444136332F417373657444617461
311
2F53747265616D56657273696F6E5461626C652E696E66504B01021400140006080800ED7D5659A2C7F8D337010000A204000036000000000000000000000000007487000036323344323244432D324343382D343638352D383139352D4635393242423643444136332F4173736574446174612F636E782E786D6C504B0102
311
1400140006080800ED7D5659A22A4646E7000000600100006700000000000000000000000000FF88000036323344323244432D324343382D343638352D383139352D4635393242423643444136332F5265736F75726365732F34463736414342452D413643312D343834322D423243452D3539314633353032324233332F74
311
68756D626E61696C2F302F636E782E786D6C504B01021400140006080800ED7D5659A233C2345D0000008000000065000000000000000000000000006B8A000036323344323244432D324343382D343638352D383139352D4635393242423643444136332F5265736F75726365732F34463736414342452D413643312D3438
311
34322D423243452D3539314633353032324233332F7468756D626E61696C2F636E782E786D6C504B01021400140006080800ED7D5659BE89762363000000880000005B000000000000000000000000004B8B000036323344323244432D324343382D343638352D383139352D4635393242423643444136332F5265736F7572
311
6365732F34463736414342452D413643312D343834322D423243452D3539314633353032324233332F636E782E786D6C504B01021400140006080800ED7D56599CB545657F000000A30000003600000000000000000000000000278C000036323344323244432D324343382D343638352D383139352D463539324242364344
311
4136332F5265736F75726365732F636E782E786D6C504B01021400140006080800ED7D5659297413CE0B010000550300003400000000000000000000000000FA8C000036323344323244432D324343382D343638352D383139352D4635393242423643444136332F536368656D61732F636E782E786D6C504B010214001400
311
06080800ED7D5659E3603EBE7A000000C20000002C00000000000000000000000000578E000036323344323244432D324343382D343638352D383139352D4635393242423643444136332F636E782E786D6C504B01021400140006080800ED7D56598053F5A77E000000A300000007000000000000000000000000001B8F00
311
00636E782E786D6C504B01021400140006080800ED7D5659CA1DF9C9A9000000730100001300000000000000000000000000BE8F00005B436F6E74656E745F54797065735D2E786D6C504B01021400140006080800ED7D56593DEE336E64000000790000001B00000000000000000000000000989000006175746F6465736B
311
2D64657369676E2D7061636B6167652E786D6C504B01021400140006080800ED7D5659A2C04B9AF90000009601000037000000000000000000000000003591000036323344323244432D324343382D343638352D383139352D4635393242423643444136332F4173736574446174612F636F72652E786D6C504B0102140014
311
0006080800ED7D5659802F40C2F50000008E01000068000000000000000000000000008392000036323344323244432D324343382D343638352D383139352D4635393242423643444136332F5265736F75726365732F34463736414342452D413643312D343834322D423243452D3539314633353032324233332F7468756D
311
626E61696C2F302F636F72652E786D6C504B01021400140006080800ED7D5659C20E7A98FA000000960100006600000000000000000000000000FE93000036323344323244432D324343382D343638352D383139352D4635393242423643444136332F5265736F75726365732F34463736414342452D413643312D34383432
311
2D423243452D3539314633353032324233332F7468756D626E61696C2F636F72652E786D6C504B01021400140006080800ED7D5659DAA7A1FF0E010000B10100005C000000000000000000000000007C95000036323344323244432D324343382D343638352D383139352D4635393242423643444136332F5265736F757263
311
65732F34463736414342452D413643312D343834322D423243452D3539314633353032324233332F636F72652E786D6C504B01021400140006080800ED7D5659369C2CC7FB0000009601000037000000000000000000000000000497000036323344323244432D324343382D343638352D383139352D463539324242364344
311
4136332F5265736F75726365732F636F72652E786D6C504B01021400140006080800ED7D5659AA7DDA66F80000009401000035000000000000000000000000005498000036323344323244432D324343382D343638352D383139352D4635393242423643444136332F536368656D61732F636F72652E786D6C504B01021400
311
140006080800ED7D5659FFD84BD402010000D80100002D000000000000000000000000009F99000036323344323244432D324343382D343638352D383139352D4635393242423643444136332F636F72652E786D6C504B01021400140006080800ED7D56595F99977808010000B20100000800000000000000000000000000
311
EC9A0000636F72652E786D6C504B0506000000001A001A00210B00001A9C00000000
310
504B0304140006080800ED7D5659000000000000000000000000370000006662782F31444130453131452D383131392D344643412D424632392D3444423642313937383832362F617474726962757465732E62696E504B0304140006080800ED7D5659000000000000000000000000350000006662782F3144413045313145
310
2D383131392D344643412D424632392D3444423642313937383832362F76657274696365732E62696E504B0304140006080800ED7D5659F270F1330600000004000000360000006662782F31444130453131452D383131392D344643412D424632392D3444423642313937383832362F747269616E676C65732E62696E6366
310
60600000504B0304140006080800ED7D5659B5A795FFE3790000DE790000420000006662782F31444130453131452D383131392D344643412D424632392D3444423642313937383832362F7265736F75726365732F322F305F67656E657269632E706E6701DE79218689504E470D0A1A0A0000000D49484452000001000000
310
010008030000006BAC58540000000467414D410000B18F0BFC6105000000017352474200AECE1CE900000192504C5445818181B3B3B35A5A5A4848486060605C5C5C6464648383835E5E5E6262624E4E4EAFAFAF4A4A4AB5B5B54C4C4CB1B1B1858585B7B7B7585858ADADAD7C7C7C464646787878ABABAB747474A7A7A768
310
6868707070B9B9B96E6E6E6A6A6A8B8B8B666666545454565656A5A5A5505050A1A1A1BBBBBB8F8F8F9F9F9F4242425252527676764040403E3E3E9B9B9B7A7A7A8989897E7E7E9393939797974444448787873C3C3C727272BDBDBD3A3A3A6C6C6CA9A9A9A3A3A32020209D9D9DBFBFBF8D8D8D9595959191912626269999
310
992222222424241E1E1EC1C1C1282828C3C3C32C2C2C2A2A2A2E2E2E303030C5C5C53232321C1C1C363636383838343434C7C7C71A1A1A0E0E0E121212484A484C4E4C1616160A0A0A4A4C4A787A781414147C7E7C9193915E605E464846838583878987B1B3B18587856668665A5C5A626462818381A7A7A5A3A3A1B1B1AF
310
ADAFAD7072705C5E5C9D9D9BABADAB7E817EB7B9B7585A58BBBDBB4C4C4A8D8F8D747674B5B5B3B7B7B59FA19F606260ABABA9A5A5A39B9B99A9A9A78F8F8D6C6C6AC7C7C5451AD12700002000494441547801DCBD89771BD7B5A70B8EE04C702641712605CE034890E220088028C93245451215B713AF388E7DFD9EEDB8DD
310
CE6ABFF4B57D97137BE50FEFEFDBA74049B6AEED74869B7E87404D2814EBB7F76F0F67A8835CEEBFA0E42B854AA5B2BB5B6BCC951A8D52A93657A914FE0BEEE39FFE2FF395B9B9C6CAD2D4C4606F4B7FFF8D1B37EEDCB97587F7CD9B4343BD134BABE7DB48E3FFA7A228ECD6F6574E4786C0FC8B5FFCE2CD5FFCE297BF7CF3
310
CD5FFC92B52FFE58BFF9E69B776E0EF5F79E55CBBBF9FC3F5D3DFFB07F5898ABAF7CDA3B74E74EC0CE20230561BF096E97E05712BFFCC59BC80539DCE83DDD6E54FE61B7747DE17FB8980BBBFB2BBD4337DF487881AAE6C5ACC6AF25207877B2B527BFF1CB3B77FA47561ABBD7F7FA7FE146A5B6BD74E3164C7F51449AE95D
310
B412200EC539418717E7F2F11B376FF62E95FEAF1442BED0581DBCA1BD2780D23F506AFA16E1A7AD974EF17876F00DD7BCB187A1A97AE51FCED5BF2BC1F2BBE5B3C19BE27B43CF26DE00933658FE129B109C2FFF922CC22C4260FA01BEFB462A77DEBC35F42F600C3F5B0795D2E9E02DAD5E650B4438A92801B65C35CBAB7B
310
1EE5041CE69D3B6F1822DFB873EBD6AD3B6FBC71EBC6C86AE967DFC2DFA4CEBFF1BF54F6276EBC114E2F43FEC60B01A0D440A868B2920E5C4BC10D60931ADCB871F3268B21D3851B08E1D6AD9BFD4BF57F7577909FAB86F29B982571136AF01DF5FE32AC3BD9406CAAF2440A54CF176EDD01FBADA1FEFEFE21FE4C9858DFF4
310
183458A9FD2B6708A5A5A137E0EE1D11A9EC0C7C58B2C73C0AD6B479BD76B7790CF899E287FA5B06FB7B07C9195B7851FA8794031EF1FC5F9406BBFB23375420286399B631E93B08022A785C4DBF9996EC3551874094D71B6F487E80F6837E50F483BDBDBD83232323AC420A18C68DA196EDDADF68A77F938F78FD972BABBD
310
B7B87FB164AC6FC2CB760365821ACB74AED44FFAD7E7431ECD7E08AC421F391D199998989A383D9D98E8E56F84A318C58D9BFD2DAB73FF5222C8EFAEF4DE7AF30D756E5108683DA471E70D0502099A7240F19E4089D3FD203E620F1B47BF43501E85031AE44B4B9F2E4D2D9D4D51D8970983FA861B3706FF950CA170DE82F6
310
B312CC4F42C8966295F7D725ED29882415DC055F36DEA1FE96FEC141493F05FAA9A9A5A595B333DED5B3D5A533F62183323032F46EFF13EA0AAFA5FBF7C8976F8C10F7280A014832593B90004D52341980D907EAEB73411EB2F1EBC9F507F92746C40E7AE0AFAE54292BAB2BAB67CAE0746264A277B06508168C94BF772BE9
310
765F7BF0B548FE1E07F3B5A521340A5CB5297C4B12811B89E82191ECF3E41B3259C529F135E23CF4C7F961FB13537F5A02ECCAEA76B5BA5D3D3FDF3F2FEFEFB3AA22053E5008833428DC6C59FA2F770595F311F235D427F379BB8A121BD901B96076A388DC4C3C61C7933CCCD770FF375A6E0CE9F535FE2534BF5ADD3E3FAF
310
D71BF57AA951B6D4CFEBFB8864758A26154430080B06ABFF557610ECC93726224F155D1471041E0D42F82F4891C926C1355B0831649FF365F46FF05300A7A790BD8ADEEB0D4AA9569A9BDBADCCD56AA55AE377F5F3F3EA2A34983A1DE91D810543138D7F28E57FF4E2B5335A3928B76EA1CB9B00BF158C8F63A2E788826896
310
D0B5E7C461949ECE089144F8EBEFC7FB4D8C9C4E9DAD60F7FBE572B416C2F2423ECF8B86C439E450DA970634ACFDA977629098D0B2FAF313A36B3869E37AF7853378CDA1171FBEBA95DF1E44FD5144A420588641B0055A79ED91CC0DC41E27064512FB33F1F04D09D0D2DF0203A646A6CECE80DF28356A348CED8C4F1EF137
310
B9319E1BCD29867CA556AA97F7B757567006A447FD375A26CAAFDED9CFDCFB2BB0BEEE8AA5911BC2C7F85DF88A3775389990AA72219D582409210F85A4E66F2987D875C30848023088FDF77E87F96FD7CBA5B9DCCEF4F4C9FC7C676777577B7B7B67E7ECCCE4E8DEE85E81A6D55AA3BC7FBEB242589CE8ED4770E785D7DDE2
310
3FF2587EBF57F50B9E820527316488E5C32D50F979BCA58207297E2B6D658702FFCD211840FE43FC9F3A5BAD9E97E6F21B9FCF16BBBB3A3A5A175B5B1787875B5B3B86DFEFFC687A72674F19D46A8DFDF3EACA59E405375ACE76FFA922C817CE86A89BDD92F400F2C55B7462F610459837D3A61ACF50C7471C8F2F2A9D38C3
310
DA2F068007F80EFCDBFBE5DCC674B1D83EBCBEB8BCBCBC3ED0D3D333D0B3DE33BCBEB0D8DA35FBF9F8CECE68AE020BCE61C112A4C1138CD47F9AD13F7DC6AB9CF9CFCFAF9D0E01FFE6CD503F5B91C5218E2899CA15098714848B04FCE5654884ABF0E554F11F6C21D73D5D5AADD64B7B9327DDAD8B0B7D7D6D6D07070763BC
310
0F3E38E8EB4310EBEB8BC3DDB347E3E37B5842B97C4E44A0C630427E5CFDFB71E03F471E12CA9FF70E055AE141042DD81234B879EB4606361D9328149037D7D76A571A7E974FA20AD0323832713AB5BA7ABE3B3E3D3FBC30307070B0B9B645D93C3CDC3CDCA41CFC6AAC2D64D0D579B4B1B397A7C1BDBEBD7D36657A3CD4B2
310
F44F4909F2B9CA597F4245C59DEC354316F0587020D0C661742BC02869435FD12CF195C422DB3C5A3E2305C000CE6B7B27ED8B7D63079B5B5B878787C787C7C7C757C76C51B60ED60EDAFA06D67B965B3B672677080BB5329E60E9B477847AE2E9EB53E35779FD37EFCD2D0DDD68AA355B6B0D81860502B8B68C801F5C697E
310
9AD62F4B406244CB975560BAC756AAA577675B07C6D03778C17E7C95CAF1B3ABABE3E3ADADE3CDB1B1B6B681014470343EBA979F8B90383545727C63E43549D14FD0F927E5F1FDEFD7263058FE02EBCD1BDCBCA053496BD58E69BC44F9F854D4D979AE9ADB908824382AC1D4014E9756EAF9CE85B6B54DB01F02F8EA5908E0
310
D9D5F1B3E72188C3C3AB67879B07C8A0A767B8B831FE5E7EB754DEAE5261460243FFF07858D8EF0D658BDC563A2C5EF5833C13C90B69248C4DD97842B61DFA7F210A2F6108A0F96B62E2D3B3F3DD939EA47E30ABF5AB2B903F4BE5F9B36757CF65021E616DAC6F60A1FB647274B4B05B2E5341B082D43278F67D8DFDA48AFF
310
9A13F22B34C7586C9992BA6E66CABC190E313E7C811AA57304B421A75B289B9D174CC868C24548823E230B9A5A2DCD2CAFE1F98E61C015CA7E96B083FC59F3ED06EE60F360B3AD6F79787ED278D0A86FAFE00BA9220EAEFE1D5DE1F7855939C3FCC1332426B377F692406E022C010DB437EF009803F0DCFD3B7C94440571D8
310
F2C328F115F47FD324802070BAB43FBA80EFDB92FCA1F7E7CF9FA875CBB327CF9EB08C4DE4815BC4210E2CB7CF1CEDECEDCED5B757490968286899FAF95583BF46F9393CEE6A86D6F618CAAD9BFF0BE22B042412C5CFB50556815CC5BBE33E9F61ECEC26A9BCB8145FD10590078F9C9E953B513FAE1FE387FAC246E14F9E3C
310
E7F5F8194BD6594140876B6B84C5D6799C61A16434201E5237582AFD75C07EEED9863F463284E2E13425A036BD41061259289B6BDC1ED656FC8B8592C9D00701E27CEA749F0D8EF44EAD8C1F80FFF8F8F9D513191F6803384C800097F24069C407CFAE88136B7DCB3D5D4A60B711F19070D83235F77331FD35E71596688903
310
8E2E0B346EAB7936C4162043E1A1F144093695443A570144898BC4079CEF1912809A3035A1D3F361235F90FFF1E3E0FB93C7E2750719F88E7D8E68123883ADB5B18185AE99F1D11C1238A792DC4BEDE8EC6FF503DF377E0445F68FAF4E08D43082D02170F30131A154206CC559A8D9CFDD762B31273E4947A581E0D9BB71E3
310
3FFA07CD02CE2A6BE1EC80167497F2A81CFA3F7EFE58D0CF5D5D170DE4F89070B0BC4040CC17BEAC6B0586C3D3FF0309BC06F44B04A1E13729929B4DF73C44070692C810B08AC3012E8EE9EAE22067796288C193B2139B970B86F47FAD0F98382B1E035D9C32FD318A4FAFCB274F2E1FA772F94411B0CD42493C23393A685B
310
5FEF3E1ACF554AF5F3552A478383374E6B2FDDFC4F6DFE38F4F4ED7A7FE838F488EA852482F412D3CB07E293D02C9F074F12E84C5AAC423271450572A385449844706475FD38DC3C22486A0639E5F1E38B0CFE93CB4B25910EF309A2224BD8DAD40C682C28341AD69047E8539A6AFC14EC573F7FAD10AE0FE6EB13E87B28E0
310
93B513B5803514DE408809BC12A14876DE0A25F643009E9176D9F0C330164285A7444DC8CAF0E9FE41429EE0A2F6A6DE91C0856C501272404A8468822E24C807030B1D33D40D4AFBDBABB411D093D88C86D7205E05FC57EDD1F805FA4CED5920F0CED39157E007CE21757C5DE440ECBCB46CD283E378029B43FB077B4F47E6
310
0E9F61E8D01BE017D7E843EB49F50A2028F1E442FCC90C9EE308E4C0C2C94EAE30B75FAD3A0EAFA57FE9EF960F14BE15638840EAF3BA490BB6850EDB38EECAFD21A0C746D0C4234DBD035EFC7EDD121FA585FAB73DB89FE6A03CF833AB0730E5E2F1A36CE3F202A128934B44E396961121E1F2C9F32BFCC0C140CFE22C1CA8
310
E109B182919696BFB98120234F61B59F7BF46EC30CF067B21A33B0FB3E402448EE266CCD93135A8E823DB31F85E677434E608F53F8100BC0098EA2FD6BC01770E0F2F2D1E5452A711C4BB8486248FAD756D852026B6DC90A2AA5C6B69E9068B8F27AFABFFEE8AB36F1D23985D5960014FD711940800B560250D2272CC54FF1
310
D3A660B275AC3881E349689C1616E1E9044129D032313509DE4700BC867C71F128C400159407C761022BA8A040F40A244788808C60B3AD67A17576279F6F946923191921B0545FC2F12AC0EFEFBD7262B6935679FC7F80629160ABFAEC88E8430E76D82A8DE62ACE50BD4A42FBF03B387B37FD321B37E31C3F063D99703F51
310
60E6C9E5A300CF32A91E0A085A29C0FC507F6C21012303C6104B82C1F1E156DB3229D1A855A32A8352C9077AF733A0AFE0FB3EF81FDF2F0F82C21B0EB06998866878B103305E31EC17F4FD43831E570A2118D1667632D4FFFFB125782F96168A833DBE78C3F11F8383A79D49F58F1E3DBC780417AE6581381E8610604888E2
310
913E12492881274822C221AD04CB0B1D273B8542837460898C686864FF6F801E8269F40AD0481DFAF5E6E9C1F3BE391C325004DF0746A4E4448F7B52C0D5EAD39EC46896B888C4210D68E99DFA2820DF7FF850EC407EB55C3EBC5028611409BFCB8889C90F1C52355AEF98B18100094C9D0EF6F64FD47E5CBF3FF5293DDFB4
310
B50DDD54F351446FA1F14580DC3902C085F593CB24ACC917B213BBC11B3F0A61042FD8B24F4FB9C4556D0CB9E1A880DE89934CE9607F18F81FDD950DD0E1D143F41D56110E227C250621FF098838042BC85B5B6BCBCBC31DD37B34966E9FFD9936A2FEFEA9EBA4182E5CD3E17AE35501FCE0707E5525A7DBC64DFD077825BE
310
37CE0BBE1BBEC061410C660B6E49912665E2B3749C7C9F93834022F74CDE6CA5EB501D9CBC04B768292C5CCB84478F3CA83074092C6082169015E5800D5839DC6C1B58EFE83ECA513BDE3EFB8EF1242D2D4B3FD55AFE03D42F8492AF8A3F21444FA2FA9ABBF525EAF84C09F0168527B0138A85D1EC0443C467B28BF844EAF7
310
6323BE13D7C11F72FED783837B970FEFDE7D7817E077C17EF7E2A1C2C0FE851FE4C008388C15E818958746129E1009D054B67530D6B3D8DA3D59D82D9D57CF70039FF50FFE0DE94089DB269C3655A4F25B38C49D0BD48E59F1526887C18FC5272197F85CA72862A593A4843CD25F920487DDF7AA0441A2C0600D062001F103
310
FCEEA3D8560CEC3EBACB01CAE5A51E420349F602191E5F901893142381351CE17047E764BE50DEAF9E4D8C38B6ECFFACEB141E54A6865A88A60133EE9CBB4C256930B0B168C1C3AB59FE1743FB422C7166082E934AFA5EFA3E4BCE0B69362FA7041818B7FDECE1DDFB4D022007CA23E521F0700AAEB5888BBBF08023E128B4
310
045381542FA256B0D04E28A0C3804E233A1BFB476A2F48FD135BAF9843BEDA3264EB42BA499601F16B566E72C7EA35908ABCB9176BBED43204C696AFD3D7B24B08D3AFA44BE243D88A6D9D0B6562B52F741E1610C0EFBBAF2B0829289A640EC4C8A4FF66A24430786CEBE1E1E61AF9507BFB496EAEB64F8F49B4129EBDEC06
310
5EC1F8A3F228A3CD0950883B41BEC6D1944AE06147289600A7726313AC69A3F91197F1438BCB743E76F01F6EF1D1C854071670FFFE43FF1EDED702EE5A14C85D0C42DF90B86068800659AC88981855E3E774A71C0CAC2F76754EE7CC87C808D1E1E0F6CF47FD4224731337BE1E39C5010823EE997B1491BBD99FC8D8EF7748
310
2BEB5EB2CF66499A8E0F7511B19B3EFBDACB6507BC78731B1B383D02FFDD7BE8DD9256F7D0BA7B46015941097B80018F700FFA024CC08078F51806100ADBFA163ABA8A3B95B9D2F92AC30BC908ED31FABE0CBEBFFF0279B675868F9AA24E9530B08C174055B7F48E4F58002F3E82F0BDFA003E8B431EB6C4A91E4D9B5FFB79
310
1265BA8827BBE5F1BCFA7F789F72F75EC800F8AE43FFAEC42F13009FB905A9A0132015D0068ED7682AC608BA6771038DEDB3B33082891FAB1ABF5614F93238079726B833958796B845B731FCB86316713C1DC581B1E19B424EE32674093F80776F7E27C6FBFAC85C536CD955B96EDA2A3FBF770FF4BE11845470EB3E42D022
310
000E0FE07D161811020742162444668308801E133A4C163BE68F6826A5523071CA78B2FED51F28F8C70FE4190073A3E5D3259D7A288CD19BDE623F10021BAB0C6E327FD507B2741627727EA00D31856492F9F009D7F152D930704E642795C1C1B336E0DEBB7F0FDCB79318543B25341F36802D64A981A690B94259607DE0B1
310
9D466BF8C1C5E1CEF9A3FC5C639FD6117B4BAEAB453F8EFBDA500A67E8BAF76C8A06566E36EE1184E8329419161F83D843D5DE7D8221163E145F56921C3EE383978072129E290A9B7166E63D26BAB1FCDBF710009E4051842390031845F20077CD079407C575F20364C4910ED2A574BC357630B0BCD8DE39335EB175646A69
310
8458F6A346F003A93002E846FFE0C459B8006E506D79BF902908A0AA05CB5E73530E33BA1D3C2EF99C712B7C8B41DF4D2A7830BE8707485FCFAEEB85A09AB6D39BBF7B4F23E00509C20DB04E240822A4B810E04D8D53D10D504C059ED86BB8697F514777717A8F8144D48A4C89077F7EDB00E2D89DC02A7B975640A282C49A
310
4AA84B70B12BFED8EA6584860DFB7EE23FCB00C6BAF7332FF259FA3C9346508813E372F1DDE425065BB61FDF8300F7EEDDBE8D0C6EDF46F7D8823478590AE23759D60DA6B7A9F125EDE8F4A5D2B37470D0B63C30DCDE3D3D59A8D1501EB1B0A5377517BDD6E301F995E3F955F0F58FAC2E81CE172A8344AC03DC6781939D24
310
84B8FFC15E8F3ACCD3954CE19576B942D0A029188EC7013FE59AE90B71292DE774F1F63D60230180B30A2EDC65291B6211B4081128856001A680015CE000708254891851D4B3BED0FA4D7166B466BFF1D2A924885AD12B387FC0FCE6819AC3AE06A7AA4B715F0927B74D119D4A668FB54B8A8C268D8B038A207D10A7B1E95E
310
42195B695BE0240F7408B311257C23F581E987C180140C584A02B1670CB817CEC0A080F259F1360E58452013200E3EC107AC1DF4FD7B0F6D23F33347F9527D9F51E6138E31AF35F1BDAAEEEBA3D71BB402E2FB47CECEE96B4DB85536772B07C82A34F3E66D0BCEC207FEB9E70643761276F7B50D5EE963CFF80C7AF4A2130F
310
5BF8C4EBFB5F07B709840480DBD8007FB7EF3F90104908BA457D43AA2A6A02C91422285E5AAC143F3313A0CB74D9D164933B86C25587134E8D342B453FC982860D09FD13ABE72055ED020E85D3E312F74C25CB0293D978A1C4001927C80B86FD06349126EC219F0C735C8053D8F5F310817EA01F1B7851F406144C211C6362
310
C27DD51F1E310C0102280ADB891E9B085CC528A2B1369A46BA195B9A2B351862CE43174BA73FB7CBB430A5798F4C54B7333B96C3224A9863AD02B9FBD8E63092191924E77C199D92887DA594B6DCF0112857162FD0949FE6A441F5E62E42FB2105BC405A2301A3424601DC807912CB2C39C604A27908021CDA30C4C8C2019A
310
883B3A8BD393BB3546136EAF561980FB63E9E035FF73B96D09A905ACB2C11D79571C5159026227DDBDB81396EB03F14100BEB66DE1FA9EF82C3ECCBE318119C4269FD014E66361FC8BB0B4EA9A98EF3D8848A01360430284335004C183CC25BCA82D2302EB03B8419241C64DF4F5ADAF77B533BE786334BFCBB8DA72BDBEFF
310
C36103AFB30608A0B39B58D93F0BF42180841DD26BDC22CF0A770E90240006BAC65197D90920131C7B2EB3CFD3C71C6378A305EE8488FC1FF8D391E2BDDB0F6E3F45E7C8207C419800DB410073A3173942CA8D5242642A74496FF115832A6314D9FA4257577BF7FCF8F8E8CEE8DEDE5EBE76DD3CF892BA7FB8B90F629431B5
310
525E92A15A3A4A6FEA3FDD73136172060959206591F4C927196CF645AA285CF3014630121754261C0D31E1A7E3DA2DBDB54B04703BDE3A4209F02045C4BB0F529A14BED07098A2A1CD47513DA64B512F409BC01663090796D787173B5AA141B1B39BB470EEBCF1E30F9D263ACC4D05110797CEF7B923B027F089F74D1D06F0
310
A4D8C0CDA6604023FCA45B76C5CDE0BF3845ECBE13E0C0ED73700A8A753C1AC8AEFFF1B407FC8A20F42F0D94019121DE304077A027D4112283BB8FF0072444D68AAD111D6F591BC0061854BBC048EBBE9E81F6A33A95C21BFD13AF3C7E7DCDFFEB0DE8903F77B41DF178E99C289895B0EA8CD640549D68935BA7C5294E0A1D
310
66DA0CC419BD398E6265789CA1241441AC94532A3C19C95340BEFC68703077EFC1D307B71F3C500859C11494838E902203A2BE90EACC5135B80B078804340C920C2300BCC06F7A1C71B875DC572C9BD1D84BD5FB9363CA6BA7D03E5C40FDFC54FC23C9B4B9DDD028787D89219038523BF64E638BB37CC25335937A00DFD328
310
69C5B390C8C32FF25C8C47A7181B4A599A224A9DADB0E0406FEFF9F183B7448F081E3C55024FB33828784AB61704482CD0160C04174F9E33BA9291D58C2F1F1B1B3B5863B0D9F3E51C35C253D54A23E560E2C0CB3A6F7A81382601C2079CAE96B7B1560D20A341E85A928A4E01083256420576C2ED477E2E565FD9223BCC69
310
1CF394D3D8E281501E0EE5C1C8159E92585D255CF30CC854C75318006EA4A01028EC853F9407C6053910BE105348324002260254886C156260F9189EE0F8C9A3CBAE9D5A992184568A69D5183A7DB97DB089FDC57AEE54F858FE54F577DBA85309640290F2D220952620750C5811FB772A7876D1E4040FBFC6474D51246D8B
310
3FB378283FB514F8AB3C20B8BF7DBE5DE541C9A5D3D38DDB30E00151E02523081BC89C2214103E0BC1B3D0199A08E002681A2613A2616CEDF0F0F9C5DDC75DA395C25C0309C03DEC8091A4AFD3FEB504AAC6633930556DAC86EE3561941E862C4A75DD6B6BB3A0C59BE153DFA73EDFCBC3CE2188D3D378FC976D0EF9A95B7C
310
8532F527CE3CF539581E0FE501291E9139FFB65EFF5DBD8E0C18DE3077170A64E033FD278F18068028802F156C3809FDEB11B1019C208D020C9BA2870457F0F8E1FDC7EDD393E3B9FC9C4308E9315704233F960E554802C14716B0B45DAB5EAB5E25AB7830EBB8D25E6CA94E4AA01794FB1EE164FE9F040FE82C940A4BCEF9
310
13075D087E85A7237D3CF29C47E4E676777779528C4781761F0BFBC1D3A77880E40C9A2E5109180D5255317890394229F0F082010354082D574F1E3FBAB7D6553C2113DACB97BEB5526C7C6F69F9310A94C46CD89FF8F379AD1AA035FD00FF3F320180F01417A6F255A3A8D86319FE0C0B0E06A0DCD33F79841339C01E5BBE
310
1911AFCFF7C1E0A540BFBDBFCF2372352686D863F83F59CB6865F43104007EE06F52406F680341102048A01BB048823082CBCB0B6AC48C313F3E7CFEF8F2D1FDC3D6F6F9F9D9E98D9D7CAE5EADE2A6512FAD7AB526E17F600C85550DDE9ACFE9D97E694513103BC69F8A2813176032C890C1E9C49FC09C61670FF8705B1D73
310
86260E7C8E7122C7F8208A55139E8C8D4763F7EBF5728DF9C34677364E3A3F9AEFDEC9CD95470788834F9FBEC512379890B38C94205B2557987C4186DF5C0837608DF0F9F3CB87B7EF6E920475752A01460E556919B2B64296FB9FB70DD5F47232A0F77465BF140CD001F00ADCA175090E2665A14E6329B62660E02A1CB50C
310
6025E3DA252A670B3F0FFAA5EAD94A509FE7036B159E0D1D9F2E76B7AE1FD5A606198D3A747AF450023CBDFD162278B9446688111009B4029B0F2180AE20A542D40610C073B47FEFE1416B2B12200F3C991C2F54EC2491027A816B0A34A9D05C6F437AC23462385DADD75642EDDA738AF1600DBE07EE8437804D2D011A94DF
310
71C2085EDD40266A407FFA1D1C00B0C03927E60338E3B9D8C47D1F8CAED578E06F7CFAA4BB63B175FA7C301B747CB377F45192003CB8FD34B12009224543D8604494011A80C1903CE0518C986208E1C5FDDB8FDA161686873BBABABAE74FA637BEA894A44078C19696F326E057D7F95D061A6B0394A9D5F2DCAAFE4C2388D8
310
A6E9AB7695CB0BDD0A332430F1A9333DA41D1FFB97FA09AE84E738C75C407C260408F8DBD5EDED7DE1570A7BE333C54F16963B46AB0C2B71208EA3D16EF4EEDCD7005241166C005A73C03164792151205C007288AE337B4D7103741BDE7B7AC913350B348B2D767515674EC6F72A0402BBCB41C81305AFCF05F2758D3ECAC8
310
D26AB97606DB9581A4B7A8FFB068CD5C0604E6849046B70C2B60FF0CDDF93C13822B4E82FA0479A68220E66D9FD775FB3C1A9CDBDB9829B6AF2F77EC9E0678FB20ED8D1B1A1A39D10F9812E20D6281F5673121AACAA9C53424000DAC173F7E18C3052EEE3E78E7F1160F5AAEAFB70E0F7775CFCE4EF384DDEEBEB9C0889D52
310
43BDF557559FEDE5F17AB21E118C4C31A3DF6A96B56AC62180293910ECD6B721047664BCFCC6B2DD3C65CA0F0C823DFEF84083C7ECCDF05898EEF158F4FEF97EB9C123F1B9D1D1A3D9F9AEC5F5CEDA84A3C96C14A55584D62893D6A54D8D2028D05C8B1F124884543F3223B29D208B04910D3FC43F5C52196AEB5B5F5E58E8
310
E82610F08C21BD443801233C0CE8BD1E40F84A1CA86001990048031ABBAB11EF83F9283EA89F181F2A0D9A9F62D94B7F625FD727E6A93F63F200F614F7CF100D4511C07DB45FC5F0CB4CA359ABE4774631FDAE85E599EA0878A3C33D5AD6430CF4C055EE5FDB80629000D7855DED3F436F3B61B3DC7FFACEFD2B1BC6FB0696
310
312CFA477CE87A87070C7998E04FBA78AE3F915A065E819FCF35B410321D9ABB308146A11AD5196CDDD7C477A171C8AFC74B45CBC6F641AB53C8D4ADA5870C02379BC0470CF83DB55F073E29CF5CE5F7A3F8FD62EB7AEB1774C2C6780B9523F9287193FD23DDB79FBEA513B45200E2E0C1B51350163AC19043C600F2C1DBF7
310
DEBA7BB9B5457BC0D840CF325EB0BBABBB786D301437000020004944415472B491ABCCEDAFC0591201CAC8EBFACBF367FE7B6E40E69F551BBBE7123E3C00AC560CE20C62436E8C3C54CC225EE08C0D74CE26148877689EDD004FB2BFBFFFBB984035373A7954EC5EE8591FE531348654514DB1D1C56411DFA2A7C212BE5ED9
310
1278F2851A432244C6822C29C85A8B320ADCBDFDD63BF71FD32648E7D098CD018BC35D7FE89E250EF2AC75F96C15271602687965C844B8807C6E7729D93F22E81D39ABD62A0820C1FE9F11CFA7208125D33E96FD69E83AF6052DD32D49FF0802CD9F9DFD39260389A950887A647CCC99BAB17132DFB5DED35138FB3A060F62
310
95AA5E195BF0BB56495A5A4A8FA440026E46A047D40ED2520A441C302D240F201FB8F7E0EDDB0E12A04D8816215A0579E8FE1B1281E9F19C9900DE79842E2A7CCD48E9876EB01C75DBA0E0C8D44AB5512947A00BE7CF5DE9E1A6A6BE43CF1A78783DFD5A404E4477336C1ED8B18908B2A847B2AFE9839E891137A6673BBB96
310
FBBA2A4B8E9373B001F08369BA11BE8ABC4302FD2345FD6014A127068427D007BE28B41D9B0D40FFB7EE531FA673C8870A69135B1CEEE8D009C08042A5B4EDA314920B635BF941E7487E45256439DFE9D276295F87E698389CD49FB394FE19720412DEDDC40E9CE9C6DD605E0B719FADC416CB15AB3A61F9B5B9B9426E54F8
310
1D8B03DD950946D432B40CEDAB7BB5AF11213CBA73C9BCCCDAFBCF06127C7980FE6D1DC9B4DF14832D6568FEAEEBA76FBF438300B541064ED33F3AC0B0D10505306FD370AED02859234402F6C3FED006766DDED2034D90D119057225EEE3DAF787EBF30EC51ACB4F551678BD6728E1944730C095F13E4D81A4DFFBF67C5BEE
310
37E62A85FCCEC6CC6C7BC77A5B477E22223ECA4FCC0F87E2A5E3EB782BDB25B8CFC6736A044DE5A7CDA604526361D650484FE283B77EFBD65D52C1C73C4F48E7D0D81ACF572F2E2280F98FB230508FA906B42DE240ED651B301CEC83DE1790C9FD96B6CBF986BECF3BD332C18EF627A0B6EECD5B152E02088D03D828AFFAD2
310
6B05BF671B4F9A09A8CE0CD2707F67F2A4B3BB75B9ADA331C1305BBAC182FB4A79820B7EEAF73199B8404C0B81231CDCBB871B80FC41FF5860E8E108222A1A076C29E6E03B6F3FBD4F1F295DC457573C7ADED636D6B7B8C88413DDF3B327E1046AA51040B40CB50C7E3F1D2E44DAD34CFA604029BFFBE714DF0C069908027E
310
B275F1F366C132E1A7450B04011CF82B2B647CE754F650FF6E25BF37AAF65B7BDA16CAA791F1D09F6CAB989EC5AB7809BE145FA459E8D3E4B0FB47DAEF093B946FED585B80FE1A0305FD5330FEDB4FDF79FBF6BDE81D8300CF6815E5F9896552412A03F31FCDCC7CB5E32365550CD9365FDCCEC8752E943161D78047336F8A
310
F6539840A1F2E764FDA2970999F205CD2BD1F5CF496571F76EAEFA0E1CF8FD2A55FD06391F9EEF8B9DC9994E72BEBEE1FC928E2F223EBA0FBFBFB4F2DF137BC894B8087643D64ADE6EDED67F7680FAC9060239E845FC94AE93D880F994FBF71FBCF5F66F9F32C292EA900F9C1E6F1105E81C5B5F58A067A448143842008D72
310
75EA3BBA3D2516FDF02FF79260020D6B3C714711F3CFB61BFF56A826E627E82256F7400FB387FEF23C1C1E77FD6A21EBB1B2B35F2F95E7760BE1FA3ABB3A981423477517EEE36FF96F122B942F6FB64D9502BD1B9089162532A2FEFED255028FE653C9F46FA321E0B588B7DE79FBED07C44106CC85133CA65190543004D01D
310
02D8181DDDA5A9C91A7110805B7875B689FC3902200FB192E7DFD936B37B57D9C338BD49E99E181F4E5FCAB2ABC1CA7AAB382CBC7D515457CFABE6FBC63D525E5CDF74B16378B9AD6774A58531912D232DF01BAA913DFB7D3AAFF912984302B84D0500077800D26C60A4742101DE420C610C2E92FA93056022EFBCFD5BB6B3
310
8651470CD33BD87630C05831BA864C85997B8754B05167F0706499DC442FCD22592AEC2ABF3FF13F950039BF159FA9B36ABDB2778EFF83F70972B83BFD3F4899E64DD8346AA495CB155A7499F2CE39B0AAE755125EB84FD8CF8D8E4F4E9FB4B72E8F1DBCCB98B31BC4607C2CFF21C8145FB48EA0F2159F86A3098415609554
310
DEFA7B27EF1301033DD06D274BAF6821D220DEF96FA4CBB60B3CA241C021D38E1AA76B4406B4767576166766A6C7F77273F5F395291BBA19F64F2E3095C14F3E60371827741CB27E89543857D6D96BF9A47C6A9A26057840332EB843717AAD171880217B71FCCC0355AED3D4819911F79D0EA8AD6DA31A83E36C5DC2D47029
310
5C011302387069158F6C9966022367ECF1D00BA9BB95C389AE7B6105A1FB640689033A7FCCFFEDB762189103A61C3A4FEFE0D6A6B5A19EC5755A443AE78BC5E9235B047890A65919A0D2F96AA3C01CEE913BB3ED239C3E0CD8DDAB99E4348BF3F8B977B6C43DEBEFBD7721A839A63B94C06A10DB87FCBFA3C2932F8C26F88B
310
6D6BB30C3C4E09AFE40FAB52EFAA1EC0316920E031A46D65A0FFE45A673432E907FBCF86717AC04F2CD0EF512D665FF53F05BFCDC43489F150890C60A8E0314E70A06F619D30D841189CA15D3417F3CD50191AE4396543F0C42BCFD696C58DF163F5B46D708BD5FDDA5E5E5FDF9401BC4F7E00E8A17520833D1CBFF495B5D1
310
CE037C664123EEE74737268B5D1D3DBFDA6AAD8C08DF2C0BC7A737E10AAB2A7B958990CEBF556CDBEE823CB09FB344143463C630CFFF585D330CF0320E921744A7918280FEEF981161008E9FBC78C830217A07B7D6985E83F9A79884ABB5AB383B4D7D788F9FB3D867A2112A43F19042B33A108690CF6F472F8661CFAC9714
310
78757F6E6F2F7AEB82FEA85E5715941778B278281F28C268AB24BDB470EF3303E09C359E9DF1CF990D8A096106E6A66C8620DDE7D281DF0B2831F20439A30D68386CE13E002F7EDA8D7806162B205D6A19AA1FABFD6B1B400EC2BFFDD66FDF7E8755B4883C043F43046C1326136680404F1F934EBDDFDD39CB58A98DF1BD78
310
80E0532E671FA1435E9D6EA5E9071000BE8F262E7C4044FD95D5FD526EB40A05A634775F32205C3D779FDC168CD5E56BF982508BF572BDA4F6F57D3304BE9EB18149461B12F760D7485891CA47CFC44909136FBF4931716A2E100123FC6CCAA6A644F25EDF4AC980B14039009BECE8B798BF69A05DC5B6885CD23F8E13A46F
310
F0C0A986D617F001C52241801E87C2974C31411DA3A5D7B6175472763D637D3E57C33B908F867F4A59CFCA7923375E5F027A983E18BD7BD4E6FDDBB2250C1529F4202EFAAF979DFFB1F2612E87EBEFEC58581EDB9AA95AD1D7C1905F7305BF8182D5BBB524D47C4E3B81CD843220DE1E6536497C0962C225F75A2D6A998303
310
B23FC501F0B3F736EE1FF01200FC8C99F5515207C9C40081DF304C0A17D06E26CCBC5B3C47459308178301FA8057C2C0AE9D99B05F038828B08400F2E3251254DD7EB8BC4853B101F99AB48E387457C96951E5DB670648BAB70A7B04FE93EEC5F5B183F9739C98952C6845C380D401B8FC86E70A20744EC720E09D35955D96
310
A9041720196D183AC2CFE6AEA816652D0234883D788BEC8F5DF2615261DB031C2381092401B48D8D2D870FECEA9C3D99DDB036C8A051058030E32190976718C89F031DFBFF2EEA3D88606A8A19BD0AE305BDFD12BA4FF46F1A0002B07137989C748936E9DB2C91F43B07E4E4D16C3779CF5A4FFE8CC981F07C29E34B7C012A
310
F0054FAEA4A6A3D49D3A16D2B3CF220A029003366663053C89B3FB1827080DEC2780076FBFFD8E39810CB0593CC68B5D9009F2D400418028B0BC6CC74067E7C9CC0C2690FBB084AA5254A12AF63543B35EB40D17B693F7E3464D5094C00AA9E04E0E0524F5C35C5EC6BA94B21AAF2440725E2A9FF94FE7A8F0E769EB83FDEB
310
039B631B18BF396F5C13CF89ACC02C387DA56DC3B1CD84B96CFAAA37B55FE723B611062258257D331F186AC93D8AD600B4FEF4AD777E4BF68F2168FF08C081A37AC13446C859964803961928476D78F68419390D830C1935B5C2A0A22A3AB17D3D6428BF12DC373B8D464E04C0A496BB3B3B75639DCC2500E0F0B15FB6F47B
310
5A7ED0183A87CAE8D535F2EDBD4B3B7FC762DFE65A07C30B2851DB890082ADC07131EEEFA3DB7DD5CD32C0860CA83CD4B7993A175F422A8149B1C1D94C1145059D9C78A8A572A90B7C8B1E3392FF77A80C50220880FF3669004E90F101740D2B808181455A044904674E7482CC3EC85C4BCE339404C0B0BF6A5611E4F9B815
310
7BAB6DE327EC9BFBA1B4557ECB609C1F45326499EFB90EE78F18227F09E563C9E63D847EDB3B68EB9C39E95AC4F7ADCF7D87F6752BB6912040281E4A0D8A8314E80D60470999B8A51FB1488A66A9F3F81FFA61C83F4FA6969E472288FADFD61B005E0EA4284822E018911828E868614DA0C36E11F3A051070BF2F0840E35F2
310
00E2C0C80A776CC9E7E6841C0503D0EDF15ED9AFE527E798D23BEE5F0604E58DFB7099D739BF0BA5D332EF29F1535995BDBD0DE681C4F71DFE6A7AC5A13554AE6910963E9ABC9A0DB5B202225545F5CFACC942B5B93C207352B6E5310BF349AF200175D7DFDF78F6D683B7C87E087FA9B35812C4F8F13452CED610A2207541
310
E6D659A739441F3833CD0C9C3C3DC2B0712F62333C4FA9327C9CA1124904B4FDE0FE21C119776CB0C212AAFBA5CAF80EB43772ADFE77CD9FA8A4144C54C2FB2304C65F62FC3678E4F6C68F30FEE1BE8383CE7DB86F58B1AE0C51F0F055E188D02F00911DDB0991832228B3172B3E623E513FF1734FF414A611A603163F401B
310
EA790FC9FF7FC3FD3DB02DC00184145B850D01D120424DC03C00FCEB7880EEEE939399F1F18DBD4AA54C939899304D913CC2D5CFBC55E50C7FBE4C0E14AEEF53D6843DFF56BE2D554637EA047D3C210E2C61077875FB5B40E19F43AB7470CAFE1C0D3ED3B3B4778D1DF6D4F837C08747180FE8394F2CA1E0A46B6DA62CE2B2
310
DABEDE0B1924098580FC16B369730E9E90541D3730D47FDE16EE1FFAD3419CDA05ED1F2715C607F2E81893AFC5936303F40EB776F1D808BDE393A3FA401E1C706E154C892860AD74A2949C409E28A8FB3349C764D13E4D1D3468952B7B1B35001BF41142CAD58D6011C8B78961EACAB66E9AFBC627673B61FFDA4167950A27
310
4145BF11EA17BA9AA60815C2C43AE1F648E3772E53C94E6364AF826019E723069A8AA353A3BF7FB5359281700061FF64C28C10B9AF0B70B0B0D30A31CD1CFD22F68C76DA1E44558869257892363C091D313EFA46B57C3BEB252E9C6BF5B4799EC58F1910F469E25AA17B343799DB3E33CF410061F96C6D63FA91B1000CEBB7
310
D2971BDD39A2A76361E000F5DBC1688D47CB812DD60F8001AF25B328D173A9E4BAC18CE9F1F628704330741B2649B92E9714447C68559C6CD2F681919367E4811100750058809D0230C087A89FF3C80C23C4C60882E481F48D531764BABD5CCECA308DE2F63D3BB50373D630796126803C2D1FBAC148F7592881B395ED7D26
310
B7DD38D7096AF98841CB37592561D9C6565317AFBE9FC4AF7371E060736C7635E0CBA1809FC80F544DBAA1F2F9393D970D44C0615A0C6930E758B9E63AE690F73045F0C8C0731DE9CD80F718E94652383458799E02C06D328010011C7090D8C5E5336A83D4059953877EA1E1D66FBE994F04608C4C991917230FB61F9AEE18
310
3A40AB9108D032449FD1A7283DD25ED15360EF7EA9303EDDC0043403531EDEAB10DFF87F5E2FD56DF0F1B701A9F614DB17FA0E0EDF6FD0B1622A81FA3D1DE5A33F551930335C353A87F9AB05C60455193448246944A232C5D07636D864CDD7A50D0B4440CDCC465D1C418321F50E1648D500294065D869559EF3C40C8FCC6C
310
323E989AD0F0C73142480B200842802C061008B480A9954AF282052B3AF67350FD0DD30D1F4075AC303A5D490250F5400ACF479656861E4C77AFF327F3EBECA4B57B6B6C8FF62602BF150744656A87DABD7BC6BED50527B2120C001A0B3718C74F0C65CD34F275164D7968148DDF259AB8AD6CA81CDA4E8819509B996A7F64
310
2D987A401A2B04018C01E6C169A8700F9DE3B489DB2BC49C9B7B858A4F50D22AE15428FCA4A1EDB20C83492690CFE361CC7F8C8066FFD0D77AEE797977F468A36E0B0DFC87F90EE6348BC748F7CB73B5B9DD5C6EE7AB19ADBF6DF359F1DC2A0F9E44F213F8041F64274C0859A2AB7C37440FEDDD2F95BE44065F22067E3EA0
310
CC3BD8C0D8194EAB291CCEE20B9CD8E02950AD806080047A279F19024C837C848816719AC4A34DF8F0706CED904E8185753A458A27E4C1E37B5F30A104932BE140E0BF4E400160F320B054A8705042FFC47B4940810173F9C9E97240C7FCC3F3813EA239B745DE9F1B1F3FC2F9330374DBD1A7B475923F9A2ED81716D18D1B
310
577DAAB9D1A0458655AD3CA7E211867AE7C702DCACCD291E0F798013DC01BC326087775C0833E04EA3778FBCB8DA4687A0255CA0AD210C15661E4E92001A4449031D1DD27D327334BE830B64DAD90CBF537A45FBD4E94A7A88888E715B7E74FCD040E818BDC1BF5AC609CCCC015DED23877080FCDC47BD8EF3A7B783A17D33
310
F3ADEB6D6BC7AD75EA7C7852C5B6FDADA6AFEFC2D181C03F8C40DD8A4AB5024F0B72E34B57BC1182472DC80946789AFB711DB7F1193C03C893B0345F420246114D3EA71D04FBA731C0DAB0D3CD311B218F0D5A15ECC105D02F3AC32F13600084731A83220040019B03180634B5923D438300B05BAC80881F061095FED5D572
310
A3323ABD83F1D37A2301A8C930AB3F66ADF7CBEFED30BAAD7D78A06DEB6A87F15491F5AB7E25842B6B34BEFC12C8A159F187C64B3CBD2356DE5FBAB98BBE9583F0E3280C0076DA15BF34C15238145742B07080B1EFB83382F9FEF2239D003541041083C5AF9EF3C8944DC2030BC3ADEDDD9D27475800693049E05413BFB3FE
310
B4308731512F13400D06F813368A0101D8D863EB3E75FCCADED124F532AD3F123F131AB46A93DF1ECE7F96CE9EB6C365C6D6A07EEC461FC919FE288AF7AE1A7D012D291EB073735FF26BBB1C99FB706E972192819B7A34BF22424BEA1CC7958AC2E04BFC8E02DB90A4A1DD04811ACDBC181037864672C78F6C0EC3073A40CC
310
49D5E813593B7002763BC6A909D31AC86F3F6E335C9E1C309BC58F16418642E2AF6B290A34FEDC0CFEE08FCA0F56700699CB73B9C99302AA17BD516D7F1FD755A2B32B3FBE7134D3BEC813195BD355020A7DBB541539CD2C06E45F46FC0EE08293E6C0E1972176D9B678340AA1A4823404EF79B1E2347E47C35D0A2260730E
310
0B513025DC0BD1C07E3366E9B9D17F767405FB531070700035618606F0B40C73C974CFD321B0C174A80C0F3AA54945FFEF348F5488895713E89B5C98DA501E06D8D24FF04FF0CD7ECD7BAA755A854EC6A180AD13BE094E8D5D63BFD6DFA5F5D3E4DB1BA18FD8473DC6E17FFC9832B71A2A94D96E808BB53F9192955D62C82E
310
282B05168AA0927D54AB20A20A74800B7CC9655C8B15F62377CA4C91641F9F4D0478F4FEFDCE273A002CC0A725EC165CE3A149F0333E8E9600B2C05A7D15FD831F0938DBE5D0FF13E3C0F0765965A0961C3FA86DEEB0E28304747BFBA5FCDEE44C23544F7BB7BF7A132DDE34F99E44EC3FEEAE92F667A10F7E90B0E8C6442D
310
F5A5318B0F816311DB2E6DC6F172C363FC800EE09186BB9EC82A24C0117700CD884AA42023B81EA6E0CF8B3056411110D78606EBC5AD5417B45BCC8E61EA01C4006AC233933E35D860BC1B6CB9C9CCCE7840D2E0C1C1FFC11CCE54D59300F2B47D66A10F09D8E24B71B9BDDF98FB62A3B897C53EC88D16D1FFE8C649B17BB8
310
E760EB20B784F52F992544753F2CBF642CD3C9C70D8722C197142C567E74FB431EE248A8F3FC00377F5142144A82FFC28AC2970A780C85A7EE9146FA4B2981F3C93BCB0F3FBCB6DD3DE69C72B6073B99140DE28B8E919D9D9E7C2F5FA99FC1FFD07E9AC0965CDAEA0A945FADE52C791EA989E8E7A21A355FB37E44405D171B
310
98A6E946DB26AE71DBD01FEF07FD378F5B4B518724481820890E7486E3FCE61A60E096D577701890EE07CA5D7F2B086040749FCEF3F81972E510A86359C9BB579883035887542090614E5C4461705D7CA1CF84DB564838606CF1597E8119790D021080C935A908324EDE9F60A04B7830A33F0670CB08605B8D01BF9A3D4356
310
93FAB4FD84EF6754930640C1F9D74B052A7ABBA9F502B39DA3BF6BC7514EA4BEC71D752BFDC198EDA8DFE8F32B3EF811E4576B0A2074B99B070A069F60173E7427BDF285024E35A4418B7A412914F2800F1965C4F1120A2D5D2C64400563D5942044807BE7C738EBF3034C4A6F4D70C04ED1F97673C039FABC4CFF18866E08
310
200BB66BDC9CCDCC3FFD1E43BEFC52C317F0F5E64900FBFCDA4DEE68768FFF46350E0EDADB7B34DBBEDE3776BC55599AF84E312229F931E700D04478D66A0D88D09B2276141AF0F8811C5F8067DC04C0F90929F7F1AC9CCD368488AFB965C97B855A3E2E93AE5B4866502E55991B82D4388614F2C36B8484A5FA06E3EFFA98
310
4A6AF17D5C2073299D9F12FD63826F67FC460E54030981684E9FBFC22009A3006962285FDF4FC84B699FB5BEF3736C6072F6844C15EDF25883037DE6BB7AFAD6AE164B367812FA8CFCA6FA25725D99AEC5C6EDEEC64ADDA2BE0056002032E1D7A20A54CF444E360D520A5B69816C0A953CE0434A8A898BF18E2B704588C01B
310
DB2133342F5404FEE698957C200EF54E31BE6DF4E888C9C67F5F3F1B41F922777E7FA6332677C20098C59F762F5DFE4A23F9801A3BB6F8A4F66E0D40EC867E92DEFCE84C714FC7CE8DD3DD3BDBF9C781B1C3B549FAD2C89D711808CAB100E09700BB85240374A7209212F320CA577222A7020E7824500179FC7096C714884B
310
DFD9499E027ABEB3CB0226CD293CAE6E0C41A6788F396606A073E28CBE5CC67D584D36CA39D37974FE1023253E3FFB007A26F657FFC901D851130DDC2BF54884F20D5D40A0B7E5C7BCC7CC87B84F2ED820192CCE1AABA1FF24ADBE1D03635B5B3B53D4A5F84120125FADC36A0E792D3AD7E255792CD5241A4C84171F110409
310
0017DA493D0A7790A7BDE6DF326180398E4B0DEADA5C2763825E43E05C388E184678C88CE6422606C017F030366981353DF03A753DBF6370879F79889DD0BF75408724DB53C5B0063AB6568D02DC47AE4627B58D7E367A6000267E7840C23A0940B992DB98ED1C4731B4FB4DCFB6D3EAFB6CAC7646F0335C5031888CD74E21
310
03380260AD47176D703960230370FBBF28813524C17FFFBD6288BB28E4F905ADB4A788B40B4A6201C1878BED224DE9906C4C79EF32EE679B9F5D3B5DFA137327320643909A823F62106CB8F9BFE4BFEAFF0FC7A6393EC7F64A698EFF8ACE31BA05ECE6DAB6DF124118D1D13F892F3D3530602E3F3ED3D59DFB821ECFA3D9AE
310
85B1ADAB9E328DE738BF55D5DFD039445AE76D0194180F57B15BEE5F09C07F952F9A10372BC894CF7DA12CF6507E2A8916E0DF430C519485C55D61EFE209912D8C32866214E121611E22A0B1238DB18E86636A3BFAFD5B4EE02FF1E505F902BDF424D0516907BFC95EF3A76B6B3872769D67E25B548F0DA46E2B93DFDFD5F2
310
B9E9EEE1EE1DCC7FBE6380DFBF38A165CAC73DF912AD76A4690D2B766A3EB4AFA2D05BE543EA20B095FB17AE3F1928D84482049B659E671A4763CFA567C08824913D37F2F92F841FC244085C1681225C04AD6DE1684831682CE0D6096B56101C0D4FB3A1BD3F11FC1105AECF5660BD3FEEDF162B0D9DEC6DB55AF27FC98050
310
BDDEDFF63ED14B01336053A19DE9AEF5F5D9E9D9F9E19ECDADCD497BCC57681922F327EB41FF681E17C1921B04FBAE371AC69E53F98183E91B84897A5DB164158BD1D12FF6F6BEF0E02847727BF2628F9FD48B6FB11DF6928C868B29590A0606F92140D0C08850DAA7DD8A5FE8A50389F61288AEB743E9C801BB67DBE0A7F6
310
4F63BC87770FDF57AA73FE1F5A84F8DD3AADDFC32087FBC0A7D645C327B97D65E7A8BBA76DFD9BCEE1B1CDE3F5F7CE4E6DF4013ECD7CB60BD1239E8A4E9A5722AD9C4FAC8F7FF17B214AF8801950430639A08E3ABD05A0D94E253BD5951C885B0CE750309070555FF21F2EF83FF53F4E15038B8D8A244740A5C9CBC120043D
310
A0B323FB1DA0A4EDA268C05A304619505000BE10415DE898809DB6B66896E60AE347ED3D6DC707CB7D5B5BC374A158EDC343D0EA61C217D4878CBBDC1D85686782C3CF4272E7DCFB5E9EF628F5A95AC1AC0C6848F5771329EF8DF2BB79EFEDEC8DBEC72EB7F245287FD4B31008AB38EA4D52F2BF57167159E3004CD8950E21
310
7DDD6F699FC763E9D1A0AECC701F7BD4430A3E030374066938F883C01DE40E7DAFD609345E33570F4CE6BE467FBD7F793B5AF2A9D331D86DBA7BF98067918F9FCDD609A0384B523F4413B574B818C6889FAEFC5E7B8F90CEFD62BC2C85B2478D54DD076635BE434FCADE68B3ECF1C8708E27863DBEC352D87BCC7A92A8E135
310
700CDE65BC114026DE5DB68275E656D2C0D4087293D43BB4C9C14EA83C0D806783B40DD7CD4F19EE9F33801F55A3F1FD600017A6CD5DE607783D5F74E34680E7DAB98D99F6E5B5ABC7F7DF19D8278322F6A97FDB2FADE1539BD945DDF868EE2B8B70D9EDAA45D1BB0A5801198CF1DA891540474745BF0317F8A3703E02510A
310
E94B084221F887FE950272D62D4232781054A87C58D015CD45EBF9B70E60820A2056E9D4D619E8494BBFA68B61EBDD8CF52CCBA124BACD4A4077E8420A7F36FCDAF661E577B792A7E1B7E337C7CF1FDEBB3B49F501F3C7366C1730E793F51FA20A9C3D2E9F18E63DC277449054CEADA36DA0807467D45F8A744E1BDED725A0
310
33868703F1392BBE221158220588F30574A0B0893D0515B0B7C404AD0E7F40C11D504C49BD7DA39A85A19CD7357DFC966E5D92272FF06D59CA5A6A1C8AE30E52F1247C1F1D78F81887F9F3E387075B170F9F5EEE4A7F5BFC69DF02FD8795FCFFAB472E7C88D563DA514861B85BD41594A75F5E866BE69471110A9F75C8609C
310
7E6BF6C7C727431EE3E9E3773D2378C25226E82C08104A57ED273FE0921D6990E02B006BD038263BA360355E8DC446A380F0BA35FA9945A80CF60DFD54054202F91897C241C147D59F8E0FC67CD0F2BF377A3463F8BBBABCFBD6833C57E214AC3F5AE9C2FDE88852968F20337972C7E04EE5658223008AE82D93BC37D8DDD9
310
00BD6B16EF221F0D4149045D740A8A215D4FC186C658E01994B8CCD317465828704BB630DA2243B3B4ADD3EA554A97408454148C04A1A0CAAC2E04033C04073851F54380E0BF2DFFA43FAD3D6B574F2E1E5EF6E5F4FEFBD1CA87C161FCBCF5C7AAE2F726F814027BAE10F79BC3D765D61D1803952210A9AA07F8C6BB2105B6
310
1145B324F96014EF223D4A9261080239F03FF6F4DD4975C183B887E081F7A467A25EAA0C94028FEB808637768B07400A8235D4EF33143253198900E079E3FACB0C59B00F827A5785A6FFE2FCF0C0E6F1714F11CDE5140D931D707950631F3DE877F300002000494441540ADFB08704E252AADE1BD4E8DF55796A32B9B6F177
310
37C67702E5C638682737286CB0E0A89B624D5BF28222432848C9AB8C07170C97B814FF492A61072407D638006F7C8400860444C01B1930A522788045633DFA9507267A3A42BA05925BAD705CDD3792FA23C1075C6EE768A673919EB6C3FCFE7629B7310AA794CC9C0D14A1FB88F95C845BF22543F57996E0B26C9E4C2ADF18
310
7F979F8A55F11B47BC26594C52588518D25E6C2B1CCED231EA1B748F093E5726A21A54C91EF95789041030C20FD5AD68613432E19A4D0DA2505B6BD843516E10BB00AF9AC315EE9FDB39CC1F9EA59CD88F9CD071D470C86C4647FDEDDBB1CDAB81DA94034747A779F4CED497CFF817348F69F52E55490840E48840BA72DB71
310
F3E84F6DA2F4717AA928F153DA6E4C7E8E00363CEC9A2E1C8E65F298FC4A52F087FCDEE5CBA38A80CBE11FF7BC2AFF249203FFAB77A128A001B1987BD334AD9B901890A8C2005B6B248196AD09C0025ED841325B31845032E327C531C839E66DBAB39566B631C2FF0A1DA5A3CC47E665AD8751B47CFE33899DF047C9F3C365
310
E3B11278D49DF939298E09002F6430F9958803309827A7C791048CA070061B7E9A64C557D235F83EE24822E5EAB805F9862F20FC58F483DC0EF02181F572930205107E00E523861895A2811309808F2B6C14B2AA579E893753C155D2F54302007E9FF36AC5FEDBCAD47E182D91A73920CFA5C18E01F8FFF4C3F1FF553BCAD0
310
E58DEF85DD63B91BE38ECE1A9FFC4AD4A1FBA30D462C328C5A0340DFD393D3D3D3C0659195C96990F391EFF4175213BC74C020922D4830FE215E76940962BC0713A3B82784C0CB6623DC40D6E1485BAD454F6892200B225096127FBD82D2B12006BAE2E329C771E25FEBC0DAB3B5395289D56D7A8A89081B34EE06F80F819E
310
FE75C67DEEE95D227E283FE98A7B9F1C97D2D05B4D07A469153C3DA3048EA68FA667A6D90E291C7D7E2D063E4D044964D055F2DBF3E31BB851AE9F78A0A7314F0AD24901F581D74A6929142039C65AF5830D1C809536CDC05E4BA51038F79D713DA930CF18BA3010E385351CF47F74D439BCBC793556A1F99814926AF12835
310
E251C59BEA3C083EC2B2760FEBDF4304C9EB87B35769E1EB24B648542CFA4EBA9EF93CD42F03C08F249A2C98897D8E2225E90077823F4A52171A61219998CED6FA050992B6B0A74A2220ED12123004FB977084208F8E2AFC80F456CB110BCA647A3A0F854085D84FE0052BE31FFE7F925610BAFEC06FC33F9931BF063F39DB
310
3D1BB20EE357F594045F4226131578582CB055A59A073AE0413989D215019B6EB8A21CF154D71164E0D8F4E730C2CD382D098DA5261456A425643686BC8301710F2C50665881399156AA2B4C3191BC555728384800CE10040F746A3D8A80A5F0E500A93456FEC52833BBB45203DACCA37FE1D3EE4B9BF0EC27ED47D89B8266
310
F11EA2DB8B5A8BB93EAEDF0C06B7AD0402B9EAC6E787365535AF19F15158308A9D9785C1BC1C01377F8C6B4D07B50DAD25649764A91DC9812C7B34CA98184084F7C01055466B48058CD44085AF26648520C85C41C67805462D8425680425559F4440F3ABBE1F3F81B1EC72708767DDC8FFB6465796C8FE310FEABE0C9B242A
310
74137EC3E0427091967023299BE5D6D4D0C6D15747DC2AEA4ECC57C72856E827D33CBD319D70FF854369EB841282F84B7CA4881447ACFCB257E252E00FBB3272120A75B99119840858486615636E0E0334031AAA8C08A62E080053A0AAA4158431EC727A084021D41CF5D630C94184F6FE7432E8F5F9A4FCDF3EA7CF136FC2
310
988093F98ED622E38E4976E1BF0CF49D2889E6DF3566719FE1F9B47A2D3BF89C69155DCF24F88C609EE551160F0415900B4C48FB013D8900A9192A700748002924771A3686A0A580FE4009E00ACC090253E280B90AC15048E047020483A038A60ED232831F2CC90498648690D960C48E439F18F4DDBEB0B6F5AC7B7B89F623
310
0243B4FA160A7B9327F3AD5D937C8BFFE5FF8B3A5E64283BEF8EAB9F71159514CFED62DBC880614AA1F7994CCFAE7D8C87057F451733699B8DF87056E1F0654B5021E38097E4E23221B810DE20559AD183A61C2C88A648DB096081E9801CA00BC1DA0124E08DAAC15FD2936905CA8DA1C40E42B13F1764E0C4015EAD7F8BFE
310
C99A310B1B7C0BCC7746D3C0702759C89EAD57122092122D1F857067684A578F1DAB7EAC400841F493A468113282FFE42316CC74C756B1C880FE78795C692813CF4644480EE9B02991BCA257A71861F00666D9410288487618D120D0E80D7773E2B7DD180E100EC98B221C94BFC4FF531A09B986230F1CD08378A8E4D0FDD7
310
D9B1BC75F5C12EAD7FF83F3ED19EB018620303C217A6A35D826E72ABF2D8E2BB1B783F6E48D2E3F360806E1D192085D022103473A10375B63853EC54F500B5B064DBC20945B88160DCF7E4F83A0200BF6FAEAC88E9F54D22D898E43F378D20B51B5D6B1457000922202800DD401A9266483029C0D6D57ED80D42A0E6E08835
310
F0F3AC73D7FAE6D56185F04FC44472B854EB7D9CBF7134DF3DDC35A9F6B38417DD6F508B37C1A718B0D054124176F7222F62DFB327F34D451799D56216880193254FF782D7DDE26C271BF38C6E422E271CE4AB8823C9510F021126A7A944E00DB4031D013C88EA0746C96D4574069BD5439C4110403B40020C30B07A604F1E
310
41D19C21A93FD9002DFC35F23B1E7B98E95E38387E3603FE7393680410D702FF9ED5A3C5E5CE68B5827D721FA78F3A9A0C08A79722D9C9B418F46C0057BB1640C70AA4A03D29CECF33987596D53CFB27B32C3BE304C540E14BF8464E080918268D254838C91A01F0FFB99154FD8A9C0495EAA6534A6C464440B4A71E16100E
310
7405088122A35F7A511DC003D002E6C8E7E15F6D1D2FD09014139EC11FDC89394621F77B9F88EB5A583C41E2FEDBC8F82334494C0BFA97FF3C3A34ADE60385B60E5A30CF036E5E75370BE3B83AE73B3B7DC0BB337DA0045299ED0C66681E4AE223D01B1BC3BD4C921E2005FEB5114739040758189BA8A320067B62A3995E47
310
20055065AC2B4A8006BF8CFCC907C0063EACE41813C5F017065AD46CFDC6FF1BFEE052932CA3478C8E5A6F25DC8503D40F61FC1B047E4DFFE8E84407C81F1AC7B5C79DA358551CD0D13785A9AEB38D6EB68A0A8087FC6543E7471082873CDCE5CBEA1EFC5CC0579469E225428E9A43D6A6000B4219DE52E8DF00A55F4BF503
310
5960661C2DB88AC1F67C2890A93FC420193C8326409E7B595FBBBA9AE1D1511B3F6D65B09AC10A71C2317201A603E88C56CC68C91279E83F5C147787EFE6C675F00941D23EF092920330982DF38C65EDFCA89DA98E8ADDECCD77CB86D85118F3DD9884820B1128010D02F1060F582871CC8FF42024C02239273A1CC3BF71E7
310
70DFB7E96081682803188118B50310BD620234F230B12711B063E0F0490FCDA9248B580D3D3DE944A30CFCF2A1E0F6E59E8FBEA289CCCC943785BB8880ADA9C2FD70F6A13F5418444E3A669273C006C4B4EEEC067827539FFBEA9CFF04D84E7F170480037005AAC8829084329899F90B5E013927F8E646514B4824B01D11F7
310
2C012CEACD163B6358A4454A4221D06E68A71062520649BF9E9127D0772D6E5EADED52FF216BC2FC513C7D3C5CC4C8AF009811826AE20203B076A2AA66D8D32E317DEE0EFC000FCE16D9E0BEB17C74AB009256C5D8AD1CBABBDA61402612C675FBD72D07E633B1A42F2421208CE01397560811204306617A5141706105C9F4
310
984C459F2D0F6C392FA05BED808512B0B9A8A9FC6CED89640EA347D31F0DF76D3D9E61E800FE9F7601BE4C9614A1C58E6C839F13A12D0EB426DE6386B82369A9E6A7F1F9146EB578A2EF4289AA109B4F6CEFEC0463E0072A05CC9DEDEDFE08407B173B8AA65399C80B2911252E6290C82CC1B8909140C11B7AE161B42B9390
310
5045D017E00CED6D27AAA15F2C2179F1E83D411A7020B9408D202381E7E5DEE5A9E7E5CDE3B186433F488AC81554BEC09BC579018ADD1DCB3D9D70F02B14BF9159A4DA376225FE43DA224FED327941705DA582B2FD1BB5DC0540667B650BECDD1D5DDFB0C7F36DEE2B94F6EE2EE4E426F20A1174C31DF153321A24114C4FFF
310
25E505475F6906D4149B21F1BD9D9DF7B059F8E0FD83323CB97991FE80EE131A9003B81C491B218B1D42C0C0D593D9D548003839DC29A740298B0C23F0CE14BB167BD61989AEF0B985C8FAC8F923A73F31953989F0F6C96CA6C4D0A9A88184BEDBBBDA3BBADE77CD8E2FFEDEEF46184A86671D7DDC51417477BE9F04804F30
310
5AC82C2D018A21EA903866A0F959FBD4139916D036635EE03DDB7408BCF0627A03027AD314C09B0A27F0A79490D53839D0DAF1416995CAB24101FA63F75029D57A4CBBA9FB4D120ADB17FB5A999FC9420DFE04FA670430B90FE7F589F7FE8D50A4B5F004CE5F07EB4EA007F8AEAE8E8EF7DB3BE2F81F42166C7246FA9E62D0
310
2C8209BA1024414C483498B50229FD923F2414040B2081390AAC353B5283EADA12A30B1080866D746B9ABF5BC107F33C2A015B275480759334B83AB02175EFD0DEC785DFC505E0064F4EBA5A97073A74C5C9FEC97BD25D819E28AEE661FD2732B8BBFB1BF13441B3C1F45E8AC1752BBF80C113DE960E0AC7D9D02C58C80505
310
A19BA0E84B14402601A590A4AE00A825E98C3212342302EE10FC5100681F86834A2804BC409D70270A2091DCE874B16BE0706C974EB3D26EFEDFFCA6C4579AA4DB781708469F055532A7046C6BEB0CF39F3ED2EC4FBCA3D00EA91CA68FD2B87B5C191E0EB2C300F00A1C9881F263571C6CFD83D079D09F176FAD839340CF03
310
0F70458F81F09AEE1329505150CA0A00576B56C06D58070B23086F685E44232D9D53DE3FC3731044F286D19F459351863F749F1104198D6E14BBC68E17CAE70D7AFD958E350BEBBC70C9C4DFBA075240DA27D40AD7DB063A097DD3F041EDB3E4B682A7A12A548F3393DB01945547175879989302521EEB1431B08759B632B1
310
74E0F700E774FCA1BB83F95029ED1A084288C8893520E49415E00DA080AE8027C34206D35491D050A4C6B080F6A20889A2FF82379AB6234F6710C05F9080ADF002B9C9F9C583AB220F45D618D7E7F7547FB27CED8A8B7A7D24EDA4988B0C1C2A1AFB53FDC61BF3DE50D63C560F0120B0372F0839DDDAF13E583B868717C1CB
310
8CC71D1D7F440CC82184803144196EFD58BBE00B7EE77DE8C015942357FB06FC906A5E2B8882CCF9FFE184B0035A5CF186A962A63F84B3AAEE3D5A2C830008807568B6A9F424086D2095A3E262DBF124350082C4B5DF4704A9D2C93553DE47BD6766B69349610716999FA25854F759CA9792599D3837ACF6247CE8597B0F96
310
0FA3EC45B61715050260C5844FCCFEC9666BC71F875B17E3BCB4CB151405D7D08F846B4CB952248B4603CC402B609E90F0044A007FA800EC46D07A51232B00E5683C55D5096E1374DA4FCBBDE2C25A5B8D26008227CA7758033D7D70DF12CAF7F247939F93F1CC63047D63ADA0B7CC8771B234D8095FCDB577B586D1834062
310
035670E204B245EC093FCBE15626C10D210CB38A13F50E10A0D5C0814B0C4B30AA9858516001669002229618F100767AA3D6D2528595FE7A398C2D2300ED0013A0AE60B91644A057327BD3C36BEBF48C91279B45F8BD145494674AFB211A91977CB838DF35DCB3D6D6AA2FB2784B591ED785DFD7DB77747DAC9D2F7674810E
310
FC2895F9ED8007EC7885101679C06F21E4B1C8A6120956F80518D1DAF1717BEBFB5803E20C6F2A11B2E48AFF4AD2810A70054623E341B3D1ACD92DA91150DE631EEB2C28882D092049C0DD38E262A7BD6F98549930C9D44B7C37028AEA9F8C5628A2BEF5704C0DCB2B428181B1BE766F43014498D2E57791E4C8DA6BD2ABF5
310
003F0C40202E2E32EDFB02852D16C30B7F646B98FDF86C7891690043128B0A0DE6B4EA27F08C30CA34C9D0AA0852A5997F8D11A6EE84E040B20472020256F4AFEBBB74E6705A12083B249089218E6452C8E5A69717E904A3F5EF3D5D08EC1F4D4E85086B238CFFC11AB9AE972CB775616C6D1DE04DDF073B4DE3747C41FBAE
310
6072901CAD0237100670C5A00C2C3CE063610ED824826C1F6650700E88C00B62468903A0D71D3A390255AD7040048348C56C4647413C2C2561216E0C469203EF06A5B101AD40D0E207F78B124747DB5B4BBB4E88B1C373C114E0470B345156EDDBCE1B4DBDF81DBC400746B0B54E05F693707B89A5E430982C2AC7D10DFF11
310
D5B102B9505034B35D07E8E5F585757F088B390F2D4C85CF7218E8418BB4F25B885053D07D5A908326809F31D6CC6B77CC948413B28664484439D118DBAC27DB5AC40C1AD166F25E6A2F0AE82100C0BF220405323E1FF80DFC518CACA8DE1003F3C9FAE9C7B2D60703A0004F8EAEAD2DE0F5485452D15B77B4B67F4C2403B8
310
D8F9C533558ADE058A9E177A1698F75DC0EB4C800F74C0270178C8579C1FACD025F0560844502D2BBC01E620030CB93636C1041636A693949CD80139FD15BE107F905590A292840F8860706D07E2970A2F15E5B13B87C3143CB2930374CC46A6F9B9D7A5CCCC14E11B9E879A49FBE27ADBD6DA82410FBB94FAA8487D61B51F
310
4BE0A03FD08743C31020D6628ED20305A22C2C2FAFA7ED1E7881C438AA5B9035F20759E243C51F34D0D5F02F11403B9E204CC1686C0B6C9000470561519CBE1B0E4FBEAB37A39EE4B84C05F023858779341991F36D9D9F351E7BB3B5ADF00148D9D05784F9AD8B037D48C01BFA83D4247F03BB768BEEF973A14E610090D4B9
310
6B1EEC5C5E66928F28EBEB6CF578B067DD83086081579848E60DFC7684044D8174993C39F886043481F6A2B743B18749E52447CD4D230513032D20D20206E536E15BCF7B7D211634F98FF9986287F33F9A94615A5A0A7CACF8DF5DCC1AC6EF9AF1945EB78E0A2FED1DA2ACC00EF983F9A012260BD722EF61C9DBCDD8719703
310
ECF839029010CA0B9F100B1D2842153E01A1A3837AB579516A31982FD2908A09100DAE591016CBCD4B011A2F4DE299E1338CE065DC4841BF9895D8C81714800CD08F5AD39601BC929B55D291F6CDCEF2AB40DD5D98F4E6F107C47AEE4A09A079C05316F479DAF4C2BAB83221BCC0CE23FE3D3D4C7BC9AB673D89A3677D6020
310
F6E182332028012FA0FBE0B2668FB85485902A8E7FA0BA2105C213E20BC2169211A4BABA7D693C3F1DA961F203694853137073AD5CD25F1C017DE0477626D7BA55B88F83B5EE513C41D814639FD1BF759171F4577D3CAB0C3DFF68B2D3B1F8478C18F67BEBB2598FA76A4545E9E961BACF657E0791D2373030E0EC9FAEDD17
310
BEA7703A738185D08236C407448A4CB504CBF01FF43859D3115488EA01B55078000DF085911805790DE1B41B6F8CB2889C3834FE02AFE07D85143C6C008438A944EA63E047023A7EF37E13B0903AFEA7BBAB9579330FAFDAACD540022980B65A75FBA17D388F1E6576405CCE7032D95BDA420E7DC0EFA320879E5F8B3B04C1
310
D2D9C1114210C19FCC49DC6A855E12010184DB8968109ED016E4683CD552A36B3AFA13BFC2114068935A7E774CD2C7225642B73325938052D8634ABC18DC9442BF9E0402E85B42F9F3273672DA8E8F1070405D1DC3248487574CD98092B8B956E6AFE1566530B78FAE05B4A0DE51FBAF85DD075C7E11939F80E015A58D1F87
310
E400CFFD2306C4D1D3C634380A201545A92BE01F445800BE12302AB477BD6F62600D211232EB061448A0D2B877BB940D63D059C37E0569A83DE93E214F4BD86209FF6F479C640AFF8AF6D1BFD987D029A94DB7C329B4184D4BB013BF912FB88FEEF913071A8D82B651BC10DB067A7EC52FE1B421883144C00F64FA23A11CF7
310
08BF16CA59F18D4C04B8085964B2D8DA4A855187000BE440BC816FFB13374640B0EB1D0998AF38A1AEF503F14302E2811081FC12EA6CD38A63B33035125F40F170C0B0AA45E9FCA38FC6D688D48563B5C4B4B7C359D3C7AE0EFB16ACD5E2FAA47EF8307044B4EBE1C71E84E742D81431FB06B90B600B9C239E277A57C94C42
310
7EE10E7826980C0136600D916A06058CBE8604DB4D314FBC014EDAACD0820F14BF75449B70339490FE5A0491221BF95F949DF1235380E969AABDBE2D32EB4403D3FDF17F42F9A0A7C28ED75BE86BDB7C7EC80C76F86B8800F77B305EB88F00A4352E0F8089EF811EA02A3DF08F7DA008F803BE4B4EF5F41E56087099E92070
310
8C3D720916444440FDFA013D4E1201414123A09290F5BD7AB729298209C4306D007BB0829FD4EC3A6D7E4F00B67DF38CA0764F832F0448E58439B952CB4F70DF964AFA74CCFDBABBDF273E2FF4F56D3DBFF2A78D42FFF2755DF307066497F44062AADFC0CC546F6DCCFECECFA232E14F408F05477D311B683A35BC245FCF8A
310
5CD2AF20022C21022266905A5BCC8B20235D6FF04019CC04058AC80023662E25F342063165956320BE50370F2A657BACC817DDA3DDD3EFE04028645780A768FE38DBA88BF2EF3ADADFC7FEACA952E5A77568ECF0C971DF32BF1D24F8486B22A649EC81B1B60315CBEFC026091CA45F858D7D04C1B437079431E63E38F88075
310
8842E780A9E03791C0FAAFE10012588C3C592FE35461A6047802BA18686887023A422A49599399893103942CF6DA53A8E387825FA0678B261F139F801E2B17C901D0F5217E07AC2401A87D0480F753FBED44FE949C93A1D042B879FCE499B3D861AEB23F9C1F372F0C24D0B7D6E70FE1AAF60F84BAE642D82F0A9F53E22783
310
915518494FDBC0AFAE7DA282E5050B703570E06319A015E00D693A6BEFFAE493941C3B08C13B96BD20D0115A9565701DC58568A3009DA13E965765C03091F0FF339F7309D44F6E61F837F1B1FF920450EB8FC48F9B40158BE89C81A597CFB0DAF5F5755D3886DC13D4479599B583758CBF35663AA234F133F91D3BCCFCE0A7
310
94367F385C59B19431780F1C099131384056616E15A1563B50021D369C593FB292685A68A8B2A50A0A2085CF05434617E05FC24A6B077B990014421A68401AC4D65788EE25F737EB780D08A6E38F060F2ABD889E1B889C44852C2FF368C1E3E710D73B6589EA83F7417B341ADA1F639A23D15298F087AD0326410E116C3A1B
310
325218433C71AE62C07C1480F1C045629724A076A4BB8D622D24690486727F56108D07046DAB065000678E04C4F8C342DE27F4AC102D854F2D08D59B4ED0E4F697B0FF62F113646BC5B7F3131D4EA8BF8B265EA3F2026E7061B96F6DF3D993276B2180B8E57067587428579460551049049B074CF8B1066C7E14C705F0B392
310
98C0997C17F701097023BAC31081390196801FB0C2A12380042927503D5A01CA127F9841B460310639C674BC8CDF1A320501448E0068905B07F6E5602F8C1F07786253438CEC51AE61FDB25FF71B09893AC026A9EAE3F30F369F5D5EAEA5801FBAD3C98B38C13EE017B054F81A56F05259DBDA64FE270B1FC4C77200FE276F
310
E814B916E222575ED717A62A92956504605268408CFE13FD61F84252228376060206802B9550F00B9D47E6AF1022538A752CF4FFF1F5931384A9FF8700EDD4FFA2B93FCBFABB3EA6C607FF714B0B8B04EBBE83B52B246092AB018C0D0002FC490849F1E214AE6FC42009D6D86616C835B65DB9862EFC4480C14137603C3089
310
D0A5588FA27E693DD184131BA4E88C35045ACEF1CDE1A82323C20B842F2419604821196EE8185BC834AD44F8E9B7549A32900196E9ECBBE20FFB4706861AACADBBFD9B56A23FFD3AB8BFACC18B1B5AC0ECD7B6AE2E2E9CCD2BE8AF1B1BC3A813B94107E82DE67A42E7CC7D4A6116700B5B2EE3C338A09B840F07C40A64800D
310
7C605AC42B72227C4C7020AB1F20056E26F542717F56534261DE3766AC10A6ED2D006DD03BA9DBA507AE0510A8B385C92363B9154167F1230C40D76AF6F3BE0CA08F8BA2FFBBCEFB09D0986550E0F0EAE2F2780CDF850CB0F88CFC2815FE87BD83909F474F45DD47F1C821DB2107A8817FD45384F57891B65F2543D0C1E20A
310
89B4A8DF806862AC27C60F6A054627FD344250718AC0FA21CDC4E28DBF2650D1B39D8B8A420C348A4F846E2BE824BF8C45E1DB8EEB52F576F47A75FF95F90FCE0FD3A7A08D48D5B9AFBE3EA658E1676FE3372FB57F0AD8D70ED4AEBA3D4C2BE0AAF1C3AD63A6004D12900CFC481A47430C9EACB390038642C8C41B13303166
310
614210592736B8603AD4FAB17189DBB32F3915F0C380795A089A15228460BDE8E52203527D41B5470901B088D84FF8B3FE2BA7F4FD30ACAB3DE0B7E2FF95807AB0010FFDE3A048F7360F9F3FB9380EE537F16F8673131325D3351A3F664022020811A0FE8C019CA17370725CBFF64132025DA1BE2555102212E80A907FB43E
310
D80A991A8AAC183932C19AE17524B06590B6AD286EB99BAD18FF4BD64BAB519202F992A963648ED30E7521F909F090C0213E367A77D8836BEB6F34D92EDA624183070248351F1A079E5D3E7A9EE81F2CE6678F92E299EE312B6C0572C0A7B5EEE07853612403813152C7125E2022A20C18F855DBAFA399817FC97FB6E1CDCA
310
31D348434ACD0012F0D32A5456B4007E6E92D72B1A4E9971223A42C1042819E4049C0C5801300C0013FA48F8944FBAE71DAFC27F1826FA2304ECDF3F6C10FF47D5C7E49748DDD687DE8E91C09394EE0682A4F84CFD6067EEDF43E67EA46CB2F4070160439245F00343D03BF25D7E2F26FC400A896DBF19FB8D4D0A66DA669C
310
3D608F9CD048A0533621B25690EE19D5D15248E390F042B12C682511B02BFE3E5700E4C9A9B2107A8F45248FA48234FD23005ED1F4EFE80D1320836F04003BF42856D478D1DCA3ABEEE3C68F9F30C3A16E5C238EA5DE3FF37DACC2F8B7980033F47FAC34421EF0418A045394802CE032D61C70023D788136788613887C0011
310
A4EA316E005718AE191F8D0D841B9C679CD2FC478442D005429166F5A24403B1E6ACF3298F388B6D0BA933D92339D48969A5C11F09B4FF017A9900A4F887010C474717E10F36468032FF33F4AD610517777104CD920C3CD15FC5F3B3A0C75BBCA3B00F2724863C10BCD4A0E00736C7981F2F72E4B001438B99714FCFAF713A
310
2603BC710376A1715FC602022202E06FDEBBC680A3DF1C4C095A12C50B554FE7623B50374FB2129DDEA4C392C9188077658C87F55FF92FFA507FF03FC8DFD3F31BDAB46DD51AEB03F7E1B38B8B87CFF47EA1479C3EBAD5C6B382C221C0F1B358B39D76D9D3142C4A20935F541E492E0EF081BA41B3620A8E172B584EA14856
310
32E22A8221CEDAC6110AFA4B6D43E2B76A18AB240BB24337721C9321D2C033B2D3E2641A55A400A28403C12D1DADE39AD23FC5FC08C47A64DC3FF6DFF76B5235124022D7E6D6D5F3CB870F9F31C96FE477FAFE54100068A3A87FA5908A2C08011CF31309C10025B089FEF9C510522B8DC07C30AA469841723A10C08E27F00F
310
7FBC181C083F2809EC3B2B328E294AEAD5A071B3A95C81D2DE3F930372D022C9C793535B92FDAD5426E90490C3C81D000017C6494441544698C416520C1C40C71FC204B22448FD9303782FBA67089A1A7D4CE38E89050FEF5F1E078A4DCCFADA058032C34C1CBC2E1202B1F8962B1A8024F0EB7A11F209E96FB369D4B64202
310
FE7BA230AD24C46413536EAE955B341B726C593B5D4630C0BE822480908522B0D85430230352618DCD4F7BA6D568BF4343801480006658EA3EDCBFFA9702B4FDE9022163C43F9B72B58001A23FCE6F0B3FF0E4E1DDFB9801A6FC42FD0132CC1F2224F89933107AD30B6C9131A53818AE944BE25A70810821C38F098411980E
310
46D108F483DC63F49B91B852351604091D60546702F58A3872A1716411B642C7629C267E64E77719F46B0548FD6BFFFC86A38DBFADFCDF700228C124C8664FAA02BFB1F92B09800876FCE4F2D1C3FB4FD0A44E0106A8DB8079751CBF0BD9340066C3D52BC64706467C05B5A54401BE4A1B0132A55EAC1CCCB10D378A3DFEB9
310
812022327745EF2102886A9142C812A1A2C9708027BB55B7006357459F9C2080E0BC34489FC629510F3017B62D5073E2A2C64048A0A42580E413BA9E08274091A398EA80B5BF31C87BF5ECF8F1C5DDFB4F22AAC181F070AAFDDAE5650C4000516440D8806786D874215149E69ABEC43FF0EFC820FEA112B0522003C84BE03F
310
B76623513B6D840820358B084119B0CEC8C00AE888826339A54091F5FCA513AFE147975BB1A86FC50618D9D74502F0C7C8815AA306602FEE3A5E79E0D7DED1B221001118B73182CD439A092FF801105D1AA14E1918EC282F6260869D55108065988BD67F68E5581720A708051F7C8070F582389C682BE53F2AFD85853F2A01
310
3D21564028E06E79B7A71E43212180A81541EBC88F451E02385100491AB0C4A3BC5309A95911E66D04C0B448366988ECD204C2FC930F8CEE8FA410EE4C25B58DD1B6EBAD83F6196670F7DE635282C0A56A851AB035831725F0471A10FE52097089C80495804100318405F0DFC2136004B4C40705EC9154315129205EC35793
310
0035688F61AC02188250CFA9A980233925F16A117A48CA54DAB6400221976B75D863330942E20EE3B00B08FBB71AA813B0E502FD2B023DF70114E0D7DF2E2EEEDE7B789504200112075478F2FBD6897835C91F0C20782401E801A2F9142700B74805703426023A81CC0BE88B537D0003E0C5181D29EB8D83050964DD258091
310
0A1E7A8138F76253DC01DC2F3824391AD748276C0B0CDF12366625D038603D0003E0266CB42704C8CE7FA7F11B4D59C0BF454A78F8FCF1E50513715D469607031272358F04E0003C90107223A581218F10008B10247CD20D860FF0BF48801040B361808148714764028EAC137E871501EFDD97C89B52107FF1235B0928C562
310
530082573CE137840EFEF82A0BDC602736C595912FBEC69E6A3A26903B3A300C5A098A9E3F1810CDFFBA019D97B4E7A7A075850F2E92569BD960CA7B8304995FD006FC4213BB1448A6F4BFBB3A9F9FC4962D0A1369129B10073771FEDA38B1737B663A71C088D8848027FC3008DAC4E4397A6F76271DFFFCF77D6BD7F1F67D
310
A51E0E08875A6BAFBD6BD7AE52CC04A0B4A2206F650EC412841A48258258E8662C3838FBE21E25172C2A15A4F78D82DCF68A005DCF07047C183E1CE47731BBCCB5469D9169E0D588945BEB637E87802A03D88FB82486210D28FB3B858D13DC7CE75F5E6F3B03C1744D30CC58C7C7A256146853A05243060B850072A7010CA4
310
7CFBF9A1E24F414037B8781E8E9F219A774B36481CB43E48A79819D638C8760D672FAC19FB9D3FC5EA9158DBD0159C27860409682E8FF2595652FE189D2CC2D7C023E944158355806FC320087CC74116030CC376C559C098B93A041C5DDA48AF33827D2327DC761D19C17CC62780D82A170E6CE7415A5E7FE825E053048F88
310
D2AC2A561CA4D4C60098DA28EF1A01382772484698F60C8DD24BF396EA76260542810A625978C03580A9CAB91D10249BE579B0377A3DD15749A45F24C4D81FF3D7D7996F6A1690288008C0FF6CC186DA9D5FC95BB09B1301004B016E707FDFED306A1BE8FA208828F00BF342186839839F1F6FA338DC5A0200FF383DE92614
310
C03A4508DA18F4D85F9354F7E867AA77A42FF49BBE6757A1A7454448D0BFC3C220714FE43A3D8F1547BE10F0BC5A05985AC3C28829A06FE24CD062700601F4AF12AF99099B08E7071DC4626A97C920C3FF96E190C9D1FD7CB6163E800D79E5F3F10A9306C02B799E80F1AB380E0571A584C0370A220C3125000B500900D96F
310
EA40409F980E2083E4EDF4D8D2480AE5667222E020BCDAD4EF19682120818FE18EC7FD6AAD67C03F7DF1955E697456F517AC4F24700C30171C67E9168B109A4F60AFA60F98BE30941BF776DBC7C70792A2FBE98AAA97224F8BEA39B47BFD14A8CD03320DA2B676E3AA397E652E30A42CE2987B7DA1EF7F75242413800A04C0
310
270C62A13372400B435ACD84B8B5009208F5AC73EB149FFF3508E21C2201E0338BE07E50EB47E7FF6D97724A601028C5519073E7978EC88834410450E074DD58AD13A4900103A6444A9CB99103229F0EF8C0C78161EBC68137240734CDCFC349807851E0EB46CE864D2E405ED341B71A390CF2DE20CF5193189E1901E866D0
310
230409684B193D17E2928534D04240937D3C84477494FC5E0FE0B448E35AFC19007926C1C6A6E622FDB8A12E30993C6710E070397C4B26304C0AE38218D19F01FFB15BAE1C0E7E74DF75F2406E373C414E848FF8E500EFAF3C1029C9C0ADAB2313A7426CA9B2C1B9E30032C84EF31A09A88A386F136E8C2F1D582EA0459207
310
015F10F1F001F0B1B7DF7222011EA2001F00BFD36BAEE0850928B08C077030FE3806C880EAA74BCE0863A952812E6008B3A89199C1EE918AF96AF583F1A073B0A355B9D861AF1460DCFB3BFC6B7EFDC834B09700CBED3510E48DC7129041C991F06BA5006CA6B5B34EE21501374E8DFC910042036111EC9C7CFA1C05D48A72
310
70F7F835BF04A4194DA4CF76CEC66718C84CD020D04C412AC848F03E3C61A1C8D50D0EA6838A00376054D3DF61A0E393E1F8B058A6C994093476D601A4A06F0CFD3C0A6BFA910E75CC10400A80FDA93AC9B5EA4303F6C0D188B559086091CC5910137772E14F2376D03181B5CFE74C0EA38440D0AC256D6C4D104CE05302FC
310
C00B60B9CD4D71E08BD40C144A025E60D4C1F45FE846A2105D717EEA84808A5DD90A168E133640311CF05DD870768683F5D2F1800F485AEBE5CABD8FFA3C0BEB33702493AEB551B1EB035EF5C8E5757FA7832141F88E8578A363802B560007AF93D7D470B478C4D00B412D634C9140C4F9275C00DCE8DFE3C7F8C0AFBC5B2C
310
E82E3C3BDF393D4375D50C43CD1C17E3777CD2C170725B7B42B41DF15BFC344DAD089C1E9118522B4A2C60B794E4E8F33081BB7C8CFCEEA0B2015E49D586429C6C78646180B7710E06018A3082243C275F077FBE412C17DE80D3E6B9462C5204C5D980D1DF84A864401C483CD01B143F4A4868087A0F780F37230200A4FBF6
310
AED325114C367C22512750A5C7C3E32D545CE20A0904183BA10015DCAD89864B3E1EE97EBAE8B204266A48E010511838E2FE413FB116E60880C2D8440AC3880DDA6DF6618C138CF1CB2A09637E18D00F80CB0DC05322E31EADB8081C29410903F06BFCDF5AB46024E4A75828056440503C707856EF0C037623DD4922A400E8
310
A6BD75E4D2800905F18450A00CEE88860C8964C7B3F90F56528BA18F71CFBBBCD2D05797E168FC37DB26DBE0DD2EAEF39686C18440820013C1444055402A541400DD362A0A402F1FE51246404E098249FEE30708C10CA0B54601053159480C00BAA9B1223A773234FE72FD5C3BD81804D8D196FE3D5315A0C981D88D04FA01
310
DFC185CA93F9120E1F480B08063364A0A318F08DF95056E4C91F1150D31B011200383502E079EE43CC18603AE2F88FD139C802A739F208E88D06DC78267C448C27C4113C19B0F51B0E9C1C021CF8F9167C6B1F2E10E461002910105D1042792D1CA303F469714C018C23D72179E165049C40E801CB96CF334562E5807291D1
310
E0C70FE6CAD91656715F0E5C5E70F8D7F83290549B1BAA6F781D25180EBCA93EC84E72A74081CE3020789B3790E1A9E478E658C099BECFF01E530E80EC5FE31204ACFF70AF8177A03059240CD074978A002A878BF883FEEC81DD684E406CA630ACFDE87292822A11953710F000885D6F68A67ED40CD772B0828359B753F7CE
310
23D9479AB9845771B389D6A77130F8C134EFC83947392029B10E4425440A84AF0E54825228FC1634D369874739C837A9DDC83C20D320C36042610ECDFA750303710224D01202488012CA847424F8D53F78AB6BECE9B3B35A7F32396AC6B7444566327DBB4DF06FD9616744F4D3A397EB3B0A3FBA8D763702883ED742FE5CD2
310
4146D8E353ACCF811C806AE09914D8446E93840FF4D6C963FF32BFB6AB015D1D3B0C9A0968776F021F21404B6260CF84A14F35180CE20B5E85BDA2EC91FD5A7DBA7E5705F4F0F97AF26CE18E3BA078138202400A62930FA6CC7882F911A92F33E547E64990B0F27323D73B6222863F86425153FA8009361C675554C25382CE
310
148420C8DCC47A20122806CA178A0918C14CBD33440289078A00EC6070184CA9907FD0A1270478E0B325B67C2193694EDB7DD0F3C238447C8A11485562FB4902134E6AC952FD5320A4F7C780882DA9684285CD81D278C0E8FF8DEC9F45D22DC3C2CA99C2728110888799575B6834BF22B0F01EDE72D7F21B672C40F0A97299
310
9E2200B7C91403F9BB3D09C01990819238CBAE5E7510D7D57450507E3DB04AAA0A3C280064E0775380C8C16EEA4834346A04BF0CE847B4B3AF760D06D24BBB267C32E2C9257DE5EB748AD101AF1FD33265E2B674EED8C01A0AC901392211011AC810560F77778E85B13BAFE3E25C95B70919A4862C15928BD8989664AD8638
310
101D009A80F00BDC41AF27602A4BDA0C077E550048E7F1011410F01405045E1C140B4D0E70E0F6E034171C3D6FD12004FCC1FA304312518910356628A4A326EC9ADF5DFFD1B2C0399503F14B4F8E3E0E4E39A06ABCB56A8014687E86E462BDDE5124615ECDB412B7314F62E6E0C76ADEC0F717B360E741960104CF1706CFA1
310
8E0605004B01AE007869B095ED92144A807841EFF2811C047889A04901C809062057192688C92346F97F279449F89B113500BAD282D1DA80A55C27EFFE02C8D4F395003F285B617BBF0831F49B055342DDDD414378E8888E92C16789F269A27C9A221FAA4A0DFDDB9F935B2ECC04DC51481558A69301E0460B02665AC4DD30
310
C03D480866C3409400051811876014C0F294C542821AB045011A3E3F09001FF304E3A0BED05CC11A811B865001769507FC01ADC611F400CF68C7B093606E30F3C7E0F00C1D10C31951C1E2D7252181DA00345842A19130715C736EC9ECE686A712FDB31E4D3E50AB336E5666D7B212C0113C4A4406029709B43D0228F3FBAF
310
49921B19CA0C82A2D5BC4A2079809240F37D3E10F9637607C3983F0458508A98B8B4EFC92AC13530180CF55359500080061DF59B98BB3FEACEE881DC8127F182A885A86FB12B43C590A4380504E32305E3148BBEEB2D2782029765428092545BA5C2C681FC5F8E869C0EE1034A822FF09A12C94084505AA868080303473F81
310
61F7AA0A6610745E280BE4427FB770106F8800EADABA19F453210435BDB2348471B13B65F2FCB554827632C4C44467333E4127095D22092ED492009930413251B5408345065065E415266E20279A40B3F520370BE2050C8360E6BB4601C1673B9BFE007EF5200B6483CD195400A783E6DEA0653515B0FCE8E86D1618FC1EFC
310
15C2E727F24F2A2DAB57326D8D0877D4E298894E7A0C3C7D9CE8A0E2D17AA2020FA1097D6372F2A9F955060FDD467AD0426368C24A8340FD0D6687A76316DEF5179ED9042005A2BF02A5DD810A4DEFA4A8F700EFC50FF4FB8C06410F0303C106ADF8852ACC6A2CA9046E9ED070739339857222CC009E206479886EA26227BF
310
7A341A15C351A8404A6C10080A2140FA4B4E8D9B9A11645899332363FD69887F436A660566964250FD752E787B64BCF8E6C8190DF8EA0C854C062D8A5A1346F810414313E606ECA0AC3A01D6928544029D5F42E202C0CB386F880F7842A31287061F32F3CBE09F2950783394F2F2B23D85386C6F51943E99DD10C8A0000BA9
310
569A14805693274BD0E4F4DC3F28E331EEA91C4F33ABE057889BFB92819187840A08E57A276A8BFCB75B0342668C70C565C8059996D209C2800941A21FB82B2F520BC2E6FE6F1A8827043DE17000DACC8193E78BBB8DF1467978C06F6AFE986123E3A95272CAC122046F4C65C4B88FED2F1CD1D918F7CDBF8903BF1A90057D
310
42F4DC133AF804ACBB58446A0DB78806FC053FA1E45D0AF1112613CC0DD976C5E70AD3282F42725C0D02AC8588DE451B1C01ABF063E7748A3882F0DD484BB78D037F9812240EB88B6034C0AD53E5116D4C6D920C6A89F084E6D0598AD7EB6930CC7B293E27A666E5CDFE9A3FA52FEB3C97976FDAAE9A60008FCA6B33099CF9
310
880D35D419FC687D424378E3099441E110C5B3C6DC311E6653514A67A530D863326C4D8430E0C28024803B5B069B0E60C10EDB6DF087034171DF01F1F3404B27B1056D8C0E56E7CA6056E7798147BE4C2F01CED5987E413AC6A724876DE3F599E0601CE7B9CEF3BEB3671E12DCE8AF9631B8031D3F360B6955DC2342B2A0E4
310
632A00264C0DA002220CFEC3E10D9BADC8904D88DC51928593AA16C91DF6FFF82B3234404C7214D0F8608E0052283EFB2B0563F1D072936C4017706010BCF1B16CDE0C1FA9C777E44E1F5259B0C9BBC8794A82A6C182A3AF56B16921405351FDDC91B5BAAA617860E8D76C97C377FE701A4EB4378FA97C2C8E3CC8950886C6
310
FD93AF70A1F5F676B7ED16CBC56AF5D09110EEB8607CC08A795882358280DDB98AFFE7087C6EB593D62F041CDB4018935238E73F1098100D0C8769818F777057F64C703C6530E142FDF5C837AE1CF66C94C4887D3A3726AB990DEA248F73B5D32C8E04F6714B1E67C53FC52040252E605B322407CBF8C7F05453462A295ABF
310
4D95592DDD76AC23512E9A2DF964715C80DD752CA8E263AC36F02C3C28A133EB22AC8D099BDEFDE28C3E8FFEE3815D5D00C17C00511058354D62443C1A546280E43572A9C661A34FA5891F8E7570608C8DF21DF51DF9D2A84D4501F41B8CD4F4C9DEB2F901E810C0E4CEB6EC08DFB06341C864CF8D0EEE779A606545E1E64A
310
AF30A4324C20FDD3BD558BD966BA994FA915CD162B1978642AD01694E533EC190368A68234657085B5F88E27A0805E04B8BB6A00A51646EE3C10A50FF007FF410F1963CA69BE2002F0F902E701AEC995FD41F83A3F0C3809A3288A083003A6CC2A20E6D703EE48E3777AC07ADD51EB6101603A9FCF17B3D5928F6D742EE7E4
310
CF38AE2B03C5FB39C81D7B2978FAFE85AF3D2710B0582C970F0FEB0E4D1103B8BE2B4D560CA10002FC8F334C891C07B44FE06B2E3ACE5E1E2D1FC32203110ABF9CA0E8381F68EC3C06701328E5A38278A5FCD944CEA5283DA933DF2A2448BD23F1C5D8BE04CC2DC3B43B3EEC29F8B5FF926D11D3E97EBF7FA1BD1E5E5F5FE6
310
D3D972F548547783146ECD84873F377C5820F7F9FCE5E07378D6CBCB7E036DF7F7104079A05B77C6942D1BA95D47424BFC3DB6411009A42E207871B7EE9B06614BBD20F22F7523FB985F3F7068E37600273A3ED0C1CCC380F6EC4AF01CC1CF95E4848B7BF950AD14C44F10460221E02D21D01DAE800F323704C00035DFE97C
310
B37F797D3D1C0E4FBF35EE1E5E9E0E879FBF3DF6F474780A01FB3DAF01FE0C0798218007C2090A3008BA7682A338F4A8804A06CBFE6A80CEC766F49853F15B2F45FCEA3F8250012841315016E75E797EFEEC4ACA6C79F515CF1738F7C36E2406071051043817C9E8C5888D49D0332E800062FF54FA562BF7446CC0BFDFBF86
310
03D1FEFCC9F7FFB5A7F000430755C2D3F72F2D02A022820897ABDD44594475BDCCA4A10AF34C06B08B4AB58BBFAE30999DC66C7CE903A83CF8EB006EEEAA063430F84B05F0ECF644825F5E95073870E72A0771AB89B080022A0C5A9FAF34C89286257FB7BEA000EC65B59750C68E0815B0D9834B15606328F80709DE09018A
310
C2A7817F83F96DB3D562C10A0A31300230CD4200B87F85808BAF64D04600254047F9C14DE93464009E7F5AABB4FDD6D55142A2C0BF1541FCE19C20C899BF4F76AB54B84CB97F88F48ECC029FD253F0C70DF4816B9AC94BCBD653B1A283C4001A0337955E4AFED3FB790B6B1F5EA0B5514074103A38D84280EE0F5F9BE974EA
310
B2D16AB1EA969684B6E4166CA28264B300474C7308D20013B204A65F82970718D05678B3315D442E1C0A327E2F56556040C005D2FAB1326A68A07507C9E46A3648555A7080F5F50219A00E6222E3E0862CE95B5680930530742F1D041805E69B788161F015944D041182B861A2C17F3AF01CF5BFDF6C343F9171F5B004BF59
310
C016719164B888EA206A02AD05E8464D06B48E4381A0E9345FD171625AC22198F57C003BEA5510F81FF78D31C9B033D0030000000049454E44AE426082504B0304140006080800ED7D565951464CB48900000043010000360000006662782F31444130453131452D383131392D344643412D424632392D3444423642313937
310
383832362F6469726563746F72792E786D6C9D8F310EC2300C45AF127987122606C71DD918B841D4B851A43646695A717C52A85029031293A5A76FBF6FACEF7DA7264E43906840EF0FA03836E242F406C6DCEE4EA06AC22492573150D1F66C60C640E8938CB705396EEDD86DE9B5042FE27813D640EA63BB001C722AF6E55C
310
B61E4863F58284D5D3F53DD715CE1C3985E63FD7F1B7EBDD617E9F1E504B0304140006080800ED7D5659A3FFBF393D070000541C0000340000006662782F31444130453131452D383131392D344643412D424632392D3444423642313937383832362F6F626A656374732E786D6CDD59596FDB3810FE2B84F665F7C1BA7CC4
310
2E14173E92C228D20635BAD837819628871B5DA0A4C4D95FBF438A942545B6956C0B149B00B14293C3996FEE91F3F11085E889B08C26F1B566E9A68648EC253E8DF7D75A910783A9863ECE91C39224AFEDD3508C2372ADF1656DEEEC5952A472C927012EC2F6EAEDF22F947924261AF2429C65D75AE63D9008EBB8C8139F64
310
8FBA8F73ACEF83836EE9E5C626D93DC3E943EBAA143312E7C02AACC74045726035FF05918CB963F00D8D6D76BF6DC333DB0C217893511A67398EBD575CB5E8D8FDB81A5AA3F58D3D9E0DC6A3D170309AD8D66079BB5C0FACABA1B99AAC56B3C5CD4C437367972461A58094C43E68F1459B5B8EC1BFA9C4972874F1ED25714C
310
3C8966D7069F48BA94646D4C1AC05A42B49A424A596B0BC39EC29FD8D60B94064B0DB49570EAB36EBDC9EE6F0021EB63A52C23DCCAB39C81AE25F6A53F988E51AE36F4423314E19C308A4314D21DC30C14045B4B0535C8706FE1A410C74C6851D1ABF30A867DD997BAB80C8A30E4FEABCD85A7B9E08F24CF0467F41FC28EDC
310
D76F039E40DA82C6F9540A9BBFA44062E61862B1FC6E68CB2F4B205110E23D580B88C9370DED165E2B1E0B366B6DFEF97677D8F2F8D07D79CA9294B09C5B9E7066E9774A8335D302E3EB014A896B53774754BE01F45F00F98A17E480E6183D8C0E23253BC37116242C02ED20130D4CF86322FEF8EAC931AAC373841AB1F214
310
A6E0B63F08D386188DBB6B90CE9D2730FA840DA5705B0F8760D37734E67E0E8682C2049620DE07BB8336DF40308545388543901E7E1D833F22F828E940BC6969A82BFCF650947298B69F1D75F5096C8651AF525543C653F88E7F08BE8BF5F6F3B66001F6C89D74EC3509684C7348A6DD0C35406FB8FCF7CD17E191AFE469EC
310
F2E09E7DC20347875EB6522F48280658E179B8548D58B9A3E0EE6188639214995CEF0A545E1226CCDDBDB8A50F77DEF5A73282F232F06F6E019DC10CB2BBC768CA41D1E652BC2A12EA479C781C9406B82F95EAEEB0F7C8E1753D8858EFE103AC16B336D1224A5D1C2545CCC3F76BF36E8BA60F4DF1635933DB9CD9D3D9782C
310
0D1E78171728FF51C1A1629FDF14E1F4C435AB86BE64DC5040969E348278D9258307555391BB498A3D9A775B434B8C9E2CFB34088A0CC27A27302D8EF5A1352EB1517F6D1B996F58AD983A2FAD64CAA511DE1337C03C2776F2D700B422AE94D489E43E4CB28CC6241335CDAB58D742D1D421749496AEA876982DCDDC88E4F8
310
3D162B9264CB6019094217AAAF9CD7BF97ED553128F3ED298ABCD64B6257C8FFE266384AC3B2AEBB848165B76EE8C49533CDAF7802FB7471EE9A3E1165FA25EA552451F8F6A23E7B37F913F030FCD3E151575028D621AB5ED6ACA58FAD19FF9942189A8CADE1E4AA52C525B4D46539AF5BC2022A2DEFC57D2674FFD02F082A
310
959FBD272361E0D2302C22B7CC213989A06CC379C17A79EC04A249FB2219195A2E51BB29A02114D5BDC3ACA85754C502978982E55498AD5D0342D118FABA5E82BC92A2D388852E440FCB5BB5CBFA7F3BD5FF1C31EBBDCD2379794E98DFC969B3F450559B2A3278C09439B152AFA03C77EAEE178966E7320E23454446B8B2B3
310
9016C2C813E5C30CD13575F61CD933CE3D08A55BF139588247F8C43FD6210D727234A2CDE152454DD5B6F5EE08C21D4F208D626DC3436A04130ACC23ED1D7F08BF615035548B99212B21A35CDFF0D4A6C330E6C8C7195A5F3F6D5B5460A5F7E97B8E11796E5190AB2B5EFC9D21F57D73AC715B14A444DF37678EE70F45B48B
310
31E5B9919B05F6D30F1F45FF796D40736158EB85796359378329945B83D1ED6A01F30E1B9ED6CBC9D29A5D4DA7F6C460244B0AE691CCB00DD355D5561AEF956194D0F5E942601271B95D54F6DC56F0FFB80B09931D3E658BBF6A1352157CBC246BF962DF26A43350EFDED63158AF027577127B53AD5DCE1794819F4F5B108C
310
54BEEF5F5C28D22AC377F35CCB886F4CBC27FB9B9F9E631A01BD333F34767485FC662C8679554796521DB1886BA3DBABC962B5BC192C262B6B309A8EECC1D25EDD0CC633EB7638366D7B391C5688CB5CD837AFFC123154315B1BBDC104394B420A837CE2A33D49A0078249458FF8CA229289DE060A0099C6D55B841EA79FCA
310
396C8E77A13AED3D601866873223171E0C52A1EFB8D6E43AFA0D46A77C7A29065AFA23241E69ED1A2A18BDD6C004720AF945DFC1084C0C1C05F5D68813D486E33DEF9ACA53D5FFC7631C1DB095A35CD59E3EB848C91AD609E38454BC5B8068A70A92F78BAED8413887C75D9157C21C178ED24810D44B84523898143E4A780F
310
1078CECB65E9624F03925ED3FCB37650521DE498EDC548BE86F7627D6FF069FAE62B4AC362CFD5792EDF37280D789D1116E5E0CA01C39062A69877E2AB0FC63D4BE0B554846E291801FAFD309DFC61AC92284AE272C958C8975B68FB00AFAA7C438D09A170316DCB10758F7C1500B3AE8CE8D8CF1E610154CB289FA7961037
310
0CA00A4F3503501AE1BA80638DFD9B359249A056C2D64B570E8F780F80C091F8FB1FEE36F50DB5A125F8027055CE76AB07B5E0180C06E7F37F01504B0304140006080800ED7D565904460C61E1000000550100003C0000006662782F31444130453131452D383131392D344643412D424632392D3444423642313937383832
310
362F7265736F75726365732F322F636E782E786D6C4D90C16EC32010447F0521F5688C51AA5411263FD1532E11C51B8A62B3D60255FAF785944A3DED6AE669353BFAFCD856F6059402C6994F427206D1E112A29F79C9B7E18DB3B3D18498FF619C45BBC1CC9BCC8DF68465EFD202375BD6A6AE21DEBB28AF1E225070D73D7A
310
CEDC6A539A79729FB059614BC605D25D2C365B31098284851CD413396CD04F38029B61E146497518263928F53EBD9E0EC7933A5EF4D848A33F10D7CE879881707F51D2615D634D24F5D800A30B854EB537AAF1174FD4787AACB6D12953EDA063F97BAF58D8AC87F189FCBA468FEDC93A9E0DD4D90A313F504B030414000608
310
0800ED7D5659FF15A4A45D000000800000003A0000006662782F31444130453131452D383131392D344643412D424632392D3444423642313937383832362F7265736F75726365732F636E782E786D6C4D8B3B0E80201005AF42B6F75B59F0390B113044D83508C6E30BC6C26AF226F3B8BA6360974DA7271430F523308B2B
310
198F9B80925DB700539227A2FCCB80A18E5640D320F996A81C9F32D6E9129A0D1EF74FCE750E6D57BC7165FBCA07504B0304140006080800ED7D56592CF1326F4301000056050000300000006662782F31444130453131452D383131392D344643412D424632392D3444423642313937383832362F636E782E786D6CCD94C1
310
4A033110865F650978DC6477A9544A36050F3E8107F196CD4ED7D86CB224B362DFDEA4A6AD22450F057B0B932FF0FF337F86AFDF4753BC810FDAD996D4B4220558E57A6D8796CCB829EF48B116DC3B875F30525839424B5299083E78374FB9D4C346CE26558DB6DB5C94885E77334220853232849604F502A3A47246D743D8
310
D25EA2A435F510DCEC15C4F7A847C8EF950789D013D154CDA2ACABB2691EEBDBD562B96A96CF9C2552F0CE3993796D11BC9B6E9A4AB978B4514EC55902049FBDCE54F240C4491BEDB4E52CDE0B1EA25E3B640E7753E2A6C9682531368A3985806584408E9C7DC282B3E4F89BEF87FBA7938678EAB50785CEEFFEAD0DF5B936
310
1CA5D19888BF75610FFE66DE75AFD1F2FFCDFDACE12CEC62760FC90D31BA3F9310F324ED60AEF1031CA55D3EFF71B1A056D768FAA0EC429ED97E05C6C1A78D283E00504B0304140006080800ED7D565918ECD1B87E000000A30000000B0000006662782F636E782E786D6C4D8CCB0E832014447F85DC3DADD7341613C0888F
310
FF30150D294243C5F4F30B8D8BAECEE4646678F3D92C3974781BEF04E0A500A2DDC3CFC6AD02E2BE5006A4913C78BFFFD580B869D302B206C9D7E0E3EB54B35EA668B3B5C63D4F897D5B0C8803658835BD8D5D4BD558A6D4AB4A617D67ACACD2E29A2709BFBFC47C2FBF504B0304140006080800ED7D5659A6D797065F0000
310
008200000007000000636E782E786D6C4DCB3B0E80201045D1AD90E9FD7516806B51190811670C8A61F982B1B0BAC9C97B72CA7B1037C6D3332918DA1E04D2CAC69353902EDB8C20262D23F3F59B81A079470595414B17391D1F19B4730A5583A7ED43BBE4025D9592775E5ADFFA01504B0304140006080800ED7D5659ECFD
310
112DA800000026010000130000005B436F6E74656E745F54797065735D2E786D6C7D4F4B0EC22010BD0A61DF525D18634ABB506FE00510A79458060253536F2FD89D5197F3FED3F68B9BD80362B21E25DFD40D6780DADF2C1AC9671AAA3D677DD75E9E0112CB5A4C928F44E12044D22338956A1F003333F8E814E5331A1194
310
BE2B0362DB343BA13D122055543278D79E6050F344ECBC6478EDCD76CE8EABAE5449AE4298AC56946789C28AAFBEABC53F3EAF09A84A1441B91F0101CD4780756578C173A578FFDDBD00504B0304140006080800ED7D56593DEE336E64000000790000001B0000006175746F6465736B2D64657369676E2D7061636B616765
310
2E786D6C35CBC10E83200C00D05F21DCA56CA76D41FC96062B120735B69A7DBE268BB7777961F8D5AF396893C2ADB70FE7ADA196782C2DF776D7A97B5933C430F15651E5469C55D70F80A4992A3ADC954792C525AE70A1E4D6AD9816CC044FEFDF01FE3FDE907802504B0304140006080800ED7D5659F5DFAE36F40000008E
310
0100003D0000006662782F31444130453131452D383131392D344643412D424632392D3444423642313937383832362F7265736F75726365732F322F636F72652E786D6C8550CB6E833010FC15B4770376480891714449FA053DF566D90EB5126CE447D5CFAF1DA8D49E7ADAD5ECCCECEED0F3D7FC283E95F3DA9A1E705943
310
A18CB0529BA987186EE808C59951676DF84583C2F059F59061607472362E1B24AC09CA64D458A936907BAF0214E2919A1EBCF850332F790C89E1EFE5C2C59D4FAAC4E5CA6334462D37A996C94DDFB472C0064C2E7B5CBFA291BCB4A839EC3A3474C7018DE3B56D48776D2EED815659CC68D0F3CF76E1140F4A0223356910AE
310
11216F787F6ADA1369DF6995998CFAE0D2CFDBD2FC5DA2D36A45FFB8C545FEEF16B5093BB2B9AD0A0F0CA7E39E0346AB9C4E2ACFE852CD49B26F504B0304140006080800ED7D5659B5B7C3FDFA000000960100003B0000006662782F31444130453131452D383131392D344643412D424632392D3444423642313937383832
310
362F7265736F75726365732F636F72652E786D6C8550CB6EC23010FC9568EF4E62130820C78802FD829E7AB3EC25B52076E447D5CFAF0DA9D49E7ADAD5ECCCECEEF0C3D774AF3ED107E3EC00B46EA142AB9C36761C20C52BD9427510DC3B177FD1A0B272C2010A0C828FDEA5798194B3116D41ADD3B88032048C50A97B6E06
310
08EA032759CB143323DCEA59AA9B1CB1A6F59327784A462F52A3B39BB91AF4208E949DD7B47D2527F6D2936EB3DA91E36E7B24A7D3A5EFD8EED29DFB0D6F8A58F068A69FEDCAA38CA841B0967584B684B137BADE77FD9EF5EFBC294CC143F4F9E76569F90E84C7E092571878F39CFE714DB3FEDF35191B576C717D2A02089A
310
8F7C0C046F4A4AB93C22CCB5242ABE01504B0304140006080800ED7D5659D6A42B11F1000000B1010000310000006662782F31444130453131452D383131392D344643412D424632392D3444423642313937383832362F636F72652E786D6C8D50CB6EC32010FC156BEFD886BAB11361A2388F2FE8A93704C44589C1E211F5
310
F30BB12BB5B79C7635CC30B343F7DFD3BD7828E7B5353DE0B286421961A536630F315C5107C59E51676DF84383C2F049F5906160747436CE2B24AC09CA64D458A956907BAF0214E29E961EBCF852132F790C89E16FE5CCC58D8FAAC4E5C26334E8E9572A9CE2414960A4260DC23522E403BFEF9A7647DA4F5A6526A3316AB9
310
5A6999DCF5552B070C9F0EF519E333EA30DEA2E6723CA0E142D2761A3603DEB65D4736B4CA62467D70E9E6F5937CDDABF245F82F739CE50B99B5096F64355C143E79A63CCF0746AB5C601ACF76D3CC65B31F504B0304140006080800ED7D56591A3E98E655010000DD0200000C0000006662782F636F72652E786D6C8D52CB
310
6EC32010FC158B3B7E10274E224C9426E917F4D41BC1D845B1C1C260E5F30B7EC8F5A1696509A3D9DD999D11F8F46CEAA0E7BA134AE62009631070C954216495036B4AB807C18960AD94F9D10602491B9E030F03822BAD6C3B414C49C3A547A52AF804D2AEE30604AC76971C74EC8B3734A4D6B88EEE11B6943D68C5C3241C
310
FB08B65614D3A8281C9B2805D7809C1374DD26F13BBCA0B70CA6BBCD019E0FFB33BC5C6E598A0EB7F49AED70E4870936A299D599E6D4F0021014A314263144E823D91ED3EC88B24F1CF94E823BA39DE749D4BB03A4BC3F7134E22B3EDB167FF35921CD064D7CE3440748E2D61B0A04473E1FF71BC25B67E8845D7E86DEEBD9
310
C2C3413D6746E9D4550A6597524F6BCB1D751C0C1F8EC6AA631E087EE3412F785E73B8A0A8ACDC6AD4B8EBDD1AAFBEDEA9E51AF6E61948A51B5A2FCB8D2B2EE722B4B2348F33552BFD9FE9D9EA1C66E41F26F906504B0304140006080800ED7D565933E1BD0308010000B201000008000000636F72652E786D6C8D50416EC3
310
2010FC0ADA3BB6214E9C4498C875D217F4D41B35C441B1C132386A7F5F88A9D4DE7A5A3433BB330C3B7D8E037AA8D9696B6A2059014899CE4A6DFA1A167FC57B4027CE666BFD2F1920234655438481B37EB6CB94A0CE1AAF4C448D952A81C239E501754378D4E0BA9B1A4526161F14EE9E4DA2BB8B5E65245B759C793DFEAC
310
76B3125E49E0B4A0252605A6F48D6C8F6575A4D53BCBA392B365D132596919DCF555AB197843E8794B8A57DCD2970A97BBCD0137877D83DBF65295F47029CFD58EE5719933E7E7F0E77424E4F4C88947F465F94A71F661ED9004219444D60C5FC00B9647E24FE86592FF08AD8DDFD07470DD70C04908F42482716C308C67BD
310
61C6B6F937504B01021400140006080800ED7D56590000000000000000000000003700000000000000000000000000000000006662782F31444130453131452D383131392D344643412D424632392D3444423642313937383832362F617474726962757465732E62696E504B01021400140006080800ED7D56590000000000
310
000000000000003500000000000000000000000000550000006662782F31444130453131452D383131392D344643412D424632392D3444423642313937383832362F76657274696365732E62696E504B01021400140006080800ED7D5659F270F13306000000040000003600000000000000000000000000A8000000666278
310
2F31444130453131452D383131392D344643412D424632392D3444423642313937383832362F747269616E676C65732E62696E504B01021400140006080800ED7D5659B5A795FFE3790000DE7900004200000000000000000000000000020100006662782F31444130453131452D383131392D344643412D424632392D3444
310
423642313937383832362F7265736F75726365732F322F305F67656E657269632E706E67504B01021400140006080800ED7D565951464CB489000000430100003600000000000000000000000000457B00006662782F31444130453131452D383131392D344643412D424632392D3444423642313937383832362F64697265
310
63746F72792E786D6C504B01021400140006080800ED7D5659A3FFBF393D070000541C00003400000000000000000000000000227C00006662782F31444130453131452D383131392D344643412D424632392D3444423642313937383832362F6F626A656374732E786D6C504B01021400140006080800ED7D565904460C61
310
E1000000550100003C00000000000000000000000000B18300006662782F31444130453131452D383131392D344643412D424632392D3444423642313937383832362F7265736F75726365732F322F636E782E786D6C504B01021400140006080800ED7D5659FF15A4A45D000000800000003A000000000000000000000000
310
00EC8400006662782F31444130453131452D383131392D344643412D424632392D3444423642313937383832362F7265736F75726365732F636E782E786D6C504B01021400140006080800ED7D56592CF1326F43010000560500003000000000000000000000000000A18500006662782F31444130453131452D383131392D
310
344643412D424632392D3444423642313937383832362F636E782E786D6C504B01021400140006080800ED7D565918ECD1B87E000000A30000000B00000000000000000000000000328700006662782F636E782E786D6C504B01021400140006080800ED7D5659A6D797065F00000082000000070000000000000000000000
310
0000D9870000636E782E786D6C504B01021400140006080800ED7D5659ECFD112DA80000002601000013000000000000000000000000005D8800005B436F6E74656E745F54797065735D2E786D6C504B01021400140006080800ED7D56593DEE336E64000000790000001B0000000000000000000000000036890000617574
310
6F6465736B2D64657369676E2D7061636B6167652E786D6C504B01021400140006080800ED7D5659F5DFAE36F40000008E0100003D00000000000000000000000000D38900006662782F31444130453131452D383131392D344643412D424632392D3444423642313937383832362F7265736F75726365732F322F636F7265
310
2E786D6C504B01021400140006080800ED7D5659B5B7C3FDFA000000960100003B00000000000000000000000000228B00006662782F31444130453131452D383131392D344643412D424632392D3444423642313937383832362F7265736F75726365732F636F72652E786D6C504B01021400140006080800ED7D5659D6A4
310
2B11F1000000B10100003100000000000000000000000000758C00006662782F31444130453131452D383131392D344643412D424632392D3444423642313937383832362F636F72652E786D6C504B01021400140006080800ED7D56591A3E98E655010000DD0200000C00000000000000000000000000B58D00006662782F
310
636F72652E786D6C504B01021400140006080800ED7D565933E1BD0308010000B20100000800000000000000000000000000348F0000636F72652E786D6C504B050600000000120012002D060000629000000000
  0
XRECORD
  5
744
102
{ACAD_REACTORS
330
73F
102
}
330
73F
100
AcDbXrecord
280
     1
270
     1
271
     1
  0
XRECORD
  5
743
102
{ACAD_REACTORS
330
73F
102
}
330
73F
100
AcDbXrecord
280
     1
270
     1
271
     1
  0
XRECORD
  5
745
102
{ACAD_REACTORS
330
73F
102
}
330
73F
100
AcDbXrecord
280
     1
270
     1
271
     1
  0
XRECORD
  5
742
102
{ACAD_REACTORS
330
73F
102
}
330
73F
100
AcDbXrecord
280
     1
270
     1
271
     1
  0
XRECORD
  5
7FD
102
{ACAD_REACTORS
330
7FC
102
}
330
7FC
100
AcDbXrecord
280
     1
102
DISPLAYNAME
  1
Metric50
102
FLAGS
 90
        0
  0
CELLSTYLEMAP
  5
7C0
102
{ACAD_REACTORS
330
7BF
102
}
330
7BF
100
AcDbCellStyleMap
 90
        3
300
CELLSTYLE
  1
TABLEFORMAT_BEGIN
 90
        5
170
     1
 91
        0
 92
    32768
 62
   257
 93
        1
300
CONTENTFORMAT
  1
CONTENTFORMAT_BEGIN
 90
        0
 91
        0
 92
      512
 93
        0
300

 40
0.0
140
1.0
 94
        5
 62
     0
340
11
144
6.0
309
CONTENTFORMAT_END
171
     1
301
MARGIN
  1
CELLMARGIN_BEGIN
 40
1.5
 40
1.5
 40
1.5
 40
1.5
 40
4.5
 40
4.5
309
CELLMARGIN_END
 94
        6
 95
        1
302
GRIDFORMAT
  1
GRIDFORMAT_BEGIN
 90
        0
 91
        1
 62
     0
 92
       -2
340
0
 93
        0
 40
1.125
309
GRIDFORMAT_END
 95
        2
302
GRIDFORMAT
  1
GRIDFORMAT_BEGIN
 90
        0
 91
        1
 62
     0
 92
       -2
340
0
 93
        0
 40
1.125
309
GRIDFORMAT_END
 95
        4
302
GRIDFORMAT
  1
GRIDFORMAT_BEGIN
 90
        0
 91
        1
 62
     0
 92
       -2
340
0
 93
        0
 40
1.125
309
GRIDFORMAT_END
 95
        8
302
GRIDFORMAT
  1
GRIDFORMAT_BEGIN
 90
        0
 91
        1
 62
     0
 92
       -2
340
0
 93
        0
 40
1.125
309
GRIDFORMAT_END
 95
       16
302
GRIDFORMAT
  1
GRIDFORMAT_BEGIN
 90
        0
 91
        1
 62
     0
 92
       -2
340
0
 93
        0
 40
1.125
309
GRIDFORMAT_END
 95
       32
302
GRIDFORMAT
  1
GRIDFORMAT_BEGIN
 90
        0
 91
        1
 62
     0
 92
       -2
340
0
 93
        0
 40
1.125
309
GRIDFORMAT_END
309
TABLEFORMAT_END
  1
CELLSTYLE_BEGIN
 90
        1
 91
        1
300
_TITLE
309
CELLSTYLE_END
300
CELLSTYLE
  1
TABLEFORMAT_BEGIN
 90
        5
170
     1
 91
        0
 92
        0
 62
   257
 93
        1
300
CONTENTFORMAT
  1
CONTENTFORMAT_BEGIN
 90
        0
 91
        0
 92
      512
 93
        0
300

 40
0.0
140
1.0
 94
        5
 62
     0
340
11
144
4.5
309
CONTENTFORMAT_END
171
     1
301
MARGIN
  1
CELLMARGIN_BEGIN
 40
1.5
 40
1.5
 40
1.5
 40
1.5
 40
4.5
 40
4.5
309
CELLMARGIN_END
 94
        6
 95
        1
302
GRIDFORMAT
  1
GRIDFORMAT_BEGIN
 90
        0
 91
        1
 62
     0
 92
       -2
340
0
 93
        0
 40
1.125
309
GRIDFORMAT_END
 95
        2
302
GRIDFORMAT
  1
GRIDFORMAT_BEGIN
 90
        0
 91
        1
 62
     0
 92
       -2
340
0
 93
        0
 40
1.125
309
GRIDFORMAT_END
 95
        4
302
GRIDFORMAT
  1
GRIDFORMAT_BEGIN
 90
        0
 91
        1
 62
     0
 92
       -2
340
0
 93
        0
 40
1.125
309
GRIDFORMAT_END
 95
        8
302
GRIDFORMAT
  1
GRIDFORMAT_BEGIN
 90
        0
 91
        1
 62
     0
 92
       -2
340
0
 93
        0
 40
1.125
309
GRIDFORMAT_END
 95
       16
302
GRIDFORMAT
  1
GRIDFORMAT_BEGIN
 90
        0
 91
        1
 62
     0
 92
       -2
340
0
 93
        0
 40
1.125
309
GRIDFORMAT_END
 95
       32
302
GRIDFORMAT
  1
GRIDFORMAT_BEGIN
 90
        0
 91
        1
 62
     0
 92
       -2
340
0
 93
        0
 40
1.125
309
GRIDFORMAT_END
309
TABLEFORMAT_END
  1
CELLSTYLE_BEGIN
 90
        2
 91
        1
300
_HEADER
309
CELLSTYLE_END
300
CELLSTYLE
  1
TABLEFORMAT_BEGIN
 90
        5
170
     1
 91
        0
 92
        0
 62
   257
 93
        1
300
CONTENTFORMAT
  1
CONTENTFORMAT_BEGIN
 90
        0
 91
        0
 92
      512
 93
        0
300

 40
0.0
140
1.0
 94
        2
 62
     0
340
11
144
4.5
309
CONTENTFORMAT_END
171
     1
301
MARGIN
  1
CELLMARGIN_BEGIN
 40
1.5
 40
1.5
 40
1.5
 40
1.5
 40
4.5
 40
4.5
309
CELLMARGIN_END
 94
        6
 95
        1
302
GRIDFORMAT
  1
GRIDFORMAT_BEGIN
 90
        0
 91
        1
 62
     0
 92
       -2
340
0
 93
        0
 40
1.125
309
GRIDFORMAT_END
 95
        2
302
GRIDFORMAT
  1
GRIDFORMAT_BEGIN
 90
        0
 91
        1
 62
     0
 92
       -2
340
0
 93
        0
 40
1.125
309
GRIDFORMAT_END
 95
        4
302
GRIDFORMAT
  1
GRIDFORMAT_BEGIN
 90
        0
 91
        1
 62
     0
 92
       -2
340
0
 93
        0
 40
1.125
309
GRIDFORMAT_END
 95
        8
302
GRIDFORMAT
  1
GRIDFORMAT_BEGIN
 90
        0
 91
        1
 62
     0
 92
       -2
340
0
 93
        0
 40
1.125
309
GRIDFORMAT_END
 95
       16
302
GRIDFORMAT
  1
GRIDFORMAT_BEGIN
 90
        0
 91
        1
 62
     0
 92
       -2
340
0
 93
        0
 40
1.125
309
GRIDFORMAT_END
 95
       32
302
GRIDFORMAT
  1
GRIDFORMAT_BEGIN
 90
        0
 91
        1
 62
     0
 92
       -2
340
0
 93
        0
 40
1.125
309
GRIDFORMAT_END
309
TABLEFORMAT_END
  1
CELLSTYLE_BEGIN
 90
        3
 91
        2
300
_DATA
309
CELLSTYLE_END
  0
XRECORD
  5
7FA
102
{ACAD_REACTORS
330
7BF
102
}
330
7BF
100
AcDbXrecord
280
     1
102
ACAD_ROUNDTRIP_PRE2007_TABLESTYLE
 90
      512
 91
        0
  1

 92
      512
 93
        0
  2

 94
      512
 95
        0
  3

  0
XRECORD
  5
7D5
102
{ACAD_REACTORS
330
7D4
102
}
330
7D4
100
AcDbXrecord
280
     1
102
RTVSPost2010Prop28
280
     1
102
RTVSPost2010PropOp28
 70
     1
102
RTVSPost2010Prop29
280
     1
102
RTVSPost2010PropOp29
 70
     1
102
RTVSPost2010Prop30
280
     0
102
RTVSPost2010PropOp30
 70
     1
102
RTVSPost2010Prop31
280
     0
102
RTVSPost2010PropOp31
 70
     1
102
RTVSPost2010Prop32
280
     0
102
RTVSPost2010PropOp32
 70
     1
102
RTVSPost2010Prop33
280
     0
102
RTVSPost2010PropOp33
 70
     1
102
RTVSPost2010Prop34
280
     0
102
RTVSPost2010PropOp34
 70
     1
102
RTVSPost2010Prop35
280
     0
102
RTVSPost2010PropOp35
 70
     1
102
RTVSPost2010Prop36
280
     0
102
RTVSPost2010PropOp36
 70
     1
102
RTVSPost2010Prop37
 90
       50
102
RTVSPost2010PropOp37
 70
     1
102
RTVSPost2010Prop38
140
0.0
102
RTVSPost2010PropOp38
 70
     1
102
RTVSPost2010Prop39
140
1.0
102
RTVSPost2010PropOp39
 70
     1
102
RTVSPost2010Prop40
 90
        0
102
RTVSPost2010PropOp40
 70
     1
102
RTVSPost2010Prop41ColorIndex
 90
       18
102
RTVSPost2010Prop41ColorRGB
 90
        0
102
RTVSPost2010PropOp41
 70
     1
102
RTVSPost2010Prop42
 90
       50
102
RTVSPost2010PropOp42
 70
     1
102
RTVSPost2010Prop43
 90
        3
102
RTVSPost2010PropOp43
 70
     1
102
RTVSPost2010Prop44ColorIndex
 90
        5
102
RTVSPost2010Prop44ColorRGB
 90
      255
102
RTVSPost2010PropOp44
 70
     1
102
RTVSPost2010Prop45
280
     0
102
RTVSPost2010PropOp45
 70
     1
102
RTVSPost2010Prop46
 90
       50
102
RTVSPost2010PropOp46
 70
     1
102
RTVSPost2010Prop47
 90
       50
102
RTVSPost2010PropOp47
 70
     1
102
RTVSPost2010Prop48
 90
       50
102
RTVSPost2010PropOp48
 70
     1
102
RTVSPost2010Prop49
280
     0
102
RTVSPost2010PropOp49
 70
     1
102
RTVSPost2010Prop50
 90
       50
102
RTVSPost2010PropOp50
 70
     1
102
RTVSPost2010Prop51ColorIndex
 90
      256
102
RTVSPost2010Prop51ColorRGB
 90
-16777216
102
RTVSPost2010PropOp51
 70
     0
102
RTVSPost2010Prop52
140
1.0
102
RTVSPost2010PropOp52
 70
     0
102
RTVSPost2010Prop53
 90
        2
102
RTVSPost2010PropOp53
 70
     1
102
RTVSPost2010Prop54
  1
strokes_ogs.tif
102
RTVSPost2010PropOp54
 70
     1
102
RTVSPost2010Prop55
280
     0
102
RTVSPost2010PropOp55
 70
     1
102
RTVSPost2010Prop56
140
1.0
102
RTVSPost2010PropOp56
 70
     1
102
RTVSPost2010Prop57
140
1.0
102
RTVSPost2010PropOp57
 70
     1
102
RTVSPropertyOp0
 70
     1
102
RTVSPropertyOp1
 70
     1
102
RTVSPropertyOp2
 70
     1
102
RTVSPropertyOp3
 70
     1
102
RTVSPropertyOp4
 70
     1
102
RTVSPropertyOp5
 70
     1
102
RTVSPropertyOp6
 70
     1
102
RTVSPropertyOp7
 70
     1
102
RTVSPropertyOp8
 70
     1
102
RTVSPropertyOp9
 70
     1
102
RTVSPropertyOp10
 70
     1
102
RTVSPropertyOp11
 70
     1
102
RTVSPropertyOp12
 70
     1
102
RTVSPropertyOp13
 70
     1
102
RTVSPropertyOp14
 70
     1
102
RTVSPropertyOp15
 70
     1
102
RTVSPropertyOp16
 70
     1
102
RTVSPropertyOp17
 70
     1
102
RTVSPropertyOp18
 70
     1
102
RTVSPropertyOp19
 70
     1
102
RTVSPropertyOp20
 70
     1
102
RTVSPropertyOp21
 70
     1
102
RTVSPropertyOp22
 70
     1
102
RTVSPropertyOp23
 70
     1
102
RTVSPropertyOp24
 70
     1
102
RTVSPropertyOp25
 70
     1
102
RTVSPropertyOp26
 70
     1
102
RTVSPropertyOp27
 70
     1
102
RTVSPropertyOp28
 70
     1
102
RTVSPropertyOp29
 70
     1
102
RTVSPropertyOp30
 70
     1
102
RTVSPropertyOp31
 70
     1
102
RTVSPropertyOp32
 70
     1
102
RTVSPropertyOp33
 70
     1
102
RTVSPropertyOp34
 70
     1
102
RTVSPropertyOp35
 70
     1
102
RTVSPropertyOp36
 70
     1
102
RTVSPropertyOp37
 70
     1
102
RTVSPropertyOp38
 70
     1
102
RTVSPropertyOp39
 70
     1
102
RTVSPropertyOp40
 70
     1
102
RTVSPropertyOp41
 70
     1
102
RTVSPropertyOp42
 70
     1
102
RTVSPropertyOp43
 70
     1
102
RTVSPropertyOp44
 70
     1
102
RTVSPropertyOp45
 70
     1
102
RTVSPropertyOp46
 70
     1
102
RTVSPropertyOp47
 70
     1
102
RTVSPropertyOp48
 70
     1
102
RTVSPropertyOp49
 70
     1
102
RTVSPropertyOp50
 70
     1
102
RTVSPropertyOp51
 70
     0
102
RTVSPropertyOp52
 70
     0
102
RTVSPropertyOp53
 70
     1
102
RTVSPropertyOp54
 70
     1
102
RTVSPropertyOp55
 70
     1
102
RTVSPropertyOp56
 70
     1
102
RTVSPropertyOp57
 70
     1
102
RTVSPropertyOp58
 70
     1
102
RTVSPropertyOp59
 70
     1
102
RTVSPropertyOp60
 70
     1
102
RTVSPropertyOp61
 70
     1
102
RTVSPropertyOp62
 70
     1
  0
XRECORD
  5
7D3
102
{ACAD_REACTORS
330
7D2
102
}
330
7D2
100
AcDbXrecord
280
     1
102
RTVSPost2010Prop28
280
     0
102
RTVSPost2010PropOp28
 70
     1
102
RTVSPost2010Prop29
280
     1
102
RTVSPost2010PropOp29
 70
     1
102
RTVSPost2010Prop30
280
     1
102
RTVSPost2010PropOp30
 70
     1
102
RTVSPost2010Prop31
280
     0
102
RTVSPost2010PropOp31
 70
     1
102
RTVSPost2010Prop32
280
     0
102
RTVSPost2010PropOp32
 70
     1
102
RTVSPost2010Prop33
280
     0
102
RTVSPost2010PropOp33
 70
     1
102
RTVSPost2010Prop34
280
     0
102
RTVSPost2010PropOp34
 70
     1
102
RTVSPost2010Prop35
280
     0
102
RTVSPost2010PropOp35
 70
     1
102
RTVSPost2010Prop36
280
     0
102
RTVSPost2010PropOp36
 70
     1
102
RTVSPost2010Prop37
 90
       50
102
RTVSPost2010PropOp37
 70
     1
102
RTVSPost2010Prop38
140
0.0
102
RTVSPost2010PropOp38
 70
     1
102
RTVSPost2010Prop39
140
1.0
102
RTVSPost2010PropOp39
 70
     1
102
RTVSPost2010Prop40
 90
        0
102
RTVSPost2010PropOp40
 70
     1
102
RTVSPost2010Prop41ColorIndex
 90
       18
102
RTVSPost2010Prop41ColorRGB
 90
        0
102
RTVSPost2010PropOp41
 70
     1
102
RTVSPost2010Prop42
 90
       50
102
RTVSPost2010PropOp42
 70
     1
102
RTVSPost2010Prop43
 90
        3
102
RTVSPost2010PropOp43
 70
     1
102
RTVSPost2010Prop44ColorIndex
 90
        5
102
RTVSPost2010Prop44ColorRGB
 90
      255
102
RTVSPost2010PropOp44
 70
     1
102
RTVSPost2010Prop45
280
     0
102
RTVSPost2010PropOp45
 70
     1
102
RTVSPost2010Prop46
 90
       50
102
RTVSPost2010PropOp46
 70
     1
102
RTVSPost2010Prop47
 90
       50
102
RTVSPost2010PropOp47
 70
     1
102
RTVSPost2010Prop48
 90
       50
102
RTVSPost2010PropOp48
 70
     1
102
RTVSPost2010Prop49
280
     0
102
RTVSPost2010PropOp49
 70
     1
102
RTVSPost2010Prop50
 90
       50
102
RTVSPost2010PropOp50
 70
     1
102
RTVSPost2010Prop51ColorIndex
 90
      256
102
RTVSPost2010Prop51ColorRGB
 90
-16777216
102
RTVSPost2010PropOp51
 70
     0
102
RTVSPost2010Prop52
140
1.0
102
RTVSPost2010PropOp52
 70
     0
102
RTVSPost2010Prop53
 90
        2
102
RTVSPost2010PropOp53
 70
     1
102
RTVSPost2010Prop54
  1
strokes_ogs.tif
102
RTVSPost2010PropOp54
 70
     1
102
RTVSPost2010Prop55
280
     0
102
RTVSPost2010PropOp55
 70
     1
102
RTVSPost2010Prop56
140
1.0
102
RTVSPost2010PropOp56
 70
     1
102
RTVSPost2010Prop57
140
1.0
102
RTVSPost2010PropOp57
 70
     1
102
RTVSPropertyOp0
 70
     1
102
RTVSPropertyOp1
 70
     1
102
RTVSPropertyOp2
 70
     1
102
RTVSPropertyOp3
 70
     1
102
RTVSPropertyOp4
 70
     1
102
RTVSPropertyOp5
 70
     1
102
RTVSPropertyOp6
 70
     1
102
RTVSPropertyOp7
 70
     1
102
RTVSPropertyOp8
 70
     1
102
RTVSPropertyOp9
 70
     1
102
RTVSPropertyOp10
 70
     1
102
RTVSPropertyOp11
 70
     1
102
RTVSPropertyOp12
 70
     1
102
RTVSPropertyOp13
 70
     1
102
RTVSPropertyOp14
 70
     1
102
RTVSPropertyOp15
 70
     1
102
RTVSPropertyOp16
 70
     1
102
RTVSPropertyOp17
 70
     1
102
RTVSPropertyOp18
 70
     1
102
RTVSPropertyOp19
 70
     1
102
RTVSPropertyOp20
 70
     1
102
RTVSPropertyOp21
 70
     1
102
RTVSPropertyOp22
 70
     1
102
RTVSPropertyOp23
 70
     1
102
RTVSPropertyOp24
 70
     1
102
RTVSPropertyOp25
 70
     1
102
RTVSPropertyOp26
 70
     1
102
RTVSPropertyOp27
 70
     1
102
RTVSPropertyOp28
 70
     1
102
RTVSPropertyOp29
 70
     1
102
RTVSPropertyOp30
 70
     1
102
RTVSPropertyOp31
 70
     1
102
RTVSPropertyOp32
 70
     1
102
RTVSPropertyOp33
 70
     1
102
RTVSPropertyOp34
 70
     1
102
RTVSPropertyOp35
 70
     1
102
RTVSPropertyOp36
 70
     1
102
RTVSPropertyOp37
 70
     1
102
RTVSPropertyOp38
 70
     1
102
RTVSPropertyOp39
 70
     1
102
RTVSPropertyOp40
 70
     1
102
RTVSPropertyOp41
 70
     1
102
RTVSPropertyOp42
 70
     1
102
RTVSPropertyOp43
 70
     1
102
RTVSPropertyOp44
 70
     1
102
RTVSPropertyOp45
 70
     1
102
RTVSPropertyOp46
 70
     1
102
RTVSPropertyOp47
 70
     1
102
RTVSPropertyOp48
 70
     1
102
RTVSPropertyOp49
 70
     1
102
RTVSPropertyOp50
 70
     1
102
RTVSPropertyOp51
 70
     0
102
RTVSPropertyOp52
 70
     0
102
RTVSPropertyOp53
 70
     1
102
RTVSPropertyOp54
 70
     1
102
RTVSPropertyOp55
 70
     1
102
RTVSPropertyOp56
 70
     1
102
RTVSPropertyOp57
 70
     1
102
RTVSPropertyOp58
 70
     1
102
RTVSPropertyOp59
 70
     1
102
RTVSPropertyOp60
 70
     1
102
RTVSPropertyOp61
 70
     1
102
RTVSPropertyOp62
 70
     1
  0
XRECORD
  5
7E1
102
{ACAD_REACTORS
330
7E0
102
}
330
7E0
100
AcDbXrecord
280
     1
102
RTVSPost2010Prop28
280
     0
102
RTVSPost2010PropOp28
 70
     1
102
RTVSPost2010Prop29
280
     1
102
RTVSPost2010PropOp29
 70
     1
102
RTVSPost2010Prop30
280
     1
102
RTVSPost2010PropOp30
 70
     1
102
RTVSPost2010Prop31
280
     0
102
RTVSPost2010PropOp31
 70
     1
102
RTVSPost2010Prop32
280
     0
102
RTVSPost2010PropOp32
 70
     1
102
RTVSPost2010Prop33
280
     0
102
RTVSPost2010PropOp33
 70
     1
102
RTVSPost2010Prop34
280
     0
102
RTVSPost2010PropOp34
 70
     1
102
RTVSPost2010Prop35
280
     0
102
RTVSPost2010PropOp35
 70
     1
102
RTVSPost2010Prop36
280
     0
102
RTVSPost2010PropOp36
 70
     1
102
RTVSPost2010Prop37
 90
       50
102
RTVSPost2010PropOp37
 70
     1
102
RTVSPost2010Prop38
140
0.0
102
RTVSPost2010PropOp38
 70
     1
102
RTVSPost2010Prop39
140
1.0
102
RTVSPost2010PropOp39
 70
     1
102
RTVSPost2010Prop40
 90
        0
102
RTVSPost2010PropOp40
 70
     1
102
RTVSPost2010Prop41ColorIndex
 90
       18
102
RTVSPost2010Prop41ColorRGB
 90
        0
102
RTVSPost2010PropOp41
 70
     1
102
RTVSPost2010Prop42
 90
       50
102
RTVSPost2010PropOp42
 70
     1
102
RTVSPost2010Prop43
 90
        3
102
RTVSPost2010PropOp43
 70
     1
102
RTVSPost2010Prop44ColorIndex
 90
        5
102
RTVSPost2010Prop44ColorRGB
 90
      255
102
RTVSPost2010PropOp44
 70
     1
102
RTVSPost2010Prop45
280
     0
102
RTVSPost2010PropOp45
 70
     1
102
RTVSPost2010Prop46
 90
       50
102
RTVSPost2010PropOp46
 70
     1
102
RTVSPost2010Prop47
 90
       50
102
RTVSPost2010PropOp47
 70
     1
102
RTVSPost2010Prop48
 90
       50
102
RTVSPost2010PropOp48
 70
     1
102
RTVSPost2010Prop49
280
     0
102
RTVSPost2010PropOp49
 70
     1
102
RTVSPost2010Prop50
 90
       50
102
RTVSPost2010PropOp50
 70
     1
102
RTVSPost2010Prop51ColorIndex
 90
      256
102
RTVSPost2010Prop51ColorRGB
 90
-16777216
102
RTVSPost2010PropOp51
 70
     0
102
RTVSPost2010Prop52
140
1.0
102
RTVSPost2010PropOp52
 70
     0
102
RTVSPost2010Prop53
 90
        2
102
RTVSPost2010PropOp53
 70
     1
102
RTVSPost2010Prop54
  1
strokes_ogs.tif
102
RTVSPost2010PropOp54
 70
     1
102
RTVSPost2010Prop55
280
     0
102
RTVSPost2010PropOp55
 70
     1
102
RTVSPost2010Prop56
140
1.0
102
RTVSPost2010PropOp56
 70
     1
102
RTVSPost2010Prop57
140
1.0
102
RTVSPost2010PropOp57
 70
     1
102
RTVSPropertyOp0
 70
     1
102
RTVSPropertyOp1
 70
     1
102
RTVSPropertyOp2
 70
     1
102
RTVSPropertyOp3
 70
     1
102
RTVSPropertyOp4
 70
     1
102
RTVSPropertyOp5
 70
     1
102
RTVSPropertyOp6
 70
     1
102
RTVSPropertyOp7
 70
     1
102
RTVSPropertyOp8
 70
     1
102
RTVSPropertyOp9
 70
     1
102
RTVSPropertyOp10
 70
     1
102
RTVSPropertyOp11
 70
     1
102
RTVSPropertyOp12
 70
     1
102
RTVSPropertyOp13
 70
     1
102
RTVSPropertyOp14
 70
     1
102
RTVSPropertyOp15
 70
     1
102
RTVSPropertyOp16
 70
     1
102
RTVSPropertyOp17
 70
     1
102
RTVSPropertyOp18
 70
     1
102
RTVSPropertyOp19
 70
     1
102
RTVSPropertyOp20
 70
     1
102
RTVSPropertyOp21
 70
     1
102
RTVSPropertyOp22
 70
     1
102
RTVSPropertyOp23
 70
     1
102
RTVSPropertyOp24
 70
     1
102
RTVSPropertyOp25
 70
     1
102
RTVSPropertyOp26
 70
     1
102
RTVSPropertyOp27
 70
     1
102
RTVSPropertyOp28
 70
     1
102
RTVSPropertyOp29
 70
     1
102
RTVSPropertyOp30
 70
     1
102
RTVSPropertyOp31
 70
     1
102
RTVSPropertyOp32
 70
     1
102
RTVSPropertyOp33
 70
     1
102
RTVSPropertyOp34
 70
     1
102
RTVSPropertyOp35
 70
     1
102
RTVSPropertyOp36
 70
     1
102
RTVSPropertyOp37
 70
     1
102
RTVSPropertyOp38
 70
     1
102
RTVSPropertyOp39
 70
     1
102
RTVSPropertyOp40
 70
     1
102
RTVSPropertyOp41
 70
     1
102
RTVSPropertyOp42
 70
     1
102
RTVSPropertyOp43
 70
     1
102
RTVSPropertyOp44
 70
     1
102
RTVSPropertyOp45
 70
     1
102
RTVSPropertyOp46
 70
     1
102
RTVSPropertyOp47
 70
     1
102
RTVSPropertyOp48
 70
     1
102
RTVSPropertyOp49
 70
     1
102
RTVSPropertyOp50
 70
     1
102
RTVSPropertyOp51
 70
     0
102
RTVSPropertyOp52
 70
     0
102
RTVSPropertyOp53
 70
     1
102
RTVSPropertyOp54
 70
     1
102
RTVSPropertyOp55
 70
     1
102
RTVSPropertyOp56
 70
     1
102
RTVSPropertyOp57
 70
     1
102
RTVSPropertyOp58
 70
     1
102
RTVSPropertyOp59
 70
     1
102
RTVSPropertyOp60
 70
     1
102
RTVSPropertyOp61
 70
     1
102
RTVSPropertyOp62
 70
     1
  0
XRECORD
  5
7E9
102
{ACAD_REACTORS
330
7E8
102
}
330
7E8
100
AcDbXrecord
280
     1
102
RTVSPost2010Prop28
280
     0
102
RTVSPost2010PropOp28
 70
     1
102
RTVSPost2010Prop29
280
     1
102
RTVSPost2010PropOp29
 70
     1
102
RTVSPost2010Prop30
280
     1
102
RTVSPost2010PropOp30
 70
     1
102
RTVSPost2010Prop31
280
     0
102
RTVSPost2010PropOp31
 70
     1
102
RTVSPost2010Prop32
280
     0
102
RTVSPost2010PropOp32
 70
     1
102
RTVSPost2010Prop33
280
     0
102
RTVSPost2010PropOp33
 70
     1
102
RTVSPost2010Prop34
280
     0
102
RTVSPost2010PropOp34
 70
     1
102
RTVSPost2010Prop35
280
     0
102
RTVSPost2010PropOp35
 70
     1
102
RTVSPost2010Prop36
280
     0
102
RTVSPost2010PropOp36
 70
     1
102
RTVSPost2010Prop37
 90
       50
102
RTVSPost2010PropOp37
 70
     1
102
RTVSPost2010Prop38
140
0.0
102
RTVSPost2010PropOp38
 70
     1
102
RTVSPost2010Prop39
140
1.0
102
RTVSPost2010PropOp39
 70
     1
102
RTVSPost2010Prop40
 90
        0
102
RTVSPost2010PropOp40
 70
     1
102
RTVSPost2010Prop41ColorIndex
 90
       18
102
RTVSPost2010Prop41ColorRGB
 90
        0
102
RTVSPost2010PropOp41
 70
     1
102
RTVSPost2010Prop42
 90
       50
102
RTVSPost2010PropOp42
 70
     1
102
RTVSPost2010Prop43
 90
        3
102
RTVSPost2010PropOp43
 70
     1
102
RTVSPost2010Prop44ColorIndex
 90
        5
102
RTVSPost2010Prop44ColorRGB
 90
      255
102
RTVSPost2010PropOp44
 70
     1
102
RTVSPost2010Prop45
280
     0
102
RTVSPost2010PropOp45
 70
     1
102
RTVSPost2010Prop46
 90
       50
102
RTVSPost2010PropOp46
 70
     1
102
RTVSPost2010Prop47
 90
       50
102
RTVSPost2010PropOp47
 70
     1
102
RTVSPost2010Prop48
 90
       50
102
RTVSPost2010PropOp48
 70
     1
102
RTVSPost2010Prop49
280
     0
102
RTVSPost2010PropOp49
 70
     1
102
RTVSPost2010Prop50
 90
       50
102
RTVSPost2010PropOp50
 70
     1
102
RTVSPost2010Prop51ColorIndex
 90
      256
102
RTVSPost2010Prop51ColorRGB
 90
-16777216
102
RTVSPost2010PropOp51
 70
     0
102
RTVSPost2010Prop52
140
1.0
102
RTVSPost2010PropOp52
 70
     0
102
RTVSPost2010Prop53
 90
        2
102
RTVSPost2010PropOp53
 70
     1
102
RTVSPost2010Prop54
  1
strokes_ogs.tif
102
RTVSPost2010PropOp54
 70
     1
102
RTVSPost2010Prop55
280
     0
102
RTVSPost2010PropOp55
 70
     1
102
RTVSPost2010Prop56
140
1.0
102
RTVSPost2010PropOp56
 70
     1
102
RTVSPost2010Prop57
140
1.0
102
RTVSPost2010PropOp57
 70
     1
102
RTVSPropertyOp0
 70
     1
102
RTVSPropertyOp1
 70
     1
102
RTVSPropertyOp2
 70
     1
102
RTVSPropertyOp3
 70
     1
102
RTVSPropertyOp4
 70
     1
102
RTVSPropertyOp5
 70
     1
102
RTVSPropertyOp6
 70
     1
102
RTVSPropertyOp7
 70
     1
102
RTVSPropertyOp8
 70
     1
102
RTVSPropertyOp9
 70
     1
102
RTVSPropertyOp10
 70
     1
102
RTVSPropertyOp11
 70
     1
102
RTVSPropertyOp12
 70
     1
102
RTVSPropertyOp13
 70
     1
102
RTVSPropertyOp14
 70
     1
102
RTVSPropertyOp15
 70
     1
102
RTVSPropertyOp16
 70
     1
102
RTVSPropertyOp17
 70
     1
102
RTVSPropertyOp18
 70
     1
102
RTVSPropertyOp19
 70
     1
102
RTVSPropertyOp20
 70
     1
102
RTVSPropertyOp21
 70
     1
102
RTVSPropertyOp22
 70
     1
102
RTVSPropertyOp23
 70
     1
102
RTVSPropertyOp24
 70
     1
102
RTVSPropertyOp25
 70
     1
102
RTVSPropertyOp26
 70
     1
102
RTVSPropertyOp27
 70
     1
102
RTVSPropertyOp28
 70
     1
102
RTVSPropertyOp29
 70
     1
102
RTVSPropertyOp30
 70
     1
102
RTVSPropertyOp31
 70
     1
102
RTVSPropertyOp32
 70
     1
102
RTVSPropertyOp33
 70
     1
102
RTVSPropertyOp34
 70
     1
102
RTVSPropertyOp35
 70
     1
102
RTVSPropertyOp36
 70
     1
102
RTVSPropertyOp37
 70
     1
102
RTVSPropertyOp38
 70
     1
102
RTVSPropertyOp39
 70
     1
102
RTVSPropertyOp40
 70
     1
102
RTVSPropertyOp41
 70
     1
102
RTVSPropertyOp42
 70
     1
102
RTVSPropertyOp43
 70
     1
102
RTVSPropertyOp44
 70
     1
102
RTVSPropertyOp45
 70
     1
102
RTVSPropertyOp46
 70
     1
102
RTVSPropertyOp47
 70
     1
102
RTVSPropertyOp48
 70
     1
102
RTVSPropertyOp49
 70
     1
102
RTVSPropertyOp50
 70
     1
102
RTVSPropertyOp51
 70
     0
102
RTVSPropertyOp52
 70
     0
102
RTVSPropertyOp53
 70
     1
102
RTVSPropertyOp54
 70
     1
102
RTVSPropertyOp55
 70
     1
102
RTVSPropertyOp56
 70
     1
102
RTVSPropertyOp57
 70
     1
102
RTVSPropertyOp58
 70
     1
102
RTVSPropertyOp59
 70
     1
102
RTVSPropertyOp60
 70
     1
102
RTVSPropertyOp61
 70
     1
102
RTVSPropertyOp62
 70
     1
  0
XRECORD
  5
7DB
102
{ACAD_REACTORS
330
7DA
102
}
330
7DA
100
AcDbXrecord
280
     1
102
RTVSPost2010Prop28
280
     0
102
RTVSPost2010PropOp28
 70
     1
102
RTVSPost2010Prop29
280
     1
102
RTVSPost2010PropOp29
 70
     1
102
RTVSPost2010Prop30
280
     1
102
RTVSPost2010PropOp30
 70
     1
102
RTVSPost2010Prop31
280
     0
102
RTVSPost2010PropOp31
 70
     1
102
RTVSPost2010Prop32
280
     0
102
RTVSPost2010PropOp32
 70
     1
102
RTVSPost2010Prop33
280
     0
102
RTVSPost2010PropOp33
 70
     1
102
RTVSPost2010Prop34
280
     0
102
RTVSPost2010PropOp34
 70
     1
102
RTVSPost2010Prop35
280
     0
102
RTVSPost2010PropOp35
 70
     1
102
RTVSPost2010Prop36
280
     0
102
RTVSPost2010PropOp36
 70
     1
102
RTVSPost2010Prop37
 90
       50
102
RTVSPost2010PropOp37
 70
     1
102
RTVSPost2010Prop38
140
0.0
102
RTVSPost2010PropOp38
 70
     1
102
RTVSPost2010Prop39
140
1.0
102
RTVSPost2010PropOp39
 70
     1
102
RTVSPost2010Prop40
 90
        0
102
RTVSPost2010PropOp40
 70
     1
102
RTVSPost2010Prop41ColorIndex
 90
       18
102
RTVSPost2010Prop41ColorRGB
 90
        0
102
RTVSPost2010PropOp41
 70
     1
102
RTVSPost2010Prop42
 90
       50
102
RTVSPost2010PropOp42
 70
     1
102
RTVSPost2010Prop43
 90
        3
102
RTVSPost2010PropOp43
 70
     1
102
RTVSPost2010Prop44ColorIndex
 90
        5
102
RTVSPost2010Prop44ColorRGB
 90
      255
102
RTVSPost2010PropOp44
 70
     1
102
RTVSPost2010Prop45
280
     0
102
RTVSPost2010PropOp45
 70
     1
102
RTVSPost2010Prop46
 90
       50
102
RTVSPost2010PropOp46
 70
     1
102
RTVSPost2010Prop47
 90
       50
102
RTVSPost2010PropOp47
 70
     1
102
RTVSPost2010Prop48
 90
       50
102
RTVSPost2010PropOp48
 70
     1
102
RTVSPost2010Prop49
280
     0
102
RTVSPost2010PropOp49
 70
     1
102
RTVSPost2010Prop50
 90
       50
102
RTVSPost2010PropOp50
 70
     1
102
RTVSPost2010Prop51ColorIndex
 90
      256
102
RTVSPost2010Prop51ColorRGB
 90
-16777216
102
RTVSPost2010PropOp51
 70
     0
102
RTVSPost2010Prop52
140
1.0
102
RTVSPost2010PropOp52
 70
     0
102
RTVSPost2010Prop53
 90
        2
102
RTVSPost2010PropOp53
 70
     1
102
RTVSPost2010Prop54
  1
strokes_ogs.tif
102
RTVSPost2010PropOp54
 70
     1
102
RTVSPost2010Prop55
280
     0
102
RTVSPost2010PropOp55
 70
     1
102
RTVSPost2010Prop56
140
1.0
102
RTVSPost2010PropOp56
 70
     1
102
RTVSPost2010Prop57
140
1.0
102
RTVSPost2010PropOp57
 70
     1
102
RTVSPropertyOp0
 70
     1
102
RTVSPropertyOp1
 70
     1
102
RTVSPropertyOp2
 70
     1
102
RTVSPropertyOp3
 70
     1
102
RTVSPropertyOp4
 70
     1
102
RTVSPropertyOp5
 70
     1
102
RTVSPropertyOp6
 70
     1
102
RTVSPropertyOp7
 70
     1
102
RTVSPropertyOp8
 70
     1
102
RTVSPropertyOp9
 70
     1
102
RTVSPropertyOp10
 70
     1
102
RTVSPropertyOp11
 70
     1
102
RTVSPropertyOp12
 70
     1
102
RTVSPropertyOp13
 70
     1
102
RTVSPropertyOp14
 70
     1
102
RTVSPropertyOp15
 70
     1
102
RTVSPropertyOp16
 70
     1
102
RTVSPropertyOp17
 70
     1
102
RTVSPropertyOp18
 70
     1
102
RTVSPropertyOp19
 70
     1
102
RTVSPropertyOp20
 70
     1
102
RTVSPropertyOp21
 70
     1
102
RTVSPropertyOp22
 70
     1
102
RTVSPropertyOp23
 70
     1
102
RTVSPropertyOp24
 70
     1
102
RTVSPropertyOp25
 70
     1
102
RTVSPropertyOp26
 70
     1
102
RTVSPropertyOp27
 70
     1
102
RTVSPropertyOp28
 70
     1
102
RTVSPropertyOp29
 70
     1
102
RTVSPropertyOp30
 70
     1
102
RTVSPropertyOp31
 70
     1
102
RTVSPropertyOp32
 70
     1
102
RTVSPropertyOp33
 70
     1
102
RTVSPropertyOp34
 70
     1
102
RTVSPropertyOp35
 70
     1
102
RTVSPropertyOp36
 70
     1
102
RTVSPropertyOp37
 70
     1
102
RTVSPropertyOp38
 70
     1
102
RTVSPropertyOp39
 70
     1
102
RTVSPropertyOp40
 70
     1
102
RTVSPropertyOp41
 70
     1
102
RTVSPropertyOp42
 70
     1
102
RTVSPropertyOp43
 70
     1
102
RTVSPropertyOp44
 70
     1
102
RTVSPropertyOp45
 70
     1
102
RTVSPropertyOp46
 70
     1
102
RTVSPropertyOp47
 70
     1
102
RTVSPropertyOp48
 70
     1
102
RTVSPropertyOp49
 70
     1
102
RTVSPropertyOp50
 70
     1
102
RTVSPropertyOp51
 70
     0
102
RTVSPropertyOp52
 70
     0
102
RTVSPropertyOp53
 70
     1
102
RTVSPropertyOp54
 70
     1
102
RTVSPropertyOp55
 70
     1
102
RTVSPropertyOp56
 70
     1
102
RTVSPropertyOp57
 70
     1
102
RTVSPropertyOp58
 70
     1
102
RTVSPropertyOp59
 70
     1
102
RTVSPropertyOp60
 70
     1
102
RTVSPropertyOp61
 70
     1
102
RTVSPropertyOp62
 70
     1
  0
XRECORD
  5
7DF
102
{ACAD_REACTORS
330
7DE
102
}
330
7DE
100
AcDbXrecord
280
     1
102
RTVSPost2010Prop28
280
     0
102
RTVSPost2010PropOp28
 70
     1
102
RTVSPost2010Prop29
280
     1
102
RTVSPost2010PropOp29
 70
     1
102
RTVSPost2010Prop30
280
     1
102
RTVSPost2010PropOp30
 70
     1
102
RTVSPost2010Prop31
280
     0
102
RTVSPost2010PropOp31
 70
     1
102
RTVSPost2010Prop32
280
     0
102
RTVSPost2010PropOp32
 70
     1
102
RTVSPost2010Prop33
280
     0
102
RTVSPost2010PropOp33
 70
     1
102
RTVSPost2010Prop34
280
     0
102
RTVSPost2010PropOp34
 70
     1
102
RTVSPost2010Prop35
280
     0
102
RTVSPost2010PropOp35
 70
     1
102
RTVSPost2010Prop36
280
     0
102
RTVSPost2010PropOp36
 70
     1
102
RTVSPost2010Prop37
 90
       50
102
RTVSPost2010PropOp37
 70
     1
102
RTVSPost2010Prop38
140
0.0
102
RTVSPost2010PropOp38
 70
     1
102
RTVSPost2010Prop39
140
1.0
102
RTVSPost2010PropOp39
 70
     1
102
RTVSPost2010Prop40
 90
        0
102
RTVSPost2010PropOp40
 70
     1
102
RTVSPost2010Prop41ColorIndex
 90
       18
102
RTVSPost2010Prop41ColorRGB
 90
        0
102
RTVSPost2010PropOp41
 70
     1
102
RTVSPost2010Prop42
 90
       50
102
RTVSPost2010PropOp42
 70
     1
102
RTVSPost2010Prop43
 90
        3
102
RTVSPost2010PropOp43
 70
     1
102
RTVSPost2010Prop44ColorIndex
 90
        5
102
RTVSPost2010Prop44ColorRGB
 90
      255
102
RTVSPost2010PropOp44
 70
     1
102
RTVSPost2010Prop45
280
     0
102
RTVSPost2010PropOp45
 70
     1
102
RTVSPost2010Prop46
 90
       50
102
RTVSPost2010PropOp46
 70
     1
102
RTVSPost2010Prop47
 90
       50
102
RTVSPost2010PropOp47
 70
     1
102
RTVSPost2010Prop48
 90
       50
102
RTVSPost2010PropOp48
 70
     1
102
RTVSPost2010Prop49
280
     0
102
RTVSPost2010PropOp49
 70
     1
102
RTVSPost2010Prop50
 90
       50
102
RTVSPost2010PropOp50
 70
     1
102
RTVSPost2010Prop51ColorIndex
 90
      256
102
RTVSPost2010Prop51ColorRGB
 90
-16777216
102
RTVSPost2010PropOp51
 70
     0
102
RTVSPost2010Prop52
140
1.0
102
RTVSPost2010PropOp52
 70
     0
102
RTVSPost2010Prop53
 90
        2
102
RTVSPost2010PropOp53
 70
     1
102
RTVSPost2010Prop54
  1
strokes_ogs.tif
102
RTVSPost2010PropOp54
 70
     1
102
RTVSPost2010Prop55
280
     0
102
RTVSPost2010PropOp55
 70
     1
102
RTVSPost2010Prop56
140
1.0
102
RTVSPost2010PropOp56
 70
     1
102
RTVSPost2010Prop57
140
1.0
102
RTVSPost2010PropOp57
 70
     1
102
RTVSPropertyOp0
 70
     1
102
RTVSPropertyOp1
 70
     1
102
RTVSPropertyOp2
 70
     1
102
RTVSPropertyOp3
 70
     1
102
RTVSPropertyOp4
 70
     1
102
RTVSPropertyOp5
 70
     1
102
RTVSPropertyOp6
 70
     1
102
RTVSPropertyOp7
 70
     1
102
RTVSPropertyOp8
 70
     1
102
RTVSPropertyOp9
 70
     1
102
RTVSPropertyOp10
 70
     1
102
RTVSPropertyOp11
 70
     1
102
RTVSPropertyOp12
 70
     1
102
RTVSPropertyOp13
 70
     1
102
RTVSPropertyOp14
 70
     1
102
RTVSPropertyOp15
 70
     1
102
RTVSPropertyOp16
 70
     1
102
RTVSPropertyOp17
 70
     1
102
RTVSPropertyOp18
 70
     1
102
RTVSPropertyOp19
 70
     1
102
RTVSPropertyOp20
 70
     1
102
RTVSPropertyOp21
 70
     1
102
RTVSPropertyOp22
 70
     1
102
RTVSPropertyOp23
 70
     1
102
RTVSPropertyOp24
 70
     1
102
RTVSPropertyOp25
 70
     1
102
RTVSPropertyOp26
 70
     1
102
RTVSPropertyOp27
 70
     1
102
RTVSPropertyOp28
 70
     1
102
RTVSPropertyOp29
 70
     1
102
RTVSPropertyOp30
 70
     1
102
RTVSPropertyOp31
 70
     1
102
RTVSPropertyOp32
 70
     1
102
RTVSPropertyOp33
 70
     1
102
RTVSPropertyOp34
 70
     1
102
RTVSPropertyOp35
 70
     1
102
RTVSPropertyOp36
 70
     1
102
RTVSPropertyOp37
 70
     1
102
RTVSPropertyOp38
 70
     1
102
RTVSPropertyOp39
 70
     1
102
RTVSPropertyOp40
 70
     1
102
RTVSPropertyOp41
 70
     1
102
RTVSPropertyOp42
 70
     1
102
RTVSPropertyOp43
 70
     1
102
RTVSPropertyOp44
 70
     1
102
RTVSPropertyOp45
 70
     1
102
RTVSPropertyOp46
 70
     1
102
RTVSPropertyOp47
 70
     1
102
RTVSPropertyOp48
 70
     1
102
RTVSPropertyOp49
 70
     1
102
RTVSPropertyOp50
 70
     1
102
RTVSPropertyOp51
 70
     0
102
RTVSPropertyOp52
 70
     0
102
RTVSPropertyOp53
 70
     1
102
RTVSPropertyOp54
 70
     1
102
RTVSPropertyOp55
 70
     1
102
RTVSPropertyOp56
 70
     1
102
RTVSPropertyOp57
 70
     1
102
RTVSPropertyOp58
 70
     1
102
RTVSPropertyOp59
 70
     1
102
RTVSPropertyOp60
 70
     1
102
RTVSPropertyOp61
 70
     1
102
RTVSPropertyOp62
 70
     1
  0
XRECORD
  5
7F9
102
{ACAD_REACTORS
330
7F8
102
}
330
7F8
100
AcDbXrecord
280
     1
102
RTVSPost2010Prop28
280
     0
102
RTVSPost2010PropOp28
 70
     1
102
RTVSPost2010Prop29
280
     1
102
RTVSPost2010PropOp29
 70
     1
102
RTVSPost2010Prop30
280
     1
102
RTVSPost2010PropOp30
 70
     1
102
RTVSPost2010Prop31
280
     0
102
RTVSPost2010PropOp31
 70
     1
102
RTVSPost2010Prop32
280
     0
102
RTVSPost2010PropOp32
 70
     1
102
RTVSPost2010Prop33
280
     0
102
RTVSPost2010PropOp33
 70
     1
102
RTVSPost2010Prop34
280
     0
102
RTVSPost2010PropOp34
 70
     1
102
RTVSPost2010Prop35
280
     0
102
RTVSPost2010PropOp35
 70
     1
102
RTVSPost2010Prop36
280
     0
102
RTVSPost2010PropOp36
 70
     1
102
RTVSPost2010Prop37
 90
       50
102
RTVSPost2010PropOp37
 70
     0
102
RTVSPost2010Prop38
140
0.0
102
RTVSPost2010PropOp38
 70
     0
102
RTVSPost2010Prop39
140
1.0
102
RTVSPost2010PropOp39
 70
     0
102
RTVSPost2010Prop40
 90
        0
102
RTVSPost2010PropOp40
 70
     0
102
RTVSPost2010Prop41ColorIndex
 90
       18
102
RTVSPost2010Prop41ColorRGB
 90
        0
102
RTVSPost2010PropOp41
 70
     0
102
RTVSPost2010Prop42
 90
       50
102
RTVSPost2010PropOp42
 70
     0
102
RTVSPost2010Prop43
 90
        3
102
RTVSPost2010PropOp43
 70
     0
102
RTVSPost2010Prop44ColorIndex
 90
        5
102
RTVSPost2010Prop44ColorRGB
 90
      255
102
RTVSPost2010PropOp44
 70
     0
102
RTVSPost2010Prop45
280
     0
102
RTVSPost2010PropOp45
 70
     1
102
RTVSPost2010Prop46
 90
       50
102
RTVSPost2010PropOp46
 70
     0
102
RTVSPost2010Prop47
 90
       50
102
RTVSPost2010PropOp47
 70
     0
102
RTVSPost2010Prop48
 90
       50
102
RTVSPost2010PropOp48
 70
     0
102
RTVSPost2010Prop49
280
     0
102
RTVSPost2010PropOp49
 70
     1
102
RTVSPost2010Prop50
 90
       50
102
RTVSPost2010PropOp50
 70
     0
102
RTVSPost2010Prop51ColorIndex
 90
      256
102
RTVSPost2010Prop51ColorRGB
 90
-16777216
102
RTVSPost2010PropOp51
 70
     0
102
RTVSPost2010Prop52
140
1.0
102
RTVSPost2010PropOp52
 70
     0
102
RTVSPost2010Prop53
 90
        2
102
RTVSPost2010PropOp53
 70
     0
102
RTVSPost2010Prop54
  1
strokes_ogs.tif
102
RTVSPost2010PropOp54
 70
     0
102
RTVSPost2010Prop55
280
     0
102
RTVSPost2010PropOp55
 70
     1
102
RTVSPost2010Prop56
140
1.0
102
RTVSPost2010PropOp56
 70
     0
102
RTVSPost2010Prop57
140
1.0
102
RTVSPost2010PropOp57
 70
     0
102
RTVSPropertyOp0
 70
     0
102
RTVSPropertyOp1
 70
     0
102
RTVSPropertyOp2
 70
     0
102
RTVSPropertyOp3
 70
     0
102
RTVSPropertyOp4
 70
     0
102
RTVSPropertyOp5
 70
     0
102
RTVSPropertyOp6
 70
     0
102
RTVSPropertyOp7
 70
     0
102
RTVSPropertyOp8
 70
     0
102
RTVSPropertyOp9
 70
     0
102
RTVSPropertyOp10
 70
     0
102
RTVSPropertyOp11
 70
     0
102
RTVSPropertyOp12
 70
     0
102
RTVSPropertyOp13
 70
     0
102
RTVSPropertyOp14
 70
     2
102
RTVSPropertyOp15
 70
     0
102
RTVSPropertyOp16
 70
     0
102
RTVSPropertyOp17
 70
     0
102
RTVSPropertyOp18
 70
     0
102
RTVSPropertyOp19
 70
     0
102
RTVSPropertyOp20
 70
     0
102
RTVSPropertyOp21
 70
     0
102
RTVSPropertyOp22
 70
     0
102
RTVSPropertyOp23
 70
     0
102
RTVSPropertyOp24
 70
     0
102
RTVSPropertyOp25
 70
     0
102
RTVSPropertyOp26
 70
     0
102
RTVSPropertyOp27
 70
     0
102
RTVSPropertyOp28
 70
     1
102
RTVSPropertyOp29
 70
     1
102
RTVSPropertyOp30
 70
     1
102
RTVSPropertyOp31
 70
     1
102
RTVSPropertyOp32
 70
     1
102
RTVSPropertyOp33
 70
     1
102
RTVSPropertyOp34
 70
     1
102
RTVSPropertyOp35
 70
     1
102
RTVSPropertyOp36
 70
     1
102
RTVSPropertyOp37
 70
     0
102
RTVSPropertyOp38
 70
     0
102
RTVSPropertyOp39
 70
     0
102
RTVSPropertyOp40
 70
     0
102
RTVSPropertyOp41
 70
     0
102
RTVSPropertyOp42
 70
     0
102
RTVSPropertyOp43
 70
     0
102
RTVSPropertyOp44
 70
     0
102
RTVSPropertyOp45
 70
     1
102
RTVSPropertyOp46
 70
     0
102
RTVSPropertyOp47
 70
     0
102
RTVSPropertyOp48
 70
     0
102
RTVSPropertyOp49
 70
     1
102
RTVSPropertyOp50
 70
     0
102
RTVSPropertyOp51
 70
     0
102
RTVSPropertyOp52
 70
     0
102
RTVSPropertyOp53
 70
     0
102
RTVSPropertyOp54
 70
     0
102
RTVSPropertyOp55
 70
     1
102
RTVSPropertyOp56
 70
     0
102
RTVSPropertyOp57
 70
     0
102
RTVSPropertyOp58
 70
     0
102
RTVSPropertyOp59
 70
     0
102
RTVSPropertyOp60
 70
     0
102
RTVSPropertyOp61
 70
     0
102
RTVSPropertyOp62
 70
     0
  0
XRECORD
  5
7E7
102
{ACAD_REACTORS
330
7E6
102
}
330
7E6
100
AcDbXrecord
280
     1
102
RTVSPost2010Prop28
280
     0
102
RTVSPost2010PropOp28
 70
     1
102
RTVSPost2010Prop29
280
     1
102
RTVSPost2010PropOp29
 70
     1
102
RTVSPost2010Prop30
280
     1
102
RTVSPost2010PropOp30
 70
     1
102
RTVSPost2010Prop31
280
     0
102
RTVSPost2010PropOp31
 70
     1
102
RTVSPost2010Prop32
280
     0
102
RTVSPost2010PropOp32
 70
     1
102
RTVSPost2010Prop33
280
     0
102
RTVSPost2010PropOp33
 70
     1
102
RTVSPost2010Prop34
280
     0
102
RTVSPost2010PropOp34
 70
     1
102
RTVSPost2010Prop35
280
     0
102
RTVSPost2010PropOp35
 70
     1
102
RTVSPost2010Prop36
280
     0
102
RTVSPost2010PropOp36
 70
     1
102
RTVSPost2010Prop37
 90
       50
102
RTVSPost2010PropOp37
 70
     1
102
RTVSPost2010Prop38
140
0.0
102
RTVSPost2010PropOp38
 70
     1
102
RTVSPost2010Prop39
140
1.0
102
RTVSPost2010PropOp39
 70
     1
102
RTVSPost2010Prop40
 90
        0
102
RTVSPost2010PropOp40
 70
     1
102
RTVSPost2010Prop41ColorIndex
 90
       18
102
RTVSPost2010Prop41ColorRGB
 90
        0
102
RTVSPost2010PropOp41
 70
     1
102
RTVSPost2010Prop42
 90
       50
102
RTVSPost2010PropOp42
 70
     1
102
RTVSPost2010Prop43
 90
        3
102
RTVSPost2010PropOp43
 70
     1
102
RTVSPost2010Prop44ColorIndex
 90
        5
102
RTVSPost2010Prop44ColorRGB
 90
      255
102
RTVSPost2010PropOp44
 70
     1
102
RTVSPost2010Prop45
280
     0
102
RTVSPost2010PropOp45
 70
     1
102
RTVSPost2010Prop46
 90
       50
102
RTVSPost2010PropOp46
 70
     1
102
RTVSPost2010Prop47
 90
       50
102
RTVSPost2010PropOp47
 70
     1
102
RTVSPost2010Prop48
 90
       50
102
RTVSPost2010PropOp48
 70
     1
102
RTVSPost2010Prop49
280
     0
102
RTVSPost2010PropOp49
 70
     1
102
RTVSPost2010Prop50
 90
       50
102
RTVSPost2010PropOp50
 70
     1
102
RTVSPost2010Prop51ColorIndex
 90
      256
102
RTVSPost2010Prop51ColorRGB
 90
-16777216
102
RTVSPost2010PropOp51
 70
     0
102
RTVSPost2010Prop52
140
1.0
102
RTVSPost2010PropOp52
 70
     0
102
RTVSPost2010Prop53
 90
        2
102
RTVSPost2010PropOp53
 70
     1
102
RTVSPost2010Prop54
  1
strokes_ogs.tif
102
RTVSPost2010PropOp54
 70
     1
102
RTVSPost2010Prop55
280
     0
102
RTVSPost2010PropOp55
 70
     1
102
RTVSPost2010Prop56
140
1.0
102
RTVSPost2010PropOp56
 70
     1
102
RTVSPost2010Prop57
140
1.0
102
RTVSPost2010PropOp57
 70
     1
102
RTVSPropertyOp0
 70
     1
102
RTVSPropertyOp1
 70
     1
102
RTVSPropertyOp2
 70
     1
102
RTVSPropertyOp3
 70
     1
102
RTVSPropertyOp4
 70
     1
102
RTVSPropertyOp5
 70
     1
102
RTVSPropertyOp6
 70
     1
102
RTVSPropertyOp7
 70
     1
102
RTVSPropertyOp8
 70
     1
102
RTVSPropertyOp9
 70
     1
102
RTVSPropertyOp10
 70
     1
102
RTVSPropertyOp11
 70
     1
102
RTVSPropertyOp12
 70
     1
102
RTVSPropertyOp13
 70
     1
102
RTVSPropertyOp14
 70
     1
102
RTVSPropertyOp15
 70
     1
102
RTVSPropertyOp16
 70
     1
102
RTVSPropertyOp17
 70
     1
102
RTVSPropertyOp18
 70
     1
102
RTVSPropertyOp19
 70
     1
102
RTVSPropertyOp20
 70
     1
102
RTVSPropertyOp21
 70
     1
102
RTVSPropertyOp22
 70
     1
102
RTVSPropertyOp23
 70
     1
102
RTVSPropertyOp24
 70
     1
102
RTVSPropertyOp25
 70
     1
102
RTVSPropertyOp26
 70
     1
102
RTVSPropertyOp27
 70
     1
102
RTVSPropertyOp28
 70
     1
102
RTVSPropertyOp29
 70
     1
102
RTVSPropertyOp30
 70
     1
102
RTVSPropertyOp31
 70
     1
102
RTVSPropertyOp32
 70
     1
102
RTVSPropertyOp33
 70
     1
102
RTVSPropertyOp34
 70
     1
102
RTVSPropertyOp35
 70
     1
102
RTVSPropertyOp36
 70
     1
102
RTVSPropertyOp37
 70
     1
102
RTVSPropertyOp38
 70
     1
102
RTVSPropertyOp39
 70
     1
102
RTVSPropertyOp40
 70
     1
102
RTVSPropertyOp41
 70
     1
102
RTVSPropertyOp42
 70
     1
102
RTVSPropertyOp43
 70
     1
102
RTVSPropertyOp44
 70
     1
102
RTVSPropertyOp45
 70
     1
102
RTVSPropertyOp46
 70
     1
102
RTVSPropertyOp47
 70
     1
102
RTVSPropertyOp48
 70
     1
102
RTVSPropertyOp49
 70
     1
102
RTVSPropertyOp50
 70
     1
102
RTVSPropertyOp51
 70
     0
102
RTVSPropertyOp52
 70
     0
102
RTVSPropertyOp53
 70
     1
102
RTVSPropertyOp54
 70
     1
102
RTVSPropertyOp55
 70
     1
102
RTVSPropertyOp56
 70
     1
102
RTVSPropertyOp57
 70
     1
102
RTVSPropertyOp58
 70
     1
102
RTVSPropertyOp59
 70
     1
102
RTVSPropertyOp60
 70
     1
102
RTVSPropertyOp61
 70
     1
102
RTVSPropertyOp62
 70
     1
  0
XRECORD
  5
7CB
102
{ACAD_REACTORS
330
7CA
102
}
330
7CA
100
AcDbXrecord
280
     1
102
RTVSPost2010Prop28
280
     0
102
RTVSPost2010PropOp28
 70
     1
102
RTVSPost2010Prop29
280
     1
102
RTVSPost2010PropOp29
 70
     1
102
RTVSPost2010Prop30
280
     1
102
RTVSPost2010PropOp30
 70
     1
102
RTVSPost2010Prop31
280
     0
102
RTVSPost2010PropOp31
 70
     1
102
RTVSPost2010Prop32
280
     0
102
RTVSPost2010PropOp32
 70
     1
102
RTVSPost2010Prop33
280
     0
102
RTVSPost2010PropOp33
 70
     1
102
RTVSPost2010Prop34
280
     0
102
RTVSPost2010PropOp34
 70
     1
102
RTVSPost2010Prop35
280
     0
102
RTVSPost2010PropOp35
 70
     1
102
RTVSPost2010Prop36
280
     0
102
RTVSPost2010PropOp36
 70
     1
102
RTVSPost2010Prop37
 90
       50
102
RTVSPost2010PropOp37
 70
     1
102
RTVSPost2010Prop38
140
0.0
102
RTVSPost2010PropOp38
 70
     1
102
RTVSPost2010Prop39
140
1.0
102
RTVSPost2010PropOp39
 70
     1
102
RTVSPost2010Prop40
 90
        0
102
RTVSPost2010PropOp40
 70
     1
102
RTVSPost2010Prop41ColorIndex
 90
       18
102
RTVSPost2010Prop41ColorRGB
 90
        0
102
RTVSPost2010PropOp41
 70
     1
102
RTVSPost2010Prop42
 90
       50
102
RTVSPost2010PropOp42
 70
     1
102
RTVSPost2010Prop43
 90
        3
102
RTVSPost2010PropOp43
 70
     1
102
RTVSPost2010Prop44ColorIndex
 90
        5
102
RTVSPost2010Prop44ColorRGB
 90
      255
102
RTVSPost2010PropOp44
 70
     1
102
RTVSPost2010Prop45
280
     0
102
RTVSPost2010PropOp45
 70
     1
102
RTVSPost2010Prop46
 90
       50
102
RTVSPost2010PropOp46
 70
     1
102
RTVSPost2010Prop47
 90
       50
102
RTVSPost2010PropOp47
 70
     1
102
RTVSPost2010Prop48
 90
       50
102
RTVSPost2010PropOp48
 70
     1
102
RTVSPost2010Prop49
280
     0
102
RTVSPost2010PropOp49
 70
     1
102
RTVSPost2010Prop50
 90
       50
102
RTVSPost2010PropOp50
 70
     1
102
RTVSPost2010Prop51ColorIndex
 90
      256
102
RTVSPost2010Prop51ColorRGB
 90
-16777216
102
RTVSPost2010PropOp51
 70
     0
102
RTVSPost2010Prop52
140
1.0
102
RTVSPost2010PropOp52
 70
     0
102
RTVSPost2010Prop53
 90
        2
102
RTVSPost2010PropOp53
 70
     1
102
RTVSPost2010Prop54
  1
strokes_ogs.tif
102
RTVSPost2010PropOp54
 70
     1
102
RTVSPost2010Prop55
280
     0
102
RTVSPost2010PropOp55
 70
     1
102
RTVSPost2010Prop56
140
1.0
102
RTVSPost2010PropOp56
 70
     1
102
RTVSPost2010Prop57
140
1.0
102
RTVSPost2010PropOp57
 70
     1
102
RTVSPropertyOp0
 70
     1
102
RTVSPropertyOp1
 70
     1
102
RTVSPropertyOp2
 70
     1
102
RTVSPropertyOp3
 70
     1
102
RTVSPropertyOp4
 70
     1
102
RTVSPropertyOp5
 70
     1
102
RTVSPropertyOp6
 70
     1
102
RTVSPropertyOp7
 70
     1
102
RTVSPropertyOp8
 70
     1
102
RTVSPropertyOp9
 70
     1
102
RTVSPropertyOp10
 70
     1
102
RTVSPropertyOp11
 70
     1
102
RTVSPropertyOp12
 70
     1
102
RTVSPropertyOp13
 70
     1
102
RTVSPropertyOp14
 70
     1
102
RTVSPropertyOp15
 70
     1
102
RTVSPropertyOp16
 70
     1
102
RTVSPropertyOp17
 70
     1
102
RTVSPropertyOp18
 70
     1
102
RTVSPropertyOp19
 70
     1
102
RTVSPropertyOp20
 70
     1
102
RTVSPropertyOp21
 70
     1
102
RTVSPropertyOp22
 70
     1
102
RTVSPropertyOp23
 70
     1
102
RTVSPropertyOp24
 70
     1
102
RTVSPropertyOp25
 70
     1
102
RTVSPropertyOp26
 70
     1
102
RTVSPropertyOp27
 70
     1
102
RTVSPropertyOp28
 70
     1
102
RTVSPropertyOp29
 70
     1
102
RTVSPropertyOp30
 70
     1
102
RTVSPropertyOp31
 70
     1
102
RTVSPropertyOp32
 70
     1
102
RTVSPropertyOp33
 70
     1
102
RTVSPropertyOp34
 70
     1
102
RTVSPropertyOp35
 70
     1
102
RTVSPropertyOp36
 70
     1
102
RTVSPropertyOp37
 70
     1
102
RTVSPropertyOp38
 70
     1
102
RTVSPropertyOp39
 70
     1
102
RTVSPropertyOp40
 70
     1
102
RTVSPropertyOp41
 70
     1
102
RTVSPropertyOp42
 70
     1
102
RTVSPropertyOp43
 70
     1
102
RTVSPropertyOp44
 70
     1
102
RTVSPropertyOp45
 70
     1
102
RTVSPropertyOp46
 70
     1
102
RTVSPropertyOp47
 70
     1
102
RTVSPropertyOp48
 70
     1
102
RTVSPropertyOp49
 70
     1
102
RTVSPropertyOp50
 70
     1
102
RTVSPropertyOp51
 70
     0
102
RTVSPropertyOp52
 70
     0
102
RTVSPropertyOp53
 70
     1
102
RTVSPropertyOp54
 70
     1
102
RTVSPropertyOp55
 70
     1
102
RTVSPropertyOp56
 70
     1
102
RTVSPropertyOp57
 70
     1
102
RTVSPropertyOp58
 70
     1
102
RTVSPropertyOp59
 70
     1
102
RTVSPropertyOp60
 70
     1
102
RTVSPropertyOp61
 70
     1
102
RTVSPropertyOp62
 70
     1
  0
XRECORD
  5
7CD
102
{ACAD_REACTORS
330
7CC
102
}
330
7CC
100
AcDbXrecord
280
     1
102
RTVSPost2010Prop28
280
     0
102
RTVSPost2010PropOp28
 70
     1
102
RTVSPost2010Prop29
280
     1
102
RTVSPost2010PropOp29
 70
     1
102
RTVSPost2010Prop30
280
     1
102
RTVSPost2010PropOp30
 70
     1
102
RTVSPost2010Prop31
280
     0
102
RTVSPost2010PropOp31
 70
     1
102
RTVSPost2010Prop32
280
     0
102
RTVSPost2010PropOp32
 70
     1
102
RTVSPost2010Prop33
280
     0
102
RTVSPost2010PropOp33
 70
     1
102
RTVSPost2010Prop34
280
     0
102
RTVSPost2010PropOp34
 70
     1
102
RTVSPost2010Prop35
280
     0
102
RTVSPost2010PropOp35
 70
     1
102
RTVSPost2010Prop36
280
     0
102
RTVSPost2010PropOp36
 70
     1
102
RTVSPost2010Prop37
 90
       50
102
RTVSPost2010PropOp37
 70
     1
102
RTVSPost2010Prop38
140
0.0
102
RTVSPost2010PropOp38
 70
     1
102
RTVSPost2010Prop39
140
1.0
102
RTVSPost2010PropOp39
 70
     1
102
RTVSPost2010Prop40
 90
        0
102
RTVSPost2010PropOp40
 70
     1
102
RTVSPost2010Prop41ColorIndex
 90
       18
102
RTVSPost2010Prop41ColorRGB
 90
        0
102
RTVSPost2010PropOp41
 70
     1
102
RTVSPost2010Prop42
 90
       50
102
RTVSPost2010PropOp42
 70
     1
102
RTVSPost2010Prop43
 90
        3
102
RTVSPost2010PropOp43
 70
     1
102
RTVSPost2010Prop44ColorIndex
 90
        5
102
RTVSPost2010Prop44ColorRGB
 90
      255
102
RTVSPost2010PropOp44
 70
     1
102
RTVSPost2010Prop45
280
     0
102
RTVSPost2010PropOp45
 70
     1
102
RTVSPost2010Prop46
 90
       50
102
RTVSPost2010PropOp46
 70
     1
102
RTVSPost2010Prop47
 90
       50
102
RTVSPost2010PropOp47
 70
     1
102
RTVSPost2010Prop48
 90
       50
102
RTVSPost2010PropOp48
 70
     1
102
RTVSPost2010Prop49
280
     0
102
RTVSPost2010PropOp49
 70
     1
102
RTVSPost2010Prop50
 90
       50
102
RTVSPost2010PropOp50
 70
     1
102
RTVSPost2010Prop51ColorIndex
 90
      256
102
RTVSPost2010Prop51ColorRGB
 90
-16777216
102
RTVSPost2010PropOp51
 70
     0
102
RTVSPost2010Prop52
140
1.0
102
RTVSPost2010PropOp52
 70
     0
102
RTVSPost2010Prop53
 90
        2
102
RTVSPost2010PropOp53
 70
     1
102
RTVSPost2010Prop54
  1
strokes_ogs.tif
102
RTVSPost2010PropOp54
 70
     1
102
RTVSPost2010Prop55
280
     0
102
RTVSPost2010PropOp55
 70
     1
102
RTVSPost2010Prop56
140
1.0
102
RTVSPost2010PropOp56
 70
     1
102
RTVSPost2010Prop57
140
1.0
102
RTVSPost2010PropOp57
 70
     1
102
RTVSPropertyOp0
 70
     1
102
RTVSPropertyOp1
 70
     1
102
RTVSPropertyOp2
 70
     1
102
RTVSPropertyOp3
 70
     1
102
RTVSPropertyOp4
 70
     1
102
RTVSPropertyOp5
 70
     1
102
RTVSPropertyOp6
 70
     1
102
RTVSPropertyOp7
 70
     1
102
RTVSPropertyOp8
 70
     1
102
RTVSPropertyOp9
 70
     1
102
RTVSPropertyOp10
 70
     1
102
RTVSPropertyOp11
 70
     1
102
RTVSPropertyOp12
 70
     1
102
RTVSPropertyOp13
 70
     1
102
RTVSPropertyOp14
 70
     1
102
RTVSPropertyOp15
 70
     1
102
RTVSPropertyOp16
 70
     1
102
RTVSPropertyOp17
 70
     1
102
RTVSPropertyOp18
 70
     1
102
RTVSPropertyOp19
 70
     1
102
RTVSPropertyOp20
 70
     1
102
RTVSPropertyOp21
 70
     1
102
RTVSPropertyOp22
 70
     1
102
RTVSPropertyOp23
 70
     1
102
RTVSPropertyOp24
 70
     1
102
RTVSPropertyOp25
 70
     1
102
RTVSPropertyOp26
 70
     1
102
RTVSPropertyOp27
 70
     1
102
RTVSPropertyOp28
 70
     1
102
RTVSPropertyOp29
 70
     1
102
RTVSPropertyOp30
 70
     1
102
RTVSPropertyOp31
 70
     1
102
RTVSPropertyOp32
 70
     1
102
RTVSPropertyOp33
 70
     1
102
RTVSPropertyOp34
 70
     1
102
RTVSPropertyOp35
 70
     1
102
RTVSPropertyOp36
 70
     1
102
RTVSPropertyOp37
 70
     1
102
RTVSPropertyOp38
 70
     1
102
RTVSPropertyOp39
 70
     1
102
RTVSPropertyOp40
 70
     1
102
RTVSPropertyOp41
 70
     1
102
RTVSPropertyOp42
 70
     1
102
RTVSPropertyOp43
 70
     1
102
RTVSPropertyOp44
 70
     1
102
RTVSPropertyOp45
 70
     1
102
RTVSPropertyOp46
 70
     1
102
RTVSPropertyOp47
 70
     1
102
RTVSPropertyOp48
 70
     1
102
RTVSPropertyOp49
 70
     1
102
RTVSPropertyOp50
 70
     1
102
RTVSPropertyOp51
 70
     0
102
RTVSPropertyOp52
 70
     0
102
RTVSPropertyOp53
 70
     1
102
RTVSPropertyOp54
 70
     1
102
RTVSPropertyOp55
 70
     1
102
RTVSPropertyOp56
 70
     1
102
RTVSPropertyOp57
 70
     1
102
RTVSPropertyOp58
 70
     1
102
RTVSPropertyOp59
 70
     1
102
RTVSPropertyOp60
 70
     1
102
RTVSPropertyOp61
 70
     1
102
RTVSPropertyOp62
 70
     1
  0
XRECORD
  5
7CF
102
{ACAD_REACTORS
330
7CE
102
}
330
7CE
100
AcDbXrecord
280
     1
102
RTVSPost2010Prop28
280
     0
102
RTVSPost2010PropOp28
 70
     1
102
RTVSPost2010Prop29
280
     1
102
RTVSPost2010PropOp29
 70
     1
102
RTVSPost2010Prop30
280
     1
102
RTVSPost2010PropOp30
 70
     1
102
RTVSPost2010Prop31
280
     0
102
RTVSPost2010PropOp31
 70
     1
102
RTVSPost2010Prop32
280
     0
102
RTVSPost2010PropOp32
 70
     1
102
RTVSPost2010Prop33
280
     0
102
RTVSPost2010PropOp33
 70
     1
102
RTVSPost2010Prop34
280
     0
102
RTVSPost2010PropOp34
 70
     1
102
RTVSPost2010Prop35
280
     0
102
RTVSPost2010PropOp35
 70
     1
102
RTVSPost2010Prop36
280
     0
102
RTVSPost2010PropOp36
 70
     1
102
RTVSPost2010Prop37
 90
       50
102
RTVSPost2010PropOp37
 70
     1
102
RTVSPost2010Prop38
140
0.0
102
RTVSPost2010PropOp38
 70
     1
102
RTVSPost2010Prop39
140
1.0
102
RTVSPost2010PropOp39
 70
     1
102
RTVSPost2010Prop40
 90
        0
102
RTVSPost2010PropOp40
 70
     1
102
RTVSPost2010Prop41ColorIndex
 90
       18
102
RTVSPost2010Prop41ColorRGB
 90
        0
102
RTVSPost2010PropOp41
 70
     1
102
RTVSPost2010Prop42
 90
       50
102
RTVSPost2010PropOp42
 70
     1
102
RTVSPost2010Prop43
 90
        3
102
RTVSPost2010PropOp43
 70
     1
102
RTVSPost2010Prop44ColorIndex
 90
        5
102
RTVSPost2010Prop44ColorRGB
 90
      255
102
RTVSPost2010PropOp44
 70
     1
102
RTVSPost2010Prop45
280
     0
102
RTVSPost2010PropOp45
 70
     1
102
RTVSPost2010Prop46
 90
       50
102
RTVSPost2010PropOp46
 70
     1
102
RTVSPost2010Prop47
 90
       50
102
RTVSPost2010PropOp47
 70
     1
102
RTVSPost2010Prop48
 90
       50
102
RTVSPost2010PropOp48
 70
     1
102
RTVSPost2010Prop49
280
     0
102
RTVSPost2010PropOp49
 70
     1
102
RTVSPost2010Prop50
 90
       50
102
RTVSPost2010PropOp50
 70
     1
102
RTVSPost2010Prop51ColorIndex
 90
      256
102
RTVSPost2010Prop51ColorRGB
 90
-16777216
102
RTVSPost2010PropOp51
 70
     0
102
RTVSPost2010Prop52
140
1.0
102
RTVSPost2010PropOp52
 70
     0
102
RTVSPost2010Prop53
 90
        2
102
RTVSPost2010PropOp53
 70
     1
102
RTVSPost2010Prop54
  1
strokes_ogs.tif
102
RTVSPost2010PropOp54
 70
     1
102
RTVSPost2010Prop55
280
     0
102
RTVSPost2010PropOp55
 70
     1
102
RTVSPost2010Prop56
140
1.0
102
RTVSPost2010PropOp56
 70
     1
102
RTVSPost2010Prop57
140
1.0
102
RTVSPost2010PropOp57
 70
     1
102
RTVSPropertyOp0
 70
     1
102
RTVSPropertyOp1
 70
     1
102
RTVSPropertyOp2
 70
     1
102
RTVSPropertyOp3
 70
     1
102
RTVSPropertyOp4
 70
     1
102
RTVSPropertyOp5
 70
     1
102
RTVSPropertyOp6
 70
     1
102
RTVSPropertyOp7
 70
     1
102
RTVSPropertyOp8
 70
     1
102
RTVSPropertyOp9
 70
     1
102
RTVSPropertyOp10
 70
     1
102
RTVSPropertyOp11
 70
     1
102
RTVSPropertyOp12
 70
     1
102
RTVSPropertyOp13
 70
     1
102
RTVSPropertyOp14
 70
     1
102
RTVSPropertyOp15
 70
     1
102
RTVSPropertyOp16
 70
     1
102
RTVSPropertyOp17
 70
     1
102
RTVSPropertyOp18
 70
     1
102
RTVSPropertyOp19
 70
     1
102
RTVSPropertyOp20
 70
     1
102
RTVSPropertyOp21
 70
     1
102
RTVSPropertyOp22
 70
     1
102
RTVSPropertyOp23
 70
     1
102
RTVSPropertyOp24
 70
     1
102
RTVSPropertyOp25
 70
     1
102
RTVSPropertyOp26
 70
     1
102
RTVSPropertyOp27
 70
     1
102
RTVSPropertyOp28
 70
     1
102
RTVSPropertyOp29
 70
     1
102
RTVSPropertyOp30
 70
     1
102
RTVSPropertyOp31
 70
     1
102
RTVSPropertyOp32
 70
     1
102
RTVSPropertyOp33
 70
     1
102
RTVSPropertyOp34
 70
     1
102
RTVSPropertyOp35
 70
     1
102
RTVSPropertyOp36
 70
     1
102
RTVSPropertyOp37
 70
     1
102
RTVSPropertyOp38
 70
     1
102
RTVSPropertyOp39
 70
     1
102
RTVSPropertyOp40
 70
     1
102
RTVSPropertyOp41
 70
     1
102
RTVSPropertyOp42
 70
     1
102
RTVSPropertyOp43
 70
     1
102
RTVSPropertyOp44
 70
     1
102
RTVSPropertyOp45
 70
     1
102
RTVSPropertyOp46
 70
     1
102
RTVSPropertyOp47
 70
     1
102
RTVSPropertyOp48
 70
     1
102
RTVSPropertyOp49
 70
     1
102
RTVSPropertyOp50
 70
     1
102
RTVSPropertyOp51
 70
     0
102
RTVSPropertyOp52
 70
     0
102
RTVSPropertyOp53
 70
     1
102
RTVSPropertyOp54
 70
     1
102
RTVSPropertyOp55
 70
     1
102
RTVSPropertyOp56
 70
     1
102
RTVSPropertyOp57
 70
     1
102
RTVSPropertyOp58
 70
     1
102
RTVSPropertyOp59
 70
     1
102
RTVSPropertyOp60
 70
     1
102
RTVSPropertyOp61
 70
     1
102
RTVSPropertyOp62
 70
     1
  0
XRECORD
  5
7D1
102
{ACAD_REACTORS
330
7D0
102
}
330
7D0
100
AcDbXrecord
280
     1
102
RTVSPost2010Prop28
280
     0
102
RTVSPost2010PropOp28
 70
     1
102
RTVSPost2010Prop29
280
     1
102
RTVSPost2010PropOp29
 70
     1
102
RTVSPost2010Prop30
280
     1
102
RTVSPost2010PropOp30
 70
     1
102
RTVSPost2010Prop31
280
     0
102
RTVSPost2010PropOp31
 70
     1
102
RTVSPost2010Prop32
280
     0
102
RTVSPost2010PropOp32
 70
     1
102
RTVSPost2010Prop33
280
     0
102
RTVSPost2010PropOp33
 70
     1
102
RTVSPost2010Prop34
280
     0
102
RTVSPost2010PropOp34
 70
     1
102
RTVSPost2010Prop35
280
     0
102
RTVSPost2010PropOp35
 70
     1
102
RTVSPost2010Prop36
280
     0
102
RTVSPost2010PropOp36
 70
     1
102
RTVSPost2010Prop37
 90
       50
102
RTVSPost2010PropOp37
 70
     1
102
RTVSPost2010Prop38
140
0.0
102
RTVSPost2010PropOp38
 70
     1
102
RTVSPost2010Prop39
140
1.0
102
RTVSPost2010PropOp39
 70
     1
102
RTVSPost2010Prop40
 90
        0
102
RTVSPost2010PropOp40
 70
     1
102
RTVSPost2010Prop41ColorIndex
 90
       18
102
RTVSPost2010Prop41ColorRGB
 90
        0
102
RTVSPost2010PropOp41
 70
     1
102
RTVSPost2010Prop42
 90
       50
102
RTVSPost2010PropOp42
 70
     1
102
RTVSPost2010Prop43
 90
        3
102
RTVSPost2010PropOp43
 70
     1
102
RTVSPost2010Prop44ColorIndex
 90
        5
102
RTVSPost2010Prop44ColorRGB
 90
      255
102
RTVSPost2010PropOp44
 70
     1
102
RTVSPost2010Prop45
280
     0
102
RTVSPost2010PropOp45
 70
     1
102
RTVSPost2010Prop46
 90
       50
102
RTVSPost2010PropOp46
 70
     1
102
RTVSPost2010Prop47
 90
       50
102
RTVSPost2010PropOp47
 70
     1
102
RTVSPost2010Prop48
 90
       50
102
RTVSPost2010PropOp48
 70
     1
102
RTVSPost2010Prop49
280
     0
102
RTVSPost2010PropOp49
 70
     1
102
RTVSPost2010Prop50
 90
       50
102
RTVSPost2010PropOp50
 70
     1
102
RTVSPost2010Prop51ColorIndex
 90
      256
102
RTVSPost2010Prop51ColorRGB
 90
-16777216
102
RTVSPost2010PropOp51
 70
     0
102
RTVSPost2010Prop52
140
1.0
102
RTVSPost2010PropOp52
 70
     0
102
RTVSPost2010Prop53
 90
        2
102
RTVSPost2010PropOp53
 70
     1
102
RTVSPost2010Prop54
  1
strokes_ogs.tif
102
RTVSPost2010PropOp54
 70
     1
102
RTVSPost2010Prop55
280
     0
102
RTVSPost2010PropOp55
 70
     1
102
RTVSPost2010Prop56
140
1.0
102
RTVSPost2010PropOp56
 70
     1
102
RTVSPost2010Prop57
140
1.0
102
RTVSPost2010PropOp57
 70
     1
102
RTVSPropertyOp0
 70
     1
102
RTVSPropertyOp1
 70
     1
102
RTVSPropertyOp2
 70
     1
102
RTVSPropertyOp3
 70
     1
102
RTVSPropertyOp4
 70
     1
102
RTVSPropertyOp5
 70
     1
102
RTVSPropertyOp6
 70
     1
102
RTVSPropertyOp7
 70
     1
102
RTVSPropertyOp8
 70
     1
102
RTVSPropertyOp9
 70
     1
102
RTVSPropertyOp10
 70
     1
102
RTVSPropertyOp11
 70
     1
102
RTVSPropertyOp12
 70
     1
102
RTVSPropertyOp13
 70
     1
102
RTVSPropertyOp14
 70
     1
102
RTVSPropertyOp15
 70
     1
102
RTVSPropertyOp16
 70
     1
102
RTVSPropertyOp17
 70
     1
102
RTVSPropertyOp18
 70
     1
102
RTVSPropertyOp19
 70
     1
102
RTVSPropertyOp20
 70
     1
102
RTVSPropertyOp21
 70
     1
102
RTVSPropertyOp22
 70
     1
102
RTVSPropertyOp23
 70
     1
102
RTVSPropertyOp24
 70
     1
102
RTVSPropertyOp25
 70
     1
102
RTVSPropertyOp26
 70
     1
102
RTVSPropertyOp27
 70
     1
102
RTVSPropertyOp28
 70
     1
102
RTVSPropertyOp29
 70
     1
102
RTVSPropertyOp30
 70
     1
102
RTVSPropertyOp31
 70
     1
102
RTVSPropertyOp32
 70
     1
102
RTVSPropertyOp33
 70
     1
102
RTVSPropertyOp34
 70
     1
102
RTVSPropertyOp35
 70
     1
102
RTVSPropertyOp36
 70
     1
102
RTVSPropertyOp37
 70
     1
102
RTVSPropertyOp38
 70
     1
102
RTVSPropertyOp39
 70
     1
102
RTVSPropertyOp40
 70
     1
102
RTVSPropertyOp41
 70
     1
102
RTVSPropertyOp42
 70
     1
102
RTVSPropertyOp43
 70
     1
102
RTVSPropertyOp44
 70
     1
102
RTVSPropertyOp45
 70
     1
102
RTVSPropertyOp46
 70
     1
102
RTVSPropertyOp47
 70
     1
102
RTVSPropertyOp48
 70
     1
102
RTVSPropertyOp49
 70
     1
102
RTVSPropertyOp50
 70
     1
102
RTVSPropertyOp51
 70
     0
102
RTVSPropertyOp52
 70
     0
102
RTVSPropertyOp53
 70
     1
102
RTVSPropertyOp54
 70
     1
102
RTVSPropertyOp55
 70
     1
102
RTVSPropertyOp56
 70
     1
102
RTVSPropertyOp57
 70
     1
102
RTVSPropertyOp58
 70
     1
102
RTVSPropertyOp59
 70
     1
102
RTVSPropertyOp60
 70
     1
102
RTVSPropertyOp61
 70
     1
102
RTVSPropertyOp62
 70
     1
  0
XRECORD
  5
7D9
102
{ACAD_REACTORS
330
7D8
102
}
330
7D8
100
AcDbXrecord
280
     1
102
RTVSPost2010Prop28
280
     0
102
RTVSPost2010PropOp28
 70
     1
102
RTVSPost2010Prop29
280
     1
102
RTVSPost2010PropOp29
 70
     1
102
RTVSPost2010Prop30
280
     1
102
RTVSPost2010PropOp30
 70
     1
102
RTVSPost2010Prop31
280
     0
102
RTVSPost2010PropOp31
 70
     1
102
RTVSPost2010Prop32
280
     0
102
RTVSPost2010PropOp32
 70
     1
102
RTVSPost2010Prop33
280
     0
102
RTVSPost2010PropOp33
 70
     1
102
RTVSPost2010Prop34
280
     0
102
RTVSPost2010PropOp34
 70
     1
102
RTVSPost2010Prop35
280
     0
102
RTVSPost2010PropOp35
 70
     1
102
RTVSPost2010Prop36
280
     0
102
RTVSPost2010PropOp36
 70
     1
102
RTVSPost2010Prop37
 90
       50
102
RTVSPost2010PropOp37
 70
     1
102
RTVSPost2010Prop38
140
0.0
102
RTVSPost2010PropOp38
 70
     1
102
RTVSPost2010Prop39
140
1.0
102
RTVSPost2010PropOp39
 70
     1
102
RTVSPost2010Prop40
 90
        0
102
RTVSPost2010PropOp40
 70
     1
102
RTVSPost2010Prop41ColorIndex
 90
       18
102
RTVSPost2010Prop41ColorRGB
 90
        0
102
RTVSPost2010PropOp41
 70
     1
102
RTVSPost2010Prop42
 90
       50
102
RTVSPost2010PropOp42
 70
     1
102
RTVSPost2010Prop43
 90
        3
102
RTVSPost2010PropOp43
 70
     1
102
RTVSPost2010Prop44ColorIndex
 90
        5
102
RTVSPost2010Prop44ColorRGB
 90
      255
102
RTVSPost2010PropOp44
 70
     1
102
RTVSPost2010Prop45
280
     0
102
RTVSPost2010PropOp45
 70
     1
102
RTVSPost2010Prop46
 90
       50
102
RTVSPost2010PropOp46
 70
     1
102
RTVSPost2010Prop47
 90
       50
102
RTVSPost2010PropOp47
 70
     1
102
RTVSPost2010Prop48
 90
       50
102
RTVSPost2010PropOp48
 70
     1
102
RTVSPost2010Prop49
280
     0
102
RTVSPost2010PropOp49
 70
     1
102
RTVSPost2010Prop50
 90
       50
102
RTVSPost2010PropOp50
 70
     1
102
RTVSPost2010Prop51ColorIndex
 90
      256
102
RTVSPost2010Prop51ColorRGB
 90
-16777216
102
RTVSPost2010PropOp51
 70
     0
102
RTVSPost2010Prop52
140
1.0
102
RTVSPost2010PropOp52
 70
     0
102
RTVSPost2010Prop53
 90
        2
102
RTVSPost2010PropOp53
 70
     1
102
RTVSPost2010Prop54
  1
strokes_ogs.tif
102
RTVSPost2010PropOp54
 70
     1
102
RTVSPost2010Prop55
280
     0
102
RTVSPost2010PropOp55
 70
     1
102
RTVSPost2010Prop56
140
1.0
102
RTVSPost2010PropOp56
 70
     1
102
RTVSPost2010Prop57
140
1.0
102
RTVSPost2010PropOp57
 70
     1
102
RTVSPropertyOp0
 70
     1
102
RTVSPropertyOp1
 70
     1
102
RTVSPropertyOp2
 70
     1
102
RTVSPropertyOp3
 70
     1
102
RTVSPropertyOp4
 70
     1
102
RTVSPropertyOp5
 70
     1
102
RTVSPropertyOp6
 70
     1
102
RTVSPropertyOp7
 70
     1
102
RTVSPropertyOp8
 70
     1
102
RTVSPropertyOp9
 70
     1
102
RTVSPropertyOp10
 70
     1
102
RTVSPropertyOp11
 70
     1
102
RTVSPropertyOp12
 70
     1
102
RTVSPropertyOp13
 70
     1
102
RTVSPropertyOp14
 70
     1
102
RTVSPropertyOp15
 70
     1
102
RTVSPropertyOp16
 70
     1
102
RTVSPropertyOp17
 70
     1
102
RTVSPropertyOp18
 70
     1
102
RTVSPropertyOp19
 70
     1
102
RTVSPropertyOp20
 70
     1
102
RTVSPropertyOp21
 70
     1
102
RTVSPropertyOp22
 70
     1
102
RTVSPropertyOp23
 70
     1
102
RTVSPropertyOp24
 70
     1
102
RTVSPropertyOp25
 70
     1
102
RTVSPropertyOp26
 70
     1
102
RTVSPropertyOp27
 70
     1
102
RTVSPropertyOp28
 70
     1
102
RTVSPropertyOp29
 70
     1
102
RTVSPropertyOp30
 70
     1
102
RTVSPropertyOp31
 70
     1
102
RTVSPropertyOp32
 70
     1
102
RTVSPropertyOp33
 70
     1
102
RTVSPropertyOp34
 70
     1
102
RTVSPropertyOp35
 70
     1
102
RTVSPropertyOp36
 70
     1
102
RTVSPropertyOp37
 70
     1
102
RTVSPropertyOp38
 70
     1
102
RTVSPropertyOp39
 70
     1
102
RTVSPropertyOp40
 70
     1
102
RTVSPropertyOp41
 70
     1
102
RTVSPropertyOp42
 70
     1
102
RTVSPropertyOp43
 70
     1
102
RTVSPropertyOp44
 70
     1
102
RTVSPropertyOp45
 70
     1
102
RTVSPropertyOp46
 70
     1
102
RTVSPropertyOp47
 70
     1
102
RTVSPropertyOp48
 70
     1
102
RTVSPropertyOp49
 70
     1
102
RTVSPropertyOp50
 70
     1
102
RTVSPropertyOp51
 70
     0
102
RTVSPropertyOp52
 70
     0
102
RTVSPropertyOp53
 70
     1
102
RTVSPropertyOp54
 70
     1
102
RTVSPropertyOp55
 70
     1
102
RTVSPropertyOp56
 70
     1
102
RTVSPropertyOp57
 70
     1
102
RTVSPropertyOp58
 70
     1
102
RTVSPropertyOp59
 70
     1
102
RTVSPropertyOp60
 70
     1
102
RTVSPropertyOp61
 70
     1
102
RTVSPropertyOp62
 70
     1
  0
XRECORD
  5
7F5
102
{ACAD_REACTORS
330
7F4
102
}
330
7F4
100
AcDbXrecord
280
     1
102
RTVSPost2010Prop28
280
     0
102
RTVSPost2010PropOp28
 70
     1
102
RTVSPost2010Prop29
280
     1
102
RTVSPost2010PropOp29
 70
     1
102
RTVSPost2010Prop30
280
     1
102
RTVSPost2010PropOp30
 70
     1
102
RTVSPost2010Prop31
280
     0
102
RTVSPost2010PropOp31
 70
     1
102
RTVSPost2010Prop32
280
     0
102
RTVSPost2010PropOp32
 70
     1
102
RTVSPost2010Prop33
280
     0
102
RTVSPost2010PropOp33
 70
     1
102
RTVSPost2010Prop34
280
     0
102
RTVSPost2010PropOp34
 70
     1
102
RTVSPost2010Prop35
280
     0
102
RTVSPost2010PropOp35
 70
     1
102
RTVSPost2010Prop36
280
     0
102
RTVSPost2010PropOp36
 70
     1
102
RTVSPost2010Prop37
 90
       50
102
RTVSPost2010PropOp37
 70
     0
102
RTVSPost2010Prop38
140
0.0
102
RTVSPost2010PropOp38
 70
     0
102
RTVSPost2010Prop39
140
1.0
102
RTVSPost2010PropOp39
 70
     0
102
RTVSPost2010Prop40
 90
        0
102
RTVSPost2010PropOp40
 70
     0
102
RTVSPost2010Prop41ColorIndex
 90
       18
102
RTVSPost2010Prop41ColorRGB
 90
        0
102
RTVSPost2010PropOp41
 70
     0
102
RTVSPost2010Prop42
 90
       50
102
RTVSPost2010PropOp42
 70
     0
102
RTVSPost2010Prop43
 90
        3
102
RTVSPost2010PropOp43
 70
     0
102
RTVSPost2010Prop44ColorIndex
 90
        5
102
RTVSPost2010Prop44ColorRGB
 90
      255
102
RTVSPost2010PropOp44
 70
     0
102
RTVSPost2010Prop45
280
     0
102
RTVSPost2010PropOp45
 70
     1
102
RTVSPost2010Prop46
 90
       50
102
RTVSPost2010PropOp46
 70
     0
102
RTVSPost2010Prop47
 90
       50
102
RTVSPost2010PropOp47
 70
     0
102
RTVSPost2010Prop48
 90
       50
102
RTVSPost2010PropOp48
 70
     0
102
RTVSPost2010Prop49
280
     0
102
RTVSPost2010PropOp49
 70
     1
102
RTVSPost2010Prop50
 90
       50
102
RTVSPost2010PropOp50
 70
     0
102
RTVSPost2010Prop51ColorIndex
 90
      256
102
RTVSPost2010Prop51ColorRGB
 90
-16777216
102
RTVSPost2010PropOp51
 70
     0
102
RTVSPost2010Prop52
140
1.0
102
RTVSPost2010PropOp52
 70
     0
102
RTVSPost2010Prop53
 90
        2
102
RTVSPost2010PropOp53
 70
     0
102
RTVSPost2010Prop54
  1
strokes_ogs.tif
102
RTVSPost2010PropOp54
 70
     0
102
RTVSPost2010Prop55
280
     0
102
RTVSPost2010PropOp55
 70
     1
102
RTVSPost2010Prop56
140
1.0
102
RTVSPost2010PropOp56
 70
     0
102
RTVSPost2010Prop57
140
1.0
102
RTVSPost2010PropOp57
 70
     0
102
RTVSPropertyOp0
 70
     0
102
RTVSPropertyOp1
 70
     0
102
RTVSPropertyOp2
 70
     0
102
RTVSPropertyOp3
 70
     0
102
RTVSPropertyOp4
 70
     0
102
RTVSPropertyOp5
 70
     0
102
RTVSPropertyOp6
 70
     0
102
RTVSPropertyOp7
 70
     0
102
RTVSPropertyOp8
 70
     0
102
RTVSPropertyOp9
 70
     0
102
RTVSPropertyOp10
 70
     0
102
RTVSPropertyOp11
 70
     0
102
RTVSPropertyOp12
 70
     0
102
RTVSPropertyOp13
 70
     0
102
RTVSPropertyOp14
 70
     2
102
RTVSPropertyOp15
 70
     0
102
RTVSPropertyOp16
 70
     0
102
RTVSPropertyOp17
 70
     0
102
RTVSPropertyOp18
 70
     0
102
RTVSPropertyOp19
 70
     0
102
RTVSPropertyOp20
 70
     0
102
RTVSPropertyOp21
 70
     0
102
RTVSPropertyOp22
 70
     0
102
RTVSPropertyOp23
 70
     0
102
RTVSPropertyOp24
 70
     0
102
RTVSPropertyOp25
 70
     0
102
RTVSPropertyOp26
 70
     0
102
RTVSPropertyOp27
 70
     0
102
RTVSPropertyOp28
 70
     1
102
RTVSPropertyOp29
 70
     1
102
RTVSPropertyOp30
 70
     1
102
RTVSPropertyOp31
 70
     1
102
RTVSPropertyOp32
 70
     1
102
RTVSPropertyOp33
 70
     1
102
RTVSPropertyOp34
 70
     1
102
RTVSPropertyOp35
 70
     1
102
RTVSPropertyOp36
 70
     1
102
RTVSPropertyOp37
 70
     0
102
RTVSPropertyOp38
 70
     0
102
RTVSPropertyOp39
 70
     0
102
RTVSPropertyOp40
 70
     0
102
RTVSPropertyOp41
 70
     0
102
RTVSPropertyOp42
 70
     0
102
RTVSPropertyOp43
 70
     0
102
RTVSPropertyOp44
 70
     0
102
RTVSPropertyOp45
 70
     1
102
RTVSPropertyOp46
 70
     0
102
RTVSPropertyOp47
 70
     0
102
RTVSPropertyOp48
 70
     0
102
RTVSPropertyOp49
 70
     1
102
RTVSPropertyOp50
 70
     0
102
RTVSPropertyOp51
 70
     0
102
RTVSPropertyOp52
 70
     0
102
RTVSPropertyOp53
 70
     0
102
RTVSPropertyOp54
 70
     0
102
RTVSPropertyOp55
 70
     1
102
RTVSPropertyOp56
 70
     0
102
RTVSPropertyOp57
 70
     0
102
RTVSPropertyOp58
 70
     0
102
RTVSPropertyOp59
 70
     0
102
RTVSPropertyOp60
 70
     0
102
RTVSPropertyOp61
 70
     0
102
RTVSPropertyOp62
 70
     0
  0
XRECORD
  5
7E5
102
{ACAD_REACTORS
330
7E4
102
}
330
7E4
100
AcDbXrecord
280
     1
102
RTVSPost2010Prop28
280
     0
102
RTVSPost2010PropOp28
 70
     1
102
RTVSPost2010Prop29
280
     1
102
RTVSPost2010PropOp29
 70
     1
102
RTVSPost2010Prop30
280
     1
102
RTVSPost2010PropOp30
 70
     1
102
RTVSPost2010Prop31
280
     0
102
RTVSPost2010PropOp31
 70
     1
102
RTVSPost2010Prop32
280
     0
102
RTVSPost2010PropOp32
 70
     1
102
RTVSPost2010Prop33
280
     0
102
RTVSPost2010PropOp33
 70
     1
102
RTVSPost2010Prop34
280
     0
102
RTVSPost2010PropOp34
 70
     1
102
RTVSPost2010Prop35
280
     0
102
RTVSPost2010PropOp35
 70
     1
102
RTVSPost2010Prop36
280
     0
102
RTVSPost2010PropOp36
 70
     1
102
RTVSPost2010Prop37
 90
       50
102
RTVSPost2010PropOp37
 70
     1
102
RTVSPost2010Prop38
140
0.0
102
RTVSPost2010PropOp38
 70
     1
102
RTVSPost2010Prop39
140
1.0
102
RTVSPost2010PropOp39
 70
     1
102
RTVSPost2010Prop40
 90
        0
102
RTVSPost2010PropOp40
 70
     1
102
RTVSPost2010Prop41ColorIndex
 90
       18
102
RTVSPost2010Prop41ColorRGB
 90
        0
102
RTVSPost2010PropOp41
 70
     1
102
RTVSPost2010Prop42
 90
       50
102
RTVSPost2010PropOp42
 70
     1
102
RTVSPost2010Prop43
 90
        3
102
RTVSPost2010PropOp43
 70
     1
102
RTVSPost2010Prop44ColorIndex
 90
        5
102
RTVSPost2010Prop44ColorRGB
 90
      255
102
RTVSPost2010PropOp44
 70
     1
102
RTVSPost2010Prop45
280
     0
102
RTVSPost2010PropOp45
 70
     1
102
RTVSPost2010Prop46
 90
       50
102
RTVSPost2010PropOp46
 70
     1
102
RTVSPost2010Prop47
 90
       50
102
RTVSPost2010PropOp47
 70
     1
102
RTVSPost2010Prop48
 90
       50
102
RTVSPost2010PropOp48
 70
     1
102
RTVSPost2010Prop49
280
     0
102
RTVSPost2010PropOp49
 70
     1
102
RTVSPost2010Prop50
 90
       50
102
RTVSPost2010PropOp50
 70
     1
102
RTVSPost2010Prop51ColorIndex
 90
      256
102
RTVSPost2010Prop51ColorRGB
 90
-16777216
102
RTVSPost2010PropOp51
 70
     0
102
RTVSPost2010Prop52
140
1.0
102
RTVSPost2010PropOp52
 70
     0
102
RTVSPost2010Prop53
 90
        2
102
RTVSPost2010PropOp53
 70
     1
102
RTVSPost2010Prop54
  1
strokes_ogs.tif
102
RTVSPost2010PropOp54
 70
     1
102
RTVSPost2010Prop55
280
     0
102
RTVSPost2010PropOp55
 70
     1
102
RTVSPost2010Prop56
140
1.0
102
RTVSPost2010PropOp56
 70
     1
102
RTVSPost2010Prop57
140
1.0
102
RTVSPost2010PropOp57
 70
     1
102
RTVSPropertyOp0
 70
     1
102
RTVSPropertyOp1
 70
     1
102
RTVSPropertyOp2
 70
     1
102
RTVSPropertyOp3
 70
     1
102
RTVSPropertyOp4
 70
     1
102
RTVSPropertyOp5
 70
     1
102
RTVSPropertyOp6
 70
     1
102
RTVSPropertyOp7
 70
     1
102
RTVSPropertyOp8
 70
     1
102
RTVSPropertyOp9
 70
     1
102
RTVSPropertyOp10
 70
     1
102
RTVSPropertyOp11
 70
     1
102
RTVSPropertyOp12
 70
     1
102
RTVSPropertyOp13
 70
     1
102
RTVSPropertyOp14
 70
     1
102
RTVSPropertyOp15
 70
     1
102
RTVSPropertyOp16
 70
     1
102
RTVSPropertyOp17
 70
     1
102
RTVSPropertyOp18
 70
     1
102
RTVSPropertyOp19
 70
     1
102
RTVSPropertyOp20
 70
     1
102
RTVSPropertyOp21
 70
     1
102
RTVSPropertyOp22
 70
     1
102
RTVSPropertyOp23
 70
     1
102
RTVSPropertyOp24
 70
     1
102
RTVSPropertyOp25
 70
     1
102
RTVSPropertyOp26
 70
     1
102
RTVSPropertyOp27
 70
     1
102
RTVSPropertyOp28
 70
     1
102
RTVSPropertyOp29
 70
     1
102
RTVSPropertyOp30
 70
     1
102
RTVSPropertyOp31
 70
     1
102
RTVSPropertyOp32
 70
     1
102
RTVSPropertyOp33
 70
     1
102
RTVSPropertyOp34
 70
     1
102
RTVSPropertyOp35
 70
     1
102
RTVSPropertyOp36
 70
     1
102
RTVSPropertyOp37
 70
     1
102
RTVSPropertyOp38
 70
     1
102
RTVSPropertyOp39
 70
     1
102
RTVSPropertyOp40
 70
     1
102
RTVSPropertyOp41
 70
     1
102
RTVSPropertyOp42
 70
     1
102
RTVSPropertyOp43
 70
     1
102
RTVSPropertyOp44
 70
     1
102
RTVSPropertyOp45
 70
     1
102
RTVSPropertyOp46
 70
     1
102
RTVSPropertyOp47
 70
     1
102
RTVSPropertyOp48
 70
     1
102
RTVSPropertyOp49
 70
     1
102
RTVSPropertyOp50
 70
     1
102
RTVSPropertyOp51
 70
     0
102
RTVSPropertyOp52
 70
     0
102
RTVSPropertyOp53
 70
     1
102
RTVSPropertyOp54
 70
     1
102
RTVSPropertyOp55
 70
     1
102
RTVSPropertyOp56
 70
     1
102
RTVSPropertyOp57
 70
     1
102
RTVSPropertyOp58
 70
     1
102
RTVSPropertyOp59
 70
     1
102
RTVSPropertyOp60
 70
     1
102
RTVSPropertyOp61
 70
     1
102
RTVSPropertyOp62
 70
     1
  0
XRECORD
  5
7F7
102
{ACAD_REACTORS
330
7F6
102
}
330
7F6
100
AcDbXrecord
280
     1
102
RTVSPost2010Prop28
280
     0
102
RTVSPost2010PropOp28
 70
     1
102
RTVSPost2010Prop29
280
     1
102
RTVSPost2010PropOp29
 70
     1
102
RTVSPost2010Prop30
280
     1
102
RTVSPost2010PropOp30
 70
     1
102
RTVSPost2010Prop31
280
     0
102
RTVSPost2010PropOp31
 70
     1
102
RTVSPost2010Prop32
280
     0
102
RTVSPost2010PropOp32
 70
     1
102
RTVSPost2010Prop33
280
     0
102
RTVSPost2010PropOp33
 70
     1
102
RTVSPost2010Prop34
280
     0
102
RTVSPost2010PropOp34
 70
     1
102
RTVSPost2010Prop35
280
     0
102
RTVSPost2010PropOp35
 70
     1
102
RTVSPost2010Prop36
280
     0
102
RTVSPost2010PropOp36
 70
     1
102
RTVSPost2010Prop37
 90
       50
102
RTVSPost2010PropOp37
 70
     0
102
RTVSPost2010Prop38
140
0.0
102
RTVSPost2010PropOp38
 70
     0
102
RTVSPost2010Prop39
140
1.0
102
RTVSPost2010PropOp39
 70
     0
102
RTVSPost2010Prop40
 90
        0
102
RTVSPost2010PropOp40
 70
     0
102
RTVSPost2010Prop41ColorIndex
 90
       18
102
RTVSPost2010Prop41ColorRGB
 90
        0
102
RTVSPost2010PropOp41
 70
     0
102
RTVSPost2010Prop42
 90
       50
102
RTVSPost2010PropOp42
 70
     0
102
RTVSPost2010Prop43
 90
        3
102
RTVSPost2010PropOp43
 70
     0
102
RTVSPost2010Prop44ColorIndex
 90
        5
102
RTVSPost2010Prop44ColorRGB
 90
      255
102
RTVSPost2010PropOp44
 70
     0
102
RTVSPost2010Prop45
280
     0
102
RTVSPost2010PropOp45
 70
     1
102
RTVSPost2010Prop46
 90
       50
102
RTVSPost2010PropOp46
 70
     0
102
RTVSPost2010Prop47
 90
       50
102
RTVSPost2010PropOp47
 70
     0
102
RTVSPost2010Prop48
 90
       50
102
RTVSPost2010PropOp48
 70
     0
102
RTVSPost2010Prop49
280
     0
102
RTVSPost2010PropOp49
 70
     1
102
RTVSPost2010Prop50
 90
       50
102
RTVSPost2010PropOp50
 70
     0
102
RTVSPost2010Prop51ColorIndex
 90
      256
102
RTVSPost2010Prop51ColorRGB
 90
-16777216
102
RTVSPost2010PropOp51
 70
     0
102
RTVSPost2010Prop52
140
1.0
102
RTVSPost2010PropOp52
 70
     0
102
RTVSPost2010Prop53
 90
        2
102
RTVSPost2010PropOp53
 70
     0
102
RTVSPost2010Prop54
  1
strokes_ogs.tif
102
RTVSPost2010PropOp54
 70
     0
102
RTVSPost2010Prop55
280
     0
102
RTVSPost2010PropOp55
 70
     1
102
RTVSPost2010Prop56
140
1.0
102
RTVSPost2010PropOp56
 70
     0
102
RTVSPost2010Prop57
140
1.0
102
RTVSPost2010PropOp57
 70
     0
102
RTVSPropertyOp0
 70
     0
102
RTVSPropertyOp1
 70
     0
102
RTVSPropertyOp2
 70
     0
102
RTVSPropertyOp3
 70
     0
102
RTVSPropertyOp4
 70
     0
102
RTVSPropertyOp5
 70
     0
102
RTVSPropertyOp6
 70
     0
102
RTVSPropertyOp7
 70
     0
102
RTVSPropertyOp8
 70
     0
102
RTVSPropertyOp9
 70
     0
102
RTVSPropertyOp10
 70
     0
102
RTVSPropertyOp11
 70
     0
102
RTVSPropertyOp12
 70
     0
102
RTVSPropertyOp13
 70
     0
102
RTVSPropertyOp14
 70
     2
102
RTVSPropertyOp15
 70
     0
102
RTVSPropertyOp16
 70
     0
102
RTVSPropertyOp17
 70
     0
102
RTVSPropertyOp18
 70
     0
102
RTVSPropertyOp19
 70
     0
102
RTVSPropertyOp20
 70
     0
102
RTVSPropertyOp21
 70
     0
102
RTVSPropertyOp22
 70
     0
102
RTVSPropertyOp23
 70
     0
102
RTVSPropertyOp24
 70
     0
102
RTVSPropertyOp25
 70
     0
102
RTVSPropertyOp26
 70
     0
102
RTVSPropertyOp27
 70
     0
102
RTVSPropertyOp28
 70
     1
102
RTVSPropertyOp29
 70
     1
102
RTVSPropertyOp30
 70
     1
102
RTVSPropertyOp31
 70
     1
102
RTVSPropertyOp32
 70
     1
102
RTVSPropertyOp33
 70
     1
102
RTVSPropertyOp34
 70
     1
102
RTVSPropertyOp35
 70
     1
102
RTVSPropertyOp36
 70
     1
102
RTVSPropertyOp37
 70
     0
102
RTVSPropertyOp38
 70
     0
102
RTVSPropertyOp39
 70
     0
102
RTVSPropertyOp40
 70
     0
102
RTVSPropertyOp41
 70
     0
102
RTVSPropertyOp42
 70
     0
102
RTVSPropertyOp43
 70
     0
102
RTVSPropertyOp44
 70
     0
102
RTVSPropertyOp45
 70
     1
102
RTVSPropertyOp46
 70
     0
102
RTVSPropertyOp47
 70
     0
102
RTVSPropertyOp48
 70
     0
102
RTVSPropertyOp49
 70
     1
102
RTVSPropertyOp50
 70
     0
102
RTVSPropertyOp51
 70
     0
102
RTVSPropertyOp52
 70
     0
102
RTVSPropertyOp53
 70
     0
102
RTVSPropertyOp54
 70
     0
102
RTVSPropertyOp55
 70
     1
102
RTVSPropertyOp56
 70
     0
102
RTVSPropertyOp57
 70
     0
102
RTVSPropertyOp58
 70
     0
102
RTVSPropertyOp59
 70
     0
102
RTVSPropertyOp60
 70
     0
102
RTVSPropertyOp61
 70
     0
102
RTVSPropertyOp62
 70
     0
  0
XRECORD
  5
7DD
102
{ACAD_REACTORS
330
7DC
102
}
330
7DC
100
AcDbXrecord
280
     1
102
RTVSPost2010Prop28
280
     0
102
RTVSPost2010PropOp28
 70
     1
102
RTVSPost2010Prop29
280
     1
102
RTVSPost2010PropOp29
 70
     1
102
RTVSPost2010Prop30
280
     1
102
RTVSPost2010PropOp30
 70
     1
102
RTVSPost2010Prop31
280
     0
102
RTVSPost2010PropOp31
 70
     1
102
RTVSPost2010Prop32
280
     0
102
RTVSPost2010PropOp32
 70
     1
102
RTVSPost2010Prop33
280
     0
102
RTVSPost2010PropOp33
 70
     1
102
RTVSPost2010Prop34
280
     0
102
RTVSPost2010PropOp34
 70
     1
102
RTVSPost2010Prop35
280
     0
102
RTVSPost2010PropOp35
 70
     1
102
RTVSPost2010Prop36
280
     0
102
RTVSPost2010PropOp36
 70
     1
102
RTVSPost2010Prop37
 90
       50
102
RTVSPost2010PropOp37
 70
     1
102
RTVSPost2010Prop38
140
0.0
102
RTVSPost2010PropOp38
 70
     1
102
RTVSPost2010Prop39
140
1.0
102
RTVSPost2010PropOp39
 70
     1
102
RTVSPost2010Prop40
 90
        0
102
RTVSPost2010PropOp40
 70
     1
102
RTVSPost2010Prop41ColorIndex
 90
       18
102
RTVSPost2010Prop41ColorRGB
 90
        0
102
RTVSPost2010PropOp41
 70
     1
102
RTVSPost2010Prop42
 90
       50
102
RTVSPost2010PropOp42
 70
     1
102
RTVSPost2010Prop43
 90
        3
102
RTVSPost2010PropOp43
 70
     1
102
RTVSPost2010Prop44ColorIndex
 90
        5
102
RTVSPost2010Prop44ColorRGB
 90
      255
102
RTVSPost2010PropOp44
 70
     1
102
RTVSPost2010Prop45
280
     0
102
RTVSPost2010PropOp45
 70
     1
102
RTVSPost2010Prop46
 90
       50
102
RTVSPost2010PropOp46
 70
     1
102
RTVSPost2010Prop47
 90
       50
102
RTVSPost2010PropOp47
 70
     1
102
RTVSPost2010Prop48
 90
       50
102
RTVSPost2010PropOp48
 70
     1
102
RTVSPost2010Prop49
280
     0
102
RTVSPost2010PropOp49
 70
     1
102
RTVSPost2010Prop50
 90
       50
102
RTVSPost2010PropOp50
 70
     1
102
RTVSPost2010Prop51ColorIndex
 90
      256
102
RTVSPost2010Prop51ColorRGB
 90
-16777216
102
RTVSPost2010PropOp51
 70
     0
102
RTVSPost2010Prop52
140
1.0
102
RTVSPost2010PropOp52
 70
     0
102
RTVSPost2010Prop53
 90
        2
102
RTVSPost2010PropOp53
 70
     1
102
RTVSPost2010Prop54
  1
strokes_ogs.tif
102
RTVSPost2010PropOp54
 70
     1
102
RTVSPost2010Prop55
280
     0
102
RTVSPost2010PropOp55
 70
     1
102
RTVSPost2010Prop56
140
1.0
102
RTVSPost2010PropOp56
 70
     1
102
RTVSPost2010Prop57
140
1.0
102
RTVSPost2010PropOp57
 70
     1
102
RTVSPropertyOp0
 70
     1
102
RTVSPropertyOp1
 70
     1
102
RTVSPropertyOp2
 70
     1
102
RTVSPropertyOp3
 70
     1
102
RTVSPropertyOp4
 70
     1
102
RTVSPropertyOp5
 70
     1
102
RTVSPropertyOp6
 70
     1
102
RTVSPropertyOp7
 70
     1
102
RTVSPropertyOp8
 70
     1
102
RTVSPropertyOp9
 70
     1
102
RTVSPropertyOp10
 70
     1
102
RTVSPropertyOp11
 70
     1
102
RTVSPropertyOp12
 70
     1
102
RTVSPropertyOp13
 70
     1
102
RTVSPropertyOp14
 70
     1
102
RTVSPropertyOp15
 70
     1
102
RTVSPropertyOp16
 70
     1
102
RTVSPropertyOp17
 70
     1
102
RTVSPropertyOp18
 70
     1
102
RTVSPropertyOp19
 70
     1
102
RTVSPropertyOp20
 70
     1
102
RTVSPropertyOp21
 70
     1
102
RTVSPropertyOp22
 70
     1
102
RTVSPropertyOp23
 70
     1
102
RTVSPropertyOp24
 70
     1
102
RTVSPropertyOp25
 70
     1
102
RTVSPropertyOp26
 70
     1
102
RTVSPropertyOp27
 70
     1
102
RTVSPropertyOp28
 70
     1
102
RTVSPropertyOp29
 70
     1
102
RTVSPropertyOp30
 70
     1
102
RTVSPropertyOp31
 70
     1
102
RTVSPropertyOp32
 70
     1
102
RTVSPropertyOp33
 70
     1
102
RTVSPropertyOp34
 70
     1
102
RTVSPropertyOp35
 70
     1
102
RTVSPropertyOp36
 70
     1
102
RTVSPropertyOp37
 70
     1
102
RTVSPropertyOp38
 70
     1
102
RTVSPropertyOp39
 70
     1
102
RTVSPropertyOp40
 70
     1
102
RTVSPropertyOp41
 70
     1
102
RTVSPropertyOp42
 70
     1
102
RTVSPropertyOp43
 70
     1
102
RTVSPropertyOp44
 70
     1
102
RTVSPropertyOp45
 70
     1
102
RTVSPropertyOp46
 70
     1
102
RTVSPropertyOp47
 70
     1
102
RTVSPropertyOp48
 70
     1
102
RTVSPropertyOp49
 70
     1
102
RTVSPropertyOp50
 70
     1
102
RTVSPropertyOp51
 70
     0
102
RTVSPropertyOp52
 70
     0
102
RTVSPropertyOp53
 70
     1
102
RTVSPropertyOp54
 70
     1
102
RTVSPropertyOp55
 70
     1
102
RTVSPropertyOp56
 70
     1
102
RTVSPropertyOp57
 70
     1
102
RTVSPropertyOp58
 70
     1
102
RTVSPropertyOp59
 70
     1
102
RTVSPropertyOp60
 70
     1
102
RTVSPropertyOp61
 70
     1
102
RTVSPropertyOp62
 70
     1
  0
XRECORD
  5
7F3
102
{ACAD_REACTORS
330
7F2
102
}
330
7F2
100
AcDbXrecord
280
     1
102
RTVSPost2010Prop28
280
     0
102
RTVSPost2010PropOp28
 70
     1
102
RTVSPost2010Prop29
280
     1
102
RTVSPost2010PropOp29
 70
     1
102
RTVSPost2010Prop30
280
     1
102
RTVSPost2010PropOp30
 70
     1
102
RTVSPost2010Prop31
280
     0
102
RTVSPost2010PropOp31
 70
     1
102
RTVSPost2010Prop32
280
     0
102
RTVSPost2010PropOp32
 70
     1
102
RTVSPost2010Prop33
280
     0
102
RTVSPost2010PropOp33
 70
     1
102
RTVSPost2010Prop34
280
     0
102
RTVSPost2010PropOp34
 70
     1
102
RTVSPost2010Prop35
280
     0
102
RTVSPost2010PropOp35
 70
     1
102
RTVSPost2010Prop36
280
     0
102
RTVSPost2010PropOp36
 70
     1
102
RTVSPost2010Prop37
 90
       50
102
RTVSPost2010PropOp37
 70
     1
102
RTVSPost2010Prop38
140
0.0
102
RTVSPost2010PropOp38
 70
     1
102
RTVSPost2010Prop39
140
1.0
102
RTVSPost2010PropOp39
 70
     1
102
RTVSPost2010Prop40
 90
        0
102
RTVSPost2010PropOp40
 70
     1
102
RTVSPost2010Prop41ColorIndex
 90
       18
102
RTVSPost2010Prop41ColorRGB
 90
        0
102
RTVSPost2010PropOp41
 70
     1
102
RTVSPost2010Prop42
 90
       50
102
RTVSPost2010PropOp42
 70
     1
102
RTVSPost2010Prop43
 90
        3
102
RTVSPost2010PropOp43
 70
     1
102
RTVSPost2010Prop44ColorIndex
 90
        5
102
RTVSPost2010Prop44ColorRGB
 90
      255
102
RTVSPost2010PropOp44
 70
     1
102
RTVSPost2010Prop45
280
     0
102
RTVSPost2010PropOp45
 70
     1
102
RTVSPost2010Prop46
 90
       50
102
RTVSPost2010PropOp46
 70
     1
102
RTVSPost2010Prop47
 90
       50
102
RTVSPost2010PropOp47
 70
     1
102
RTVSPost2010Prop48
 90
       50
102
RTVSPost2010PropOp48
 70
     1
102
RTVSPost2010Prop49
280
     0
102
RTVSPost2010PropOp49
 70
     1
102
RTVSPost2010Prop50
 90
       50
102
RTVSPost2010PropOp50
 70
     1
102
RTVSPost2010Prop51ColorIndex
 90
      256
102
RTVSPost2010Prop51ColorRGB
 90
-16777216
102
RTVSPost2010PropOp51
 70
     0
102
RTVSPost2010Prop52
140
1.0
102
RTVSPost2010PropOp52
 70
     0
102
RTVSPost2010Prop53
 90
        2
102
RTVSPost2010PropOp53
 70
     1
102
RTVSPost2010Prop54
  1
strokes_ogs.tif
102
RTVSPost2010PropOp54
 70
     1
102
RTVSPost2010Prop55
280
     0
102
RTVSPost2010PropOp55
 70
     1
102
RTVSPost2010Prop56
140
1.0
102
RTVSPost2010PropOp56
 70
     1
102
RTVSPost2010Prop57
140
1.0
102
RTVSPost2010PropOp57
 70
     1
102
RTVSPropertyOp0
 70
     1
102
RTVSPropertyOp1
 70
     1
102
RTVSPropertyOp2
 70
     1
102
RTVSPropertyOp3
 70
     1
102
RTVSPropertyOp4
 70
     1
102
RTVSPropertyOp5
 70
     1
102
RTVSPropertyOp6
 70
     1
102
RTVSPropertyOp7
 70
     1
102
RTVSPropertyOp8
 70
     1
102
RTVSPropertyOp9
 70
     1
102
RTVSPropertyOp10
 70
     1
102
RTVSPropertyOp11
 70
     1
102
RTVSPropertyOp12
 70
     1
102
RTVSPropertyOp13
 70
     1
102
RTVSPropertyOp14
 70
     1
102
RTVSPropertyOp15
 70
     1
102
RTVSPropertyOp16
 70
     1
102
RTVSPropertyOp17
 70
     1
102
RTVSPropertyOp18
 70
     1
102
RTVSPropertyOp19
 70
     1
102
RTVSPropertyOp20
 70
     1
102
RTVSPropertyOp21
 70
     1
102
RTVSPropertyOp22
 70
     1
102
RTVSPropertyOp23
 70
     1
102
RTVSPropertyOp24
 70
     1
102
RTVSPropertyOp25
 70
     1
102
RTVSPropertyOp26
 70
     1
102
RTVSPropertyOp27
 70
     1
102
RTVSPropertyOp28
 70
     1
102
RTVSPropertyOp29
 70
     1
102
RTVSPropertyOp30
 70
     1
102
RTVSPropertyOp31
 70
     1
102
RTVSPropertyOp32
 70
     1
102
RTVSPropertyOp33
 70
     1
102
RTVSPropertyOp34
 70
     1
102
RTVSPropertyOp35
 70
     1
102
RTVSPropertyOp36
 70
     1
102
RTVSPropertyOp37
 70
     1
102
RTVSPropertyOp38
 70
     1
102
RTVSPropertyOp39
 70
     1
102
RTVSPropertyOp40
 70
     1
102
RTVSPropertyOp41
 70
     1
102
RTVSPropertyOp42
 70
     1
102
RTVSPropertyOp43
 70
     1
102
RTVSPropertyOp44
 70
     1
102
RTVSPropertyOp45
 70
     1
102
RTVSPropertyOp46
 70
     1
102
RTVSPropertyOp47
 70
     1
102
RTVSPropertyOp48
 70
     1
102
RTVSPropertyOp49
 70
     1
102
RTVSPropertyOp50
 70
     1
102
RTVSPropertyOp51
 70
     0
102
RTVSPropertyOp52
 70
     0
102
RTVSPropertyOp53
 70
     1
102
RTVSPropertyOp54
 70
     1
102
RTVSPropertyOp55
 70
     1
102
RTVSPropertyOp56
 70
     1
102
RTVSPropertyOp57
 70
     1
102
RTVSPropertyOp58
 70
     1
102
RTVSPropertyOp59
 70
     1
102
RTVSPropertyOp60
 70
     1
102
RTVSPropertyOp61
 70
     1
102
RTVSPropertyOp62
 70
     1
  0
XRECORD
  5
7F1
102
{ACAD_REACTORS
330
7F0
102
}
330
7F0
100
AcDbXrecord
280
     1
102
RTVSPost2010Prop28
280
     0
102
RTVSPost2010PropOp28
 70
     1
102
RTVSPost2010Prop29
280
     1
102
RTVSPost2010PropOp29
 70
     1
102
RTVSPost2010Prop30
280
     1
102
RTVSPost2010PropOp30
 70
     1
102
RTVSPost2010Prop31
280
     0
102
RTVSPost2010PropOp31
 70
     1
102
RTVSPost2010Prop32
280
     0
102
RTVSPost2010PropOp32
 70
     1
102
RTVSPost2010Prop33
280
     0
102
RTVSPost2010PropOp33
 70
     1
102
RTVSPost2010Prop34
280
     0
102
RTVSPost2010PropOp34
 70
     1
102
RTVSPost2010Prop35
280
     0
102
RTVSPost2010PropOp35
 70
     1
102
RTVSPost2010Prop36
280
     0
102
RTVSPost2010PropOp36
 70
     1
102
RTVSPost2010Prop37
 90
       50
102
RTVSPost2010PropOp37
 70
     1
102
RTVSPost2010Prop38
140
0.0
102
RTVSPost2010PropOp38
 70
     1
102
RTVSPost2010Prop39
140
1.0
102
RTVSPost2010PropOp39
 70
     1
102
RTVSPost2010Prop40
 90
        0
102
RTVSPost2010PropOp40
 70
     1
102
RTVSPost2010Prop41ColorIndex
 90
       18
102
RTVSPost2010Prop41ColorRGB
 90
        0
102
RTVSPost2010PropOp41
 70
     1
102
RTVSPost2010Prop42
 90
       50
102
RTVSPost2010PropOp42
 70
     1
102
RTVSPost2010Prop43
 90
        3
102
RTVSPost2010PropOp43
 70
     1
102
RTVSPost2010Prop44ColorIndex
 90
        5
102
RTVSPost2010Prop44ColorRGB
 90
      255
102
RTVSPost2010PropOp44
 70
     1
102
RTVSPost2010Prop45
280
     0
102
RTVSPost2010PropOp45
 70
     1
102
RTVSPost2010Prop46
 90
       50
102
RTVSPost2010PropOp46
 70
     1
102
RTVSPost2010Prop47
 90
       50
102
RTVSPost2010PropOp47
 70
     1
102
RTVSPost2010Prop48
 90
       50
102
RTVSPost2010PropOp48
 70
     1
102
RTVSPost2010Prop49
280
     0
102
RTVSPost2010PropOp49
 70
     1
102
RTVSPost2010Prop50
 90
       50
102
RTVSPost2010PropOp50
 70
     1
102
RTVSPost2010Prop51ColorIndex
 90
      256
102
RTVSPost2010Prop51ColorRGB
 90
-16777216
102
RTVSPost2010PropOp51
 70
     0
102
RTVSPost2010Prop52
140
1.0
102
RTVSPost2010PropOp52
 70
     0
102
RTVSPost2010Prop53
 90
        2
102
RTVSPost2010PropOp53
 70
     1
102
RTVSPost2010Prop54
  1
strokes_ogs.tif
102
RTVSPost2010PropOp54
 70
     1
102
RTVSPost2010Prop55
280
     0
102
RTVSPost2010PropOp55
 70
     1
102
RTVSPost2010Prop56
140
1.0
102
RTVSPost2010PropOp56
 70
     1
102
RTVSPost2010Prop57
140
1.0
102
RTVSPost2010PropOp57
 70
     1
102
RTVSPropertyOp0
 70
     1
102
RTVSPropertyOp1
 70
     1
102
RTVSPropertyOp2
 70
     1
102
RTVSPropertyOp3
 70
     1
102
RTVSPropertyOp4
 70
     1
102
RTVSPropertyOp5
 70
     1
102
RTVSPropertyOp6
 70
     1
102
RTVSPropertyOp7
 70
     1
102
RTVSPropertyOp8
 70
     1
102
RTVSPropertyOp9
 70
     1
102
RTVSPropertyOp10
 70
     1
102
RTVSPropertyOp11
 70
     1
102
RTVSPropertyOp12
 70
     1
102
RTVSPropertyOp13
 70
     1
102
RTVSPropertyOp14
 70
     1
102
RTVSPropertyOp15
 70
     1
102
RTVSPropertyOp16
 70
     1
102
RTVSPropertyOp17
 70
     1
102
RTVSPropertyOp18
 70
     1
102
RTVSPropertyOp19
 70
     1
102
RTVSPropertyOp20
 70
     1
102
RTVSPropertyOp21
 70
     1
102
RTVSPropertyOp22
 70
     1
102
RTVSPropertyOp23
 70
     1
102
RTVSPropertyOp24
 70
     1
102
RTVSPropertyOp25
 70
     1
102
RTVSPropertyOp26
 70
     1
102
RTVSPropertyOp27
 70
     1
102
RTVSPropertyOp28
 70
     1
102
RTVSPropertyOp29
 70
     1
102
RTVSPropertyOp30
 70
     1
102
RTVSPropertyOp31
 70
     1
102
RTVSPropertyOp32
 70
     1
102
RTVSPropertyOp33
 70
     1
102
RTVSPropertyOp34
 70
     1
102
RTVSPropertyOp35
 70
     1
102
RTVSPropertyOp36
 70
     1
102
RTVSPropertyOp37
 70
     1
102
RTVSPropertyOp38
 70
     1
102
RTVSPropertyOp39
 70
     1
102
RTVSPropertyOp40
 70
     1
102
RTVSPropertyOp41
 70
     1
102
RTVSPropertyOp42
 70
     1
102
RTVSPropertyOp43
 70
     1
102
RTVSPropertyOp44
 70
     1
102
RTVSPropertyOp45
 70
     1
102
RTVSPropertyOp46
 70
     1
102
RTVSPropertyOp47
 70
     1
102
RTVSPropertyOp48
 70
     1
102
RTVSPropertyOp49
 70
     1
102
RTVSPropertyOp50
 70
     1
102
RTVSPropertyOp51
 70
     0
102
RTVSPropertyOp52
 70
     0
102
RTVSPropertyOp53
 70
     1
102
RTVSPropertyOp54
 70
     1
102
RTVSPropertyOp55
 70
     1
102
RTVSPropertyOp56
 70
     1
102
RTVSPropertyOp57
 70
     1
102
RTVSPropertyOp58
 70
     1
102
RTVSPropertyOp59
 70
     1
102
RTVSPropertyOp60
 70
     1
102
RTVSPropertyOp61
 70
     1
102
RTVSPropertyOp62
 70
     1
  0
XRECORD
  5
7EB
102
{ACAD_REACTORS
330
7EA
102
}
330
7EA
100
AcDbXrecord
280
     1
102
RTVSPost2010Prop28
280
     0
102
RTVSPost2010PropOp28
 70
     1
102
RTVSPost2010Prop29
280
     1
102
RTVSPost2010PropOp29
 70
     1
102
RTVSPost2010Prop30
280
     1
102
RTVSPost2010PropOp30
 70
     1
102
RTVSPost2010Prop31
280
     0
102
RTVSPost2010PropOp31
 70
     1
102
RTVSPost2010Prop32
280
     0
102
RTVSPost2010PropOp32
 70
     1
102
RTVSPost2010Prop33
280
     0
102
RTVSPost2010PropOp33
 70
     1
102
RTVSPost2010Prop34
280
     0
102
RTVSPost2010PropOp34
 70
     1
102
RTVSPost2010Prop35
280
     0
102
RTVSPost2010PropOp35
 70
     1
102
RTVSPost2010Prop36
280
     0
102
RTVSPost2010PropOp36
 70
     1
102
RTVSPost2010Prop37
 90
       50
102
RTVSPost2010PropOp37
 70
     1
102
RTVSPost2010Prop38
140
0.0
102
RTVSPost2010PropOp38
 70
     1
102
RTVSPost2010Prop39
140
1.0
102
RTVSPost2010PropOp39
 70
     1
102
RTVSPost2010Prop40
 90
        0
102
RTVSPost2010PropOp40
 70
     1
102
RTVSPost2010Prop41ColorIndex
 90
       18
102
RTVSPost2010Prop41ColorRGB
 90
        0
102
RTVSPost2010PropOp41
 70
     1
102
RTVSPost2010Prop42
 90
       50
102
RTVSPost2010PropOp42
 70
     1
102
RTVSPost2010Prop43
 90
        3
102
RTVSPost2010PropOp43
 70
     1
102
RTVSPost2010Prop44ColorIndex
 90
        5
102
RTVSPost2010Prop44ColorRGB
 90
      255
102
RTVSPost2010PropOp44
 70
     1
102
RTVSPost2010Prop45
280
     0
102
RTVSPost2010PropOp45
 70
     1
102
RTVSPost2010Prop46
 90
       50
102
RTVSPost2010PropOp46
 70
     1
102
RTVSPost2010Prop47
 90
       50
102
RTVSPost2010PropOp47
 70
     1
102
RTVSPost2010Prop48
 90
       50
102
RTVSPost2010PropOp48
 70
     1
102
RTVSPost2010Prop49
280
     0
102
RTVSPost2010PropOp49
 70
     1
102
RTVSPost2010Prop50
 90
       50
102
RTVSPost2010PropOp50
 70
     1
102
RTVSPost2010Prop51ColorIndex
 90
      256
102
RTVSPost2010Prop51ColorRGB
 90
-16777216
102
RTVSPost2010PropOp51
 70
     0
102
RTVSPost2010Prop52
140
1.0
102
RTVSPost2010PropOp52
 70
     0
102
RTVSPost2010Prop53
 90
        2
102
RTVSPost2010PropOp53
 70
     1
102
RTVSPost2010Prop54
  1
strokes_ogs.tif
102
RTVSPost2010PropOp54
 70
     1
102
RTVSPost2010Prop55
280
     0
102
RTVSPost2010PropOp55
 70
     1
102
RTVSPost2010Prop56
140
1.0
102
RTVSPost2010PropOp56
 70
     1
102
RTVSPost2010Prop57
140
1.0
102
RTVSPost2010PropOp57
 70
     1
102
RTVSPropertyOp0
 70
     1
102
RTVSPropertyOp1
 70
     1
102
RTVSPropertyOp2
 70
     1
102
RTVSPropertyOp3
 70
     1
102
RTVSPropertyOp4
 70
     1
102
RTVSPropertyOp5
 70
     1
102
RTVSPropertyOp6
 70
     1
102
RTVSPropertyOp7
 70
     1
102
RTVSPropertyOp8
 70
     1
102
RTVSPropertyOp9
 70
     1
102
RTVSPropertyOp10
 70
     1
102
RTVSPropertyOp11
 70
     1
102
RTVSPropertyOp12
 70
     1
102
RTVSPropertyOp13
 70
     1
102
RTVSPropertyOp14
 70
     1
102
RTVSPropertyOp15
 70
     1
102
RTVSPropertyOp16
 70
     1
102
RTVSPropertyOp17
 70
     1
102
RTVSPropertyOp18
 70
     1
102
RTVSPropertyOp19
 70
     1
102
RTVSPropertyOp20
 70
     1
102
RTVSPropertyOp21
 70
     1
102
RTVSPropertyOp22
 70
     1
102
RTVSPropertyOp23
 70
     1
102
RTVSPropertyOp24
 70
     1
102
RTVSPropertyOp25
 70
     1
102
RTVSPropertyOp26
 70
     1
102
RTVSPropertyOp27
 70
     1
102
RTVSPropertyOp28
 70
     1
102
RTVSPropertyOp29
 70
     1
102
RTVSPropertyOp30
 70
     1
102
RTVSPropertyOp31
 70
     1
102
RTVSPropertyOp32
 70
     1
102
RTVSPropertyOp33
 70
     1
102
RTVSPropertyOp34
 70
     1
102
RTVSPropertyOp35
 70
     1
102
RTVSPropertyOp36
 70
     1
102
RTVSPropertyOp37
 70
     1
102
RTVSPropertyOp38
 70
     1
102
RTVSPropertyOp39
 70
     1
102
RTVSPropertyOp40
 70
     1
102
RTVSPropertyOp41
 70
     1
102
RTVSPropertyOp42
 70
     1
102
RTVSPropertyOp43
 70
     1
102
RTVSPropertyOp44
 70
     1
102
RTVSPropertyOp45
 70
     1
102
RTVSPropertyOp46
 70
     1
102
RTVSPropertyOp47
 70
     1
102
RTVSPropertyOp48
 70
     1
102
RTVSPropertyOp49
 70
     1
102
RTVSPropertyOp50
 70
     1
102
RTVSPropertyOp51
 70
     0
102
RTVSPropertyOp52
 70
     0
102
RTVSPropertyOp53
 70
     1
102
RTVSPropertyOp54
 70
     1
102
RTVSPropertyOp55
 70
     1
102
RTVSPropertyOp56
 70
     1
102
RTVSPropertyOp57
 70
     1
102
RTVSPropertyOp58
 70
     1
102
RTVSPropertyOp59
 70
     1
102
RTVSPropertyOp60
 70
     1
102
RTVSPropertyOp61
 70
     1
102
RTVSPropertyOp62
 70
     1
  0
XRECORD
  5
7ED
102
{ACAD_REACTORS
330
7EC
102
}
330
7EC
100
AcDbXrecord
280
     1
102
RTVSPost2010Prop28
280
     0
102
RTVSPost2010PropOp28
 70
     1
102
RTVSPost2010Prop29
280
     1
102
RTVSPost2010PropOp29
 70
     1
102
RTVSPost2010Prop30
280
     1
102
RTVSPost2010PropOp30
 70
     1
102
RTVSPost2010Prop31
280
     0
102
RTVSPost2010PropOp31
 70
     1
102
RTVSPost2010Prop32
280
     0
102
RTVSPost2010PropOp32
 70
     1
102
RTVSPost2010Prop33
280
     0
102
RTVSPost2010PropOp33
 70
     1
102
RTVSPost2010Prop34
280
     0
102
RTVSPost2010PropOp34
 70
     1
102
RTVSPost2010Prop35
280
     0
102
RTVSPost2010PropOp35
 70
     1
102
RTVSPost2010Prop36
280
     0
102
RTVSPost2010PropOp36
 70
     1
102
RTVSPost2010Prop37
 90
       50
102
RTVSPost2010PropOp37
 70
     1
102
RTVSPost2010Prop38
140
0.0
102
RTVSPost2010PropOp38
 70
     1
102
RTVSPost2010Prop39
140
1.0
102
RTVSPost2010PropOp39
 70
     1
102
RTVSPost2010Prop40
 90
        0
102
RTVSPost2010PropOp40
 70
     1
102
RTVSPost2010Prop41ColorIndex
 90
       18
102
RTVSPost2010Prop41ColorRGB
 90
        0
102
RTVSPost2010PropOp41
 70
     1
102
RTVSPost2010Prop42
 90
       50
102
RTVSPost2010PropOp42
 70
     1
102
RTVSPost2010Prop43
 90
        3
102
RTVSPost2010PropOp43
 70
     1
102
RTVSPost2010Prop44ColorIndex
 90
        5
102
RTVSPost2010Prop44ColorRGB
 90
      255
102
RTVSPost2010PropOp44
 70
     1
102
RTVSPost2010Prop45
280
     0
102
RTVSPost2010PropOp45
 70
     1
102
RTVSPost2010Prop46
 90
       50
102
RTVSPost2010PropOp46
 70
     1
102
RTVSPost2010Prop47
 90
       50
102
RTVSPost2010PropOp47
 70
     1
102
RTVSPost2010Prop48
 90
       50
102
RTVSPost2010PropOp48
 70
     1
102
RTVSPost2010Prop49
280
     0
102
RTVSPost2010PropOp49
 70
     1
102
RTVSPost2010Prop50
 90
       50
102
RTVSPost2010PropOp50
 70
     1
102
RTVSPost2010Prop51ColorIndex
 90
      256
102
RTVSPost2010Prop51ColorRGB
 90
-16777216
102
RTVSPost2010PropOp51
 70
     0
102
RTVSPost2010Prop52
140
1.0
102
RTVSPost2010PropOp52
 70
     0
102
RTVSPost2010Prop53
 90
        2
102
RTVSPost2010PropOp53
 70
     1
102
RTVSPost2010Prop54
  1
strokes_ogs.tif
102
RTVSPost2010PropOp54
 70
     1
102
RTVSPost2010Prop55
280
     0
102
RTVSPost2010PropOp55
 70
     1
102
RTVSPost2010Prop56
140
1.0
102
RTVSPost2010PropOp56
 70
     1
102
RTVSPost2010Prop57
140
1.0
102
RTVSPost2010PropOp57
 70
     1
102
RTVSPropertyOp0
 70
     1
102
RTVSPropertyOp1
 70
     1
102
RTVSPropertyOp2
 70
     1
102
RTVSPropertyOp3
 70
     1
102
RTVSPropertyOp4
 70
     1
102
RTVSPropertyOp5
 70
     1
102
RTVSPropertyOp6
 70
     1
102
RTVSPropertyOp7
 70
     1
102
RTVSPropertyOp8
 70
     1
102
RTVSPropertyOp9
 70
     1
102
RTVSPropertyOp10
 70
     1
102
RTVSPropertyOp11
 70
     1
102
RTVSPropertyOp12
 70
     1
102
RTVSPropertyOp13
 70
     1
102
RTVSPropertyOp14
 70
     1
102
RTVSPropertyOp15
 70
     1
102
RTVSPropertyOp16
 70
     1
102
RTVSPropertyOp17
 70
     1
102
RTVSPropertyOp18
 70
     1
102
RTVSPropertyOp19
 70
     1
102
RTVSPropertyOp20
 70
     1
102
RTVSPropertyOp21
 70
     1
102
RTVSPropertyOp22
 70
     1
102
RTVSPropertyOp23
 70
     1
102
RTVSPropertyOp24
 70
     1
102
RTVSPropertyOp25
 70
     1
102
RTVSPropertyOp26
 70
     1
102
RTVSPropertyOp27
 70
     1
102
RTVSPropertyOp28
 70
     1
102
RTVSPropertyOp29
 70
     1
102
RTVSPropertyOp30
 70
     1
102
RTVSPropertyOp31
 70
     1
102
RTVSPropertyOp32
 70
     1
102
RTVSPropertyOp33
 70
     1
102
RTVSPropertyOp34
 70
     1
102
RTVSPropertyOp35
 70
     1
102
RTVSPropertyOp36
 70
     1
102
RTVSPropertyOp37
 70
     1
102
RTVSPropertyOp38
 70
     1
102
RTVSPropertyOp39
 70
     1
102
RTVSPropertyOp40
 70
     1
102
RTVSPropertyOp41
 70
     1
102
RTVSPropertyOp42
 70
     1
102
RTVSPropertyOp43
 70
     1
102
RTVSPropertyOp44
 70
     1
102
RTVSPropertyOp45
 70
     1
102
RTVSPropertyOp46
 70
     1
102
RTVSPropertyOp47
 70
     1
102
RTVSPropertyOp48
 70
     1
102
RTVSPropertyOp49
 70
     1
102
RTVSPropertyOp50
 70
     1
102
RTVSPropertyOp51
 70
     0
102
RTVSPropertyOp52
 70
     0
102
RTVSPropertyOp53
 70
     1
102
RTVSPropertyOp54
 70
     1
102
RTVSPropertyOp55
 70
     1
102
RTVSPropertyOp56
 70
     1
102
RTVSPropertyOp57
 70
     1
102
RTVSPropertyOp58
 70
     1
102
RTVSPropertyOp59
 70
     1
102
RTVSPropertyOp60
 70
     1
102
RTVSPropertyOp61
 70
     1
102
RTVSPropertyOp62
 70
     1
  0
XRECORD
  5
7E3
102
{ACAD_REACTORS
330
7E2
102
}
330
7E2
100
AcDbXrecord
280
     1
102
RTVSPost2010Prop28
280
     0
102
RTVSPost2010PropOp28
 70
     1
102
RTVSPost2010Prop29
280
     1
102
RTVSPost2010PropOp29
 70
     1
102
RTVSPost2010Prop30
280
     1
102
RTVSPost2010PropOp30
 70
     1
102
RTVSPost2010Prop31
280
     0
102
RTVSPost2010PropOp31
 70
     1
102
RTVSPost2010Prop32
280
     0
102
RTVSPost2010PropOp32
 70
     1
102
RTVSPost2010Prop33
280
     0
102
RTVSPost2010PropOp33
 70
     1
102
RTVSPost2010Prop34
280
     0
102
RTVSPost2010PropOp34
 70
     1
102
RTVSPost2010Prop35
280
     0
102
RTVSPost2010PropOp35
 70
     1
102
RTVSPost2010Prop36
280
     0
102
RTVSPost2010PropOp36
 70
     1
102
RTVSPost2010Prop37
 90
       50
102
RTVSPost2010PropOp37
 70
     1
102
RTVSPost2010Prop38
140
0.0
102
RTVSPost2010PropOp38
 70
     1
102
RTVSPost2010Prop39
140
1.0
102
RTVSPost2010PropOp39
 70
     1
102
RTVSPost2010Prop40
 90
        0
102
RTVSPost2010PropOp40
 70
     1
102
RTVSPost2010Prop41ColorIndex
 90
       18
102
RTVSPost2010Prop41ColorRGB
 90
        0
102
RTVSPost2010PropOp41
 70
     1
102
RTVSPost2010Prop42
 90
       50
102
RTVSPost2010PropOp42
 70
     1
102
RTVSPost2010Prop43
 90
        3
102
RTVSPost2010PropOp43
 70
     1
102
RTVSPost2010Prop44ColorIndex
 90
        5
102
RTVSPost2010Prop44ColorRGB
 90
      255
102
RTVSPost2010PropOp44
 70
     1
102
RTVSPost2010Prop45
280
     0
102
RTVSPost2010PropOp45
 70
     1
102
RTVSPost2010Prop46
 90
       50
102
RTVSPost2010PropOp46
 70
     1
102
RTVSPost2010Prop47
 90
       50
102
RTVSPost2010PropOp47
 70
     1
102
RTVSPost2010Prop48
 90
       50
102
RTVSPost2010PropOp48
 70
     1
102
RTVSPost2010Prop49
280
     0
102
RTVSPost2010PropOp49
 70
     1
102
RTVSPost2010Prop50
 90
       50
102
RTVSPost2010PropOp50
 70
     1
102
RTVSPost2010Prop51ColorIndex
 90
      256
102
RTVSPost2010Prop51ColorRGB
 90
-16777216
102
RTVSPost2010PropOp51
 70
     0
102
RTVSPost2010Prop52
140
1.0
102
RTVSPost2010PropOp52
 70
     0
102
RTVSPost2010Prop53
 90
        2
102
RTVSPost2010PropOp53
 70
     1
102
RTVSPost2010Prop54
  1
strokes_ogs.tif
102
RTVSPost2010PropOp54
 70
     1
102
RTVSPost2010Prop55
280
     0
102
RTVSPost2010PropOp55
 70
     1
102
RTVSPost2010Prop56
140
1.0
102
RTVSPost2010PropOp56
 70
     1
102
RTVSPost2010Prop57
140
1.0
102
RTVSPost2010PropOp57
 70
     1
102
RTVSPropertyOp0
 70
     1
102
RTVSPropertyOp1
 70
     1
102
RTVSPropertyOp2
 70
     1
102
RTVSPropertyOp3
 70
     1
102
RTVSPropertyOp4
 70
     1
102
RTVSPropertyOp5
 70
     1
102
RTVSPropertyOp6
 70
     1
102
RTVSPropertyOp7
 70
     1
102
RTVSPropertyOp8
 70
     1
102
RTVSPropertyOp9
 70
     1
102
RTVSPropertyOp10
 70
     1
102
RTVSPropertyOp11
 70
     1
102
RTVSPropertyOp12
 70
     1
102
RTVSPropertyOp13
 70
     1
102
RTVSPropertyOp14
 70
     1
102
RTVSPropertyOp15
 70
     1
102
RTVSPropertyOp16
 70
     1
102
RTVSPropertyOp17
 70
     1
102
RTVSPropertyOp18
 70
     1
102
RTVSPropertyOp19
 70
     1
102
RTVSPropertyOp20
 70
     1
102
RTVSPropertyOp21
 70
     1
102
RTVSPropertyOp22
 70
     1
102
RTVSPropertyOp23
 70
     1
102
RTVSPropertyOp24
 70
     1
102
RTVSPropertyOp25
 70
     1
102
RTVSPropertyOp26
 70
     1
102
RTVSPropertyOp27
 70
     1
102
RTVSPropertyOp28
 70
     1
102
RTVSPropertyOp29
 70
     1
102
RTVSPropertyOp30
 70
     1
102
RTVSPropertyOp31
 70
     1
102
RTVSPropertyOp32
 70
     1
102
RTVSPropertyOp33
 70
     1
102
RTVSPropertyOp34
 70
     1
102
RTVSPropertyOp35
 70
     1
102
RTVSPropertyOp36
 70
     1
102
RTVSPropertyOp37
 70
     1
102
RTVSPropertyOp38
 70
     1
102
RTVSPropertyOp39
 70
     1
102
RTVSPropertyOp40
 70
     1
102
RTVSPropertyOp41
 70
     1
102
RTVSPropertyOp42
 70
     1
102
RTVSPropertyOp43
 70
     1
102
RTVSPropertyOp44
 70
     1
102
RTVSPropertyOp45
 70
     1
102
RTVSPropertyOp46
 70
     1
102
RTVSPropertyOp47
 70
     1
102
RTVSPropertyOp48
 70
     1
102
RTVSPropertyOp49
 70
     1
102
RTVSPropertyOp50
 70
     1
102
RTVSPropertyOp51
 70
     0
102
RTVSPropertyOp52
 70
     0
102
RTVSPropertyOp53
 70
     1
102
RTVSPropertyOp54
 70
     1
102
RTVSPropertyOp55
 70
     1
102
RTVSPropertyOp56
 70
     1
102
RTVSPropertyOp57
 70
     1
102
RTVSPropertyOp58
 70
     1
102
RTVSPropertyOp59
 70
     1
102
RTVSPropertyOp60
 70
     1
102
RTVSPropertyOp61
 70
     1
102
RTVSPropertyOp62
 70
     1
  0
XRECORD
  5
7D7
102
{ACAD_REACTORS
330
7D6
102
}
330
7D6
100
AcDbXrecord
280
     1
102
RTVSPost2010Prop28
280
     0
102
RTVSPost2010PropOp28
 70
     1
102
RTVSPost2010Prop29
280
     1
102
RTVSPost2010PropOp29
 70
     1
102
RTVSPost2010Prop30
280
     1
102
RTVSPost2010PropOp30
 70
     1
102
RTVSPost2010Prop31
280
     0
102
RTVSPost2010PropOp31
 70
     1
102
RTVSPost2010Prop32
280
     0
102
RTVSPost2010PropOp32
 70
     1
102
RTVSPost2010Prop33
280
     0
102
RTVSPost2010PropOp33
 70
     1
102
RTVSPost2010Prop34
280
     0
102
RTVSPost2010PropOp34
 70
     1
102
RTVSPost2010Prop35
280
     0
102
RTVSPost2010PropOp35
 70
     1
102
RTVSPost2010Prop36
280
     0
102
RTVSPost2010PropOp36
 70
     1
102
RTVSPost2010Prop37
 90
       50
102
RTVSPost2010PropOp37
 70
     1
102
RTVSPost2010Prop38
140
0.0
102
RTVSPost2010PropOp38
 70
     1
102
RTVSPost2010Prop39
140
1.0
102
RTVSPost2010PropOp39
 70
     1
102
RTVSPost2010Prop40
 90
        0
102
RTVSPost2010PropOp40
 70
     1
102
RTVSPost2010Prop41ColorIndex
 90
       18
102
RTVSPost2010Prop41ColorRGB
 90
        0
102
RTVSPost2010PropOp41
 70
     1
102
RTVSPost2010Prop42
 90
       50
102
RTVSPost2010PropOp42
 70
     1
102
RTVSPost2010Prop43
 90
        3
102
RTVSPost2010PropOp43
 70
     1
102
RTVSPost2010Prop44ColorIndex
 90
        5
102
RTVSPost2010Prop44ColorRGB
 90
      255
102
RTVSPost2010PropOp44
 70
     1
102
RTVSPost2010Prop45
280
     0
102
RTVSPost2010PropOp45
 70
     1
102
RTVSPost2010Prop46
 90
       50
102
RTVSPost2010PropOp46
 70
     1
102
RTVSPost2010Prop47
 90
       50
102
RTVSPost2010PropOp47
 70
     1
102
RTVSPost2010Prop48
 90
       50
102
RTVSPost2010PropOp48
 70
     1
102
RTVSPost2010Prop49
280
     0
102
RTVSPost2010PropOp49
 70
     1
102
RTVSPost2010Prop50
 90
       50
102
RTVSPost2010PropOp50
 70
     1
102
RTVSPost2010Prop51ColorIndex
 90
      256
102
RTVSPost2010Prop51ColorRGB
 90
-16777216
102
RTVSPost2010PropOp51
 70
     0
102
RTVSPost2010Prop52
140
1.0
102
RTVSPost2010PropOp52
 70
     0
102
RTVSPost2010Prop53
 90
        2
102
RTVSPost2010PropOp53
 70
     1
102
RTVSPost2010Prop54
  1
strokes_ogs.tif
102
RTVSPost2010PropOp54
 70
     1
102
RTVSPost2010Prop55
280
     0
102
RTVSPost2010PropOp55
 70
     1
102
RTVSPost2010Prop56
140
1.0
102
RTVSPost2010PropOp56
 70
     1
102
RTVSPost2010Prop57
140
1.0
102
RTVSPost2010PropOp57
 70
     1
102
RTVSPropertyOp0
 70
     1
102
RTVSPropertyOp1
 70
     1
102
RTVSPropertyOp2
 70
     1
102
RTVSPropertyOp3
 70
     1
102
RTVSPropertyOp4
 70
     1
102
RTVSPropertyOp5
 70
     1
102
RTVSPropertyOp6
 70
     1
102
RTVSPropertyOp7
 70
     1
102
RTVSPropertyOp8
 70
     1
102
RTVSPropertyOp9
 70
     1
102
RTVSPropertyOp10
 70
     1
102
RTVSPropertyOp11
 70
     1
102
RTVSPropertyOp12
 70
     1
102
RTVSPropertyOp13
 70
     1
102
RTVSPropertyOp14
 70
     1
102
RTVSPropertyOp15
 70
     1
102
RTVSPropertyOp16
 70
     1
102
RTVSPropertyOp17
 70
     1
102
RTVSPropertyOp18
 70
     1
102
RTVSPropertyOp19
 70
     1
102
RTVSPropertyOp20
 70
     1
102
RTVSPropertyOp21
 70
     1
102
RTVSPropertyOp22
 70
     1
102
RTVSPropertyOp23
 70
     1
102
RTVSPropertyOp24
 70
     1
102
RTVSPropertyOp25
 70
     1
102
RTVSPropertyOp26
 70
     1
102
RTVSPropertyOp27
 70
     1
102
RTVSPropertyOp28
 70
     1
102
RTVSPropertyOp29
 70
     1
102
RTVSPropertyOp30
 70
     1
102
RTVSPropertyOp31
 70
     1
102
RTVSPropertyOp32
 70
     1
102
RTVSPropertyOp33
 70
     1
102
RTVSPropertyOp34
 70
     1
102
RTVSPropertyOp35
 70
     1
102
RTVSPropertyOp36
 70
     1
102
RTVSPropertyOp37
 70
     1
102
RTVSPropertyOp38
 70
     1
102
RTVSPropertyOp39
 70
     1
102
RTVSPropertyOp40
 70
     1
102
RTVSPropertyOp41
 70
     1
102
RTVSPropertyOp42
 70
     1
102
RTVSPropertyOp43
 70
     1
102
RTVSPropertyOp44
 70
     1
102
RTVSPropertyOp45
 70
     1
102
RTVSPropertyOp46
 70
     1
102
RTVSPropertyOp47
 70
     1
102
RTVSPropertyOp48
 70
     1
102
RTVSPropertyOp49
 70
     1
102
RTVSPropertyOp50
 70
     1
102
RTVSPropertyOp51
 70
     0
102
RTVSPropertyOp52
 70
     0
102
RTVSPropertyOp53
 70
     1
102
RTVSPropertyOp54
 70
     1
102
RTVSPropertyOp55
 70
     1
102
RTVSPropertyOp56
 70
     1
102
RTVSPropertyOp57
 70
     1
102
RTVSPropertyOp58
 70
     1
102
RTVSPropertyOp59
 70
     1
102
RTVSPropertyOp60
 70
     1
102
RTVSPropertyOp61
 70
     1
102
RTVSPropertyOp62
 70
     1
  0
XRECORD
  5
7EF
102
{ACAD_REACTORS
330
7EE
102
}
330
7EE
100
AcDbXrecord
280
     1
102
RTVSPost2010Prop28
280
     0
102
RTVSPost2010PropOp28
 70
     1
102
RTVSPost2010Prop29
280
     1
102
RTVSPost2010PropOp29
 70
     1
102
RTVSPost2010Prop30
280
     1
102
RTVSPost2010PropOp30
 70
     1
102
RTVSPost2010Prop31
280
     0
102
RTVSPost2010PropOp31
 70
     1
102
RTVSPost2010Prop32
280
     0
102
RTVSPost2010PropOp32
 70
     1
102
RTVSPost2010Prop33
280
     0
102
RTVSPost2010PropOp33
 70
     1
102
RTVSPost2010Prop34
280
     0
102
RTVSPost2010PropOp34
 70
     1
102
RTVSPost2010Prop35
280
     0
102
RTVSPost2010PropOp35
 70
     1
102
RTVSPost2010Prop36
280
     0
102
RTVSPost2010PropOp36
 70
     1
102
RTVSPost2010Prop37
 90
       50
102
RTVSPost2010PropOp37
 70
     1
102
RTVSPost2010Prop38
140
0.0
102
RTVSPost2010PropOp38
 70
     1
102
RTVSPost2010Prop39
140
1.0
102
RTVSPost2010PropOp39
 70
     1
102
RTVSPost2010Prop40
 90
        0
102
RTVSPost2010PropOp40
 70
     1
102
RTVSPost2010Prop41ColorIndex
 90
       18
102
RTVSPost2010Prop41ColorRGB
 90
        0
102
RTVSPost2010PropOp41
 70
     1
102
RTVSPost2010Prop42
 90
       50
102
RTVSPost2010PropOp42
 70
     1
102
RTVSPost2010Prop43
 90
        3
102
RTVSPost2010PropOp43
 70
     1
102
RTVSPost2010Prop44ColorIndex
 90
        5
102
RTVSPost2010Prop44ColorRGB
 90
      255
102
RTVSPost2010PropOp44
 70
     1
102
RTVSPost2010Prop45
280
     0
102
RTVSPost2010PropOp45
 70
     1
102
RTVSPost2010Prop46
 90
       50
102
RTVSPost2010PropOp46
 70
     1
102
RTVSPost2010Prop47
 90
       50
102
RTVSPost2010PropOp47
 70
     1
102
RTVSPost2010Prop48
 90
       50
102
RTVSPost2010PropOp48
 70
     1
102
RTVSPost2010Prop49
280
     0
102
RTVSPost2010PropOp49
 70
     1
102
RTVSPost2010Prop50
 90
       50
102
RTVSPost2010PropOp50
 70
     1
102
RTVSPost2010Prop51ColorIndex
 90
      256
102
RTVSPost2010Prop51ColorRGB
 90
-16777216
102
RTVSPost2010PropOp51
 70
     0
102
RTVSPost2010Prop52
140
1.0
102
RTVSPost2010PropOp52
 70
     0
102
RTVSPost2010Prop53
 90
        2
102
RTVSPost2010PropOp53
 70
     1
102
RTVSPost2010Prop54
  1
strokes_ogs.tif
102
RTVSPost2010PropOp54
 70
     1
102
RTVSPost2010Prop55
280
     0
102
RTVSPost2010PropOp55
 70
     1
102
RTVSPost2010Prop56
140
1.0
102
RTVSPost2010PropOp56
 70
     1
102
RTVSPost2010Prop57
140
1.0
102
RTVSPost2010PropOp57
 70
     1
102
RTVSPropertyOp0
 70
     1
102
RTVSPropertyOp1
 70
     1
102
RTVSPropertyOp2
 70
     1
102
RTVSPropertyOp3
 70
     1
102
RTVSPropertyOp4
 70
     1
102
RTVSPropertyOp5
 70
     1
102
RTVSPropertyOp6
 70
     1
102
RTVSPropertyOp7
 70
     1
102
RTVSPropertyOp8
 70
     1
102
RTVSPropertyOp9
 70
     1
102
RTVSPropertyOp10
 70
     1
102
RTVSPropertyOp11
 70
     1
102
RTVSPropertyOp12
 70
     1
102
RTVSPropertyOp13
 70
     1
102
RTVSPropertyOp14
 70
     1
102
RTVSPropertyOp15
 70
     1
102
RTVSPropertyOp16
 70
     1
102
RTVSPropertyOp17
 70
     1
102
RTVSPropertyOp18
 70
     1
102
RTVSPropertyOp19
 70
     1
102
RTVSPropertyOp20
 70
     1
102
RTVSPropertyOp21
 70
     1
102
RTVSPropertyOp22
 70
     1
102
RTVSPropertyOp23
 70
     1
102
RTVSPropertyOp24
 70
     1
102
RTVSPropertyOp25
 70
     1
102
RTVSPropertyOp26
 70
     1
102
RTVSPropertyOp27
 70
     1
102
RTVSPropertyOp28
 70
     1
102
RTVSPropertyOp29
 70
     1
102
RTVSPropertyOp30
 70
     1
102
RTVSPropertyOp31
 70
     1
102
RTVSPropertyOp32
 70
     1
102
RTVSPropertyOp33
 70
     1
102
RTVSPropertyOp34
 70
     1
102
RTVSPropertyOp35
 70
     1
102
RTVSPropertyOp36
 70
     1
102
RTVSPropertyOp37
 70
     1
102
RTVSPropertyOp38
 70
     1
102
RTVSPropertyOp39
 70
     1
102
RTVSPropertyOp40
 70
     1
102
RTVSPropertyOp41
 70
     1
102
RTVSPropertyOp42
 70
     1
102
RTVSPropertyOp43
 70
     1
102
RTVSPropertyOp44
 70
     1
102
RTVSPropertyOp45
 70
     1
102
RTVSPropertyOp46
 70
     1
102
RTVSPropertyOp47
 70
     1
102
RTVSPropertyOp48
 70
     1
102
RTVSPropertyOp49
 70
     1
102
RTVSPropertyOp50
 70
     1
102
RTVSPropertyOp51
 70
     0
102
RTVSPropertyOp52
 70
     0
102
RTVSPropertyOp53
 70
     1
102
RTVSPropertyOp54
 70
     1
102
RTVSPropertyOp55
 70
     1
102
RTVSPropertyOp56
 70
     1
102
RTVSPropertyOp57
 70
     1
102
RTVSPropertyOp58
 70
     1
102
RTVSPropertyOp59
 70
     1
102
RTVSPropertyOp60
 70
     1
102
RTVSPropertyOp61
 70
     1
102
RTVSPropertyOp62
 70
     1
  0
ENDSEC
  0
EOF
