  0
SECTION
  2
HEADER
  9
$ACADVER
  1
AC1015
  9
$ACADMAINTVER
 70
    20
  9
$DWGCODEPAGE
  3
ANSI_936
  9
$INSBASE
 10
0.0
 20
0.0
 30
0.0
  9
$EXTMIN
 10
0.0
 20
0.0
 30
0.0
  9
$EXTMAX
 10
297.0
 20
210.0
 30
0.0
  9
$LIMMIN
 10
0.0
 20
0.0
  9
$LIMMAX
 10
297.0
 20
210.0
  9
$ORTHOMODE
 70
     0
  9
$REGENMODE
 70
     1
  9
$FILLMODE
 70
     1
  9
$QTEXTMODE
 70
     0
  9
$MIRRTEXT
 70
     0
  9
$LTSCALE
 40
16.335
  9
$ATTMODE
 70
     1
  9
$TEXTSIZE
 40
0.2
  9
$TRACEWID
 40
0.05
  9
$TEXTSTYLE
  7
STANDARD
  9
$CLAYER
  8
0
  9
$CELTYPE
  6
BYLAYER
  9
$CECOLOR
 62
   256
  9
$CELTSCALE
 40
1.0
  9
$DISPSILH
 70
     0
  9
$DIMSCALE
 40
1.0
  9
$DIMASZ
 40
3.0
  9
$DIMEXO
 40
0.0625
  9
$DIMDLI
 40
11.286
  9
$DIMRND
 40
0.0
  9
$DIMDLE
 40
0.0
  9
$DIMEXE
 40
0.125
  9
$DIMTP
 40
0.0
  9
$DIMTM
 40
0.0
  9
$DIMTXT
 40
3.0
  9
$DIMCEN
 40
2.673
  9
$DIMTSZ
 40
0.0
  9
$DIMTOL
 70
     0
  9
$DIMLIM
 70
     0
  9
$DIMTIH
 70
     1
  9
$DIMTOH
 70
     1
  9
$DIMSE1
 70
     0
  9
$DIMSE2
 70
     0
  9
$DIMTAD
 70
     0
  9
$DIMZIN
 70
     0
  9
$DIMBLK
  1
_FILLED
  9
$DIMASO
 70
     1
  9
$DIMSHO
 70
     1
  9
$DIMPOST
  1

  9
$DIMAPOST
  1

  9
$DIMALT
 70
     0
  9
$DIMALTD
 70
     2
  9
$DIMALTF
 40
0.0393700787
  9
$DIMLFAC
 40
1.0
  9
$DIMTOFL
 70
     0
  9
$DIMTVP
 40
0.0
  9
$DIMTIX
 70
     0
  9
$DIMSOXD
 70
     0
  9
$DIMSAH
 70
     0
  9
$DIMBLK1
  1

  9
$DIMBLK2
  1

  9
$DIMSTYLE
  2
STANDARD
  9
$DIMCLRD
 70
     3
  9
$DIMCLRE
 70
     3
  9
$DIMCLRT
 70
     3
  9
$DIMTFAC
 40
1.0
  9
$DIMGAP
 40
0.625
  9
$DIMJUST
 70
     0
  9
$DIMSD1
 70
     0
  9
$DIMSD2
 70
     0
  9
$DIMTOLJ
 70
     1
  9
$DIMTZIN
 70
     0
  9
$DIMALTZ
 70
     0
  9
$DIMALTTZ
 70
     0
  9
$DIMUPT
 70
     0
  9
$DIMDEC
 70
     2
  9
$DIMTDEC
 70
     2
  9
$DIMALTU
 70
     2
  9
$DIMALTTD
 70
     2
  9
$DIMTXSTY
  7
STANDARD
  9
$DIMAUNIT
 70
     0
  9
$DIMADEC
 70
     0
  9
$DIMALTRND
 40
0.0
  9
$DIMAZIN
 70
     0
  9
$DIMDSEP
 70
    46
  9
$DIMATFIT
 70
     3
  9
$DIMFRAC
 70
     0
  9
$DIMLDRBLK
  1

  9
$DIMLUNIT
 70
     2
  9
$DIMLWD
 70
    -2
  9
$DIMLWE
 70
    -2
  9
$DIMTMOVE
 70
     0
  9
$LUNITS
 70
     2
  9
$LUPREC
 70
     4
  9
$SKETCHINC
 40
0.1
  9
$FILLETRAD
 40
0.0
  9
$AUNITS
 70
     0
  9
$AUPREC
 70
     0
  9
$MENU
  1
.
  9
$ELEVATION
 40
0.0
  9
$PELEVATION
 40
0.0
  9
$THICKNESS
 40
0.0
  9
$LIMCHECK
 70
     0
  9
$CHAMFERA
 40
0.0
  9
$CHAMFERB
 40
0.0
  9
$CHAMFERC
 40
0.0
  9
$CHAMFERD
 40
0.0
  9
$SKPOLY
 70
     0
  9
$TDCREATE
 40
2460606.657766204
  9
$TDUCREATE
 40
2460606.324432871
  9
$TDUPDATE
 40
2460606.659629629
  9
$TDUUPDATE
 40
2460606.326296296
  9
$TDINDWG
 40
0.0018634259
  9
$TDUSRTIMER
 40
0.0018634259
  9
$USRTIMER
 70
     1
  9
$ANGBASE
 50
0.0
  9
$ANGDIR
 70
     0
  9
$PDMODE
 70
     3
  9
$PDSIZE
 40
0.3125
  9
$PLINEWID
 40
0.0
  9
$SPLFRAME
 70
     0
  9
$SPLINETYPE
 70
     6
  9
$SPLINESEGS
 70
     8
  9
$HANDSEED
  5
650
  9
$SURFTAB1
 70
     6
  9
$SURFTAB2
 70
     6
  9
$SURFTYPE
 70
     6
  9
$SURFU
 70
     6
  9
$SURFV
 70
     6
  9
$UCSBASE
  2

  9
$UCSNAME
  2

  9
$UCSORG
 10
0.0
 20
0.0
 30
0.0
  9
$UCSXDIR
 10
1.0
 20
0.0
 30
0.0
  9
$UCSYDIR
 10
0.0
 20
1.0
 30
0.0
  9
$UCSORTHOREF
  2

  9
$UCSORTHOVIEW
 70
     0
  9
$UCSORGTOP
 10
0.0
 20
0.0
 30
0.0
  9
$UCSORGBOTTOM
 10
0.0
 20
0.0
 30
0.0
  9
$UCSORGLEFT
 10
0.0
 20
0.0
 30
0.0
  9
$UCSORGRIGHT
 10
0.0
 20
0.0
 30
0.0
  9
$UCSORGFRONT
 10
0.0
 20
0.0
 30
0.0
  9
$UCSORGBACK
 10
0.0
 20
0.0
 30
0.0
  9
$PUCSBASE
  2

  9
$PUCSNAME
  2

  9
$PUCSORG
 10
0.0
 20
0.0
 30
0.0
  9
$PUCSXDIR
 10
1.0
 20
0.0
 30
0.0
  9
$PUCSYDIR
 10
0.0
 20
1.0
 30
0.0
  9
$PUCSORTHOREF
  2

  9
$PUCSORTHOVIEW
 70
     0
  9
$PUCSORGTOP
 10
0.0
 20
0.0
 30
0.0
  9
$PUCSORGBOTTOM
 10
0.0
 20
0.0
 30
0.0
  9
$PUCSORGLEFT
 10
0.0
 20
0.0
 30
0.0
  9
$PUCSORGRIGHT
 10
0.0
 20
0.0
 30
0.0
  9
$PUCSORGFRONT
 10
0.0
 20
0.0
 30
0.0
  9
$PUCSORGBACK
 10
0.0
 20
0.0
 30
0.0
  9
$USERI1
 70
     0
  9
$USERI2
 70
     0
  9
$USERI3
 70
     0
  9
$USERI4
 70
     0
  9
$USERI5
 70
     0
  9
$USERR1
 40
0.0
  9
$USERR2
 40
0.0
  9
$USERR3
 40
0.0
  9
$USERR4
 40
0.0
  9
$USERR5
 40
0.0
  9
$WORLDVIEW
 70
     1
  9
$SHADEDGE
 70
     3
  9
$SHADEDIF
 70
    70
  9
$TILEMODE
 70
     1
  9
$MAXACTVP
 70
    64
  9
$PINSBASE
 10
0.0
 20
0.0
 30
0.0
  9
$PLIMCHECK
 70
     0
  9
$PEXTMIN
 10
1.000000000000000E+20
 20
1.000000000000000E+20
 30
1.000000000000000E+20
  9
$PEXTMAX
 10
-1.000000000000000E+20
 20
-1.000000000000000E+20
 30
-1.000000000000000E+20
  9
$PLIMMIN
 10
0.0
 20
0.0
  9
$PLIMMAX
 10
12.0
 20
9.0
  9
$UNITMODE
 70
     0
  9
$VISRETAIN
 70
     1
  9
$PLINEGEN
 70
     0
  9
$PSLTSCALE
 70
     1
  9
$TREEDEPTH
 70
  3020
  9
$CMLSTYLE
  2
Standard
  9
$CMLJUST
 70
     0
  9
$CMLSCALE
 40
1.0
  9
$PROXYGRAPHICS
 70
     1
  9
$MEASUREMENT
 70
     1
  9
$CELWEIGHT
370
    -1
  9
$ENDCAPS
280
     0
  9
$JOINSTYLE
280
     0
  9
$LWDISPLAY
290
     0
  9
$INSUNITS
 70
     4
  9
$HYPERLINKBASE
  1

  9
$STYLESHEET
  1

  9
$XEDIT
290
     1
  9
$CEPSNTYPE
380
     0
  9
$PSTYLEMODE
290
     1
  9
$FINGERPRINTGUID
  2
{BFE8C1E0-5186-7747-A2A2-2177DB8AF045}
  9
$VERSIONGUID
  2
{B53943A0-3B69-3248-96F1-3DCA03730A51}
  9
$EXTNAMES
290
     1
  9
$PSVPSCALE
 40
0.0
  9
$OLESTARTUP
290
     0
  0
ENDSEC
  0
SECTION
  2
CLASSES
  0
CLASS
  1
ACDBDICTIONARYWDFLT
  2
AcDbDictionaryWithDefault
  3
ObjectDBX Classes
 90
        0
280
     0
281
     0
  0
CLASS
  1
ACDBPLACEHOLDER
  2
AcDbPlaceHolder
  3
ObjectDBX Classes
 90
        0
280
     0
281
     0
  0
CLASS
  1
LAYOUT
  2
AcDbLayout
  3
ObjectDBX Classes
 90
        0
280
     0
281
     0
  0
CLASS
  1
MATERIAL
  2
AcDbMaterial
  3
ObjectDBX Classes
 90
     1153
280
     0
281
     0
  0
CLASS
  1
VISUALSTYLE
  2
AcDbVisualStyle
  3
ObjectDBX Classes
 90
     4095
280
     0
281
     0
  0
CLASS
  1
TABLESTYLE
  2
AcDbTableStyle
  3
ObjectDBX Classes
 90
     4095
280
     0
281
     0
  0
CLASS
  1
SCALE
  2
AcDbScale
  3
ObjectDBX Classes
 90
     1153
280
     0
281
     0
  0
CLASS
  1
MLEADERSTYLE
  2
AcDbMLeaderStyle
  3
ACDB_MLEADERSTYLE_CLASS
 90
     4095
280
     0
281
     0
  0
CLASS
  1
ACDBSECTIONVIEWSTYLE
  2
AcDbSectionViewStyle
  3
ObjectDBX Classes
 90
     1025
280
     0
281
     0
  0
CLASS
  1
ACDBDETAILVIEWSTYLE
  2
AcDbDetailViewStyle
  3
ObjectDBX Classes
 90
     1025
280
     0
281
     0
  0
CLASS
  1
DICTIONARYVAR
  2
AcDbDictionaryVar
  3
ObjectDBX Classes
 90
        0
280
     0
281
     0
  0
CLASS
  1
CELLSTYLEMAP
  2
AcDbCellStyleMap
  3
ObjectDBX Classes
 90
     1152
280
     0
281
     0
  0
ENDSEC
  0
SECTION
  2
TABLES
  0
TABLE
  2
VPORT
  5
8
330
0
100
AcDbSymbolTable
 70
     1
  0
VPORT
  5
1F4
330
8
100
AcDbSymbolTableRecord
100
AcDbViewportTableRecord
  2
*ACTIVE
 70
     0
 10
0.0
 20
0.0
 11
1.0
 21
1.0
 12
209.5921203099125
 22
112.2694662451009
 13
0.0
 23
0.0
 14
1.0
 24
1.0
 15
0.0
 25
0.0
 16
0.0
 26
0.0
 36
1.0
 17
0.0
 27
0.0
 37
0.0
 40
295.5400614040387
 41
2.292712066905615
 42
50.0
 43
0.0
 44
0.0
 50
0.0
 51
0.0
 71
     0
 72
   100
 73
     1
 74
     1
 75
     0
 76
     0
 77
     0
 78
     0
281
     0
 65
     1
110
0.0
120
0.0
130
0.0
111
1.0
121
0.0
131
0.0
112
0.0
122
1.0
132
0.0
 79
     0
146
0.0
1001
ACAD_NAV_VCDISPLAY
1070
     3
  0
ENDTAB
  0
TABLE
  2
LTYPE
  5
5
330
0
100
AcDbSymbolTable
 70
     6
  0
LTYPE
  5
14
330
5
100
AcDbSymbolTableRecord
100
AcDbLinetypeTableRecord
  2
BYBLOCK
 70
     0
  3

 72
    65
 73
     0
 40
0.0
  0
LTYPE
  5
15
330
5
100
AcDbSymbolTableRecord
100
AcDbLinetypeTableRecord
  2
BYLAYER
 70
     0
  3

 72
    65
 73
     0
 40
0.0
  0
LTYPE
  5
16
330
5
100
AcDbSymbolTableRecord
100
AcDbLinetypeTableRecord
  2
CONTINUOUS
 70
     0
  3
Solid line
 72
    65
 73
     0
 40
0.0
  0
LTYPE
  5
1F5
330
5
100
AcDbSymbolTableRecord
100
AcDbLinetypeTableRecord
  2
CENTER
 70
     0
  3
____ _ ____ _ ____ _ ____ _ ____ _ ____ _ ____
 72
    65
 73
     4
 40
0.6
 49
0.375
 74
     0
 49
-0.075
 74
     0
 49
0.075
 74
     0
 49
-0.075
 74
     0
  0
LTYPE
  5
1F6
330
5
100
AcDbSymbolTableRecord
100
AcDbLinetypeTableRecord
  2
HIDDEN
 70
     0
  3
- - - - - - - - - - - - - - - - - - - -
 72
    65
 73
     2
 40
0.2
 49
0.1
 74
     0
 49
-0.1
 74
     0
  0
LTYPE
  5
1F7
330
5
100
AcDbSymbolTableRecord
100
AcDbLinetypeTableRecord
  2
PHANTOM
 70
     0
  3
_____ _ _ _____ _ _ _____ _ _ _____
 72
    65
 73
     6
 40
0.8
 49
0.45
 74
     0
 49
-0.05
 74
     0
 49
0.1
 74
     0
 49
-0.05
 74
     0
 49
0.1
 74
     0
 49
-0.05
 74
     0
  0
LTYPE
  5
1F8
330
5
100
AcDbSymbolTableRecord
100
AcDbLinetypeTableRecord
  2
DOT
 70
     0
  3
. . . . . . . . . . . . . . . . . . . .
 72
    65
 73
     2
 40
0.2
 49
0.1
 74
     0
 49
-0.1
 74
     0
  0
LTYPE
  5
1F9
330
5
100
AcDbSymbolTableRecord
100
AcDbLinetypeTableRecord
  2
DASHED
 70
     0
  3
- - - - - - - - - - - - - - - - - - - -
 72
    65
 73
     2
 40
0.2
 49
0.1
 74
     0
 49
-0.1
 74
     0
  0
ENDTAB
  0
TABLE
  2
LAYER
  5
2
330
0
100
AcDbSymbolTable
 70
     5
  0
LAYER
  5
10
102
{ACAD_XDICTIONARY
360
5FC
102
}
330
2
100
AcDbSymbolTableRecord
100
AcDbLayerTableRecord
  2
0
 70
     0
 62
     7
  6
CONTINUOUS
370
    -3
390
F
  0
LAYER
  5
1FA
102
{ACAD_XDICTIONARY
360
5FE
102
}
330
2
100
AcDbSymbolTableRecord
100
AcDbLayerTableRecord
  2
DEFAULT_1
 70
     0
 62
     7
  6
CENTER
370
    -3
390
F
  0
LAYER
  5
1FB
102
{ACAD_XDICTIONARY
360
600
102
}
330
2
100
AcDbSymbolTableRecord
100
AcDbLayerTableRecord
  2
DEFAULT_2
 70
     0
 62
     8
  6
HIDDEN
370
    -3
390
F
  0
LAYER
  5
1FC
102
{ACAD_XDICTIONARY
360
602
102
}
330
2
100
AcDbSymbolTableRecord
100
AcDbLayerTableRecord
  2
DEFAULT_3
 70
     0
 62
     7
  6
PHANTOM
370
    -3
390
F
  0
LAYER
  5
5D2
330
2
100
AcDbSymbolTableRecord
100
AcDbLayerTableRecord
  2
Defpoints
 70
     0
 62
     7
  6
CONTINUOUS
290
     0
370
    -3
390
F
  0
ENDTAB
  0
TABLE
  2
STYLE
  5
3
330
0
100
AcDbSymbolTable
 70
     2
  0
STYLE
  5
11
330
3
100
AcDbSymbolTableRecord
100
AcDbTextStyleTableRecord
  2
STANDARD
 70
     0
 40
0.0
 41
0.8
 50
0.0
 71
     0
 42
0.2
  3
txt
  4

  0
STYLE
  5
1FD
330
3
100
AcDbSymbolTableRecord
100
AcDbTextStyleTableRecord
  2
TEXTSTYLE_1
 70
     0
 40
0.0
 41
0.8
 50
0.0
 71
     0
 42
0.2
  3
gdt
  4

  0
ENDTAB
  0
TABLE
  2
VIEW
  5
6
330
0
100
AcDbSymbolTable
 70
     0
  0
ENDTAB
  0
TABLE
  2
UCS
  5
7
330
0
100
AcDbSymbolTable
 70
     0
  0
ENDTAB
  0
TABLE
  2
APPID
  5
9
330
0
100
AcDbSymbolTable
 70
     5
  0
APPID
  5
1FE
330
9
100
AcDbSymbolTableRecord
100
AcDbRegAppTableRecord
  2
ACAD
 70
     0
  0
APPID
  5
5CF
330
9
100
AcDbSymbolTableRecord
100
AcDbRegAppTableRecord
  2
ACAD_DSTYLE_DIMJAG
 70
     0
  0
APPID
  5
5D0
330
9
100
AcDbSymbolTableRecord
100
AcDbRegAppTableRecord
  2
ACAD_DSTYLE_DIMTALN
 70
     0
  0
APPID
  5
60E
330
9
100
AcDbSymbolTableRecord
100
AcDbRegAppTableRecord
  2
ACAD_NAV_VCDISPLAY
 70
     0
  0
APPID
  5
64B
330
9
100
AcDbSymbolTableRecord
100
AcDbRegAppTableRecord
  2
ACAD_MLEADERVER
 70
     0
  0
ENDTAB
  0
TABLE
  2
DIMSTYLE
  5
A
330
0
100
AcDbSymbolTable
 70
     1
100
AcDbDimStyleTable
 71
     1
340
202
  0
DIMSTYLE
105
202
102
{ACAD_REACTORS
330
5D1
330
5E0
330
5EE
102
}
330
A
100
AcDbSymbolTableRecord
100
AcDbDimStyleTableRecord
  2
STANDARD
 70
     0
 41
0.1875
 44
0.125
 47
0.01
 48
0.01
 78
     8
 79
     2
140
0.15625
147
0.625
171
     1
179
     2
271
     2
272
     2
284
     8
340
11
341
201
342
201
343
201
344
201
  0
ENDTAB
  0
TABLE
  2
BLOCK_RECORD
  5
1
330
0
100
AcDbSymbolTable
 70
     4
  0
BLOCK_RECORD
  5
1FF
330
1
100
AcDbSymbolTableRecord
100
AcDbBlockTableRecord
  2
*Model_Space
340
579
  0
BLOCK_RECORD
  5
200
330
1
100
AcDbSymbolTableRecord
100
AcDbBlockTableRecord
  2
*Paper_Space
340
57A
  0
BLOCK_RECORD
  5
201
330
1
100
AcDbSymbolTableRecord
100
AcDbBlockTableRecord
  2
_FILLED
340
0
102
{BLKREFS
331
5DA
331
5DB
331
5E8
331
5E9
331
5F6
331
5F7
102
}
  0
BLOCK_RECORD
  5
5D3
330
1
100
AcDbSymbolTableRecord
100
AcDbBlockTableRecord
  2
*D1
340
0
  0
BLOCK_RECORD
  5
5E1
330
1
100
AcDbSymbolTableRecord
100
AcDbBlockTableRecord
  2
*D2
340
0
  0
BLOCK_RECORD
  5
5EF
330
1
100
AcDbSymbolTableRecord
100
AcDbBlockTableRecord
  2
*D3
340
0
  0
ENDTAB
  0
ENDSEC
  0
SECTION
  2
BLOCKS
  0
BLOCK
  5
20
330
1FF
100
AcDbEntity
  8
0
100
AcDbBlockBegin
  2
*Model_Space
 70
     0
 10
0.0
 20
0.0
 30
0.0
  3
*Model_Space
  1

  0
ENDBLK
  5
21
330
1FF
100
AcDbEntity
  8
0
100
AcDbBlockEnd
  0
BLOCK
  5
1C
330
200
100
AcDbEntity
 67
     1
  8
0
100
AcDbBlockBegin
  2
*Paper_Space
 70
     0
 10
0.0
 20
0.0
 30
0.0
  3
*Paper_Space
  1

  0
ENDBLK
  5
1D
330
200
100
AcDbEntity
 67
     1
  8
0
100
AcDbBlockEnd
  0
BLOCK
  5
203
330
201
100
AcDbEntity
  8
0
100
AcDbBlockBegin
  2
_FILLED
 70
     0
 10
0.0
 20
0.0
 30
0.0
  3
_FILLED
  1

  0
SOLID
  5
204
330
201
100
AcDbEntity
  8
0
  6
ByBlock
 62
     0
100
AcDbTrace
 10
0.0
 20
0.0
 30
0.0
 11
-1.0
 21
0.1666666667
 31
0.0
 12
-1.0
 22
-0.1666666667
 32
0.0
 13
-1.0
 23
-0.1666666667
 33
0.0
  0
ENDBLK
  5
205
330
201
100
AcDbEntity
  8
0
  6
ByBlock
 62
     0
100
AcDbBlockEnd
  0
BLOCK
  5
5D4
330
5D3
100
AcDbEntity
  8
0
100
AcDbBlockBegin
  2
*D1
 70
     1
 10
0.0
 20
0.0
 30
0.0
  3
*D1
  1

  0
LINE
  5
5D6
330
5D3
100
AcDbEntity
  8
0
 62
     3
370
    -2
100
AcDbLine
 10
144.8969332200836
 20
73.15447174316185
 30
0.0
 11
162.66147593892
 21
73.08425547862738
 31
0.0
  0
LINE
  5
5D7
330
5D3
100
AcDbEntity
  8
0
 62
     3
370
    -2
100
AcDbLine
 10
144.7913988683836
 20
46.45453959056185
 30
0.0
 11
162.55594158722
 21
46.38432332602739
 31
0.0
  0
LINE
  5
5D8
330
5D3
100
AcDbEntity
  8
0
 62
     3
370
    -2
100
AcDbLine
 10
162.5246191855219
 20
70.08477298508799
 30
0.0
 11
162.4921090304103
 21
61.85978347440366
 31
0.0
  0
LINE
  5
5D9
330
5D3
100
AcDbEntity
  8
0
 62
     3
370
    -2
100
AcDbLine
 10
162.4428002934835
 20
49.38479396371935
 30
0.0
 11
162.4753104485951
 21
57.60978347440365
 31
0.0
  0
INSERT
  5
5DA
330
5D3
100
AcDbEntity
  8
0
 62
     3
370
    -2
100
AcDbBlockReference
  2
_FILLED
 10
162.5364769153527
 20
73.08474955070368
 30
0.0
 41
3.0
 42
3.0
 43
3.0
 50
89.77353345235025
  0
INSERT
  5
5DB
330
5D3
100
AcDbEntity
  8
0
 62
     3
370
    -2
100
AcDbBlockReference
  2
_FILLED
 10
162.4309425636527
 20
46.38481739810367
 30
0.0
 41
3.0
 42
3.0
 43
3.0
 50
269.7735334523502
  0
MTEXT
  5
5DC
330
5D3
100
AcDbEntity
  8
0
 62
     3
100
AcDbMText
 10
162.4837097395027
 20
59.73478347440368
 30
0.0
 40
3.0
 41
0.0
 71
     5
 72
     1
  1
\A1;26.70
 73
     1
 44
1.0
1001
ACAD
1000
MTEXTBEGIN
1070
    73
1070
     1
1070
    44
1040
1.0
1070
    74
1070
     0
1000
MTEXTEND
  0
POINT
  5
5DD
330
5D3
100
AcDbEntity
  8
Defpoints
 62
     0
100
AcDbPoint
 10
144.8344337083
 20
73.1547187792
 30
0.0
  0
POINT
  5
5DE
330
5D3
100
AcDbEntity
  8
Defpoints
 62
     0
100
AcDbPoint
 10
144.7288993566
 20
46.45478662659999
 30
0.0
  0
POINT
  5
5DF
330
5D3
100
AcDbEntity
  8
Defpoints
 62
     0
100
AcDbPoint
 10
162.4309425636527
 20
46.38481739810367
 30
0.0
  0
ENDBLK
  5
5D5
330
5D3
100
AcDbEntity
  8
0
100
AcDbBlockEnd
  0
BLOCK
  5
5E2
330
5E1
100
AcDbEntity
  8
0
100
AcDbBlockBegin
  2
*D2
 70
     1
 10
0.0
 20
0.0
 30
0.0
  3
*D2
  1

  0
LINE
  5
5E4
330
5E1
100
AcDbEntity
  8
0
 62
     3
370
    -2
100
AcDbLine
 10
108.2757276970808
 20
56.75738712989923
 30
0.0
 11
108.2757276970808
 21
40.20667065850585
 31
0.0
  0
LINE
  5
5E5
330
5E1
100
AcDbEntity
  8
0
 62
     3
370
    -2
100
AcDbLine
 10
149.8776948848191
 20
56.7573871299
 30
0.0
 11
149.8776948848191
 21
40.20667065850585
 31
0.0
  0
LINE
  5
5E6
330
5E1
100
AcDbEntity
  8
0
 62
     3
370
    -2
100
AcDbLine
 10
111.2757276970808
 20
40.33167065850586
 30
0.0
 11
124.25171129095
 21
40.33167065850586
 31
0.0
  0
LINE
  5
5E7
330
5E1
100
AcDbEntity
  8
0
 62
     3
370
    -2
100
AcDbLine
 10
146.8776948848191
 20
40.33167065850586
 30
0.0
 11
133.90171129095
 21
40.33167065850586
 31
0.0
  0
INSERT
  5
5E8
330
5E1
100
AcDbEntity
  8
0
 62
     3
370
    -2
100
AcDbBlockReference
  2
_FILLED
 10
108.2757276970808
 20
40.33167065850586
 30
0.0
 41
3.0
 42
3.0
 43
3.0
 50
180.0
  0
INSERT
  5
5E9
330
5E1
100
AcDbEntity
  8
0
 62
     3
370
    -2
100
AcDbBlockReference
  2
_FILLED
 10
149.8776948848191
 20
40.33167065850586
 30
0.0
 41
3.0
 42
3.0
 43
3.0
  0
MTEXT
  5
5EA
330
5E1
100
AcDbEntity
  8
0
 62
     3
100
AcDbMText
 10
129.07671129095
 20
40.33167065850586
 30
0.0
 40
3.0
 41
0.0
 71
     5
 72
     1
  1
\A1;41.60
 73
     1
 44
1.0
1001
ACAD
1000
MTEXTBEGIN
1070
    73
1070
     1
1070
    44
1040
1.0
1070
    74
1070
     0
1000
MTEXTEND
  0
POINT
  5
5EB
330
5E1
100
AcDbEntity
  8
Defpoints
 62
     0
100
AcDbPoint
 10
108.2757276970808
 20
56.81988712989923
 30
0.0
  0
POINT
  5
5EC
330
5E1
100
AcDbEntity
  8
Defpoints
 62
     0
100
AcDbPoint
 10
149.8776948848191
 20
56.81988712989999
 30
0.0
  0
POINT
  5
5ED
330
5E1
100
AcDbEntity
  8
Defpoints
 62
     0
100
AcDbPoint
 10
149.8776948848191
 20
40.33167065850586
 30
0.0
  0
ENDBLK
  5
5E3
330
5E1
100
AcDbEntity
  8
0
100
AcDbBlockEnd
  0
BLOCK
  5
5F0
330
5EF
100
AcDbEntity
  8
0
100
AcDbBlockBegin
  2
*D3
 70
     1
 10
0.0
 20
0.0
 30
0.0
  3
*D3
  1

  0
LINE
  5
5F2
330
5EF
100
AcDbEntity
  8
0
 62
     3
370
    -2
100
AcDbLine
 10
109.5605635405
 20
71.11728662659999
 30
0.0
 11
109.5605635405
 21
81.11861388803783
 31
0.0
  0
LINE
  5
5F3
330
5EF
100
AcDbEntity
  8
0
 62
     3
370
    -2
100
AcDbLine
 10
148.6084103567
 20
71.11728662659999
 30
0.0
 11
148.6084103567
 21
81.11861388803783
 31
0.0
  0
LINE
  5
5F4
330
5EF
100
AcDbEntity
  8
0
 62
     3
370
    -2
100
AcDbLine
 10
112.5605635405
 20
80.99361388803783
 30
0.0
 11
123.8594869486
 21
80.99361388803783
 31
0.0
  0
LINE
  5
5F5
330
5EF
100
AcDbEntity
  8
0
 62
     3
370
    -2
100
AcDbLine
 10
145.6084103567
 20
80.99361388803783
 30
0.0
 11
134.3094869486
 21
80.99361388803783
 31
0.0
  0
INSERT
  5
5F6
330
5EF
100
AcDbEntity
  8
0
 62
     3
370
    -2
100
AcDbBlockReference
  2
_FILLED
 10
109.5605635405
 20
80.99361388803783
 30
0.0
 41
3.0
 42
3.0
 43
3.0
 50
180.0
  0
INSERT
  5
5F7
330
5EF
100
AcDbEntity
  8
0
 62
     3
370
    -2
100
AcDbBlockReference
  2
_FILLED
 10
148.6084103567
 20
80.99361388803783
 30
0.0
 41
3.0
 42
3.0
 43
3.0
  0
MTEXT
  5
5F8
330
5EF
100
AcDbEntity
  8
0
 62
     3
100
AcDbMText
 10
129.0844869486
 20
80.99361388803783
 30
0.0
 40
3.0
 41
0.0
 71
     5
 72
     1
  1
\A1;39.05
 73
     1
 44
1.0
1001
ACAD
1000
MTEXTBEGIN
1070
    73
1070
     1
1070
    44
1040
1.0
1070
    74
1070
     0
1000
MTEXTEND
  0
POINT
  5
5F9
330
5EF
100
AcDbEntity
  8
Defpoints
 62
     0
100
AcDbPoint
 10
109.5605635405
 20
71.05478662659999
 30
0.0
  0
POINT
  5
5FA
330
5EF
100
AcDbEntity
  8
Defpoints
 62
     0
100
AcDbPoint
 10
148.6084103567
 20
71.05478662659999
 30
0.0
  0
POINT
  5
5FB
330
5EF
100
AcDbEntity
  8
Defpoints
 62
     0
100
AcDbPoint
 10
148.6084103567
 20
80.99361388803783
 30
0.0
  0
ENDBLK
  5
5F1
330
5EF
100
AcDbEntity
  8
0
100
AcDbBlockEnd
  0
ENDSEC
  0
SECTION
  2
ENTITIES
  0
LINE
  5
206
330
1FF
100
AcDbEntity
  8
0
  6
Continuous
 62
     7
100
AcDbLine
 10
0.0
 20
0.0
 30
0.0
 11
0.0
 21
210.0
 31
0.0
  0
LINE
  5
207
330
1FF
100
AcDbEntity
  8
0
  6
Continuous
 62
     7
100
AcDbLine
 10
0.0
 20
0.0
 30
0.0
 11
297.0
 21
0.0
 31
0.0
  0
LINE
  5
208
330
1FF
100
AcDbEntity
  8
0
  6
Continuous
 62
     7
100
AcDbLine
 10
0.0
 20
210.0
 30
0.0
 11
297.0
 21
210.0
 31
0.0
  0
LINE
  5
209
330
1FF
100
AcDbEntity
  8
0
  6
Continuous
 62
     7
100
AcDbLine
 10
297.0
 20
0.0
 30
0.0
 11
297.0
 21
210.0
 31
0.0
  0
LINE
  5
20A
330
1FF
100
AcDbEntity
  8
0
  6
Continuous
 62
     7
100
AcDbLine
 10
114.8880650909
 20
136.3687236655
 30
0.0
 11
113.1096680584
 21
133.2884496493
 31
0.0
  0
LINE
  5
20B
330
1FF
100
AcDbEntity
  8
0
  6
Continuous
 62
     7
100
AcDbLine
 10
111.3608577771
 20
130.2594213892
 30
0.0
 11
109.6615677827
 21
127.3161647823
 31
0.0
  0
LINE
  5
20C
330
1FF
100
AcDbEntity
  8
0
  6
Continuous
 62
     7
100
AcDbLine
 10
143.265357491
 20
136.3687236655
 30
0.0
 11
142.7517371102
 21
136.0721848004
 31
0.0
  0
LINE
  5
20D
330
1FF
100
AcDbEntity
  8
0
  6
Continuous
 62
     7
100
AcDbLine
 10
110.1902678821
 20
117.2728117764
 30
0.0
 11
109.6615677828
 21
116.9675666317
 31
0.0
  0
LINE
  5
20E
330
1FF
100
AcDbEntity
  8
0
  6
Continuous
 62
     7
100
AcDbLine
 10
114.8880650909
 20
107.9150077484
 30
0.0
 11
115.4002078291
 21
108.2106934962
 31
0.0
  0
LINE
  5
20F
330
1FF
100
AcDbEntity
  8
0
  6
Continuous
 62
     7
100
AcDbLine
 10
147.974291757
 20
127.0173496206
 30
0.0
 11
148.4918547991
 21
127.3161647823
 31
0.0
  0
LINE
  5
210
330
1FF
100
AcDbEntity
  8
0
  6
Continuous
 62
     7
100
AcDbLine
 10
109.6615677828
 20
116.9675666317
 30
0.0
 11
111.2202785178
 21
114.2678004443
 31
0.0
  0
LINE
  5
211
330
1FF
100
AcDbEntity
  8
0
  6
Continuous
 62
     7
100
AcDbLine
 10
113.1711382468
 20
110.8888122753
 30
0.0
 11
114.8880650909
 21
107.9150077484
 31
0.0
  0
LINE
  5
212
330
1FF
100
AcDbEntity
  8
0
  6
Continuous
 62
     7
100
AcDbLine
 10
123.8502139828
 20
141.5430227409
 30
0.0
 11
123.8502139828
 21
140.9188177594
 31
0.0
  0
LINE
  5
213
330
1FF
100
AcDbEntity
  8
0
  6
Continuous
 62
     7
100
AcDbLine
 10
123.8502139828
 20
103.349362742
 30
0.0
 11
123.8502139828
 21
102.7407086731
 31
0.0
  0
LINE
  5
214
330
1FF
100
AcDbEntity
  8
0
  6
Continuous
 62
     7
100
AcDbLine
 10
124.3344867472
 20
139.3923491432
 30
0.0
 11
124.3344867472
 21
137.307998778
 31
0.0
  0
LINE
  5
215
330
1FF
100
AcDbEntity
  8
0
  6
Continuous
 62
     7
100
AcDbLine
 10
123.8502139828
 20
102.7407086731
 30
0.0
 11
126.9163842293
 21
102.7407086731
 31
0.0
  0
LINE
  5
216
330
1FF
100
AcDbEntity
  8
0
  6
Continuous
 62
     7
100
AcDbLine
 10
131.0237237639
 20
102.7407086731
 30
0.0
 11
134.3032085991
 21
102.7407086731
 31
0.0
  0
LINE
  5
217
330
1FF
100
AcDbEntity
  8
0
  6
Continuous
 62
     7
100
AcDbLine
 10
134.3032085991
 20
102.7407086731
 30
0.0
 11
134.3032085991
 21
103.320579165
 31
0.0
  0
LINE
  5
218
330
1FF
100
AcDbEntity
  8
0
  6
Continuous
 62
     7
100
AcDbLine
 10
134.3032085991
 20
140.9238975429
 30
0.0
 11
134.3032085991
 21
141.5430227409
 31
0.0
  0
LINE
  5
219
330
1FF
100
AcDbEntity
  8
0
  6
Continuous
 62
     7
100
AcDbLine
 10
109.6615677827
 20
127.3161647823
 30
0.0
 11
110.1930661542
 21
127.0093040544
 31
0.0
  0
LINE
  5
21A
330
1FF
100
AcDbEntity
  8
0
  6
Continuous
 62
     7
100
AcDbLine
 10
142.7499085089
 20
108.212602357
 30
0.0
 11
143.265357491
 21
107.9150077484
 31
0.0
  0
LINE
  5
21B
330
1FF
100
AcDbEntity
  8
0
  6
Continuous
 62
     7
100
AcDbLine
 10
143.265357491
 20
107.9150077484
 30
0.0
 11
144.8285452632999
 21
110.6225283918
 31
0.0
  0
LINE
  5
21C
330
1FF
100
AcDbEntity
  8
0
  6
Continuous
 62
     7
100
AcDbLine
 10
146.9972398637
 20
114.3788176256
 30
0.0
 11
148.4918547991
 21
116.9675666317
 31
0.0
  0
LINE
  5
21D
330
1FF
100
AcDbEntity
  8
0
  6
Continuous
 62
     7
100
AcDbLine
 10
113.334539786
 20
122.1340902513
 30
0.0
 11
110.8345344484
 21
122.1340902496
 31
0.0
  0
LINE
  5
21E
330
1FF
100
AcDbEntity
  8
0
  6
Continuous
 62
     7
100
AcDbLine
 10
144.8344337083
 20
122.1340902501
 30
0.0
 11
147.3344390459
 21
122.1340902519
 31
0.0
  0
LINE
  5
21F
330
1FF
100
AcDbEntity
  8
0
  6
Continuous
 62
     7
100
AcDbLine
 10
148.4918547991
 20
116.9675666317
 30
0.0
 11
147.9814018154
 21
117.2622767992
 31
0.0
  0
LINE
  5
220
330
1FF
100
AcDbEntity
  8
0
  6
Continuous
 62
     7
100
AcDbLine
 10
115.4110035004
 20
136.066805034
 30
0.0
 11
114.8880650909
 21
136.3687236655
 31
0.0
  0
LINE
  5
221
330
1FF
100
AcDbEntity
  8
0
  6
Continuous
 62
     7
100
AcDbLine
 10
148.4918547991
 20
127.3161647823
 30
0.0
 11
146.9597183212
 21
129.9699030063
 31
0.0
  0
LINE
  5
222
330
1FF
100
AcDbEntity
  8
0
  6
Continuous
 62
     7
100
AcDbLine
 10
144.9528359466
 20
133.4459252439
 30
0.0
 11
143.265357491
 21
136.3687236655
 31
0.0
  0
LINE
  5
223
330
1FF
100
AcDbEntity
  8
0
  6
Continuous
 62
     7
100
AcDbLine
 10
134.3032085991
 20
141.5430227409
 30
0.0
 11
130.9268120094
 21
141.5430227409
 31
0.0
  0
LINE
  5
224
330
1FF
100
AcDbEntity
  8
0
  6
Continuous
 62
     7
100
AcDbLine
 10
127.2421614849
 20
141.5430227409
 30
0.0
 11
123.8502139828
 21
141.5430227409
 31
0.0
  0
LINE
  5
225
330
1FF
100
AcDbEntity
  8
0
  6
Continuous
 62
     7
100
AcDbLine
 10
48.9965037347
 20
125.5932889546
 30
0.0
 11
48.9965037347
 21
121.2879236349
 31
0.0
  0
LINE
  5
226
330
1FF
100
AcDbEntity
  8
0
  6
Continuous
 62
     7
100
AcDbLine
 10
48.9965037347
 20
113.9258720107
 30
0.0
 11
48.9965037347
 21
110.1259529292
 31
0.0
  0
LINE
  5
227
330
1FF
100
AcDbEntity
  8
0
  6
Continuous
 62
     7
100
AcDbLine
 10
49.39650373470001
 20
140.2287358154
 30
0.0
 11
49.39650373470001
 21
104.0549955985
 31
0.0
  0
LINE
  5
228
330
1FF
100
AcDbEntity
  8
0
  6
Continuous
 62
     7
100
AcDbLine
 10
50.36160423800001
 20
141.2281266424
 30
0.0
 11
50.36160423800001
 21
103.0556047715
 31
0.0
  0
LINE
  5
229
330
1FF
100
AcDbEntity
  8
0
  6
Continuous
 62
     7
100
AcDbLine
 10
59.361604238
 20
102.7413178461
 30
0.0
 11
59.361604238
 21
141.5424135679
 31
0.0
  0
LINE
  5
22A
330
1FF
100
AcDbEntity
  8
0
  6
Continuous
 62
     7
100
AcDbLine
 10
60.3965037347
 20
103.7407086731
 30
0.0
 11
60.3965037347
 21
140.5430227409
 31
0.0
  0
LINE
  5
22B
330
1FF
100
AcDbEntity
  8
0
  6
Continuous
 62
     7
100
AcDbLine
 10
61.9965088041
 20
108.9111934426
 30
0.0
 11
61.9995375761
 21
108.5020191835
 31
0.0
  0
LINE
  5
22C
330
1FF
100
AcDbEntity
  8
0
  6
Continuous
 62
     7
100
AcDbLine
 10
61.6965037347
 20
110.0425967881
 30
0.0
 11
61.6965037352
 21
109.1233521345
 31
0.0
  0
LINE
  5
22D
330
1FF
100
AcDbEntity
  8
0
  6
Continuous
 62
     7
100
AcDbLine
 10
62.3965037347
 20
103.4340902507
 30
0.0
 11
62.3965037347
 21
140.8340902507
 31
0.0
  0
LINE
  5
22E
330
1FF
100
AcDbEntity
  8
0
  6
Continuous
 62
     7
100
AcDbLine
 10
62.6965037347
 20
103.7340902507
 30
0.0
 11
62.6965037347
 21
140.5340902507
 31
0.0
  0
LINE
  5
22F
330
1FF
100
AcDbEntity
  8
0
  6
Continuous
 62
     7
100
AcDbLine
 10
63.6965037347
 20
141.1539321203
 30
0.0
 11
63.6965037347
 21
103.1142483812
 31
0.0
  0
LINE
  5
230
330
1FF
100
AcDbEntity
  8
0
  6
Continuous
 62
     7
100
AcDbLine
 10
64.1965037347
 20
141.6540902507
 30
0.0
 11
64.1965037347
 21
102.6140902507
 31
0.0
  0
LINE
  5
231
330
1FF
100
AcDbEntity
  8
0
  6
Continuous
 62
     7
100
AcDbLine
 10
61.7905768645
 20
132.0294056575
 30
0.0
 11
61.7905637713
 21
132.0160107547
 31
0.0
  0
LINE
  5
232
330
1FF
100
AcDbEntity
  8
0
  6
Continuous
 62
     7
100
AcDbLine
 10
61.76417932060001
 20
123.3563652719
 30
0.0
 11
61.7642675228
 21
123.3841924281
 31
0.0
  0
LINE
  5
233
330
1FF
100
AcDbEntity
  8
0
  6
Continuous
 62
     7
100
AcDbLine
 10
61.75501848159999
 20
120.88410748
 30
0.0
 11
61.7551399475
 21
120.9146996576
 31
0.0
  0
LINE
  5
234
330
1FF
100
AcDbEntity
  8
0
  6
Continuous
 62
     7
100
AcDbLine
 10
64.6965037347
 20
102.6142524567
 30
0.0
 11
64.6965037347
 21
141.6539280448
 31
0.0
  0
LINE
  5
235
330
1FF
100
AcDbEntity
  8
0
  6
Continuous
 62
     7
100
AcDbLine
 10
73.5965037347
 20
102.6100140005
 30
0.0
 11
74.0965037347
 21
102.6100140005
 31
0.0
  0
LINE
  5
236
330
1FF
100
AcDbEntity
  8
0
  6
Continuous
 62
     7
100
AcDbLine
 10
64.1965037347
 20
102.6140902507
 30
0.0
 11
64.6965037347
 21
102.6140902507
 31
0.0
  0
LINE
  5
237
330
1FF
100
AcDbEntity
  8
0
  6
Continuous
 62
     7
100
AcDbLine
 10
59.361604238
 20
102.7413178461
 30
0.0
 11
50.36160423800001
 21
103.0556047715
 31
0.0
  0
LINE
  5
238
330
1FF
100
AcDbEntity
  8
0
  6
Continuous
 62
     7
100
AcDbLine
 10
63.6965037347
 20
105.0567818352
 30
0.0
 11
62.6965037347
 21
105.0393267702
 31
0.0
  0
LINE
  5
239
330
1FF
100
AcDbEntity
  8
0
  6
Continuous
 62
     7
100
AcDbLine
 10
74.59650373470001
 20
103.1498599928
 30
0.0
 11
74.7965037347
 21
103.1498599928
 31
0.0
  0
LINE
  5
23A
330
1FF
100
AcDbEntity
  8
0
  6
Continuous
 62
     7
100
AcDbLine
 10
64.6965037347
 20
103.2140902507
 30
0.0
 11
73.5965037347
 21
103.2140902507
 31
0.0
  0
LINE
  5
23B
330
1FF
100
AcDbEntity
  8
0
  6
Continuous
 62
     7
100
AcDbLine
 10
62.06463167029999
 20
103.4340902507
 30
0.0
 11
62.3965037347
 21
103.4340902507
 31
0.0
  0
LINE
  5
23C
330
1FF
100
AcDbEntity
  8
0
  6
Continuous
 62
     7
100
AcDbLine
 10
74.7965037347
 20
103.8840902507
 30
0.0
 11
75.1965037347
 21
103.8840902507
 31
0.0
  0
LINE
  5
23D
330
1FF
100
AcDbEntity
  8
0
  6
Continuous
 62
     7
100
AcDbLine
 10
60.3965037347
 20
105.0363591811
 30
0.0
 11
61.734675311
 21
105.0340236287
 31
0.0
  0
LINE
  5
23E
330
1FF
100
AcDbEntity
  8
0
  6
Continuous
 62
     7
100
AcDbLine
 10
72.59650373470001
 20
139.209815094
 30
0.0
 11
72.59650373470001
 21
137.8311441145
 31
0.0
  0
LINE
  5
23F
330
1FF
100
AcDbEntity
  8
0
  6
Continuous
 62
     7
100
AcDbLine
 10
73.5965037347
 20
141.6581621659
 30
0.0
 11
73.5965037347
 21
102.6100140006
 31
0.0
  0
LINE
  5
240
330
1FF
100
AcDbEntity
  8
0
  6
Continuous
 62
     7
100
AcDbLine
 10
74.0965037347
 20
102.6100140005
 30
0.0
 11
74.0965037347
 21
141.658166501
 31
0.0
  0
LINE
  5
241
330
1FF
100
AcDbEntity
  8
0
  6
Continuous
 62
     7
100
AcDbLine
 10
74.59650373470001
 20
141.158166501
 30
0.0
 11
74.59650373470001
 21
103.1100140006
 31
0.0
  0
LINE
  5
242
330
1FF
100
AcDbEntity
  8
0
  6
Continuous
 62
     7
100
AcDbLine
 10
74.7965037347
 20
141.1338714212
 30
0.0
 11
74.7965037347
 21
103.1498599928
 31
0.0
  0
LINE
  5
243
330
1FF
100
AcDbEntity
  8
0
  6
Continuous
 62
     7
100
AcDbLine
 10
75.1965037347
 20
103.8840902507
 30
0.0
 11
75.1965037347
 21
140.3840902506999
 31
0.0
  0
LINE
  5
244
330
1FF
100
AcDbEntity
  8
0
  6
Continuous
 62
     7
100
AcDbLine
 10
75.6965037347
 20
106.384099004
 30
0.0
 11
75.6965037347
 21
137.8840814975
 31
0.0
  0
LINE
  5
245
330
1FF
100
AcDbEntity
  8
0
  6
Continuous
 62
     7
100
AcDbLine
 10
50.36160423800001
 20
108.0724557976
 30
0.0
 11
59.361604238
 21
107.9153123349
 31
0.0
  0
LINE
  5
246
330
1FF
100
AcDbEntity
  8
0
  6
Continuous
 62
     7
100
AcDbLine
 10
59.361604238
 20
116.9678712181
 30
0.0
 11
50.36160423800001
 21
117.1250146808
 31
0.0
  0
LINE
  5
247
330
1FF
100
AcDbEntity
  8
0
  6
Continuous
 62
     7
100
AcDbLine
 10
49.39650373470001
 20
121.2878639548
 30
0.0
 11
48.9965037347
 21
121.2878639548
 31
0.0
  0
LINE
  5
248
330
1FF
100
AcDbEntity
  8
0
  6
Continuous
 62
     7
100
AcDbLine
 10
75.69643588729999
 20
122.1340902513
 30
0.0
 11
75.1965037539
 21
122.1340902496
 31
0.0
  0
LINE
  5
249
330
1FF
100
AcDbEntity
  8
0
  6
Continuous
 62
     7
100
AcDbLine
 10
48.9965037347
 20
125.0806167134
 30
0.0
 11
49.39650373470001
 21
125.0806167134
 31
0.0
  0
LINE
  5
24A
330
1FF
100
AcDbEntity
  8
0
  6
Continuous
 62
     7
100
AcDbLine
 10
49.39650373470001
 20
125.5861186409
 30
0.0
 11
48.9965037347
 21
125.5861186409
 31
0.0
  0
LINE
  5
24B
330
1FF
100
AcDbEntity
  8
0
  6
Continuous
 62
     7
100
AcDbLine
 10
49.39650373470001
 20
125.5933486346
 30
0.0
 11
48.9965037347
 21
125.5933486346
 31
0.0
  0
LINE
  5
24C
330
1FF
100
AcDbEntity
  8
0
  6
Continuous
 62
     7
100
AcDbLine
 10
50.36160423800001
 20
127.1587167331
 30
0.0
 11
59.361604238
 21
127.3158601958
 31
0.0
  0
LINE
  5
24D
330
1FF
100
AcDbEntity
  8
0
  6
Continuous
 62
     7
100
AcDbLine
 10
59.361604238
 20
136.368419079
 30
0.0
 11
50.36160423800001
 21
136.2112756163
 31
0.0
  0
LINE
  5
24E
330
1FF
100
AcDbEntity
  8
0
  6
Continuous
 62
     7
100
AcDbLine
 10
73.09650373470001
 20
137.8311441144
 30
0.0
 11
72.59650373470001
 21
137.8311441144
 31
0.0
  0
LINE
  5
24F
330
1FF
100
AcDbEntity
  8
0
  6
Continuous
 62
     7
100
AcDbLine
 10
50.36160423800001
 20
141.2281266424
 30
0.0
 11
59.361604238
 21
141.5424135679
 31
0.0
  0
LINE
  5
250
330
1FF
100
AcDbEntity
  8
0
  6
Continuous
 62
     7
100
AcDbLine
 10
60.3965037347
 20
139.2318213204
 30
0.0
 11
61.75981580430001
 21
139.2342007513
 31
0.0
  0
LINE
  5
251
330
1FF
100
AcDbEntity
  8
0
  6
Continuous
 62
     7
100
AcDbLine
 10
72.59650373470001
 20
139.209815094
 30
0.0
 11
73.5965037347
 21
139.209815094
 31
0.0
  0
LINE
  5
252
330
1FF
100
AcDbEntity
  8
0
  6
Continuous
 62
     7
100
AcDbLine
 10
73.5965037347
 20
139.3923491432
 30
0.0
 11
74.59650373470001
 21
139.3923491432
 31
0.0
  0
LINE
  5
253
330
1FF
100
AcDbEntity
  8
0
  6
Continuous
 62
     7
100
AcDbLine
 10
74.7965037347
 20
140.3840902506999
 30
0.0
 11
75.1965037347
 21
140.3840902506999
 31
0.0
  0
LINE
  5
254
330
1FF
100
AcDbEntity
  8
0
  6
Continuous
 62
     7
100
AcDbLine
 10
62.0646268022
 20
140.8340902507
 30
0.0
 11
62.3965037347
 21
140.8340902507
 31
0.0
  0
LINE
  5
255
330
1FF
100
AcDbEntity
  8
0
  6
Continuous
 62
     7
100
AcDbLine
 10
64.6965037347
 20
141.0540902507
 30
0.0
 11
73.5965037347
 21
141.0540902507
 31
0.0
  0
LINE
  5
256
330
1FF
100
AcDbEntity
  8
0
  6
Continuous
 62
     7
100
AcDbLine
 10
74.59650373470001
 20
141.1338714212
 30
0.0
 11
74.7965037347
 21
141.1338714212
 31
0.0
  0
LINE
  5
257
330
1FF
100
AcDbEntity
  8
0
  6
Continuous
 62
     7
100
AcDbLine
 10
64.1965037347
 20
141.6540902507
 30
0.0
 11
64.6965037347
 21
141.6540902507
 31
0.0
  0
LINE
  5
258
330
1FF
100
AcDbEntity
  8
0
  6
Continuous
 62
     7
100
AcDbLine
 10
73.5965037347
 20
141.658166501
 30
0.0
 11
74.0965037347
 21
141.658166501
 31
0.0
  0
LINE
  5
259
330
1FF
100
AcDbEntity
  8
0
  6
Continuous
 62
     7
100
AcDbLine
 10
63.6965037347
 20
139.2113986663
 30
0.0
 11
62.6965037347
 21
139.2288537313
 31
0.0
  0
LINE
  5
25A
330
1FF
100
AcDbEntity
  8
0
  6
Continuous
 62
     7
100
AcDbLine
 10
109.560410497
 20
168.9626187314
 30
0.0
 11
109.560410497
 21
168.4626187314
 31
0.0
  0
LINE
  5
25B
330
1FF
100
AcDbEntity
  8
0
  6
Continuous
 62
     7
100
AcDbLine
 10
109.5644867472
 20
177.8626187314
 30
0.0
 11
109.5644867472
 21
178.3626187314
 31
0.0
  0
LINE
  5
25C
330
1FF
100
AcDbEntity
  8
0
  6
Continuous
 62
     7
100
AcDbLine
 10
110.0847055767
 20
167.9626187314
 30
0.0
 11
110.0847055767
 21
167.7626187314
 31
0.0
  0
LINE
  5
25D
330
1FF
100
AcDbEntity
  8
0
  6
Continuous
 62
     7
100
AcDbLine
 10
110.1644867472
 20
168.9626187314
 30
0.0
 11
110.1644867472
 21
177.8626187314
 31
0.0
  0
LINE
  5
25E
330
1FF
100
AcDbEntity
  8
0
  6
Continuous
 62
     7
100
AcDbLine
 10
110.3844867472
 20
180.4944814234
 30
0.0
 11
110.3844867472
 21
180.1626187313999
 31
0.0
  0
LINE
  5
25F
330
1FF
100
AcDbEntity
  8
0
  6
Continuous
 62
     7
100
AcDbLine
 10
110.8344867472
 20
167.3626187314
 30
0.0
 11
110.8344867472
 21
167.7626187314
 31
0.0
  0
LINE
  5
260
330
1FF
100
AcDbEntity
  8
0
  6
Continuous
 62
     7
100
AcDbLine
 10
109.9342758035
 20
192.1975182281
 30
0.0
 11
109.662095342
 21
183.1975182281
 31
0.0
  0
LINE
  5
261
330
1FF
100
AcDbEntity
  8
0
  6
Continuous
 62
     7
100
AcDbLine
 10
108.5900146225
 20
192.1975182281
 30
0.0
 11
108.2757276971
 21
183.1975182281
 31
0.0
  0
LINE
  5
262
330
1FF
100
AcDbEntity
  8
0
  6
Continuous
 62
     7
100
AcDbLine
 10
112.0071783316
 20
178.8626187314
 30
0.0
 11
111.9897232667
 21
179.8626187314
 31
0.0
  0
LINE
  5
263
330
1FF
100
AcDbEntity
  8
0
  6
Continuous
 62
     7
100
AcDbLine
 10
111.9867556775
 20
182.1626187314
 30
0.0
 11
111.9843762467
 21
180.7993066618
 31
0.0
  0
LINE
  5
264
330
1FF
100
AcDbEntity
  8
0
  6
Continuous
 62
     7
100
AcDbLine
 10
114.8885926501
 20
183.1975182281
 30
0.0
 11
115.1607731116
 21
192.1975182281
 31
0.0
  0
LINE
  5
265
330
1FF
100
AcDbEntity
  8
0
  6
Continuous
 62
     7
100
AcDbLine
 10
123.8502139828
 20
193.1626187314
 30
0.0
 11
123.8502139828
 21
182.1626187314
 31
0.0
  0
LINE
  5
266
330
1FF
100
AcDbEntity
  8
0
  6
Continuous
 62
     7
100
AcDbLine
 10
124.3344867472
 20
169.9626187314
 30
0.0
 11
124.3344867472
 21
167.9626187314
 31
0.0
  0
LINE
  5
267
330
1FF
100
AcDbEntity
  8
0
  6
Continuous
 62
     7
100
AcDbLine
 10
113.3344867472
 20
166.8626187314
 30
0.0
 11
144.8344867472
 21
166.8626187314
 31
0.0
  0
LINE
  5
268
330
1FF
100
AcDbEntity
  8
0
  6
Continuous
 62
     7
100
AcDbLine
 10
110.8344867472
 20
167.3626187314
 30
0.0
 11
147.3344867472
 21
167.3626187314
 31
0.0
  0
LINE
  5
269
330
1FF
100
AcDbEntity
  8
0
  6
Continuous
 62
     7
100
AcDbLine
 10
148.0687170052
 20
167.7626187314
 30
0.0
 11
110.0847055767
 21
167.7626187314
 31
0.0
  0
LINE
  5
26A
330
1FF
100
AcDbEntity
  8
0
  6
Continuous
 62
     7
100
AcDbLine
 10
110.0605594929
 20
167.9626187314
 30
0.0
 11
148.1084143293
 21
167.9626187314
 31
0.0
  0
LINE
  5
26B
330
1FF
100
AcDbEntity
  8
0
  6
Continuous
 62
     7
100
AcDbLine
 10
109.560410497
 20
168.4626187314
 30
0.0
 11
148.6085629974
 21
168.4626187314
 31
0.0
  0
LINE
  5
26C
330
1FF
100
AcDbEntity
  8
0
  6
Continuous
 62
     7
100
AcDbLine
 10
148.6084103567
 20
168.9626187314
 30
0.0
 11
109.5605635405
 21
168.9626187314
 31
0.0
  0
LINE
  5
26D
330
1FF
100
AcDbEntity
  8
0
  6
Continuous
 62
     7
100
AcDbLine
 10
134.3032085991
 20
182.1626187314
 30
0.0
 11
134.3032085991
 21
193.1626187314
 31
0.0
  0
LINE
  5
26E
330
1FF
100
AcDbEntity
  8
0
  6
Continuous
 62
     7
100
AcDbLine
 10
135.1509842024
 20
193.1626187314
 30
0.0
 11
135.1509842024
 21
193.5626187314
 31
0.0
  0
LINE
  5
26F
330
1FF
100
AcDbEntity
  8
0
  6
Continuous
 62
     7
100
AcDbLine
 10
136.8853809573
 20
193.5626187314
 30
0.0
 11
136.8853809573
 21
193.1626187314
 31
0.0
  0
LINE
  5
270
330
1FF
100
AcDbEntity
  8
0
  6
Continuous
 62
     7
100
AcDbLine
 10
109.5644867472
 20
177.8626187314
 30
0.0
 11
148.6044867472
 21
177.8626187314
 31
0.0
  0
LINE
  5
271
330
1FF
100
AcDbEntity
  8
0
  6
Continuous
 62
     7
100
AcDbLine
 10
148.6044867472
 20
178.3626187314
 30
0.0
 11
109.5644867472
 21
178.3626187314
 31
0.0
  0
LINE
  5
272
330
1FF
100
AcDbEntity
  8
0
  6
Continuous
 62
     7
100
AcDbLine
 10
138.876723354
 20
181.9062692508
 30
0.0
 11
138.8755937734
 21
182.1626187314
 31
0.0
  0
LINE
  5
273
330
1FF
100
AcDbEntity
  8
0
  6
Continuous
 62
     7
100
AcDbLine
 10
142.3073835612
 20
180.5626205399
 30
0.0
 11
141.8851338844
 21
180.5595917499
 31
0.0
  0
LINE
  5
274
330
1FF
100
AcDbEntity
  8
0
  6
Continuous
 62
     7
100
AcDbLine
 10
118.4436017237
 20
180.767730526
 30
0.0
 11
118.3861972465
 21
180.7675759363
 31
0.0
  0
LINE
  5
275
330
1FF
100
AcDbEntity
  8
0
  6
Continuous
 62
     7
100
AcDbLine
 10
118.4136360571
 20
180.7736380991
 30
0.0
 11
118.4254545694
 21
180.7736469423
 31
0.0
  0
LINE
  5
276
330
1FF
100
AcDbEntity
  8
0
  6
Continuous
 62
     7
100
AcDbLine
 10
118.4321846281
 20
180.7737927658
 30
0.0
 11
118.4436002894
 21
180.7737984025
 31
0.0
  0
LINE
  5
277
330
1FF
100
AcDbEntity
  8
0
  6
Continuous
 62
     7
100
AcDbLine
 10
148.1044867471999
 20
178.8626187314
 30
0.0
 11
110.0644867472
 21
178.8626187314
 31
0.0
  0
LINE
  5
278
330
1FF
100
AcDbEntity
  8
0
  6
Continuous
 62
     7
100
AcDbLine
 10
110.684612477
 20
179.8626187314
 30
0.0
 11
147.4843610174
 21
179.8626187314
 31
0.0
  0
LINE
  5
279
330
1FF
100
AcDbEntity
  8
0
  6
Continuous
 62
     7
100
AcDbLine
 10
110.3844867472
 20
180.1626187313999
 30
0.0
 11
147.7844867472
 21
180.1626187313999
 31
0.0
  0
LINE
  5
27A
330
1FF
100
AcDbEntity
  8
0
  6
Continuous
 62
     7
100
AcDbLine
 10
109.2751185241
 20
182.1626187314
 30
0.0
 11
148.8783040578
 21
182.1626187314
 31
0.0
  0
LINE
  5
27B
330
1FF
100
AcDbEntity
  8
0
  6
Continuous
 62
     7
100
AcDbLine
 10
142.0963550001
 20
180.8626114851
 30
0.0
 11
141.1759802076
 21
180.8626187314
 31
0.0
  0
LINE
  5
27C
330
1FF
100
AcDbEntity
  8
0
  6
Continuous
 62
     7
100
AcDbLine
 10
146.1857515243
 20
180.8244659393
 30
0.0
 11
146.1671090765999
 21
180.8247077865999
 31
0.0
  0
LINE
  5
27D
330
1FF
100
AcDbEntity
  8
0
  6
Continuous
 62
     7
100
AcDbLine
 10
142.9926494703
 20
192.1975182281
 30
0.0
 11
143.2648299318
 21
183.1975182281
 31
0.0
  0
LINE
  5
27E
330
1FF
100
AcDbEntity
  8
0
  6
Continuous
 62
     7
100
AcDbLine
 10
142.6633133593
 20
193.1626187314
 30
0.0
 11
142.6633133593
 21
193.5626187314
 31
0.0
  0
LINE
  5
27F
330
1FF
100
AcDbEntity
  8
0
  6
Continuous
 62
     7
100
AcDbLine
 10
108.2757276971
 20
183.1975182281
 30
0.0
 11
149.8776948848
 21
183.1975182281
 31
0.0
  0
LINE
  5
280
330
1FF
100
AcDbEntity
  8
0
  6
Continuous
 62
     7
100
AcDbLine
 10
146.1845533243
 20
180.8244728775
 30
0.0
 11
146.1822178169
 21
182.1626187314
 31
0.0
  0
LINE
  5
281
330
1FF
100
AcDbEntity
  8
0
  6
Continuous
 62
     7
100
AcDbLine
 10
144.7288993566
 20
193.1626187314
 30
0.0
 11
144.7288993566
 21
193.5626187314
 31
0.0
  0
LINE
  5
282
330
1FF
100
AcDbEntity
  8
0
  6
Continuous
 62
     7
100
AcDbLine
 10
147.3344867472
 20
167.3626187314
 30
0.0
 11
147.3344867472
 21
167.7626187314
 31
0.0
  0
LINE
  5
283
330
1FF
100
AcDbEntity
  8
0
  6
Continuous
 62
     7
100
AcDbLine
 10
147.7844867472
 20
180.4944862915
 30
0.0
 11
147.7844867472
 21
180.1626187313999
 31
0.0
  0
LINE
  5
284
330
1FF
100
AcDbEntity
  8
0
  6
Continuous
 62
     7
100
AcDbLine
 10
148.0044867472
 20
177.8626187314
 30
0.0
 11
148.0044867472
 21
168.9626187314
 31
0.0
  0
LINE
  5
285
330
1FF
100
AcDbEntity
  8
0
  6
Continuous
 62
     7
100
AcDbLine
 10
148.0687170052
 20
167.9626187314
 30
0.0
 11
148.0687170052
 21
167.7626187314
 31
0.0
  0
LINE
  5
286
330
1FF
100
AcDbEntity
  8
0
  6
Continuous
 62
     7
100
AcDbLine
 10
146.1617951628
 20
178.8626187314
 30
0.0
 11
146.1792502277
 21
179.8626187314
 31
0.0
  0
LINE
  5
287
330
1FF
100
AcDbEntity
  8
0
  6
Continuous
 62
     7
100
AcDbLine
 10
149.5634079594
 20
192.1975182281
 30
0.0
 11
149.8776948848
 21
183.1975182281
 31
0.0
  0
LINE
  5
288
330
1FF
100
AcDbEntity
  8
0
  6
Continuous
 62
     7
100
AcDbLine
 10
148.4913272398
 20
183.1975182281
 30
0.0
 11
148.2191467784
 21
192.1975182281
 31
0.0
  0
LINE
  5
289
330
1FF
100
AcDbEntity
  8
0
  6
Continuous
 62
     7
100
AcDbLine
 10
148.6044867472
 20
178.3626187314
 30
0.0
 11
148.6044867472
 21
177.8626187314
 31
0.0
  0
LINE
  5
28A
330
1FF
100
AcDbEntity
  8
0
  6
Continuous
 62
     7
100
AcDbLine
 10
148.6085629974
 20
168.9626187314
 30
0.0
 11
148.6085629974
 21
168.4626187314
 31
0.0
  0
LINE
  5
28B
330
1FF
100
AcDbEntity
  8
0
  6
Continuous
 62
     7
100
AcDbLine
 10
149.5634079594
 20
192.1975182281
 30
0.0
 11
108.5900146225
 21
192.1975182281
 31
0.0
  0
LINE
  5
28C
330
1FF
100
AcDbEntity
  8
0
  6
Continuous
 62
     7
100
AcDbLine
 10
109.5895165714
 20
193.1626187314
 30
0.0
 11
148.5639060105
 21
193.1626187314
 31
0.0
  0
LINE
  5
28D
330
1FF
100
AcDbEntity
  8
0
  6
Continuous
 62
     7
100
AcDbLine
 10
144.7288331247
 20
193.5626187314
 30
0.0
 11
134.9235175074
 21
193.5626187314
 31
0.0
  0
LINE
  5
28E
330
1FF
100
AcDbEntity
  8
0
  6
Continuous
 62
     7
100
AcDbLine
 10
134.9238706054
 20
46.45478662659999
 30
0.0
 11
144.7288331247
 21
46.45478662659999
 31
0.0
  0
LINE
  5
28F
330
1FF
100
AcDbEntity
  8
0
  6
Continuous
 62
     7
100
AcDbLine
 10
109.5895165714
 20
46.85478662659999
 30
0.0
 11
148.5639060105
 21
46.85478662659999
 31
0.0
  0
LINE
  5
290
330
1FF
100
AcDbEntity
  8
0
  6
Continuous
 62
     7
100
AcDbLine
 10
108.5900146225
 20
47.81988712989999
 30
0.0
 11
108.2757276971
 21
56.81988712989999
 31
0.0
  0
LINE
  5
291
330
1FF
100
AcDbEntity
  8
0
  6
Continuous
 62
     7
100
AcDbLine
 10
109.662095342
 20
56.81988712989999
 30
0.0
 11
109.9342758035
 21
47.81988712989999
 31
0.0
  0
LINE
  5
292
330
1FF
100
AcDbEntity
  8
0
  6
Continuous
 62
     7
100
AcDbLine
 10
109.560410497
 20
71.05478662659999
 30
0.0
 11
109.560410497
 21
71.55478662659999
 31
0.0
  0
LINE
  5
293
330
1FF
100
AcDbEntity
  8
0
  6
Continuous
 62
     7
100
AcDbLine
 10
109.5644867472
 20
62.1547866266
 30
0.0
 11
109.5644867472
 21
61.65478662659999
 31
0.0
  0
LINE
  5
294
330
1FF
100
AcDbEntity
  8
0
  6
Continuous
 62
     7
100
AcDbLine
 10
110.0847055767
 20
72.05478662659999
 30
0.0
 11
110.0847055767
 21
72.25478662659999
 31
0.0
  0
LINE
  5
295
330
1FF
100
AcDbEntity
  8
0
  6
Continuous
 62
     7
100
AcDbLine
 10
110.1644867472
 20
71.05478662659999
 30
0.0
 11
110.1644867472
 21
62.1547866266
 31
0.0
  0
LINE
  5
296
330
1FF
100
AcDbEntity
  8
0
  6
Continuous
 62
     7
100
AcDbLine
 10
110.3844867472
 20
59.5229239346
 30
0.0
 11
110.3844867472
 21
59.8547866266
 31
0.0
  0
LINE
  5
297
330
1FF
100
AcDbEntity
  8
0
  6
Continuous
 62
     7
100
AcDbLine
 10
110.8344867472
 20
72.6547866266
 30
0.0
 11
110.8344867472
 21
72.25478662659999
 31
0.0
  0
LINE
  5
298
330
1FF
100
AcDbEntity
  8
0
  6
Continuous
 62
     7
100
AcDbLine
 10
108.5900146225
 20
47.81988712989999
 30
0.0
 11
149.5634079594
 21
47.81988712989999
 31
0.0
  0
LINE
  5
299
330
1FF
100
AcDbEntity
  8
0
  6
Continuous
 62
     7
100
AcDbLine
 10
115.1607731116
 20
47.81988712989999
 30
0.0
 11
114.8885926501
 21
56.81988712989999
 31
0.0
  0
LINE
  5
29A
330
1FF
100
AcDbEntity
  8
0
  6
Continuous
 62
     7
100
AcDbLine
 10
111.9867556775
 20
57.8547866266
 30
0.0
 11
111.9844201477
 21
59.1929452579
 31
0.0
  0
LINE
  5
29B
330
1FF
100
AcDbEntity
  8
0
  6
Continuous
 62
     7
100
AcDbLine
 10
112.0071783316
 20
61.1547866266
 30
0.0
 11
111.9897232667
 21
60.1547866266
 31
0.0
  0
LINE
  5
29C
330
1FF
100
AcDbEntity
  8
0
  6
Continuous
 62
     7
100
AcDbLine
 10
149.8776948848
 20
56.81988712989999
 30
0.0
 11
108.2757276971
 21
56.81988712989999
 31
0.0
  0
LINE
  5
29D
330
1FF
100
AcDbEntity
  8
0
  6
Continuous
 62
     7
100
AcDbLine
 10
109.2752335117
 20
57.8547866266
 30
0.0
 11
148.8781890702
 21
57.8547866266
 31
0.0
  0
LINE
  5
29E
330
1FF
100
AcDbEntity
  8
0
  6
Continuous
 62
     7
100
AcDbLine
 10
115.861589939
 20
59.454791696
 30
0.0
 11
116.2838368255
 21
59.457820468
 31
0.0
  0
LINE
  5
29F
330
1FF
100
AcDbEntity
  8
0
  6
Continuous
 62
     7
100
AcDbLine
 10
135.5424324977
 20
59.2423745164
 30
0.0
 11
135.6287057401
 21
59.2426921685
 31
0.0
  0
LINE
  5
2A0
330
1FF
100
AcDbEntity
  8
0
  6
Continuous
 62
     7
100
AcDbLine
 10
135.5850377962
 20
59.2374135262
 30
0.0
 11
135.542440838
 21
59.23720330600001
 31
0.0
  0
LINE
  5
2A1
330
1FF
100
AcDbEntity
  8
0
  6
Continuous
 62
     7
100
AcDbLine
 10
147.7844867472
 20
59.8547866266
 30
0.0
 11
110.3844867472
 21
59.8547866266
 31
0.0
  0
LINE
  5
2A2
330
1FF
100
AcDbEntity
  8
0
  6
Continuous
 62
     7
100
AcDbLine
 10
147.4843610174
 20
60.1547866266
 30
0.0
 11
110.684612477
 21
60.1547866266
 31
0.0
  0
LINE
  5
2A3
330
1FF
100
AcDbEntity
  8
0
  6
Continuous
 62
     7
100
AcDbLine
 10
110.0644867472
 20
61.1547866266
 30
0.0
 11
148.1044867471999
 21
61.1547866266
 31
0.0
  0
LINE
  5
2A4
330
1FF
100
AcDbEntity
  8
0
  6
Continuous
 62
     7
100
AcDbLine
 10
109.5644867472
 20
61.65478662659999
 30
0.0
 11
148.6044867472
 21
61.65478662659999
 31
0.0
  0
LINE
  5
2A5
330
1FF
100
AcDbEntity
  8
0
  6
Continuous
 62
     7
100
AcDbLine
 10
148.6044867472
 20
62.1547866266
 30
0.0
 11
109.5644867472
 21
62.1547866266
 31
0.0
  0
LINE
  5
2A6
330
1FF
100
AcDbEntity
  8
0
  6
Continuous
 62
     7
100
AcDbLine
 10
116.0726186802
 20
59.15482924069999
 30
0.0
 11
116.9929932843
 21
59.15478662659999
 31
0.0
  0
LINE
  5
2A7
330
1FF
100
AcDbEntity
  8
0
  6
Continuous
 62
     7
100
AcDbLine
 10
111.9832326493
 20
59.1929521653
 30
0.0
 11
112.0016182006
 21
59.1927137902
 31
0.0
  0
LINE
  5
2A8
330
1FF
100
AcDbEntity
  8
0
  6
Continuous
 62
     7
100
AcDbLine
 10
123.8502139828
 20
57.8547866266
 30
0.0
 11
123.8502139828
 21
46.85478662659999
 31
0.0
  0
LINE
  5
2A9
330
1FF
100
AcDbEntity
  8
0
  6
Continuous
 62
     7
100
AcDbLine
 10
124.3344867472
 20
70.05478662659999
 30
0.0
 11
124.3344867472
 21
72.05478662659999
 31
0.0
  0
LINE
  5
2AA
330
1FF
100
AcDbEntity
  8
0
  6
Continuous
 62
     7
100
AcDbLine
 10
109.5605635405
 20
71.05478662659999
 30
0.0
 11
148.6084103567
 21
71.05478662659999
 31
0.0
  0
LINE
  5
2AB
330
1FF
100
AcDbEntity
  8
0
  6
Continuous
 62
     7
100
AcDbLine
 10
148.6085629974
 20
71.55478662659999
 30
0.0
 11
109.560410497
 21
71.55478662659999
 31
0.0
  0
LINE
  5
2AC
330
1FF
100
AcDbEntity
  8
0
  6
Continuous
 62
     7
100
AcDbLine
 10
148.1084143293
 20
72.05478662659999
 30
0.0
 11
110.0605594929
 21
72.05478662659999
 31
0.0
  0
LINE
  5
2AD
330
1FF
100
AcDbEntity
  8
0
  6
Continuous
 62
     7
100
AcDbLine
 10
110.0847055767
 20
72.25478662659999
 30
0.0
 11
148.0687170052
 21
72.25478662659999
 31
0.0
  0
LINE
  5
2AE
330
1FF
100
AcDbEntity
  8
0
  6
Continuous
 62
     7
100
AcDbLine
 10
147.3344867472
 20
72.6547866266
 30
0.0
 11
110.8344867472
 21
72.6547866266
 31
0.0
  0
LINE
  5
2AF
330
1FF
100
AcDbEntity
  8
0
  6
Continuous
 62
     7
100
AcDbLine
 10
144.8344867472
 20
73.1547866266
 30
0.0
 11
113.3344867472
 21
73.1547866266
 31
0.0
  0
LINE
  5
2B0
330
1FF
100
AcDbEntity
  8
0
  6
Continuous
 62
     7
100
AcDbLine
 10
134.3032085991
 20
46.85478662659999
 30
0.0
 11
134.3032085991
 21
57.8547866266
 31
0.0
  0
LINE
  5
2B1
330
1FF
100
AcDbEntity
  8
0
  6
Continuous
 62
     7
100
AcDbLine
 10
142.9945026016
 20
46.45478662659999
 30
0.0
 11
142.9945026016
 21
46.85478662659999
 31
0.0
  0
LINE
  5
2B2
330
1FF
100
AcDbEntity
  8
0
  6
Continuous
 62
     7
100
AcDbLine
 10
143.2648299318
 20
56.81988712989999
 30
0.0
 11
142.9926494703
 21
47.81988712989999
 31
0.0
  0
LINE
  5
2B3
330
1FF
100
AcDbEntity
  8
0
  6
Continuous
 62
     7
100
AcDbLine
 10
146.1617951628
 20
61.1547866266
 30
0.0
 11
146.1792502277
 21
60.1547866266
 31
0.0
  0
LINE
  5
2B4
330
1FF
100
AcDbEntity
  8
0
  6
Continuous
 62
     7
100
AcDbLine
 10
144.7288993566
 20
46.85478662659999
 30
0.0
 11
144.7288993566
 21
46.45478662659999
 31
0.0
  0
LINE
  5
2B5
330
1FF
100
AcDbEntity
  8
0
  6
Continuous
 62
     7
100
AcDbLine
 10
147.3344867472
 20
72.6547866266
 30
0.0
 11
147.3344867472
 21
72.25478662659999
 31
0.0
  0
LINE
  5
2B6
330
1FF
100
AcDbEntity
  8
0
  6
Continuous
 62
     7
100
AcDbLine
 10
147.7844867472
 20
59.5229190665
 30
0.0
 11
147.7844867472
 21
59.8547866266
 31
0.0
  0
LINE
  5
2B7
330
1FF
100
AcDbEntity
  8
0
  6
Continuous
 62
     7
100
AcDbLine
 10
148.0044867472
 20
62.1547866266
 30
0.0
 11
148.0044867472
 21
71.05478662659999
 31
0.0
  0
LINE
  5
2B8
330
1FF
100
AcDbEntity
  8
0
  6
Continuous
 62
     7
100
AcDbLine
 10
148.0687170052
 20
72.05478662659999
 30
0.0
 11
148.0687170052
 21
72.25478662659999
 31
0.0
  0
LINE
  5
2B9
330
1FF
100
AcDbEntity
  8
0
  6
Continuous
 62
     7
100
AcDbLine
 10
146.1822178169
 20
57.8547866266
 30
0.0
 11
146.1845972477
 21
59.2180986962
 31
0.0
  0
LINE
  5
2BA
330
1FF
100
AcDbEntity
  8
0
  6
Continuous
 62
     7
100
AcDbLine
 10
148.6044867472
 20
61.65478662659999
 30
0.0
 11
148.6044867472
 21
62.1547866266
 31
0.0
  0
LINE
  5
2BB
330
1FF
100
AcDbEntity
  8
0
  6
Continuous
 62
     7
100
AcDbLine
 10
148.6085629974
 20
71.05478662659999
 30
0.0
 11
148.6085629974
 21
71.55478662659999
 31
0.0
  0
LINE
  5
2BC
330
1FF
100
AcDbEntity
  8
0
  6
Continuous
 62
     7
100
AcDbLine
 10
148.2191467784
 20
47.81988712989999
 30
0.0
 11
148.4913272399
 21
56.81988712989999
 31
0.0
  0
LINE
  5
2BD
330
1FF
100
AcDbEntity
  8
0
  6
Continuous
 62
     7
100
AcDbLine
 10
149.5634079594
 20
47.81988712989999
 30
0.0
 11
149.8776948848
 21
56.81988712989999
 31
0.0
  0
LINE
  5
2BE
330
1FF
100
AcDbEntity
  8
0
  6
Continuous
 62
     7
100
AcDbLine
 10
177.2648675208
 20
137.8840814975
 30
0.0
 11
177.2648675208
 21
106.384099004
 31
0.0
  0
LINE
  5
2BF
330
1FF
100
AcDbEntity
  8
0
  6
Continuous
 62
     7
100
AcDbLine
 10
202.5997670175
 20
103.0556047715
 30
0.0
 11
193.5997670175
 21
102.7413178461
 31
0.0
  0
LINE
  5
2C0
330
1FF
100
AcDbEntity
  8
0
  6
Continuous
 62
     7
100
AcDbLine
 10
179.3648675208
 20
102.6100140005
 30
0.0
 11
178.8648675208
 21
102.6100140005
 31
0.0
  0
LINE
  5
2C1
330
1FF
100
AcDbEntity
  8
0
  6
Continuous
 62
     7
100
AcDbLine
 10
188.7648675208
 20
102.6140902507
 30
0.0
 11
188.2648675208
 21
102.6140902507
 31
0.0
  0
LINE
  5
2C2
330
1FF
100
AcDbEntity
  8
0
  6
Continuous
 62
     7
100
AcDbLine
 10
177.7648675208
 20
140.3840902506999
 30
0.0
 11
177.7648675208
 21
103.8840902507
 31
0.0
  0
LINE
  5
2C3
330
1FF
100
AcDbEntity
  8
0
  6
Continuous
 62
     7
100
AcDbLine
 10
178.1648675208
 20
103.1498599928
 30
0.0
 11
178.1648675208
 21
141.1338714212
 31
0.0
  0
LINE
  5
2C4
330
1FF
100
AcDbEntity
  8
0
  6
Continuous
 62
     7
100
AcDbLine
 10
178.3648675208
 20
141.1581622769
 30
0.0
 11
178.3648675208
 21
103.1100140006
 31
0.0
  0
LINE
  5
2C5
330
1FF
100
AcDbEntity
  8
0
  6
Continuous
 62
     7
100
AcDbLine
 10
178.8648675208
 20
141.658166501
 30
0.0
 11
178.8648675208
 21
102.6100140005
 31
0.0
  0
LINE
  5
2C6
330
1FF
100
AcDbEntity
  8
0
  6
Continuous
 62
     7
100
AcDbLine
 10
179.3648675208
 20
102.6100140006
 30
0.0
 11
179.3648675208
 21
141.6581621659
 31
0.0
  0
LINE
  5
2C7
330
1FF
100
AcDbEntity
  8
0
  6
Continuous
 62
     7
100
AcDbLine
 10
180.3648675208
 20
139.209815094
 30
0.0
 11
180.3648675208
 21
137.8311441145
 31
0.0
  0
LINE
  5
2C8
330
1FF
100
AcDbEntity
  8
0
  6
Continuous
 62
     7
100
AcDbLine
 10
192.5648675208
 20
105.0363591811
 30
0.0
 11
191.2015554512
 21
105.0339797502
 31
0.0
  0
LINE
  5
2C9
330
1FF
100
AcDbEntity
  8
0
  6
Continuous
 62
     7
100
AcDbLine
 10
178.3648675208
 20
103.1498599928
 30
0.0
 11
178.1648675208
 21
103.1498599928
 31
0.0
  0
LINE
  5
2CA
330
1FF
100
AcDbEntity
  8
0
  6
Continuous
 62
     7
100
AcDbLine
 10
188.2648675208
 20
103.2140902507
 30
0.0
 11
179.3648675208
 21
103.2140902507
 31
0.0
  0
LINE
  5
2CB
330
1FF
100
AcDbEntity
  8
0
  6
Continuous
 62
     7
100
AcDbLine
 10
190.8967395852
 20
103.4340902507
 30
0.0
 11
190.5648675208
 21
103.4340902507
 31
0.0
  0
LINE
  5
2CC
330
1FF
100
AcDbEntity
  8
0
  6
Continuous
 62
     7
100
AcDbLine
 10
178.1648675208
 20
103.8840902507
 30
0.0
 11
177.7648675208
 21
103.8840902507
 31
0.0
  0
LINE
  5
2CD
330
1FF
100
AcDbEntity
  8
0
  6
Continuous
 62
     7
100
AcDbLine
 10
189.2648675208
 20
105.0567818352
 30
0.0
 11
190.2648675208
 21
105.0393267702
 31
0.0
  0
LINE
  5
2CE
330
1FF
100
AcDbEntity
  8
0
  6
Continuous
 62
     7
100
AcDbLine
 10
193.5997670175
 20
107.9153123349
 30
0.0
 11
202.5997670175
 21
108.0724557977
 31
0.0
  0
LINE
  5
2CF
330
1FF
100
AcDbEntity
  8
0
  6
Continuous
 62
     7
100
AcDbLine
 10
188.2648675208
 20
141.6539280448
 30
0.0
 11
188.2648675208
 21
102.6142524567
 31
0.0
  0
LINE
  5
2D0
330
1FF
100
AcDbEntity
  8
0
  6
Continuous
 62
     7
100
AcDbLine
 10
188.7648675208
 20
102.6140902507
 30
0.0
 11
188.7648675208
 21
141.6540902507
 31
0.0
  0
LINE
  5
2D1
330
1FF
100
AcDbEntity
  8
0
  6
Continuous
 62
     7
100
AcDbLine
 10
189.2648675208
 20
103.1142483812
 30
0.0
 11
189.2648675208
 21
141.1539321203
 31
0.0
  0
LINE
  5
2D2
330
1FF
100
AcDbEntity
  8
0
  6
Continuous
 62
     7
100
AcDbLine
 10
192.5256650554
 20
126.819687323
 30
0.0
 11
192.5648675208
 21
124.7681338056
 31
0.0
  0
LINE
  5
2D3
330
1FF
100
AcDbEntity
  8
0
  6
Continuous
 62
     7
100
AcDbLine
 10
190.9648693293
 20
135.3569870531
 30
0.0
 11
190.9618405393
 21
135.7661639327
 31
0.0
  0
LINE
  5
2D4
330
1FF
100
AcDbEntity
  8
0
  6
Continuous
 62
     7
100
AcDbLine
 10
190.2648675208
 20
140.5339955316
 30
0.0
 11
190.2648675208
 21
103.7341849699
 31
0.0
  0
LINE
  5
2D5
330
1FF
100
AcDbEntity
  8
0
  6
Continuous
 62
     7
100
AcDbLine
 10
190.5648675208
 20
140.8340902507
 30
0.0
 11
190.5648675208
 21
103.4340902507
 31
0.0
  0
LINE
  5
2D6
330
1FF
100
AcDbEntity
  8
0
  6
Continuous
 62
     7
100
AcDbLine
 10
191.2648675206
 20
135.1450029994
 30
0.0
 11
191.2648675208
 21
134.2255837114
 31
0.0
  0
LINE
  5
2D7
330
1FF
100
AcDbEntity
  8
0
  6
Continuous
 62
     7
100
AcDbLine
 10
192.5648675208
 20
140.5430227409
 30
0.0
 11
192.5648675208
 21
103.7407086731
 31
0.0
  0
LINE
  5
2D8
330
1FF
100
AcDbEntity
  8
0
  6
Continuous
 62
     7
100
AcDbLine
 10
191.1762423601
 20
111.8867368878
 30
0.0
 11
191.1762369025
 21
111.8756991209
 31
0.0
  0
LINE
  5
2D9
330
1FF
100
AcDbEntity
  8
0
  6
Continuous
 62
     7
100
AcDbLine
 10
191.1707932713
 20
112.2376262502
 30
0.0
 11
191.1708074866
 21
112.2521690198
 31
0.0
  0
LINE
  5
2DA
330
1FF
100
AcDbEntity
  8
0
  6
Continuous
 62
     7
100
AcDbLine
 10
191.1784833196
 20
113.58021151
 30
0.0
 11
191.1783335468
 21
113.5532334902
 31
0.0
  0
LINE
  5
2DB
330
1FF
100
AcDbEntity
  8
0
  6
Continuous
 62
     7
100
AcDbLine
 10
191.1728180673
 20
113.5474874296
 30
0.0
 11
191.1728427483
 21
113.5615813684
 31
0.0
  0
LINE
  5
2DC
330
1FF
100
AcDbEntity
  8
0
  6
Continuous
 62
     7
100
AcDbLine
 10
191.1730192996
 20
113.5662583132
 30
0.0
 11
191.1730427921
 21
113.5802157674
 31
0.0
  0
LINE
  5
2DD
330
1FF
100
AcDbEntity
  8
0
  6
Continuous
 62
     7
100
AcDbLine
 10
191.1828171229
 20
117.8743924123
 30
0.0
 11
191.1830739283
 21
117.9090385732
 31
0.0
  0
LINE
  5
2DE
330
1FF
100
AcDbEntity
  8
0
  6
Continuous
 62
     7
100
AcDbLine
 10
191.1880004031
 20
117.9090297541
 30
0.0
 11
191.1877834303
 21
117.8756549934
 31
0.0
  0
LINE
  5
2DF
330
1FF
100
AcDbEntity
  8
0
  6
Continuous
 62
     7
100
AcDbLine
 10
191.214251775
 20
126.3588749064
 30
0.0
 11
191.2143284656
 21
126.3865952562
 31
0.0
  0
LINE
  5
2E0
330
1FF
100
AcDbEntity
  8
0
  6
Continuous
 62
     7
100
AcDbLine
 10
191.219315145
 20
126.3921913249
 30
0.0
 11
191.2192848562
 21
126.3588296356
 31
0.0
  0
LINE
  5
2E1
330
1FF
100
AcDbEntity
  8
0
  6
Continuous
 62
     7
100
AcDbLine
 10
202.5997670175
 20
117.1250146809
 30
0.0
 11
193.5997670175
 21
116.9678712181
 31
0.0
  0
LINE
  5
2E2
330
1FF
100
AcDbEntity
  8
0
  6
Continuous
 62
     7
100
AcDbLine
 10
193.5997670175
 20
141.5424135679
 30
0.0
 11
193.5997670175
 21
102.7413178461
 31
0.0
  0
LINE
  5
2E3
330
1FF
100
AcDbEntity
  8
0
  6
Continuous
 62
     7
100
AcDbLine
 10
203.5648675208
 20
121.2878639548
 30
0.0
 11
203.9648675208
 21
121.2878639548
 31
0.0
  0
LINE
  5
2E4
330
1FF
100
AcDbEntity
  8
0
  6
Continuous
 62
     7
100
AcDbLine
 10
203.5648675208
 20
121.2950939485
 30
0.0
 11
203.9648675208
 21
121.2950939485
 31
0.0
  0
LINE
  5
2E5
330
1FF
100
AcDbEntity
  8
0
  6
Continuous
 62
     7
100
AcDbLine
 10
203.9648675208
 20
121.8005958761
 30
0.0
 11
203.5648675208
 21
121.8005958761
 31
0.0
  0
LINE
  5
2E6
330
1FF
100
AcDbEntity
  8
0
  6
Continuous
 62
     7
100
AcDbLine
 10
177.2649353682
 20
122.1340902501
 30
0.0
 11
177.7648675016
 21
122.1340902519
 31
0.0
  0
LINE
  5
2E7
330
1FF
100
AcDbEntity
  8
0
  6
Continuous
 62
     7
100
AcDbLine
 10
203.5648675208
 20
125.5933486346
 30
0.0
 11
203.9648675208
 21
125.5933486346
 31
0.0
  0
LINE
  5
2E8
330
1FF
100
AcDbEntity
  8
0
  6
Continuous
 62
     7
100
AcDbLine
 10
202.5997670175
 20
103.0556047715
 30
0.0
 11
202.5997670175
 21
141.2281266424
 31
0.0
  0
LINE
  5
2E9
330
1FF
100
AcDbEntity
  8
0
  6
Continuous
 62
     7
100
AcDbLine
 10
203.5648675208
 20
104.0549955985
 30
0.0
 11
203.5648675208
 21
140.2287358154
 31
0.0
  0
LINE
  5
2EA
330
1FF
100
AcDbEntity
  8
0
  6
Continuous
 62
     7
100
AcDbLine
 10
203.9648675208
 20
110.1263110839
 30
0.0
 11
203.9648675208
 21
113.925513856
 31
0.0
  0
LINE
  5
2EB
330
1FF
100
AcDbEntity
  8
0
  6
Continuous
 62
     7
100
AcDbLine
 10
203.9648675208
 20
121.2879236349
 30
0.0
 11
203.9648675208
 21
125.5932889546
 31
0.0
  0
LINE
  5
2EC
330
1FF
100
AcDbEntity
  8
0
  6
Continuous
 62
     7
100
AcDbLine
 10
193.5997670175
 20
127.3158601958
 30
0.0
 11
202.5997670175
 21
127.1587167331
 31
0.0
  0
LINE
  5
2ED
330
1FF
100
AcDbEntity
  8
0
  6
Continuous
 62
     7
100
AcDbLine
 10
192.3085180402
 20
136.1505024065
 30
0.0
 11
192.5648675208
 21
136.1507456161
 31
0.0
  0
LINE
  5
2EE
330
1FF
100
AcDbEntity
  8
0
  6
Continuous
 62
     7
100
AcDbLine
 10
179.8648675208
 20
137.8311441144
 30
0.0
 11
180.3648675208
 21
137.8311441144
 31
0.0
  0
LINE
  5
2EF
330
1FF
100
AcDbEntity
  8
0
  6
Continuous
 62
     7
100
AcDbLine
 10
202.5997670175
 20
136.2112756163
 30
0.0
 11
193.5997670175
 21
136.368419079
 31
0.0
  0
LINE
  5
2F0
330
1FF
100
AcDbEntity
  8
0
  6
Continuous
 62
     7
100
AcDbLine
 10
189.2648675208
 20
139.2113986663
 30
0.0
 11
190.2648675208
 21
139.2288537313
 31
0.0
  0
LINE
  5
2F1
330
1FF
100
AcDbEntity
  8
0
  6
Continuous
 62
     7
100
AcDbLine
 10
180.3648675208
 20
139.209815094
 30
0.0
 11
179.3648675208
 21
139.209815094
 31
0.0
  0
LINE
  5
2F2
330
1FF
100
AcDbEntity
  8
0
  6
Continuous
 62
     7
100
AcDbLine
 10
179.3648675208
 20
139.3923491432
 30
0.0
 11
178.3648675208
 21
139.3923491432
 31
0.0
  0
LINE
  5
2F3
330
1FF
100
AcDbEntity
  8
0
  6
Continuous
 62
     7
100
AcDbLine
 10
178.1648675208
 20
140.3840902506999
 30
0.0
 11
177.7648675208
 21
140.3840902506999
 31
0.0
  0
LINE
  5
2F4
330
1FF
100
AcDbEntity
  8
0
  6
Continuous
 62
     7
100
AcDbLine
 10
190.8967444532
 20
140.8340902507
 30
0.0
 11
190.5648675208
 21
140.8340902507
 31
0.0
  0
LINE
  5
2F5
330
1FF
100
AcDbEntity
  8
0
  6
Continuous
 62
     7
100
AcDbLine
 10
188.2648675208
 20
141.0540902507
 30
0.0
 11
179.3648675208
 21
141.0540902507
 31
0.0
  0
LINE
  5
2F6
330
1FF
100
AcDbEntity
  8
0
  6
Continuous
 62
     7
100
AcDbLine
 10
178.3648675208
 20
141.1338714212
 30
0.0
 11
178.1648675208
 21
141.1338714212
 31
0.0
  0
LINE
  5
2F7
330
1FF
100
AcDbEntity
  8
0
  6
Continuous
 62
     7
100
AcDbLine
 10
188.7648675208
 20
141.6540902507
 30
0.0
 11
188.2648675208
 21
141.6540902507
 31
0.0
  0
LINE
  5
2F8
330
1FF
100
AcDbEntity
  8
0
  6
Continuous
 62
     7
100
AcDbLine
 10
179.3648675208
 20
141.658166501
 30
0.0
 11
178.8648675208
 21
141.658166501
 31
0.0
  0
LINE
  5
2F9
330
1FF
100
AcDbEntity
  8
0
  6
Continuous
 62
     7
100
AcDbLine
 10
192.5648675208
 20
139.2318213204
 30
0.0
 11
191.2267079049
 21
139.2341568519
 31
0.0
  0
LINE
  5
2FA
330
1FF
100
AcDbEntity
  8
0
  6
Continuous
 62
     7
100
AcDbLine
 10
193.5997670175
 20
141.5424135679
 30
0.0
 11
202.5997670175
 21
141.2281266424
 31
0.0
  0
LINE
  5
2FB
330
1FF
100
AcDbEntity
  8
0
  6
Continuous
 62
     7
100
AcDbLine
 10
234.2174175209
 20
127.3161647823
 30
0.0
 11
239.443914829
 21
136.3687236655
 31
0.0
  0
LINE
  5
2FC
330
1FF
100
AcDbEntity
  8
0
  6
Continuous
 62
     7
100
AcDbLine
 10
234.4901255417
 20
127.1587167331
 30
0.0
 11
239.7166228497
 21
136.2112756163
 31
0.0
  0
LINE
  5
2FD
330
1FF
100
AcDbEntity
  8
0
  6
Continuous
 62
     7
100
AcDbLine
 10
235.3556233861
 20
126.6590213195
 30
0.0
 11
240.5821206943
 21
135.7115802028
 31
0.0
  0
LINE
  5
2FE
330
1FF
100
AcDbEntity
  8
0
  6
Continuous
 62
     7
100
AcDbLine
 10
256.1675826469
 20
131.5568933167
 30
0.0
 11
260.5516347908
 21
135.9409454606
 31
0.0
  0
LINE
  5
2FF
330
1FF
100
AcDbEntity
  8
0
  6
Continuous
 62
     7
100
AcDbLine
 10
267.8206796699
 20
136.368419079
 30
0.0
 11
266.6830013639
 21
135.7115802028
 31
0.0
  0
LINE
  5
300
330
1FF
100
AcDbEntity
  8
0
  6
Continuous
 62
     7
100
AcDbLine
 10
235.3556233862
 20
117.6247100944
 30
0.0
 11
234.2179450802
 21
116.9678712181
 31
0.0
  0
LINE
  5
301
330
1FF
100
AcDbEntity
  8
0
  6
Continuous
 62
     7
100
AcDbLine
 10
240.4747855729
 20
125.3478373342
 30
0.0
 11
240.4747855729
 21
124.7340902507
 31
0.0
  0
LINE
  5
302
330
1FF
100
AcDbEntity
  8
0
  6
Continuous
 62
     7
100
AcDbLine
 10
240.4747855729
 20
122.5340902507
 30
0.0
 11
240.4747855729
 21
121.9348672851
 31
0.0
  0
LINE
  5
303
330
1FF
100
AcDbEntity
  8
0
  6
Continuous
 62
     7
100
AcDbLine
 10
240.8247855728
 20
121.9042463532
 30
0.0
 11
240.8247855728
 21
122.5340902507
 31
0.0
  0
LINE
  5
304
330
1FF
100
AcDbEntity
  8
0
  6
Continuous
 62
     7
100
AcDbLine
 10
240.8247855728
 20
124.7340902507
 30
0.0
 11
240.8247855728
 21
125.3172164023
 31
0.0
  0
LINE
  5
305
330
1FF
100
AcDbEntity
  8
0
  6
Continuous
 62
     7
100
AcDbLine
 10
240.8247855728
 20
125.5179803648
 30
0.0
 11
240.8247855728
 21
125.5340902507
 31
0.0
  0
LINE
  5
306
330
1FF
100
AcDbEntity
  8
0
  6
Continuous
 62
     7
100
AcDbLine
 10
239.6886230902
 20
121.5017374595
 30
0.0
 11
239.7060541904
 21
121.7009764028
 31
0.0
  0
LINE
  5
307
330
1FF
100
AcDbEntity
  8
0
  6
Continuous
 62
     7
100
AcDbLine
 10
240.0721056241
 20
125.8849770548
 30
0.0
 11
240.054674537
 21
125.6857381102
 31
0.0
  0
LINE
  5
308
330
1FF
100
AcDbEntity
  8
0
  6
Continuous
 62
     7
100
AcDbLine
 10
260.693056147
 20
135.7995241044
 30
0.0
 11
256.3090040031
 21
131.4154719605
 31
0.0
  0
LINE
  5
309
330
1FF
100
AcDbEntity
  8
0
  6
Continuous
 62
     7
100
AcDbLine
 10
261.1173202157
 20
135.9409454606
 30
0.0
 11
260.9758988595
 21
135.7995241044
 31
0.0
  0
LINE
  5
30A
330
1FF
100
AcDbEntity
  8
0
  6
Continuous
 62
     7
100
AcDbLine
 10
256.3090040031
 20
131.132629248
 30
0.0
 11
256.1675826469
 21
130.9912078918
 31
0.0
  0
LINE
  5
30B
330
1FF
100
AcDbEntity
  8
0
  6
Continuous
 62
     7
100
AcDbLine
 10
258.1474780987
 20
129.01131244
 30
0.0
 11
258.2888994549
 21
129.1527337963
 31
0.0
  0
LINE
  5
30C
330
1FF
100
AcDbEntity
  8
0
  6
Continuous
 62
     7
100
AcDbLine
 10
262.9557943113
 20
133.8196286526
 30
0.0
 11
263.0972156675
 21
133.9610500088
 31
0.0
  0
LINE
  5
30D
330
1FF
100
AcDbEntity
  8
0
  6
Continuous
 62
     7
100
AcDbLine
 10
258.5717421674
 20
129.1527337963
 30
0.0
 11
262.9557943113
 21
133.5367859401
 31
0.0
  0
LINE
  5
30E
330
1FF
100
AcDbEntity
  8
0
  6
Continuous
 62
     7
100
AcDbLine
 10
263.0972156675
 20
133.3953645839
 30
0.0
 11
258.7131635236
 21
129.01131244
 31
0.0
  0
LINE
  5
30F
330
1FF
100
AcDbEntity
  8
0
  6
Continuous
 62
     7
100
AcDbLine
 10
245.8500379909
 20
125.37947513
 30
0.0
 11
245.8326068907
 21
125.1802361867
 31
0.0
  0
LINE
  5
310
330
1FF
100
AcDbEntity
  8
0
  6
Continuous
 62
     7
100
AcDbLine
 10
245.466555457
 20
120.9962355347
 30
0.0
 11
245.4839865441
 21
121.1954744793
 31
0.0
  0
LINE
  5
311
330
1FF
100
AcDbEntity
  8
0
  6
Continuous
 62
     7
100
AcDbLine
 10
258.9833879244
 20
132.4154617812
 30
0.0
 11
259.1833879244
 21
132.7618719427
 31
0.0
  0
LINE
  5
312
330
1FF
100
AcDbEntity
  8
0
  6
Continuous
 62
     7
100
AcDbLine
 10
239.443914829
 20
107.9150077484
 30
0.0
 11
240.5821206943
 21
108.5721512111
 31
0.0
  0
LINE
  5
313
330
1FF
100
AcDbEntity
  8
0
  6
Continuous
 62
     7
100
AcDbLine
 10
271.909498672
 20
126.6590213196
 30
0.0
 11
273.047176978
 21
127.3158601958
 31
0.0
  0
LINE
  5
314
330
1FF
100
AcDbEntity
  8
0
  6
Continuous
 62
     7
100
AcDbLine
 10
239.443914829
 20
107.9150077484
 30
0.0
 11
234.2174175209
 21
116.9675666317
 31
0.0
  0
LINE
  5
315
330
1FF
100
AcDbEntity
  8
0
  6
Continuous
 62
     7
100
AcDbLine
 10
239.7166228497
 20
108.0724557977
 30
0.0
 11
234.4901255417
 21
117.1250146809
 31
0.0
  0
LINE
  5
316
330
1FF
100
AcDbEntity
  8
0
  6
Continuous
 62
     7
100
AcDbLine
 10
240.5821206943
 20
108.5721512111
 30
0.0
 11
235.3556233861
 21
117.6247100944
 31
0.0
  0
LINE
  5
317
330
1FF
100
AcDbEntity
  8
0
  6
Continuous
 62
     7
100
AcDbLine
 10
248.406063721
 20
141.5424135679
 30
0.0
 11
248.406063721
 21
140.2287358154
 31
0.0
  0
LINE
  5
318
330
1FF
100
AcDbEntity
  8
0
  6
Continuous
 62
     7
100
AcDbLine
 10
248.406063721
 20
104.0549955985
 30
0.0
 11
248.406063721
 21
102.7413178461
 31
0.0
  0
LINE
  5
319
330
1FF
100
AcDbEntity
  8
0
  6
Continuous
 62
     7
100
AcDbLine
 10
250.1992424028
 20
109.3277795388
 30
0.0
 11
250.1766272114
 21
109.0444046828
 31
0.0
  0
LINE
  5
31A
330
1FF
100
AcDbEntity
  8
0
  6
Continuous
 62
     7
100
AcDbLine
 10
250.3381426059
 20
109.6570132486
 30
0.0
 11
250.1992424028
 21
109.3277795388
 31
0.0
  0
LINE
  5
31B
330
1FF
100
AcDbEntity
  8
0
  6
Continuous
 62
     7
100
AcDbLine
 10
260.0494133282
 20
132.2618719427
 30
0.0
 11
259.8494133282
 21
131.9154617812
 31
0.0
  0
LINE
  5
31C
330
1FF
100
AcDbEntity
  8
0
  6
Continuous
 62
     7
100
AcDbLine
 10
250.5949290006
 20
109.3465968392
 30
0.0
 11
250.7225209263
 21
109.5341429002
 31
0.0
  0
LINE
  5
31D
330
1FF
100
AcDbEntity
  8
0
  6
Continuous
 62
     7
100
AcDbLine
 10
250.5238770436
 20
109.867488721
 30
0.0
 11
250.3381426059
 21
109.6570132486
 31
0.0
  0
LINE
  5
31E
330
1FF
100
AcDbEntity
  8
0
  6
Continuous
 62
     7
100
AcDbLine
 10
250.7225209263
 20
109.5341429002
 30
0.0
 11
250.9316724863
 21
109.6852392408
 31
0.0
  0
LINE
  5
31F
330
1FF
100
AcDbEntity
  8
0
  6
Continuous
 62
     7
100
AcDbLine
 10
253.3970560452
 20
110.5888891443
 30
0.0
 11
253.6062069398
 21
110.7399852224
 31
0.0
  0
LINE
  5
320
330
1FF
100
AcDbEntity
  8
0
  6
Continuous
 62
     7
100
AcDbLine
 10
250.7911697725
 20
110.0415139792
 30
0.0
 11
250.5238770436
 21
109.867488721
 31
0.0
  0
LINE
  5
321
330
1FF
100
AcDbEntity
  8
0
  6
Continuous
 62
     7
100
AcDbLine
 10
253.4657042261
 20
111.0962599609
 30
0.0
 11
253.1984114971
 21
110.9222347026
 31
0.0
  0
LINE
  5
322
330
1FF
100
AcDbEntity
  8
0
  6
Continuous
 62
     7
100
AcDbLine
 10
263.5242805095
 20
115.0630224389
 30
0.0
 11
261.4311664157
 21
114.2375689935
 31
0.0
  0
LINE
  5
323
330
1FF
100
AcDbEntity
  8
0
  6
Continuous
 62
     7
100
AcDbLine
 10
260.966029895
 20
114.0541348726
 30
0.0
 11
260.6171777124
 21
113.916559364
 31
0.0
  0
LINE
  5
324
330
1FF
100
AcDbEntity
  8
0
  6
Continuous
 62
     7
100
AcDbLine
 10
260.1520410253
 20
113.7331251775
 30
0.0
 11
258.0589269316
 21
112.9076717321
 31
0.0
  0
LINE
  5
325
330
1FF
100
AcDbEntity
  8
0
  6
Continuous
 62
     7
100
AcDbLine
 10
256.6635178684
 20
112.3573695664
 30
0.0
 11
256.3146655195
 21
112.2197939921
 31
0.0
  0
LINE
  5
326
330
1FF
100
AcDbEntity
  8
0
  6
Continuous
 62
     7
100
AcDbLine
 10
253.9889827495
 20
111.3026233223
 30
0.0
 11
253.4657042261
 21
111.0962599609
 31
0.0
  0
LINE
  5
327
330
1FF
100
AcDbEntity
  8
0
  6
Continuous
 62
     7
100
AcDbLine
 10
251.2563057942
 20
110.2249479033
 30
0.0
 11
250.7911697725
 21
110.0415139792
 31
0.0
  0
LINE
  5
328
330
1FF
100
AcDbEntity
  8
0
  6
Continuous
 62
     7
100
AcDbLine
 10
250.9316724863
 20
109.6852392408
 30
0.0
 11
251.396808508
 21
109.8686731648
 31
0.0
  0
LINE
  5
329
330
1FF
100
AcDbEntity
  8
0
  6
Continuous
 62
     7
100
AcDbLine
 10
253.6062069398
 20
110.7399852224
 30
0.0
 11
254.1294854633
 21
110.9463485838
 31
0.0
  0
LINE
  5
32A
330
1FF
100
AcDbEntity
  8
0
  6
Continuous
 62
     7
100
AcDbLine
 10
258.1994296453
 20
112.5513969936
 30
0.0
 11
259.9436913901
 21
113.2392748648
 31
0.0
  0
LINE
  5
32B
330
1FF
100
AcDbEntity
  8
0
  6
Continuous
 62
     7
100
AcDbLine
 10
261.5716691295
 20
113.881294255
 30
0.0
 11
263.3159308743
 21
114.5691721262
 31
0.0
  0
LINE
  5
32C
330
1FF
100
AcDbEntity
  8
0
  6
Continuous
 62
     7
100
AcDbLine
 10
258.8590583372
 20
102.7407086731
 30
0.0
 11
248.406063721
 21
102.7407086731
 31
0.0
  0
LINE
  5
32D
330
1FF
100
AcDbEntity
  8
0
  6
Continuous
 62
     7
100
AcDbLine
 10
244.7643321002
 20
106.8114918068
 30
0.0
 11
240.368115277
 21
111.20770863
 31
0.0
  0
LINE
  5
32E
330
1FF
100
AcDbEntity
  8
0
  6
Continuous
 62
     7
100
AcDbLine
 10
249.0318527511
 20
136.8284017855
 30
0.0
 11
249.2758891575
 21
134.0390661726
 31
0.0
  0
LINE
  5
32F
330
1FF
100
AcDbEntity
  8
0
  6
Continuous
 62
     7
100
AcDbLine
 10
249.2310916835
 20
136.8458330164
 30
0.0
 11
249.47512809
 21
134.0564974035
 31
0.0
  0
LINE
  5
330
330
1FF
100
AcDbEntity
  8
0
  6
Continuous
 62
     7
100
AcDbLine
 10
249.3954681541
 20
137.2617421121
 30
0.0
 11
249.412899385
 21
137.0625031797
 31
0.0
  0
LINE
  5
331
330
1FF
100
AcDbEntity
  8
0
  6
Continuous
 62
     7
100
AcDbLine
 10
249.6917982533
 20
133.8746897019
 30
0.0
 11
249.7092294841
 21
133.6754507695
 31
0.0
  0
LINE
  5
332
330
1FF
100
AcDbEntity
  8
0
  6
Continuous
 62
     7
100
AcDbLine
 10
253.2815736319
 20
110.2002765599
 30
0.0
 11
253.2694641196
 21
110.4013430833
 31
0.0
  0
LINE
  5
333
330
1FF
100
AcDbEntity
  8
0
  6
Continuous
 62
     7
100
AcDbLine
 10
252.9488377742
 20
108.1478635104
 30
0.0
 11
252.971452982
 21
108.4312383248
 31
0.0
  0
LINE
  5
334
330
1FF
100
AcDbEntity
  8
0
  6
Continuous
 62
     7
100
AcDbLine
 10
250.5488966766
 20
109.1226011409
 30
0.0
 11
250.5949290006
 21
109.3465968392
 31
0.0
  0
LINE
  5
335
330
1FF
100
AcDbEntity
  8
0
  6
Continuous
 62
     7
100
AcDbLine
 10
252.5991834512
 20
108.3530420331
 30
0.0
 11
252.5531511927
 21
108.1290461685
 31
0.0
  0
LINE
  5
336
330
1FF
100
AcDbEntity
  8
0
  6
Continuous
 62
     7
100
AcDbLine
 10
253.0126770595
 20
110.7117592303
 30
0.0
 11
252.8737775218
 21
110.3825257829
 31
0.0
  0
LINE
  5
337
330
1FF
100
AcDbEntity
  8
0
  6
Continuous
 62
     7
100
AcDbLine
 10
252.8099375628
 20
107.8186298214
 30
0.0
 11
252.9488377742
 21
108.1478635104
 31
0.0
  0
LINE
  5
338
330
1FF
100
AcDbEntity
  8
0
  6
Continuous
 62
     7
100
AcDbLine
 10
253.2694641196
 20
110.4013430833
 30
0.0
 11
253.3970560452
 21
110.5888891443
 31
0.0
  0
LINE
  5
339
330
1FF
100
AcDbEntity
  8
0
  6
Continuous
 62
     7
100
AcDbLine
 10
252.5531511927
 20
108.1290461685
 30
0.0
 11
252.4255592507
 21
107.9415001491
 31
0.0
  0
LINE
  5
33A
330
1FF
100
AcDbEntity
  8
0
  6
Continuous
 62
     7
100
AcDbLine
 10
255.285828148
 20
109.2067215875
 30
0.0
 11
255.158236206
 21
109.0191755681
 31
0.0
  0
LINE
  5
33B
330
1FF
100
AcDbEntity
  8
0
  6
Continuous
 62
     7
100
AcDbLine
 10
253.1984114971
 20
110.9222347026
 30
0.0
 11
253.0126770595
 21
110.7117592303
 31
0.0
  0
LINE
  5
33C
330
1FF
100
AcDbEntity
  8
0
  6
Continuous
 62
     7
100
AcDbLine
 10
252.6242044498
 20
107.6081548895
 30
0.0
 11
252.8099375628
 21
107.8186298214
 31
0.0
  0
LINE
  5
33D
330
1FF
100
AcDbEntity
  8
0
  6
Continuous
 62
     7
100
AcDbLine
 10
255.3568807397
 20
108.6858300461
 30
0.0
 11
255.5426145181
 21
108.8963052404
 31
0.0
  0
LINE
  5
33E
330
1FF
100
AcDbEntity
  8
0
  6
Continuous
 62
     7
100
AcDbLine
 10
252.4255592507
 20
107.9415001491
 30
0.0
 11
252.2164076907
 21
107.7904038085
 31
0.0
  0
LINE
  5
33F
330
1FF
100
AcDbEntity
  8
0
  6
Continuous
 62
     7
100
AcDbLine
 10
255.158236206
 20
109.0191755681
 30
0.0
 11
254.949084646
 21
108.8680792275
 31
0.0
  0
LINE
  5
340
330
1FF
100
AcDbEntity
  8
0
  6
Continuous
 62
     7
100
AcDbLine
 10
252.3569103881
 20
107.4341291116
 30
0.0
 11
252.6242044498
 21
107.6081548895
 31
0.0
  0
LINE
  5
341
330
1FF
100
AcDbEntity
  8
0
  6
Continuous
 62
     7
100
AcDbLine
 10
255.0895873434
 20
108.5118045306
 30
0.0
 11
255.3568807397
 21
108.6858300461
 31
0.0
  0
LINE
  5
342
330
1FF
100
AcDbEntity
  8
0
  6
Continuous
 62
     7
100
AcDbLine
 10
253.992189118
 20
109.9316069089
 30
0.0
 11
253.4689105945
 21
109.7252435476
 31
0.0
  0
LINE
  5
343
330
1FF
100
AcDbEntity
  8
0
  6
Continuous
 62
     7
100
AcDbLine
 10
253.2605609429
 20
109.2313932764
 30
0.0
 11
254.1326918153
 21
109.575332212
 31
0.0
  0
LINE
  5
344
330
1FF
100
AcDbEntity
  8
0
  6
Continuous
 62
     7
100
AcDbLine
 10
253.8201673379
 20
108.8345568053
 30
0.0
 11
253.471314989
 21
108.6969812311
 31
0.0
  0
LINE
  5
345
330
1FF
100
AcDbEntity
  8
0
  6
Continuous
 62
     7
100
AcDbLine
 10
254.949084646
 20
108.8680792275
 30
0.0
 11
254.4258061226
 21
108.6617158661
 31
0.0
  0
LINE
  5
346
330
1FF
100
AcDbEntity
  8
0
  6
Continuous
 62
     7
100
AcDbLine
 10
252.2164076907
 20
107.7904038085
 30
0.0
 11
251.751271669
 21
107.6069698845
 31
0.0
  0
LINE
  5
347
330
1FF
100
AcDbEntity
  8
0
  6
Continuous
 62
     7
100
AcDbLine
 10
251.8917743664
 20
107.2506951876
 30
0.0
 11
252.3569103881
 21
107.4341291116
 31
0.0
  0
LINE
  5
348
330
1FF
100
AcDbEntity
  8
0
  6
Continuous
 62
     7
100
AcDbLine
 10
254.5663088199
 20
108.3054411693
 30
0.0
 11
255.0895873434
 21
108.5118045306
 31
0.0
  0
LINE
  5
349
330
1FF
100
AcDbEntity
  8
0
  6
Continuous
 62
     7
100
AcDbLine
 10
256.4849967391999
 20
109.0621068276
 30
0.0
 11
256.8338490882
 21
109.1996824018
 31
0.0
  0
LINE
  5
34A
330
1FF
100
AcDbEntity
  8
0
  6
Continuous
 62
     7
100
AcDbLine
 10
258.3455428221
 20
109.795843311
 30
0.0
 11
258.6943951711
 21
109.9334188852
 31
0.0
  0
LINE
  5
34B
330
1FF
100
AcDbEntity
  8
0
  6
Continuous
 62
     7
100
AcDbLine
 10
260.9037932702
 20
110.8047308116
 30
0.0
 11
261.2526456192
 21
110.9423063859
 31
0.0
  0
LINE
  5
34C
330
1FF
100
AcDbEntity
  8
0
  6
Continuous
 62
     7
100
AcDbLine
 10
261.7177823063
 20
111.1257405723
 30
0.0
 11
262.0666344889
 21
111.263316081
 31
0.0
  0
LINE
  5
34D
330
1FF
100
AcDbEntity
  8
0
  6
Continuous
 62
     7
100
AcDbLine
 10
264.2760327544
 20
112.134628073
 30
0.0
 11
264.6248851034
 21
112.2722036472
 31
0.0
  0
LINE
  5
34E
330
1FF
100
AcDbEntity
  8
0
  6
Continuous
 62
     7
100
AcDbLine
 10
258.8590583371
 20
103.0556047715
 30
0.0
 11
248.406063721
 21
103.0556047715
 31
0.0
  0
LINE
  5
34F
330
1FF
100
AcDbEntity
  8
0
  6
Continuous
 62
     7
100
AcDbLine
 10
248.4060637209
 20
104.0549955985
 30
0.0
 11
258.8590583372
 21
104.0549955985
 31
0.0
  0
LINE
  5
350
330
1FF
100
AcDbEntity
  8
0
  6
Continuous
 62
     7
100
AcDbLine
 10
250.9720073531
 20
107.3682684148
 30
0.0
 11
251.2982444943
 21
107.2224691747
 31
0.0
  0
LINE
  5
351
330
1FF
100
AcDbEntity
  8
0
  6
Continuous
 62
     7
100
AcDbLine
 10
251.2740254696
 20
107.6246022214
 30
0.0
 11
251.0874903826
 21
107.7568813863
 31
0.0
  0
LINE
  5
352
330
1FF
100
AcDbEntity
  8
0
  6
Continuous
 62
     7
100
AcDbLine
 10
250.7620552155
 20
107.5599265296
 30
0.0
 11
250.9720073531
 21
107.3682684148
 31
0.0
  0
LINE
  5
353
330
1FF
100
AcDbEntity
  8
0
  6
Continuous
 62
     7
100
AcDbLine
 10
251.0874903826
 20
107.7568813863
 30
0.0
 11
250.935679416
 21
107.9714684136
 31
0.0
  0
LINE
  5
354
330
1FF
100
AcDbEntity
  8
0
  6
Continuous
 62
     7
100
AcDbLine
 10
250.586827067
 20
107.8338928394
 30
0.0
 11
250.7620552155
 21
107.5599265296
 31
0.0
  0
LINE
  5
355
330
1FF
100
AcDbEntity
  8
0
  6
Continuous
 62
     7
100
AcDbLine
 10
250.2355702908
 20
108.7245796648
 30
0.0
 11
250.586827067
 21
107.8338928394
 31
0.0
  0
LINE
  5
356
330
1FF
100
AcDbEntity
  8
0
  6
Continuous
 62
     7
100
AcDbLine
 10
250.935679416
 20
107.9714684136
 30
0.0
 11
250.5844226398
 21
108.862155239
 31
0.0
  0
LINE
  5
357
330
1FF
100
AcDbEntity
  8
0
  6
Continuous
 62
     7
100
AcDbLine
 10
252.2124007118
 20
109.5041747604
 30
0.0
 11
252.563657488
 21
108.613487935
 31
0.0
  0
LINE
  5
358
330
1FF
100
AcDbEntity
  8
0
  6
Continuous
 62
     7
100
AcDbLine
 10
252.912509837
 20
108.7510635092
 30
0.0
 11
252.5612530608
 21
109.6417503346
 31
0.0
  0
LINE
  5
359
330
1FF
100
AcDbEntity
  8
0
  6
Continuous
 62
     7
100
AcDbLine
 10
250.1766272114
 20
109.0444046828
 30
0.0
 11
250.2355702908
 21
108.7245796648
 31
0.0
  0
LINE
  5
35A
330
1FF
100
AcDbEntity
  8
0
  6
Continuous
 62
     7
100
AcDbLine
 10
252.971452982
 20
108.4312383248
 30
0.0
 11
252.912509837
 21
108.7510635092
 31
0.0
  0
LINE
  5
35B
330
1FF
100
AcDbEntity
  8
0
  6
Continuous
 62
     7
100
AcDbLine
 10
250.5844226398
 20
108.862155239
 30
0.0
 11
250.5488966766
 21
109.1226011409
 31
0.0
  0
LINE
  5
35C
330
1FF
100
AcDbEntity
  8
0
  6
Continuous
 62
     7
100
AcDbLine
 10
252.563657488
 20
108.613487935
 30
0.0
 11
252.5991834512
 21
108.3530420331
 31
0.0
  0
LINE
  5
35D
330
1FF
100
AcDbEntity
  8
0
  6
Continuous
 62
     7
100
AcDbLine
 10
252.8737775218
 20
110.3825257829
 30
0.0
 11
252.9093041667
 21
110.1220801018
 31
0.0
  0
LINE
  5
35E
330
1FF
100
AcDbEntity
  8
0
  6
Continuous
 62
     7
100
AcDbLine
 10
255.8856206825
 20
134.2158175529
 30
0.0
 11
255.8681894516
 21
134.4150564853
 31
0.0
  0
LINE
  5
35F
330
1FF
100
AcDbEntity
  8
0
  6
Continuous
 62
     7
100
AcDbLine
 10
255.5892905834
 20
137.6028699631
 30
0.0
 11
255.5718593525
 21
137.8021088955
 31
0.0
  0
LINE
  5
360
330
1FF
100
AcDbEntity
  8
0
  6
Continuous
 62
     7
100
AcDbLine
 10
255.6815147295
 20
109.2255389294
 30
0.0
 11
255.7041299373
 21
109.5089137438
 31
0.0
  0
LINE
  5
361
330
1FF
100
AcDbEntity
  8
0
  6
Continuous
 62
     7
100
AcDbLine
 10
255.3318604065
 20
109.4307174521
 30
0.0
 11
255.285828148
 21
109.2067215875
 31
0.0
  0
LINE
  5
362
330
1FF
100
AcDbEntity
  8
0
  6
Continuous
 62
     7
100
AcDbLine
 10
256.8338490882
 20
109.1996824018
 30
0.0
 11
257.1447710139
 21
110.6259663607
 31
0.0
  0
LINE
  5
363
330
1FF
100
AcDbEntity
  8
0
  6
Continuous
 62
     7
100
AcDbLine
 10
256.8766763745
 20
110.7946950382
 30
0.0
 11
256.4849967391999
 21
109.0621068276
 31
0.0
  0
LINE
  5
364
330
1FF
100
AcDbEntity
  8
0
  6
Continuous
 62
     7
100
AcDbLine
 10
255.5426145181
 20
108.8963052404
 30
0.0
 11
255.6815147295
 21
109.2255389294
 31
0.0
  0
LINE
  5
365
330
1FF
100
AcDbEntity
  8
0
  6
Continuous
 62
     7
100
AcDbLine
 10
251.577647403
 20
107.1954281668
 30
0.0
 11
251.8917743664
 21
107.2506951876
 31
0.0
  0
LINE
  5
366
330
1FF
100
AcDbEntity
  8
0
  6
Continuous
 62
     7
100
AcDbLine
 10
254.2521818565
 20
108.2501741485
 30
0.0
 11
254.5663088199
 21
108.3054411693
 31
0.0
  0
LINE
  5
367
330
1FF
100
AcDbEntity
  8
0
  6
Continuous
 62
     7
100
AcDbLine
 10
251.5704340904
 20
110.2802154437
 30
0.0
 11
251.2563057942
 21
110.2249479033
 31
0.0
  0
LINE
  5
368
330
1FF
100
AcDbEntity
  8
0
  6
Continuous
 62
     7
100
AcDbLine
 10
251.751271669
 20
107.6069698845
 30
0.0
 11
251.4952858766
 21
107.5746317762
 31
0.0
  0
LINE
  5
369
330
1FF
100
AcDbEntity
  8
0
  6
Continuous
 62
     7
100
AcDbLine
 10
254.4258061226
 20
108.6617158661
 30
0.0
 11
254.1698209955
 21
108.6293780203
 31
0.0
  0
LINE
  5
36A
330
1FF
100
AcDbEntity
  8
0
  6
Continuous
 62
     7
100
AcDbLine
 10
251.396808508
 20
109.8686731648
 30
0.0
 11
251.6527943004
 21
109.9010112731
 31
0.0
  0
LINE
  5
36B
330
1FF
100
AcDbEntity
  8
0
  6
Continuous
 62
     7
100
AcDbLine
 10
254.1294854633
 20
110.9463485838
 30
0.0
 11
254.3854712557
 21
110.9786866921
 31
0.0
  0
LINE
  5
36C
330
1FF
100
AcDbEntity
  8
0
  6
Continuous
 62
     7
100
AcDbLine
 10
251.2982444943
 20
107.2224691747
 30
0.0
 11
251.577647403
 21
107.1954281668
 31
0.0
  0
LINE
  5
36D
330
1FF
100
AcDbEntity
  8
0
  6
Continuous
 62
     7
100
AcDbLine
 10
253.9727789478
 20
108.2772151563
 30
0.0
 11
254.2521818565
 21
108.2501741485
 31
0.0
  0
LINE
  5
36E
330
1FF
100
AcDbEntity
  8
0
  6
Continuous
 62
     7
100
AcDbLine
 10
251.8498356745
 20
110.2531738954
 30
0.0
 11
251.5704340904
 21
110.2802154437
 31
0.0
  0
LINE
  5
36F
330
1FF
100
AcDbEntity
  8
0
  6
Continuous
 62
     7
100
AcDbLine
 10
251.4952858766
 20
107.5746317762
 30
0.0
 11
251.2740254696
 21
107.6246022214
 31
0.0
  0
LINE
  5
370
330
1FF
100
AcDbEntity
  8
0
  6
Continuous
 62
     7
100
AcDbLine
 10
254.1698209955
 20
108.6293780203
 30
0.0
 11
253.9485605886
 21
108.6793484654
 31
0.0
  0
LINE
  5
371
330
1FF
100
AcDbEntity
  8
0
  6
Continuous
 62
     7
100
AcDbLine
 10
251.6527943004
 20
109.9010112731
 30
0.0
 11
251.8740547237
 21
109.8510407863
 31
0.0
  0
LINE
  5
372
330
1FF
100
AcDbEntity
  8
0
  6
Continuous
 62
     7
100
AcDbLine
 10
253.6465424721
 20
108.4230146589
 30
0.0
 11
253.9727789478
 21
108.2772151563
 31
0.0
  0
LINE
  5
373
330
1FF
100
AcDbEntity
  8
0
  6
Continuous
 62
     7
100
AcDbLine
 10
252.1760728238
 20
110.1073746344
 30
0.0
 11
251.8498356745
 21
110.2531738954
 31
0.0
  0
LINE
  5
374
330
1FF
100
AcDbEntity
  8
0
  6
Continuous
 62
     7
100
AcDbLine
 10
251.8740547237
 20
109.8510407863
 30
0.0
 11
252.0605897452
 21
109.7187617877
 31
0.0
  0
LINE
  5
375
330
1FF
100
AcDbEntity
  8
0
  6
Continuous
 62
     7
100
AcDbLine
 10
254.606731679
 20
110.9287162053
 30
0.0
 11
254.7932667005
 21
110.7964372067
 31
0.0
  0
LINE
  5
376
330
1FF
100
AcDbEntity
  8
0
  6
Continuous
 62
     7
100
AcDbLine
 10
252.3860249779
 20
109.9157164781
 30
0.0
 11
252.1760728238
 21
110.1073746344
 31
0.0
  0
LINE
  5
377
330
1FF
100
AcDbEntity
  8
0
  6
Continuous
 62
     7
100
AcDbLine
 10
255.1187019332
 20
110.9933918971
 30
0.0
 11
254.9087497791
 21
111.1850500534
 31
0.0
  0
LINE
  5
378
330
1FF
100
AcDbEntity
  8
0
  6
Continuous
 62
     7
100
AcDbLine
 10
253.9485605886
 20
108.6793484654
 30
0.0
 11
253.8201673379
 21
108.8345568053
 31
0.0
  0
LINE
  5
379
330
1FF
100
AcDbEntity
  8
0
  6
Continuous
 62
     7
100
AcDbLine
 10
252.0605897452
 20
109.7187617877
 30
0.0
 11
252.2124007118
 21
109.5041747604
 31
0.0
  0
LINE
  5
37A
330
1FF
100
AcDbEntity
  8
0
  6
Continuous
 62
     7
100
AcDbLine
 10
254.7932667005
 20
110.7964372067
 30
0.0
 11
254.9450776671
 21
110.5818501794
 31
0.0
  0
LINE
  5
37B
330
1FF
100
AcDbEntity
  8
0
  6
Continuous
 62
     7
100
AcDbLine
 10
252.5612530608
 20
109.6417503346
 30
0.0
 11
252.3860249779
 21
109.9157164781
 31
0.0
  0
LINE
  5
37C
330
1FF
100
AcDbEntity
  8
0
  6
Continuous
 62
     7
100
AcDbLine
 10
253.471314989
 20
108.6969812311
 30
0.0
 11
253.6465424721
 21
108.4230146589
 31
0.0
  0
LINE
  5
37D
330
1FF
100
AcDbEntity
  8
0
  6
Continuous
 62
     7
100
AcDbLine
 10
255.2939300161
 20
110.7194257536
 30
0.0
 11
255.1187019332
 21
110.9933918971
 31
0.0
  0
LINE
  5
37E
330
1FF
100
AcDbEntity
  8
0
  6
Continuous
 62
     7
100
AcDbLine
 10
252.9093041667
 20
110.1220801018
 30
0.0
 11
253.2605609429
 21
109.2313932764
 31
0.0
  0
LINE
  5
37F
330
1FF
100
AcDbEntity
  8
0
  6
Continuous
 62
     7
100
AcDbLine
 10
253.4689105945
 20
109.7252435476
 30
0.0
 11
253.2815736319
 21
110.2002765599
 31
0.0
  0
LINE
  5
380
330
1FF
100
AcDbEntity
  8
0
  6
Continuous
 62
     7
100
AcDbLine
 10
254.1326918153
 20
109.575332212
 30
0.0
 11
253.992189118
 21
109.9316069089
 31
0.0
  0
LINE
  5
381
330
1FF
100
AcDbEntity
  8
0
  6
Continuous
 62
     7
100
AcDbLine
 10
254.9450776671
 20
110.5818501794
 30
0.0
 11
255.2963344433
 21
109.691163354
 31
0.0
  0
LINE
  5
382
330
1FF
100
AcDbEntity
  8
0
  6
Continuous
 62
     7
100
AcDbLine
 10
255.6451867923
 20
109.8287389282
 30
0.0
 11
255.2939300161
 21
110.7194257536
 31
0.0
  0
LINE
  5
383
330
1FF
100
AcDbEntity
  8
0
  6
Continuous
 62
     7
100
AcDbLine
 10
256.3146655195
 20
112.2197939921
 30
0.0
 11
256.8766763745
 21
110.7946950382
 31
0.0
  0
LINE
  5
384
330
1FF
100
AcDbEntity
  8
0
  6
Continuous
 62
     7
100
AcDbLine
 10
255.7041299373
 20
109.5089137438
 30
0.0
 11
255.6451867923
 21
109.8287389282
 31
0.0
  0
LINE
  5
385
330
1FF
100
AcDbEntity
  8
0
  6
Continuous
 62
     7
100
AcDbLine
 10
255.2963344433
 20
109.691163354
 30
0.0
 11
255.3318604065
 21
109.4307174521
 31
0.0
  0
LINE
  5
386
330
1FF
100
AcDbEntity
  8
0
  6
Continuous
 62
     7
100
AcDbLine
 10
256.0499971531001
 20
134.6317266486
 30
0.0
 11
255.8059607467
 21
137.4210622616
 31
0.0
  0
LINE
  5
387
330
1FF
100
AcDbEntity
  8
0
  6
Continuous
 62
     7
100
AcDbLine
 10
256.2492360856
 20
134.6491578795
 30
0.0
 11
256.0051996791
 21
137.4384934925
 31
0.0
  0
LINE
  5
388
330
1FF
100
AcDbEntity
  8
0
  6
Continuous
 62
     7
100
AcDbLine
 10
258.3747855729
 20
139.3923491432
 30
0.0
 11
258.3747855729
 21
137.307998778
 31
0.0
  0
LINE
  5
389
330
1FF
100
AcDbEntity
  8
0
  6
Continuous
 62
     7
100
AcDbLine
 10
258.8590583372
 20
102.7407086731
 30
0.0
 11
258.8590583372
 21
104.0549955985
 31
0.0
  0
LINE
  5
38A
330
1FF
100
AcDbEntity
  8
0
  6
Continuous
 62
     7
100
AcDbLine
 10
258.8590583372
 20
140.2287358154
 30
0.0
 11
258.8590583372
 21
141.5424135679
 31
0.0
  0
LINE
  5
38B
330
1FF
100
AcDbEntity
  8
0
  6
Continuous
 62
     7
100
AcDbLine
 10
254.3031103804
 20
111.3578906003
 30
0.0
 11
253.9889827495
 21
111.3026233223
 31
0.0
  0
LINE
  5
38C
330
1FF
100
AcDbEntity
  8
0
  6
Continuous
 62
     7
100
AcDbLine
 10
254.5825126298
 20
111.3308493144
 30
0.0
 11
254.3031103804
 21
111.3578906003
 31
0.0
  0
LINE
  5
38D
330
1FF
100
AcDbEntity
  8
0
  6
Continuous
 62
     7
100
AcDbLine
 10
254.3854712557
 20
110.9786866921
 30
0.0
 11
254.606731679
 21
110.9287162053
 31
0.0
  0
LINE
  5
38E
330
1FF
100
AcDbEntity
  8
0
  6
Continuous
 62
     7
100
AcDbLine
 10
254.9087497791
 20
111.1850500534
 30
0.0
 11
254.5825126298
 21
111.3308493144
 31
0.0
  0
LINE
  5
38F
330
1FF
100
AcDbEntity
  8
0
  6
Continuous
 62
     7
100
AcDbLine
 10
234.2179450802
 20
127.3158601958
 30
0.0
 11
235.3556233862
 21
126.6590213196
 31
0.0
  0
LINE
  5
390
330
1FF
100
AcDbEntity
  8
0
  6
Continuous
 62
     7
100
AcDbLine
 10
266.6830013639
 20
108.5721512111
 30
0.0
 11
267.8206796699
 21
107.9153123349
 31
0.0
  0
LINE
  5
391
330
1FF
100
AcDbEntity
  8
0
  6
Continuous
 62
     7
100
AcDbLine
 10
258.6943951711
 20
109.9334188852
 30
0.0
 11
257.2255287234999
 21
110.9322706125
 31
0.0
  0
LINE
  5
392
330
1FF
100
AcDbEntity
  8
0
  6
Continuous
 62
     7
100
AcDbLine
 10
257.1447710139
 20
110.6259663607
 30
0.0
 11
258.3455428221
 21
109.795843311
 31
0.0
  0
LINE
  5
393
330
1FF
100
AcDbEntity
  8
0
  6
Continuous
 62
     7
100
AcDbLine
 10
257.2255287234999
 20
110.9322706125
 30
0.0
 11
256.6635178684
 21
112.3573695664
 31
0.0
  0
LINE
  5
394
330
1FF
100
AcDbEntity
  8
0
  6
Continuous
 62
     7
100
AcDbLine
 10
258.0589269316
 20
112.9076717321
 30
0.0
 11
258.1994296453
 21
112.5513969936
 31
0.0
  0
LINE
  5
395
330
1FF
100
AcDbEntity
  8
0
  6
Continuous
 62
     7
100
AcDbLine
 10
259.9436913901
 20
113.2392748648
 30
0.0
 11
260.9037932702
 21
110.8047308116
 31
0.0
  0
LINE
  5
396
330
1FF
100
AcDbEntity
  8
0
  6
Continuous
 62
     7
100
AcDbLine
 10
261.2526456192
 20
110.9423063859
 30
0.0
 11
260.1520410253
 21
113.7331251775
 31
0.0
  0
LINE
  5
397
330
1FF
100
AcDbEntity
  8
0
  6
Continuous
 62
     7
100
AcDbLine
 10
271.909498672
 20
117.6247100944
 30
0.0
 11
266.6830013639
 21
108.5721512111
 31
0.0
  0
LINE
  5
398
330
1FF
100
AcDbEntity
  8
0
  6
Continuous
 62
     7
100
AcDbLine
 10
272.7749965165001
 20
117.1250146808
 30
0.0
 11
267.5484992084
 21
108.0724557976
 31
0.0
  0
LINE
  5
399
330
1FF
100
AcDbEntity
  8
0
  6
Continuous
 62
     7
100
AcDbLine
 10
267.8206796699
 20
107.9153123349
 30
0.0
 11
273.047176978
 21
116.9678712181
 31
0.0
  0
LINE
  5
39A
330
1FF
100
AcDbEntity
  8
0
  6
Continuous
 62
     7
100
AcDbLine
 10
260.6171777124
 20
113.916559364
 30
0.0
 11
261.7177823063
 21
111.1257405723
 31
0.0
  0
LINE
  5
39B
330
1FF
100
AcDbEntity
  8
0
  6
Continuous
 62
     7
100
AcDbLine
 10
262.0666344889
 20
111.263316081
 30
0.0
 11
260.966029895
 21
114.0541348726
 31
0.0
  0
LINE
  5
39C
330
1FF
100
AcDbEntity
  8
0
  6
Continuous
 62
     7
100
AcDbLine
 10
261.4311664157
 20
114.2375689935
 30
0.0
 11
261.5716691295
 21
113.881294255
 31
0.0
  0
LINE
  5
39D
330
1FF
100
AcDbEntity
  8
0
  6
Continuous
 62
     7
100
AcDbLine
 10
263.3159308743
 20
114.5691721262
 30
0.0
 11
264.2760327544
 21
112.134628073
 31
0.0
  0
LINE
  5
39E
330
1FF
100
AcDbEntity
  8
0
  6
Continuous
 62
     7
100
AcDbLine
 10
264.6248851034
 20
112.2722036472
 30
0.0
 11
263.5242805095
 21
115.0630224389
 31
0.0
  0
LINE
  5
39F
330
1FF
100
AcDbEntity
  8
0
  6
Continuous
 62
     7
100
AcDbLine
 10
240.4747855728
 20
122.5340902507
 30
0.0
 11
240.8247855729
 21
122.5340902507
 31
0.0
  0
LINE
  5
3A0
330
1FF
100
AcDbEntity
  8
0
  6
Continuous
 62
     7
100
AcDbLine
 10
239.6886230782
 20
121.5017374609
 30
0.0
 11
245.4665555064
 21
120.9962355307
 31
0.0
  0
LINE
  5
3A1
330
1FF
100
AcDbEntity
  8
0
  6
Continuous
 62
     7
100
AcDbLine
 10
245.4839865441
 20
121.1954744789
 30
0.0
 11
239.7060541904
 21
121.7009764023
 31
0.0
  0
LINE
  5
3A2
330
1FF
100
AcDbEntity
  8
0
  6
Continuous
 62
     7
100
AcDbLine
 10
245.4927021204
 20
121.2950939485
 30
0.0
 11
239.7147697184
 21
121.8005958761
 31
0.0
  0
LINE
  5
3A3
330
1FF
100
AcDbEntity
  8
0
  6
Continuous
 62
     7
100
AcDbLine
 10
239.7322008103
 20
121.9998348207
 30
0.0
 11
245.5101332122
 21
121.4943328931
 31
0.0
  0
LINE
  5
3A4
330
1FF
100
AcDbEntity
  8
0
  6
Continuous
 62
     7
100
AcDbLine
 10
240.8247855729
 20
124.7340902507
 30
0.0
 11
240.4747855728
 21
124.7340902507
 31
0.0
  0
LINE
  5
3A5
330
1FF
100
AcDbEntity
  8
0
  6
Continuous
 62
     7
100
AcDbLine
 10
240.6406481304
 20
125.5340902507
 30
0.0
 11
240.8247855729
 21
125.5340902507
 31
0.0
  0
LINE
  5
3A6
330
1FF
100
AcDbEntity
  8
0
  6
Continuous
 62
     7
100
AcDbLine
 10
245.8064602708
 20
124.8813777688
 30
0.0
 11
240.0285278689
 21
125.3868796964
 31
0.0
  0
LINE
  5
3A7
330
1FF
100
AcDbEntity
  8
0
  6
Continuous
 62
     7
100
AcDbLine
 10
240.0459589608
 20
125.5861186409
 30
0.0
 11
245.8238913627
 21
125.0806167134
 31
0.0
  0
LINE
  5
3A8
330
1FF
100
AcDbEntity
  8
0
  6
Continuous
 62
     7
100
AcDbLine
 10
240.054674537
 20
125.6857381106
 30
0.0
 11
245.8326068908
 21
125.1802361872
 31
0.0
  0
LINE
  5
3A9
330
1FF
100
AcDbEntity
  8
0
  6
Continuous
 62
     7
100
AcDbLine
 10
245.850038003
 20
125.3794751285
 30
0.0
 11
240.0721055746
 21
125.8849770588
 31
0.0
  0
LINE
  5
3AA
330
1FF
100
AcDbEntity
  8
0
  6
Continuous
 62
     7
100
AcDbLine
 10
273.0477045373
 20
116.9675666317
 30
0.0
 11
271.909498672
 21
117.6247100944
 31
0.0
  0
LINE
  5
3AB
330
1FF
100
AcDbEntity
  8
0
  6
Continuous
 62
     7
100
AcDbLine
 10
240.5821206943
 20
135.7115802028
 30
0.0
 11
239.4444423883
 21
136.368419079
 31
0.0
  0
LINE
  5
3AC
330
1FF
100
AcDbEntity
  8
0
  6
Continuous
 62
     7
100
AcDbLine
 10
258.1474780987
 20
129.01131244
 30
0.0
 11
256.1675826469
 21
130.9912078918
 31
0.0
  0
LINE
  5
3AD
330
1FF
100
AcDbEntity
  8
0
  6
Continuous
 62
     7
100
AcDbLine
 10
256.3090040031
 20
131.132629248
 30
0.0
 11
258.2888994549
 21
129.1527337962
 31
0.0
  0
LINE
  5
3AE
330
1FF
100
AcDbEntity
  8
0
  6
Continuous
 62
     7
100
AcDbLine
 10
256.1675826469
 20
131.5568933168
 30
0.0
 11
256.3090040031
 21
131.4154719605
 31
0.0
  0
LINE
  5
3AF
330
1FF
100
AcDbEntity
  8
0
  6
Continuous
 62
     7
100
AcDbLine
 10
258.5717421674
 20
129.1527337963
 30
0.0
 11
258.7131635236
 21
129.01131244
 31
0.0
  0
LINE
  5
3B0
330
1FF
100
AcDbEntity
  8
0
  6
Continuous
 62
     7
100
AcDbLine
 10
258.9833879244
 20
132.4154617812
 30
0.0
 11
259.8494133282
 21
131.9154617812
 31
0.0
  0
LINE
  5
3B1
330
1FF
100
AcDbEntity
  8
0
  6
Continuous
 62
     7
100
AcDbLine
 10
249.7092294841
 20
133.6754507695
 30
0.0
 11
255.8856206825
 21
134.2158175529
 31
0.0
  0
LINE
  5
3B2
330
1FF
100
AcDbEntity
  8
0
  6
Continuous
 62
     7
100
AcDbLine
 10
249.6917982532
 20
133.8746897019
 30
0.0
 11
255.8681894516
 21
134.4150564853
 31
0.0
  0
LINE
  5
3B3
330
1FF
100
AcDbEntity
  8
0
  6
Continuous
 62
     7
100
AcDbLine
 10
249.2758891575
 20
134.0390661726
 30
0.0
 11
249.47512809
 21
134.0564974035
 31
0.0
  0
LINE
  5
3B4
330
1FF
100
AcDbEntity
  8
0
  6
Continuous
 62
     7
100
AcDbLine
 10
256.0499971531001
 20
134.6317266486
 30
0.0
 11
256.2492360856
 21
134.6491578795
 31
0.0
  0
LINE
  5
3B5
330
1FF
100
AcDbEntity
  8
0
  6
Continuous
 62
     7
100
AcDbLine
 10
260.0494133282
 20
132.2618719427
 30
0.0
 11
259.1833879244
 21
132.7618719427
 31
0.0
  0
LINE
  5
3B6
330
1FF
100
AcDbEntity
  8
0
  6
Continuous
 62
     7
100
AcDbLine
 10
263.0972156675
 20
133.3953645839
 30
0.0
 11
262.9557943113
 21
133.5367859401
 31
0.0
  0
LINE
  5
3B7
330
1FF
100
AcDbEntity
  8
0
  6
Continuous
 62
     7
100
AcDbLine
 10
260.693056147
 20
135.7995241044
 30
0.0
 11
260.5516347908
 21
135.9409454606
 31
0.0
  0
LINE
  5
3B8
330
1FF
100
AcDbEntity
  8
0
  6
Continuous
 62
     7
100
AcDbLine
 10
262.9557943113
 20
133.8196286526
 30
0.0
 11
260.9758988595
 21
135.7995241044
 31
0.0
  0
LINE
  5
3B9
330
1FF
100
AcDbEntity
  8
0
  6
Continuous
 62
     7
100
AcDbLine
 10
261.1173202157
 20
135.9409454607
 30
0.0
 11
263.0972156675
 21
133.9610500088
 31
0.0
  0
LINE
  5
3BA
330
1FF
100
AcDbEntity
  8
0
  6
Continuous
 62
     7
100
AcDbLine
 10
262.4852823253
 20
137.4566454149
 30
0.0
 11
268.9473555908
 21
130.9945721494
 31
0.0
  0
LINE
  5
3BB
330
1FF
100
AcDbEntity
  8
0
  6
Continuous
 62
     7
100
AcDbLine
 10
266.6830013639
 20
135.7115802028
 30
0.0
 11
271.909498672
 21
126.6590213196
 31
0.0
  0
LINE
  5
3BC
330
1FF
100
AcDbEntity
  8
0
  6
Continuous
 62
     7
100
AcDbLine
 10
267.5484992084
 20
136.2112756163
 30
0.0
 11
272.7749965165001
 21
127.1587167331
 31
0.0
  0
LINE
  5
3BD
330
1FF
100
AcDbEntity
  8
0
  6
Continuous
 62
     7
100
AcDbLine
 10
273.047176978
 20
127.3158601958
 30
0.0
 11
267.8206796699
 21
136.368419079
 31
0.0
  0
LINE
  5
3BE
330
1FF
100
AcDbEntity
  8
0
  6
Continuous
 62
     7
100
AcDbLine
 10
256.0051996791
 20
137.4384934925
 30
0.0
 11
255.8059607467
 21
137.4210622616
 31
0.0
  0
LINE
  5
3BF
330
1FF
100
AcDbEntity
  8
0
  6
Continuous
 62
     7
100
AcDbLine
 10
249.2310916835
 20
136.8458330164
 30
0.0
 11
249.0318527511
 21
136.8284017855
 31
0.0
  0
LINE
  5
3C0
330
1FF
100
AcDbEntity
  8
0
  6
Continuous
 62
     7
100
AcDbLine
 10
255.5892905834
 20
137.6028699631
 30
0.0
 11
249.412899385
 21
137.0625031797
 31
0.0
  0
LINE
  5
3C1
330
1FF
100
AcDbEntity
  8
0
  6
Continuous
 62
     7
100
AcDbLine
 10
255.5718593526
 20
137.8021088955
 30
0.0
 11
249.3954681541
 21
137.2617421121
 31
0.0
  0
LINE
  5
3C2
330
1FF
100
AcDbEntity
  8
0
  6
Continuous
 62
     7
100
AcDbLine
 10
258.8590583372
 20
140.2287358154
 30
0.0
 11
248.4060637209
 21
140.2287358154
 31
0.0
  0
LINE
  5
3C3
330
1FF
100
AcDbEntity
  8
0
  6
Continuous
 62
     7
100
AcDbLine
 10
248.406063721
 20
141.2281266424
 30
0.0
 11
258.8590583372
 21
141.2281266424
 31
0.0
  0
LINE
  5
3C4
330
1FF
100
AcDbEntity
  8
0
  6
Continuous
 62
     7
100
AcDbLine
 10
258.8590583372
 20
141.5424135679
 30
0.0
 11
248.406063721
 21
141.5424135679
 31
0.0
  0
ARC
  5
3C5
330
1FF
100
AcDbEntity
  8
0
  6
Continuous
 62
     7
100
AcDbCircle
 10
123.8502139828
 20
113.0893068237
 30
0.0
 40
10.3485981506
100
AcDbArc
 50
210.0
 51
270.0
  0
ARC
  5
3C6
330
1FF
100
AcDbEntity
  8
0
  6
Continuous
 62
     7
100
AcDbCircle
 10
123.8502139828
 20
113.0893068237
 30
0.0
 40
9.348598150599999
100
AcDbArc
 50
220.0254385774
 51
258.8337453576
  0
ARC
  5
3C7
330
1FF
100
AcDbEntity
  8
0
  6
Continuous
 62
     7
100
AcDbCircle
 10
118.6237166747
 20
122.141865707
 30
0.0
 40
10.3485981506
100
AcDbArc
 50
150.0
 51
210.0
  0
ARC
  5
3C8
330
1FF
100
AcDbEntity
  8
0
  6
Continuous
 62
     7
100
AcDbCircle
 10
123.8502139828
 20
131.1944245902
 30
0.0
 40
10.3485981506
100
AcDbArc
 50
90.0
 51
150.0
  0
ARC
  5
3C9
330
1FF
100
AcDbEntity
  8
0
  6
Continuous
 62
     7
100
AcDbCircle
 10
118.6237166747
 20
122.141865707
 30
0.0
 40
9.348598150599999
100
AcDbArc
 50
159.7529615355
 51
199.8572464192
  0
ARC
  5
3CA
330
1FF
100
AcDbEntity
  8
0
  6
Continuous
 62
     7
100
AcDbCircle
 10
123.8502139828
 20
131.1944245902
 30
0.0
 40
9.348598150599999
100
AcDbArc
 50
100.1716131641
 51
140.6272738275
  0
CIRCLE
  5
3CB
330
1FF
100
AcDbEntity
  8
0
  6
Continuous
 62
     7
100
AcDbCircle
 10
129.0844867472
 20
122.1340902507
 30
0.0
 40
19.5240762502
  0
CIRCLE
  5
3CC
330
1FF
100
AcDbEntity
  8
0
  6
Continuous
 62
     7
100
AcDbCircle
 10
129.0844867472
 20
122.1340902507
 30
0.0
 40
19.0240762502
  0
CIRCLE
  5
3CD
330
1FF
100
AcDbEntity
  8
0
  6
Continuous
 62
     7
100
AcDbCircle
 10
129.0844867472
 20
122.1340502045
 30
0.0
 40
18.2499523203
  0
CIRCLE
  5
3CE
330
1FF
100
AcDbEntity
  8
0
  6
Continuous
 62
     7
100
AcDbCircle
 10
129.0844867472
 20
122.1340546234
 30
0.0
 40
15.7499788331
  0
ARC
  5
3CF
330
1FF
100
AcDbEntity
  8
0
  6
Continuous
 62
     7
100
AcDbCircle
 10
134.3032085991
 20
113.0893068237
 30
0.0
 40
10.3485981506
100
AcDbArc
 50
270.0
 51
330.0
  0
ARC
  5
3D0
330
1FF
100
AcDbEntity
  8
0
  6
Continuous
 62
     7
100
AcDbCircle
 10
134.3032085991
 20
113.0893068237
 30
0.0
 40
9.348598150599999
100
AcDbArc
 50
280.8192225597
 51
318.7336538308
  0
CIRCLE
  5
3D1
330
1FF
100
AcDbEntity
  8
0
  6
Continuous
 62
     7
100
AcDbCircle
 10
129.0767112909
 20
122.141865707
 30
0.0
 40
18.9920057142
  0
ARC
  5
3D2
330
1FF
100
AcDbEntity
  8
0
  6
Continuous
 62
     7
100
AcDbCircle
 10
134.3032085991
 20
131.1944245902
 30
0.0
 40
10.3485981506
100
AcDbArc
 50
30.0
 51
90.0
  0
ARC
  5
3D3
330
1FF
100
AcDbEntity
  8
0
  6
Continuous
 62
     7
100
AcDbCircle
 10
139.5297059072
 20
122.141865707
 30
0.0
 40
10.3485981506
100
AcDbArc
 50
330.0
 51
30.0
  0
ARC
  5
3D4
330
1FF
100
AcDbEntity
  8
0
  6
Continuous
 62
     7
100
AcDbCircle
 10
134.3032085991
 20
131.1944245902
 30
0.0
 40
9.348598150599999
100
AcDbArc
 50
39.936052083
 51
79.50363157239999
  0
ARC
  5
3D5
330
1FF
100
AcDbEntity
  8
0
  6
Continuous
 62
     7
100
AcDbCircle
 10
139.5297059072
 20
122.141865707
 30
0.0
 40
9.348598150599999
100
AcDbArc
 50
340.8028298741
 51
19.027059969
  0
ARC
  5
3D6
330
1FF
100
AcDbEntity
  8
0
  6
Continuous
 62
     7
100
AcDbCircle
 10
-3250.5718910718
 20
132.1591321842
 30
0.0
 40
3312.649987530901
100
AcDbArc
 50
359.5978990502
 51
359.7495339562
  0
ARC
  5
3D7
330
1FF
100
AcDbEntity
  8
0
  6
Continuous
 62
     7
100
AcDbCircle
 10
59.3965000799
 20
118.9666909888
 30
0.0
 40
1.9991243571
100
AcDbArc
 50
268.9998190932
 51
270.0001047478
  0
ARC
  5
3D8
330
1FF
100
AcDbEntity
  8
0
  6
Continuous
 62
     7
100
AcDbCircle
 10
59.3965000799
 20
125.3170404252
 30
0.0
 40
1.9991243571
100
AcDbArc
 50
89.9998952522
 51
91.0001809068
  0
ARC
  5
3D9
330
1FF
100
AcDbEntity
  8
0
  6
Continuous
 62
     7
100
AcDbCircle
 10
59.3965000799
 20
109.9141321055
 30
0.0
 40
1.9991243571
100
AcDbArc
 50
268.9998190927
 51
270.0001047473
  0
ARC
  5
3DA
330
1FF
100
AcDbEntity
  8
0
  6
Continuous
 62
     7
100
AcDbCircle
 10
59.3965000799
 20
134.3695993089
 30
0.0
 40
1.999124356699999
100
AcDbArc
 50
89.99989525249999
 51
91.00018090739999
  0
ARC
  5
3DB
330
1FF
100
AcDbEntity
  8
0
  6
Continuous
 62
     7
100
AcDbCircle
 10
59.39650373470001
 20
103.7407086731
 30
0.0
 40
1.0
100
AcDbArc
 50
268.0000000002
 51
359.9999999998
  0
ARC
  5
3DC
330
1FF
100
AcDbEntity
  8
0
  6
Continuous
 62
     7
100
AcDbCircle
 10
59.39650373470001
 20
140.5430227409
 30
0.0
 40
1.0
100
AcDbArc
 50
0.0000000002
 51
91.99999999979999
  0
ARC
  5
3DD
330
1FF
100
AcDbEntity
  8
0
  6
Continuous
 62
     7
100
AcDbCircle
 10
50.3965037347
 20
104.0549955985
 30
0.0
 40
1.0
100
AcDbArc
 50
179.9999999999
 51
268.0000000001
  0
ARC
  5
3DE
330
1FF
100
AcDbEntity
  8
0
  6
Continuous
 62
     7
100
AcDbCircle
 10
50.3965037347
 20
140.2287358154
 30
0.0
 40
1.0
100
AcDbArc
 50
91.9999999999
 51
180.0000000001
  0
ARC
  5
3DF
330
1FF
100
AcDbEntity
  8
0
  6
Continuous
 62
     7
100
AcDbCircle
 10
49.49650373469999
 20
113.92591247
 30
0.0
 40
0.5
100
AcDbArc
 50
101.5911099154
 51
180.0
  0
ARC
  5
3E0
330
1FF
100
AcDbEntity
  8
0
  6
Continuous
 62
     7
100
AcDbCircle
 10
49.49650373469999
 20
110.12591247
 30
0.0
 40
0.5
100
AcDbArc
 50
180.0
 51
258.4088900846
  0
ARC
  5
3E1
330
1FF
100
AcDbEntity
  8
0
  6
Continuous
 62
     7
100
AcDbCircle
 10
74.0965037347
 20
141.158166501
 30
0.0
 40
0.5
100
AcDbArc
 50
0.0
 51
90.0
  0
ARC
  5
3E2
330
1FF
100
AcDbEntity
  8
0
  6
Continuous
 62
     7
100
AcDbCircle
 10
74.0965037347
 20
103.1100140005
 30
0.0
 40
0.5
100
AcDbArc
 50
270.0
 51
360.0
  0
ARC
  5
3E3
330
1FF
100
AcDbEntity
  8
0
  6
Continuous
 62
     7
100
AcDbCircle
 10
64.1965037347
 20
103.1140902507
 30
0.0
 40
0.5
100
AcDbArc
 50
180.0
 51
270.0
  0
ARC
  5
3E4
330
1FF
100
AcDbEntity
  8
0
  6
Continuous
 62
     7
100
AcDbCircle
 10
64.1965037347
 20
141.1540902507
 30
0.0
 40
0.5
100
AcDbArc
 50
90.0
 51
180.0
  0
ARC
  5
3E5
330
1FF
100
AcDbEntity
  8
0
  6
Continuous
 62
     7
100
AcDbCircle
 10
62.3965037347
 20
103.7340902507
 30
0.0
 40
0.3
100
AcDbArc
 50
270.0
 51
360.0
  0
ARC
  5
3E6
330
1FF
100
AcDbEntity
  8
0
  6
Continuous
 62
     7
100
AcDbCircle
 10
62.3965037347
 20
140.5340902507
 30
0.0
 40
0.3
100
AcDbArc
 50
0.0
 51
90.0
  0
ARC
  5
3E7
330
1FF
100
AcDbEntity
  8
0
  6
Continuous
 62
     7
100
AcDbCircle
 10
120.2827980551
 20
991.7850001382001
 30
0.0
 40
810.0921508086999
100
AcDbArc
 50
271.3152170519
 51
271.4777922965
  0
ARC
  5
3E8
330
1FF
100
AcDbEntity
  8
0
  6
Continuous
 62
     7
100
AcDbCircle
 10
142.1107668357
 20
183.1626190633
 30
0.0
 40
1.1545906553
100
AcDbArc
 50
359.9999835294
 51
1.7321112452
  0
ARC
  5
3E9
330
1FF
100
AcDbEntity
  8
0
  6
Continuous
 62
     7
100
AcDbCircle
 10
116.0426557462
 20
183.1626190633
 30
0.0
 40
1.1545906553
100
AcDbArc
 50
178.2678887548
 51
180.0000164706
  0
ARC
  5
3EA
330
1FF
100
AcDbEntity
  8
0
  6
Continuous
 62
     7
100
AcDbCircle
 10
110.816158438
 20
183.1626190633
 30
0.0
 40
1.1545906553
100
AcDbArc
 50
178.2678887545
 51
180.0000164703
  0
ARC
  5
3EB
330
1FF
100
AcDbEntity
  8
0
  6
Continuous
 62
     7
100
AcDbCircle
 10
147.3372641438
 20
183.1626190633
 30
0.0
 40
1.1545906553
100
AcDbArc
 50
359.9999835297
 51
1.732111245399999
  0
ARC
  5
3EC
330
1FF
100
AcDbEntity
  8
0
  6
Continuous
 62
     7
100
AcDbCircle
 10
148.5640171324
 20
192.1626187314
 30
0.0
 40
1.0
100
AcDbArc
 50
2.0
 51
90.0
  0
ARC
  5
3ED
330
1FF
100
AcDbEntity
  8
0
  6
Continuous
 62
     7
100
AcDbCircle
 10
109.5894054495
 20
192.1626187314
 30
0.0
 40
1.0
100
AcDbArc
 50
90.0
 51
178.0
  0
ARC
  5
3EE
330
1FF
100
AcDbEntity
  8
0
  6
Continuous
 62
     7
100
AcDbCircle
 10
109.2751185241
 20
183.1626187314
 30
0.0
 40
1.0
100
AcDbArc
 50
178.0000000001
 51
270.0
  0
ARC
  5
3EF
330
1FF
100
AcDbEntity
  8
0
  6
Continuous
 62
     7
100
AcDbCircle
 10
148.8783040578
 20
183.1626187314
 30
0.0
 40
1.0
100
AcDbArc
 50
270.0
 51
1.999999999899999
  0
ARC
  5
3F0
330
1FF
100
AcDbEntity
  8
0
  6
Continuous
 62
     7
100
AcDbCircle
 10
134.9234719915
 20
193.0626187314
 30
0.0
 40
0.5
100
AcDbArc
 50
90.0
 51
168.4088900846
  0
ARC
  5
3F1
330
1FF
100
AcDbEntity
  8
0
  6
Continuous
 62
     7
100
AcDbCircle
 10
148.1085629974
 20
168.4626187314
 30
0.0
 40
0.5
100
AcDbArc
 50
270.0
 51
360.0
  0
ARC
  5
3F2
330
1FF
100
AcDbEntity
  8
0
  6
Continuous
 62
     7
100
AcDbCircle
 10
110.060410497
 20
168.4626187314
 30
0.0
 40
0.5
100
AcDbArc
 50
180.0
 51
270.0
  0
ARC
  5
3F3
330
1FF
100
AcDbEntity
  8
0
  6
Continuous
 62
     7
100
AcDbCircle
 10
110.0644867472
 20
178.3626187314
 30
0.0
 40
0.5
100
AcDbArc
 50
90.0
 51
180.0
  0
ARC
  5
3F4
330
1FF
100
AcDbEntity
  8
0
  6
Continuous
 62
     7
100
AcDbCircle
 10
148.1044867471999
 20
178.3626187314
 30
0.0
 40
0.5
100
AcDbArc
 50
0.0
 51
90.0
  0
ARC
  5
3F5
330
1FF
100
AcDbEntity
  8
0
  6
Continuous
 62
     7
100
AcDbCircle
 10
147.4844867472
 20
180.1626187313999
 30
0.0
 40
0.3
100
AcDbArc
 50
270.0
 51
360.0
  0
ARC
  5
3F6
330
1FF
100
AcDbEntity
  8
0
  6
Continuous
 62
     7
100
AcDbCircle
 10
110.6844867472
 20
180.1626187313999
 30
0.0
 40
0.3
100
AcDbArc
 50
180.0
 51
270.0
  0
ARC
  5
3F7
330
1FF
100
AcDbEntity
  8
0
  6
Continuous
 62
     7
100
AcDbCircle
 10
116.0426557462
 20
56.85478629470001
 30
0.0
 40
1.1545906553
100
AcDbArc
 50
179.9999835294
 51
181.7321112452
  0
ARC
  5
3F8
330
1FF
100
AcDbEntity
  8
0
  6
Continuous
 62
     7
100
AcDbCircle
 10
142.1107668357
 20
56.85478629470001
 30
0.0
 40
1.1545906553
100
AcDbArc
 50
358.2678887548
 51
0.0000164706
  0
ARC
  5
3F9
330
1FF
100
AcDbEntity
  8
0
  6
Continuous
 62
     7
100
AcDbCircle
 10
110.8161584381
 20
56.85478629470001
 30
0.0
 40
1.1545906553
100
AcDbArc
 50
179.9999835297
 51
181.7321112454
  0
ARC
  5
3FA
330
1FF
100
AcDbEntity
  8
0
  6
Continuous
 62
     7
100
AcDbCircle
 10
147.3372641439
 20
56.85478629470001
 30
0.0
 40
1.1545906553
100
AcDbArc
 50
358.2678887545
 51
0.0000164703
  0
ARC
  5
3FB
330
1FF
100
AcDbEntity
  8
0
  6
Continuous
 62
     7
100
AcDbCircle
 10
148.5640171324
 20
47.8547866266
 30
0.0
 40
1.0
100
AcDbArc
 50
270.0
 51
358.0
  0
ARC
  5
3FC
330
1FF
100
AcDbEntity
  8
0
  6
Continuous
 62
     7
100
AcDbCircle
 10
109.5894054495
 20
47.8547866266
 30
0.0
 40
1.0
100
AcDbArc
 50
182.0
 51
270.0
  0
ARC
  5
3FD
330
1FF
100
AcDbEntity
  8
0
  6
Continuous
 62
     7
100
AcDbCircle
 10
109.2751185241
 20
56.85478662659999
 30
0.0
 40
1.0
100
AcDbArc
 50
90.0
 51
181.9999999999
  0
ARC
  5
3FE
330
1FF
100
AcDbEntity
  8
0
  6
Continuous
 62
     7
100
AcDbCircle
 10
148.8783040578
 20
56.85478662659999
 30
0.0
 40
1.0
100
AcDbArc
 50
358.0000000001001
 51
90.0
  0
ARC
  5
3FF
330
1FF
100
AcDbEntity
  8
0
  6
Continuous
 62
     7
100
AcDbCircle
 10
134.9234719915
 20
46.9547866266
 30
0.0
 40
0.5
100
AcDbArc
 50
191.5911099155
 51
270.0
  0
ARC
  5
400
330
1FF
100
AcDbEntity
  8
0
  6
Continuous
 62
     7
100
AcDbCircle
 10
138.7234719915
 20
46.9547866266
 30
0.0
 40
0.5
100
AcDbArc
 50
270.0
 51
348.4088900846
  0
ARC
  5
401
330
1FF
100
AcDbEntity
  8
0
  6
Continuous
 62
     7
100
AcDbCircle
 10
110.060410497
 20
71.55478662659999
 30
0.0
 40
0.5
100
AcDbArc
 50
90.0
 51
180.0
  0
ARC
  5
402
330
1FF
100
AcDbEntity
  8
0
  6
Continuous
 62
     7
100
AcDbCircle
 10
148.1085629974
 20
71.55478662659999
 30
0.0
 40
0.5
100
AcDbArc
 50
0.0
 51
90.0
  0
ARC
  5
403
330
1FF
100
AcDbEntity
  8
0
  6
Continuous
 62
     7
100
AcDbCircle
 10
110.0644867472
 20
61.65478662659999
 30
0.0
 40
0.5
100
AcDbArc
 50
180.0
 51
270.0
  0
ARC
  5
404
330
1FF
100
AcDbEntity
  8
0
  6
Continuous
 62
     7
100
AcDbCircle
 10
148.1044867471999
 20
61.65478662659999
 30
0.0
 40
0.5
100
AcDbArc
 50
270.0
 51
360.0
  0
ARC
  5
405
330
1FF
100
AcDbEntity
  8
0
  6
Continuous
 62
     7
100
AcDbCircle
 10
147.4844867472
 20
59.8547866266
 30
0.0
 40
0.3
100
AcDbArc
 50
0.0
 51
90.0
  0
ARC
  5
406
330
1FF
100
AcDbEntity
  8
0
  6
Continuous
 62
     7
100
AcDbCircle
 10
110.6844867472
 20
59.8547866266
 30
0.0
 40
0.3
100
AcDbArc
 50
90.0
 51
180.0
  0
ARC
  5
407
330
1FF
100
AcDbEntity
  8
0
  6
Continuous
 62
     7
100
AcDbCircle
 10
3503.770353825601
 20
112.107322692
 30
0.0
 40
3312.887078420201
100
AcDbArc
 50
179.5978979825
 51
179.7495220373
  0
ARC
  5
408
330
1FF
100
AcDbEntity
  8
0
  6
Continuous
 62
     7
100
AcDbCircle
 10
-72.76864474629999
 20
127.4774576525
 30
0.0
 40
265.2190112648
100
AcDbArc
 50
1.4576820821
 51
1.873988852499999
  0
ARC
  5
409
330
1FF
100
AcDbEntity
  8
0
  6
Continuous
 62
     7
100
AcDbCircle
 10
193.5648711756
 20
109.9141321055
 30
0.0
 40
1.9991243571
100
AcDbArc
 50
269.9998952527
 51
271.0001809073
  0
ARC
  5
40A
330
1FF
100
AcDbEntity
  8
0
  6
Continuous
 62
     7
100
AcDbCircle
 10
193.5648711756
 20
125.3170404251
 30
0.0
 40
1.9991243571
100
AcDbArc
 50
88.9998190932
 51
90.00010474780001
  0
ARC
  5
40B
330
1FF
100
AcDbEntity
  8
0
  6
Continuous
 62
     7
100
AcDbCircle
 10
193.5648711756
 20
118.9666909888
 30
0.0
 40
1.9991243571
100
AcDbArc
 50
269.9998952522
 51
271.0001809068
  0
ARC
  5
40C
330
1FF
100
AcDbEntity
  8
0
  6
Continuous
 62
     7
100
AcDbCircle
 10
193.5648711756
 20
134.3695993089
 30
0.0
 40
1.999124356699999
100
AcDbArc
 50
88.9998190926
 51
90.0001047475
  0
ARC
  5
40D
330
1FF
100
AcDbEntity
  8
0
  6
Continuous
 62
     7
100
AcDbCircle
 10
193.5648675208
 20
103.7407086731
 30
0.0
 40
1.0
100
AcDbArc
 50
180.0000000002
 51
271.9999999998
  0
ARC
  5
40E
330
1FF
100
AcDbEntity
  8
0
  6
Continuous
 62
     7
100
AcDbCircle
 10
193.5648675208
 20
140.5430227409
 30
0.0
 40
1.0
100
AcDbArc
 50
88.0000000002
 51
179.9999999998
  0
ARC
  5
40F
330
1FF
100
AcDbEntity
  8
0
  6
Continuous
 62
     7
100
AcDbCircle
 10
202.5648675208
 20
104.0549955985
 30
0.0
 40
1.0
100
AcDbArc
 50
271.9999999999
 51
360.0
  0
ARC
  5
410
330
1FF
100
AcDbEntity
  8
0
  6
Continuous
 62
     7
100
AcDbCircle
 10
202.5648675208
 20
140.2287358154
 30
0.0
 40
1.0
100
AcDbArc
 50
0.0
 51
88.00000000009999
  0
ARC
  5
411
330
1FF
100
AcDbEntity
  8
0
  6
Continuous
 62
     7
100
AcDbCircle
 10
203.4648675208
 20
113.92591247
 30
0.0
 40
0.5
100
AcDbArc
 50
0.0
 51
78.4088900846
  0
ARC
  5
412
330
1FF
100
AcDbEntity
  8
0
  6
Continuous
 62
     7
100
AcDbCircle
 10
203.4648675208
 20
110.12591247
 30
0.0
 40
0.5
100
AcDbArc
 50
281.5911099154
 51
360.0
  0
ARC
  5
413
330
1FF
100
AcDbEntity
  8
0
  6
Continuous
 62
     7
100
AcDbCircle
 10
178.8648675208
 20
141.158166501
 30
0.0
 40
0.5
100
AcDbArc
 50
90.0
 51
180.0
  0
ARC
  5
414
330
1FF
100
AcDbEntity
  8
0
  6
Continuous
 62
     7
100
AcDbCircle
 10
178.8648675208
 20
103.1100140005
 30
0.0
 40
0.5
100
AcDbArc
 50
180.0
 51
270.0
  0
ARC
  5
415
330
1FF
100
AcDbEntity
  8
0
  6
Continuous
 62
     7
100
AcDbCircle
 10
188.7648675208
 20
103.1140902507
 30
0.0
 40
0.5
100
AcDbArc
 50
270.0
 51
360.0
  0
ARC
  5
416
330
1FF
100
AcDbEntity
  8
0
  6
Continuous
 62
     7
100
AcDbCircle
 10
188.7648675208
 20
141.1540902507
 30
0.0
 40
0.5
100
AcDbArc
 50
0.0
 51
90.0
  0
ARC
  5
417
330
1FF
100
AcDbEntity
  8
0
  6
Continuous
 62
     7
100
AcDbCircle
 10
190.5648675208
 20
103.7340902507
 30
0.0
 40
0.3
100
AcDbArc
 50
180.0
 51
270.0
  0
ARC
  5
418
330
1FF
100
AcDbEntity
  8
0
  6
Continuous
 62
     7
100
AcDbCircle
 10
190.5648675208
 20
140.5340902507
 30
0.0
 40
0.3
100
AcDbArc
 50
90.0
 51
180.0
  0
CIRCLE
  5
419
330
1FF
100
AcDbEntity
  8
0
  6
Continuous
 62
     7
100
AcDbCircle
 10
245.8858003285
 20
112.02591247
 30
0.0
 40
2.5
  0
CIRCLE
  5
41A
330
1FF
100
AcDbEntity
  8
0
  6
Continuous
 62
     7
100
AcDbCircle
 10
245.8858003285
 20
112.02591247
 30
0.0
 40
2.399999999999999
  0
CIRCLE
  5
41B
330
1FF
100
AcDbEntity
  8
0
  6
Continuous
 62
     7
100
AcDbCircle
 10
245.8858003285
 20
112.02591247
 30
0.0
 40
1.9
  0
ARC
  5
41C
330
1FF
100
AcDbEntity
  8
0
  6
Continuous
 62
     7
100
AcDbCircle
 10
243.1795664129
 20
122.141865707
 30
0.0
 40
10.3479889776
100
AcDbArc
 50
149.9999999996999
 51
210.0
  0
ARC
  5
41D
330
1FF
100
AcDbEntity
  8
0
  6
Continuous
 62
     7
100
AcDbCircle
 10
243.1795664129
 20
122.141865707
 30
0.0
 40
10.0337020522
100
AcDbArc
 50
149.9999999996999
 51
210.0
  0
ARC
  5
41E
330
1FF
100
AcDbEntity
  8
0
  6
Continuous
 62
     7
100
AcDbCircle
 10
243.1795664129
 20
122.141865707
 30
0.0
 40
9.034311225199999
100
AcDbArc
 50
150.0000000002
 51
209.9999999999
  0
ARC
  5
41F
330
1FF
100
AcDbEntity
  8
0
  6
Continuous
 62
     7
100
AcDbCircle
 10
239.8803643396
 20
123.6933572585
 30
0.0
 40
2.1999913761
100
AcDbArc
 50
85.00001692159999
 51
265.0000162324
  0
ARC
  5
420
330
1FF
100
AcDbEntity
  8
0
  6
Continuous
 62
     7
100
AcDbCircle
 10
245.6582967415
 20
123.187855331
 30
0.0
 40
2.1999913761
100
AcDbArc
 50
265.00001692
 51
85.00001623060001
  0
ARC
  5
421
330
1FF
100
AcDbEntity
  8
0
  6
Continuous
 62
     7
100
AcDbCircle
 10
239.8803643396
 20
123.6933572585
 30
0.0
 40
1.9999913761
100
AcDbArc
 50
85.000015784
 51
265.0000166027
  0
ARC
  5
422
330
1FF
100
AcDbEntity
  8
0
  6
Continuous
 62
     7
100
AcDbCircle
 10
245.6582967415
 20
123.187855331
 30
0.0
 40
1.9999913761
100
AcDbArc
 50
265.0000157839
 51
85.00001660249999
  0
ARC
  5
423
330
1FF
100
AcDbEntity
  8
0
  6
Continuous
 62
     7
100
AcDbCircle
 10
239.8803643396
 20
123.6933572585
 30
0.0
 40
1.8999913761
100
AcDbArc
 50
85.00001629880001
 51
265.0000162988
  0
ARC
  5
424
330
1FF
100
AcDbEntity
  8
0
  6
Continuous
 62
     7
100
AcDbCircle
 10
245.6582967415
 20
123.187855331
 30
0.0
 40
1.8999913761
100
AcDbArc
 50
265.0000162988
 51
85.00001629880001
  0
ARC
  5
425
330
1FF
100
AcDbEntity
  8
0
  6
Continuous
 62
     7
100
AcDbCircle
 10
239.8803643396
 20
123.6933572585
 30
0.0
 40
1.6999913761
100
AcDbArc
 50
85.00001629880001
 51
265.0000162988
  0
ARC
  5
426
330
1FF
100
AcDbEntity
  8
0
  6
Continuous
 62
     7
100
AcDbCircle
 10
245.6582967415
 20
123.187855331
 30
0.0
 40
1.6999913761
100
AcDbArc
 50
265.0000162988
 51
85.00001629880001
  0
ARC
  5
427
330
1FF
100
AcDbEntity
  8
0
  6
Continuous
 62
     7
100
AcDbCircle
 10
248.406063721
 20
113.0893068237
 30
0.0
 40
10.3479889776
100
AcDbArc
 50
209.9999999997
 51
270.0
  0
ARC
  5
428
330
1FF
100
AcDbEntity
  8
0
  6
Continuous
 62
     7
100
AcDbCircle
 10
248.406063721
 20
113.0893068237
 30
0.0
 40
10.0337020522
100
AcDbArc
 50
209.9999999997
 51
270.0
  0
ARC
  5
429
330
1FF
100
AcDbEntity
  8
0
  6
Continuous
 62
     7
100
AcDbCircle
 10
248.406063721
 20
113.0893068237
 30
0.0
 40
9.034311225199999
100
AcDbArc
 50
210.0
 51
269.9999999997999
  0
CIRCLE
  5
42A
330
1FF
100
AcDbEntity
  8
0
  6
Continuous
 62
     7
100
AcDbCircle
 10
247.6147757894
 20
117.0910932581
 30
0.0
 40
1.95
  0
CIRCLE
  5
42B
330
1FF
100
AcDbEntity
  8
0
  6
Continuous
 62
     7
100
AcDbCircle
 10
247.6147757894
 20
117.0910932581
 30
0.0
 40
1.75
  0
CIRCLE
  5
42C
330
1FF
100
AcDbEntity
  8
0
  6
Continuous
 62
     7
100
AcDbCircle
 10
247.6147757894
 20
117.0910932581
 30
0.0
 40
1.0
  0
ARC
  5
42D
330
1FF
100
AcDbEntity
  8
0
  6
Continuous
 62
     7
100
AcDbCircle
 10
253.1609141197
 20
119.5767176002
 30
0.0
 40
12.0395562643
100
AcDbArc
 50
216.1284424705
 51
216.7292594495
  0
ARC
  5
42E
330
1FF
100
AcDbEntity
  8
0
  6
Continuous
 62
     7
100
AcDbCircle
 10
251.2770097845
 20
121.0190653871
 30
0.0
 40
12.0395562643
100
AcDbArc
 50
248.394228987
 51
248.9792968263
  0
ARC
  5
42F
330
1FF
100
AcDbEntity
  8
0
  6
Continuous
 62
     7
100
AcDbCircle
 10
253.1609141197
 20
119.5767176002
 30
0.0
 40
11.0437732146
100
AcDbArc
 50
213.13666286
 51
213.6129399333
  0
ARC
  5
430
330
1FF
100
AcDbEntity
  8
0
  6
Continuous
 62
     7
100
AcDbCircle
 10
251.2770097845
 20
121.0190653871
 30
0.0
 40
11.0437732146
100
AcDbArc
 50
251.5105485032
 51
251.9883983879
  0
ARC
  5
431
330
1FF
100
AcDbEntity
  8
0
  6
Continuous
 62
     7
100
AcDbCircle
 10
248.406063721
 20
131.1944245902
 30
0.0
 40
10.3479889776
100
AcDbArc
 50
89.99999999969999
 51
150.0
  0
ARC
  5
432
330
1FF
100
AcDbEntity
  8
0
  6
Continuous
 62
     7
100
AcDbCircle
 10
248.406063721
 20
131.1944245902
 30
0.0
 40
10.0337020522
100
AcDbArc
 50
89.99999999969999
 51
150.0
  0
ARC
  5
433
330
1FF
100
AcDbEntity
  8
0
  6
Continuous
 62
     7
100
AcDbCircle
 10
248.406063721
 20
131.1944245902
 30
0.0
 40
9.034311225199999
100
AcDbArc
 50
90.0000000002
 51
150.0
  0
CIRCLE
  5
434
330
1FF
100
AcDbEntity
  8
0
  6
Continuous
 62
     7
100
AcDbCircle
 10
252.2624269577
 20
129.8604098966
 30
0.0
 40
1.95
  0
CIRCLE
  5
435
330
1FF
100
AcDbEntity
  8
0
  6
Continuous
 62
     7
100
AcDbCircle
 10
252.2624269577
 20
129.8604098966
 30
0.0
 40
1.75
  0
CIRCLE
  5
436
330
1FF
100
AcDbEntity
  8
0
  6
Continuous
 62
     7
100
AcDbCircle
 10
247.4758013438
 20
134.5219497351
 30
0.0
 40
1.45
  0
CIRCLE
  5
437
330
1FF
100
AcDbEntity
  8
0
  6
Continuous
 62
     7
100
AcDbCircle
 10
247.4758013438
 20
134.5219497351
 30
0.0
 40
1.25
  0
CIRCLE
  5
438
330
1FF
100
AcDbEntity
  8
0
  6
Continuous
 62
     7
100
AcDbCircle
 10
252.2624269577
 20
129.8604098966
 30
0.0
 40
1.0
  0
CIRCLE
  5
439
330
1FF
100
AcDbEntity
  8
0
  6
Continuous
 62
     7
100
AcDbCircle
 10
247.4758013438
 20
134.5219497351
 30
0.0
 40
0.75
  0
CIRCLE
  5
43A
330
1FF
100
AcDbEntity
  8
0
  6
Continuous
 62
     7
100
AcDbCircle
 10
247.4758013438
 20
134.5219497351
 30
0.0
 40
0.65
  0
ARC
  5
43B
330
1FF
100
AcDbEntity
  8
0
  6
Continuous
 62
     7
100
AcDbCircle
 10
249.4303306159
 20
136.8632642473
 30
0.0
 40
0.4
100
AcDbArc
 50
95.00002367889999
 51
185.0000236779
  0
ARC
  5
43C
330
1FF
100
AcDbEntity
  8
0
  6
Continuous
 62
     7
100
AcDbCircle
 10
249.6743670224
 20
134.0739286344
 30
0.0
 40
0.4
100
AcDbArc
 50
185.0000236774
 51
275.0000236749
  0
ARC
  5
43D
330
1FF
100
AcDbEntity
  8
0
  6
Continuous
 62
     7
100
AcDbCircle
 10
249.6743670224
 20
134.0739286344
 30
0.0
 40
0.2
100
AcDbArc
 50
185.0000236785
 51
275.0000236754
  0
ARC
  5
43E
330
1FF
100
AcDbEntity
  8
0
  6
Continuous
 62
     7
100
AcDbCircle
 10
249.4303306159
 20
136.8632642473
 30
0.0
 40
0.2
100
AcDbArc
 50
95.00002367849999
 51
185.000023676
  0
ARC
  5
43F
330
1FF
100
AcDbEntity
  8
0
  6
Continuous
 62
     7
100
AcDbCircle
 10
258.8590583372
 20
113.0893068237
 30
0.0
 40
10.3479889776
100
AcDbArc
 50
269.9999999997
 51
330.0
  0
ARC
  5
440
330
1FF
100
AcDbEntity
  8
0
  6
Continuous
 62
     7
100
AcDbCircle
 10
258.8590583372
 20
113.0893068237
 30
0.0
 40
10.0337020522
100
AcDbArc
 50
269.9999999997
 51
330.0
  0
ARC
  5
441
330
1FF
100
AcDbEntity
  8
0
  6
Continuous
 62
     7
100
AcDbCircle
 10
258.8590583372
 20
113.0893068237
 30
0.0
 40
9.034311225199999
100
AcDbArc
 50
270.0000000002
 51
330.0
  0
ARC
  5
442
330
1FF
100
AcDbEntity
  8
0
  6
Continuous
 62
     7
100
AcDbCircle
 10
253.6247855729
 20
122.1340902507
 30
0.0
 40
19.5240762502
100
AcDbArc
 50
84.5778744763
 51
95.42212552370001
  0
ARC
  5
443
330
1FF
100
AcDbEntity
  8
0
  6
Continuous
 62
     7
100
AcDbCircle
 10
253.6247855729
 20
122.1340902507
 30
0.0
 40
19.5240762502
100
AcDbArc
 50
25.2128421315
 51
35.9870245503
  0
ARC
  5
444
330
1FF
100
AcDbEntity
  8
0
  6
Continuous
 62
     7
100
AcDbCircle
 10
253.6247855729
 20
122.1340902507
 30
0.0
 40
19.5240762502
100
AcDbArc
 50
324.2158378954
 51
335.2942459271
  0
ARC
  5
445
330
1FF
100
AcDbEntity
  8
0
  6
Continuous
 62
     7
100
AcDbCircle
 10
253.6247855729
 20
122.1340902507
 30
0.0
 40
19.5240762502
100
AcDbArc
 50
264.4193026478
 51
275.5815124723
  0
ARC
  5
446
330
1FF
100
AcDbEntity
  8
0
  6
Continuous
 62
     7
100
AcDbCircle
 10
253.6247855729
 20
122.1340902507
 30
0.0
 40
19.5240762502
100
AcDbArc
 50
204.3835664396
 51
216.044384309
  0
ARC
  5
447
330
1FF
100
AcDbEntity
  8
0
  6
Continuous
 62
     7
100
AcDbCircle
 10
253.6247855729
 20
122.1340902507
 30
0.0
 40
19.5240762502
100
AcDbArc
 50
143.590929256
 51
155.1936298521
  0
ARC
  5
448
330
1FF
100
AcDbEntity
  8
0
  6
Continuous
 62
     7
100
AcDbCircle
 10
253.6247855729
 20
122.1340902507
 30
0.0
 40
19.52
100
AcDbArc
 50
144.90697983
 51
156.3295597181
  0
ARC
  5
449
330
1FF
100
AcDbEntity
  8
0
  6
Continuous
 62
     7
100
AcDbCircle
 10
253.6247855729
 20
122.1340902507
 30
0.0
 40
19.52
100
AcDbArc
 50
84.61602336029999
 51
95.2701516984
  0
ARC
  5
44A
330
1FF
100
AcDbEntity
  8
0
  6
Continuous
 62
     7
100
AcDbCircle
 10
253.6247855729
 20
122.1340902507
 30
0.0
 40
19.52
100
AcDbArc
 50
24.69028186840001
 51
34.6352786529
  0
ARC
  5
44B
330
1FF
100
AcDbEntity
  8
0
  6
Continuous
 62
     7
100
AcDbCircle
 10
253.6247855729
 20
122.1340902507
 30
0.0
 40
19.52
100
AcDbArc
 50
325.0812501048
 51
336.2343570302
  0
ARC
  5
44C
330
1FF
100
AcDbEntity
  8
0
  6
Continuous
 62
     7
100
AcDbCircle
 10
253.6247855729
 20
122.1340902507
 30
0.0
 40
19.52
100
AcDbArc
 50
264.2873732336
 51
275.6141415489
  0
ARC
  5
44D
330
1FF
100
AcDbEntity
  8
0
  6
Continuous
 62
     7
100
AcDbCircle
 10
253.6247855729
 20
122.1340902507
 30
0.0
 40
19.52
100
AcDbArc
 50
203.4099880181
 51
215.3308230834
  0
CIRCLE
  5
44E
330
1FF
100
AcDbEntity
  8
0
  6
Continuous
 62
     7
100
AcDbCircle
 10
253.6325610291
 20
122.141865707
 30
0.0
 40
17.8
  0
ARC
  5
44F
330
1FF
100
AcDbEntity
  8
0
  6
Continuous
 62
     7
100
AcDbCircle
 10
253.6251500166
 20
122.1334699317
 30
0.0
 40
17.6994125859
100
AcDbArc
 50
8.2688509024
 51
30.0413105816
  0
ARC
  5
450
330
1FF
100
AcDbEntity
  8
0
  6
Continuous
 62
     7
100
AcDbCircle
 10
253.6251500166
 20
122.1334699317
 30
0.0
 40
17.6994125859
100
AcDbArc
 50
239.9589916731
 51
308.887834354
  0
ARC
  5
451
330
1FF
100
AcDbEntity
  8
0
  6
Continuous
 62
     7
100
AcDbCircle
 10
253.6237842958
 20
122.1391613867
 30
0.0
 40
17.6950260286
100
AcDbArc
 50
59.9499919658
 51
135.0093334664
  0
ARC
  5
452
330
1FF
100
AcDbEntity
  8
0
  6
Continuous
 62
     7
100
AcDbCircle
 10
253.632441597
 20
122.1418982199
 30
0.0
 40
17.199880827
100
AcDbArc
 50
144.0733280933
 51
220.0003382834
  0
ARC
  5
453
330
1FF
100
AcDbEntity
  8
0
  6
Continuous
 62
     7
100
AcDbCircle
 10
253.6338611031
 20
122.1420296116
 30
0.0
 40
17.1987595012
100
AcDbArc
 50
39.0352845415
 51
40.0023653553
  0
ARC
  5
454
330
1FF
100
AcDbEntity
  8
0
  6
Continuous
 62
     7
100
AcDbCircle
 10
253.6382388532
 20
122.1394865864
 30
0.0
 40
17.1939222021
100
AcDbArc
 50
319.9939104058
 51
0.0079276122
  0
CIRCLE
  5
455
330
1FF
100
AcDbEntity
  8
0
  6
Continuous
 62
     7
100
AcDbCircle
 10
253.6247855729
 20
122.1340902507
 30
0.0
 40
17.1
  0
CIRCLE
  5
456
330
1FF
100
AcDbEntity
  8
0
  6
Continuous
 62
     7
100
AcDbCircle
 10
253.6247855729
 20
122.1340902507
 30
0.0
 40
16.6
  0
ARC
  5
457
330
1FF
100
AcDbEntity
  8
0
  6
Continuous
 62
     7
100
AcDbCircle
 10
264.0855556453
 20
122.141865707
 30
0.0
 40
10.3479889776
100
AcDbArc
 50
329.9999999997
 51
30.0
  0
ARC
  5
458
330
1FF
100
AcDbEntity
  8
0
  6
Continuous
 62
     7
100
AcDbCircle
 10
264.0855556453
 20
122.141865707
 30
0.0
 40
10.0337020522
100
AcDbArc
 50
329.9999999997
 51
30.0
  0
ARC
  5
459
330
1FF
100
AcDbEntity
  8
0
  6
Continuous
 62
     7
100
AcDbCircle
 10
264.0855556453
 20
122.141865707
 30
0.0
 40
9.034311225199999
100
AcDbArc
 50
330.0000000002
 51
29.9999999999
  0
CIRCLE
  5
45A
330
1FF
100
AcDbEntity
  8
0
  6
Continuous
 62
     7
100
AcDbCircle
 10
260.9971539715
 20
119.4507675976
 30
0.0
 40
1.95
  0
CIRCLE
  5
45B
330
1FF
100
AcDbEntity
  8
0
  6
Continuous
 62
     7
100
AcDbCircle
 10
260.9971539715
 20
119.4507675976
 30
0.0
 40
1.75
  0
CIRCLE
  5
45C
330
1FF
100
AcDbEntity
  8
0
  6
Continuous
 62
     7
100
AcDbCircle
 10
267.2862463469
 20
120.8899209433
 30
0.0
 40
1.45
  0
CIRCLE
  5
45D
330
1FF
100
AcDbEntity
  8
0
  6
Continuous
 62
     7
100
AcDbCircle
 10
267.2862463469
 20
120.8899209433
 30
0.0
 40
1.25
  0
CIRCLE
  5
45E
330
1FF
100
AcDbEntity
  8
0
  6
Continuous
 62
     7
100
AcDbCircle
 10
260.9971539715
 20
119.4507675976
 30
0.0
 40
1.0
  0
CIRCLE
  5
45F
330
1FF
100
AcDbEntity
  8
0
  6
Continuous
 62
     7
100
AcDbCircle
 10
267.2862463469
 20
120.8899209433
 30
0.0
 40
0.75
  0
CIRCLE
  5
460
330
1FF
100
AcDbEntity
  8
0
  6
Continuous
 62
     7
100
AcDbCircle
 10
267.2862463469
 20
120.8899209433
 30
0.0
 40
0.65
  0
ARC
  5
461
330
1FF
100
AcDbEntity
  8
0
  6
Continuous
 62
     7
100
AcDbCircle
 10
258.8590583372
 20
131.1944245902
 30
0.0
 40
10.3479889776
100
AcDbArc
 50
29.99999999969999
 51
90.0
  0
ARC
  5
462
330
1FF
100
AcDbEntity
  8
0
  6
Continuous
 62
     7
100
AcDbCircle
 10
258.8590583372
 20
131.1944245902
 30
0.0
 40
10.0337020522
100
AcDbArc
 50
29.99999999969999
 51
90.0
  0
ARC
  5
463
330
1FF
100
AcDbEntity
  8
0
  6
Continuous
 62
     7
100
AcDbCircle
 10
258.8590583372
 20
131.1944245902
 30
0.0
 40
9.034311225199999
100
AcDbArc
 50
30.0
 51
89.99999999979999
  0
ARC
  5
464
330
1FF
100
AcDbEntity
  8
0
  6
Continuous
 62
     7
100
AcDbCircle
 10
256.6405204109
 20
133.5278085124
 30
0.0
 40
1.25
100
AcDbArc
 50
118.1768705169
 51
135.0
  0
ARC
  5
465
330
1FF
100
AcDbEntity
  8
0
  6
Continuous
 62
     7
100
AcDbCircle
 10
260.8344775032
 20
135.6581027481
 30
0.0
 40
0.4
100
AcDbArc
 50
45.0000000088
 51
134.9999999955
  0
ARC
  5
466
330
1FF
100
AcDbEntity
  8
0
  6
Continuous
 62
     7
100
AcDbCircle
 10
255.8507582207
 20
134.6142954178
 30
0.0
 40
0.4
100
AcDbArc
 50
275.0000236775
 51
5.000023675899999
  0
ARC
  5
467
330
1FF
100
AcDbEntity
  8
0
  6
Continuous
 62
     7
100
AcDbCircle
 10
255.6067218143
 20
137.4036310307
 30
0.0
 40
0.4
100
AcDbArc
 50
5.000023677999999
 51
95.00002366850001
  0
ARC
  5
468
330
1FF
100
AcDbEntity
  8
0
  6
Continuous
 62
     7
100
AcDbCircle
 10
256.4504253593999
 20
131.2740506043
 30
0.0
 40
0.4
100
AcDbArc
 50
135.0000000043
 51
224.9999999955
  0
ARC
  5
469
330
1FF
100
AcDbEntity
  8
0
  6
Continuous
 62
     7
100
AcDbCircle
 10
258.4303208112
 20
129.2941551525
 30
0.0
 40
0.4
100
AcDbArc
 50
225.0000000043
 51
314.9999999955
  0
ARC
  5
46A
330
1FF
100
AcDbEntity
  8
0
  6
Continuous
 62
     7
100
AcDbCircle
 10
262.814372955
 20
133.6782072964
 30
0.0
 40
0.4
100
AcDbArc
 50
315.0000000043
 51
44.999999991
  0
ARC
  5
46B
330
1FF
100
AcDbEntity
  8
0
  6
Continuous
 62
     7
100
AcDbCircle
 10
260.8344775032
 20
135.6581027481
 30
0.0
 40
0.2
100
AcDbArc
 50
45.0
 51
135.0000000012
  0
ARC
  5
46C
330
1FF
100
AcDbEntity
  8
0
  6
Continuous
 62
     7
100
AcDbCircle
 10
262.814372955
 20
133.6782072964
 30
0.0
 40
0.2
100
AcDbArc
 50
315.0
 51
45.0000000013
  0
ARC
  5
46D
330
1FF
100
AcDbEntity
  8
0
  6
Continuous
 62
     7
100
AcDbCircle
 10
258.4303208112
 20
129.2941551525
 30
0.0
 40
0.2
100
AcDbArc
 50
225.0
 51
315.0000000013
  0
ARC
  5
46E
330
1FF
100
AcDbEntity
  8
0
  6
Continuous
 62
     7
100
AcDbCircle
 10
256.4504253593999
 20
131.2740506043
 30
0.0
 40
0.2
100
AcDbArc
 50
135.0
 51
225.0000000013
  0
ARC
  5
46F
330
1FF
100
AcDbEntity
  8
0
  6
Continuous
 62
     7
100
AcDbCircle
 10
255.8507582207
 20
134.6142954178
 30
0.0
 40
0.2
100
AcDbArc
 50
275.0000236785
 51
5.0000236754
  0
ARC
  5
470
330
1FF
100
AcDbEntity
  8
0
  6
Continuous
 62
     7
100
AcDbCircle
 10
255.6067218143
 20
137.4036310307
 30
0.0
 40
0.2
100
AcDbArc
 50
5.000023678499999
 51
95.000023676
  0
SPLINE
  5
471
330
1FF
100
AcDbEntity
  8
0
  6
Continuous
 62
     7
100
AcDbSpline
210
0.0
220
0.0
230
1.0
 70
     8
 71
     3
 72
    22
 73
    18
 74
     0
 42
0.0000001
 43
0.0000000001
 40
0.0
 40
0.0
 40
0.0
 40
0.0
 40
0.0152462023
 40
0.0282195106
 40
0.0408811
 40
0.0535524615
 40
0.079311322
 40
0.1058513303
 40
0.1607879546
 40
0.2178812686
 40
0.2767071529
 40
0.3370144792
 40
0.4613336978
 40
0.5899932929000001
 40
0.7226310062000002
 40
0.8591913947
 40
1.0
 40
1.0
 40
1.0
 40
1.0
 10
75.196585539
 20
103.8840978818
 30
0.0
 10
75.2099048875
 20
103.8840978818
 30
0.0
 10
75.2351300439
 20
103.8885591036
 30
0.0
 10
75.2649302274
 20
103.9090987166
 30
0.0
 10
75.28960749949999
 20
103.9317034726
 30
0.0
 10
75.3190934217
 20
103.965341004
 30
0.0
 10
75.3504936309
 20
104.0128982558
 30
0.0
 10
75.39278458520001
 20
104.0965868099
 30
0.0
 10
75.4374751504
 20
104.2093301756
 30
0.0
 10
75.4813373394
 20
104.3520882799
 30
0.0
 10
75.51910985800001
 20
104.5013894856
 30
0.0
 10
75.5630263659
 20
104.709531019
 30
0.0
 10
75.60727485050001
 20
104.9797629462
 30
0.0
 10
75.6469467748
 20
105.3143801636
 30
0.0
 10
75.6751872911
 20
105.660876292
 30
0.0
 10
75.69267870659999
 20
106.0186962286
 30
0.0
 10
75.6965750719
 20
106.2610311414
 30
0.0
 10
75.6965750719
 20
106.3840439964
 30
0.0
  0
SPLINE
  5
472
330
1FF
100
AcDbEntity
  8
0
  6
Continuous
 62
     7
100
AcDbSpline
210
0.0
220
0.0
230
1.0
 70
     8
 71
     3
 72
    22
 73
    18
 74
     0
 42
0.0000001
 43
0.0000000001
 40
0.0
 40
0.0
 40
0.0
 40
0.0
 40
0.0152462023
 40
0.0282195106
 40
0.0408811
 40
0.0535524615
 40
0.079311322
 40
0.1058513303
 40
0.1607879546
 40
0.2178812686
 40
0.2767071529
 40
0.3370144792
 40
0.4613336978
 40
0.5899932929000001
 40
0.7226310062000002
 40
0.8591913947
 40
1.0
 40
1.0
 40
1.0
 40
1.0
 10
75.196585539
 20
140.3840826197
 30
0.0
 10
75.2099048874
 20
140.3840826197
 30
0.0
 10
75.23513004379999
 20
140.3796213979
 30
0.0
 10
75.2649302273
 20
140.3590817849
 30
0.0
 10
75.28960749949999
 20
140.3364770289
 30
0.0
 10
75.3190934216
 20
140.3028394975
 30
0.0
 10
75.3504936308
 20
140.2552822457
 30
0.0
 10
75.39278458510001
 20
140.1715936916
 30
0.0
 10
75.4374751504
 20
140.0588503259
 30
0.0
 10
75.4813373393
 20
139.9160922216
 30
0.0
 10
75.51910985800001
 20
139.7667910159
 30
0.0
 10
75.5630263659
 20
139.5586494824
 30
0.0
 10
75.60727485040001
 20
139.2884175553
 30
0.0
 10
75.6469467747
 20
138.9538003379
 30
0.0
 10
75.675187291
 20
138.6073042095
 30
0.0
 10
75.69267870659999
 20
138.2494842728
 30
0.0
 10
75.6965750718
 20
138.0071493601
 30
0.0
 10
75.6965750718
 20
137.8841365051
 30
0.0
  0
SPLINE
  5
473
330
1FF
100
AcDbEntity
  8
0
  6
Continuous
 62
     7
100
AcDbSpline
210
0.0
220
0.0
230
1.0
 70
     8
 71
     3
 72
    14
 73
    10
 74
     0
 42
0.0000001
 43
0.0000000001
 40
0.0
 40
0.0
 40
0.0
 40
0.0
 40
0.0822351312
 40
0.1730419992
 40
0.277723838
 40
0.3982143994
 40
0.5337498712
 40
0.6817840261
 40
1.0
 40
1.0
 40
1.0
 40
1.0
 10
60.3965037347
 20
117.4675666317
 30
0.0
 10
60.3965037347
 20
117.4344366017
 30
0.0
 10
60.3818366122
 20
117.3641962762
 30
0.0
 10
60.3207672552
 20
117.2683579157
 30
0.0
 10
60.2254635738
 20
117.1822828934
 30
0.0
 10
60.09990047279999
 20
117.1077314233
 30
0.0
 10
59.9483646404
 20
117.0468246788
 30
0.0
 10
59.7134697769
 20
116.985144826
 30
0.0
 10
59.5247032594
 20
116.9675666317
 30
0.0
 10
59.39650373470001
 20
116.9675666317
 30
0.0
  0
SPLINE
  5
474
330
1FF
100
AcDbEntity
  8
0
  6
Continuous
 62
     7
100
AcDbSpline
210
0.0
220
0.0
230
1.0
 70
     8
 71
     3
 72
    14
 73
    10
 74
     0
 42
0.0000001
 43
0.0000000001
 40
0.0
 40
0.0
 40
0.0
 40
0.0
 40
0.3182159739
 40
0.4662501288000001
 40
0.6017856006
 40
0.722276162
 40
0.8269580008
 40
0.9177648687999999
 40
1.0
 40
1.0
 40
1.0
 40
1.0
 10
59.39650373470001
 20
127.3161647823
 30
0.0
 10
59.5247032594
 20
127.3161647823
 30
0.0
 10
59.7134697769
 20
127.298586588
 30
0.0
 10
59.9483646404
 20
127.2369067351
 30
0.0
 10
60.09990047279999
 20
127.1759999907
 30
0.0
 10
60.2254635738
 20
127.1014485206
 30
0.0
 10
60.3207672552
 20
127.0153734982
 30
0.0
 10
60.3818366122
 20
126.9195351377
 30
0.0
 10
60.3965037347
 20
126.8492948122
 30
0.0
 10
60.3965037347
 20
126.8161647823
 30
0.0
  0
SPLINE
  5
475
330
1FF
100
AcDbEntity
  8
0
  6
Continuous
 62
     7
100
AcDbSpline
210
0.0
220
0.0
230
1.0
 70
     8
 71
     3
 72
    14
 73
    10
 74
     0
 42
0.0000001
 43
0.0000000001
 40
0.0
 40
0.0
 40
0.0
 40
0.0
 40
0.3182159739
 40
0.4662501288000001
 40
0.6017856006
 40
0.722276162
 40
0.8269580008
 40
0.9177648687999999
 40
1.0
 40
1.0
 40
1.0
 40
1.0
 10
59.39650373470001
 20
107.9150077484
 30
0.0
 10
59.5247032594
 20
107.9150077484
 30
0.0
 10
59.7134697769
 20
107.9325859427
 30
0.0
 10
59.9483646404
 20
107.9942657956
 30
0.0
 10
60.09990047279999
 20
108.05517254
 30
0.0
 10
60.2254635738
 20
108.1297240101
 30
0.0
 10
60.3207672552
 20
108.2157990325
 30
0.0
 10
60.3818366122
 20
108.311637393
 30
0.0
 10
60.3965037347
 20
108.3818777185
 30
0.0
 10
60.3965037347
 20
108.4150077484
 30
0.0
  0
SPLINE
  5
476
330
1FF
100
AcDbEntity
  8
0
  6
Continuous
 62
     7
100
AcDbSpline
210
0.0
220
0.0
230
1.0
 70
     8
 71
     3
 72
    14
 73
    10
 74
     0
 42
0.0000001
 43
0.0000000001
 40
0.0
 40
0.0
 40
0.0
 40
0.0
 40
0.0827458743
 40
0.1737756331
 40
0.2783141303
 40
0.3983890207
 40
0.5334239942
 40
0.6811030270999999
 40
1.0
 40
1.0
 40
1.0
 40
1.0
 10
49.39650373470001
 20
126.6590213196
 30
0.0
 10
49.39650373470001
 20
126.6913979154
 30
0.0
 10
49.4104520227
 20
126.7598962935
 30
0.0
 10
49.46878604520001
 20
126.8538169068
 30
0.0
 10
49.56009615600001
 20
126.9385745034
 30
0.0
 10
49.6806585042
 20
127.0124719676
 30
0.0
 10
49.82651821840001
 20
127.0735137044
 30
0.0
 10
50.05370213009999
 20
127.1366864106
 30
0.0
 10
50.2368460551
 20
127.1565384072
 30
0.0
 10
50.36160423800001
 20
127.1587167331
 30
0.0
  0
SPLINE
  5
477
330
1FF
100
AcDbEntity
  8
0
  6
Continuous
 62
     7
100
AcDbSpline
210
0.0
220
0.0
230
1.0
 70
     8
 71
     3
 72
    14
 73
    10
 74
     0
 42
0.0000001
 43
0.0000000001
 40
0.0
 40
0.0
 40
0.0
 40
0.0
 40
0.3188969729
 40
0.4665760058
 40
0.6016109793
 40
0.7216858697000001
 40
0.8262243669
 40
0.9172541256999998
 40
1.0
 40
1.0
 40
1.0
 40
1.0
 10
50.36160423800001
 20
117.1250146809
 30
0.0
 10
50.2368460551
 20
117.1271930067
 30
0.0
 10
50.05370213009999
 20
117.1470450033
 30
0.0
 10
49.82651821840001
 20
117.2102177096
 30
0.0
 10
49.6806585042
 20
117.2712594463
 30
0.0
 10
49.56009615600001
 20
117.3451569106
 30
0.0
 10
49.46878604520001
 20
117.4299145072
 30
0.0
 10
49.4104520227
 20
117.5238351205
 30
0.0
 10
49.39650373470001
 20
117.5923334986
 30
0.0
 10
49.39650373470001
 20
117.6247100944
 30
0.0
  0
SPLINE
  5
478
330
1FF
100
AcDbEntity
  8
0
  6
Continuous
 62
     7
100
AcDbSpline
210
0.0
220
0.0
230
1.0
 70
     8
 71
     3
 72
    14
 73
    10
 74
     0
 42
0.0000001
 43
0.0000000001
 40
0.0
 40
0.0
 40
0.0
 40
0.0
 40
0.0827458743
 40
0.1737756331
 40
0.2783141303
 40
0.3983890207
 40
0.5334239942
 40
0.6811030270999999
 40
1.0
 40
1.0
 40
1.0
 40
1.0
 10
49.39650373470001
 20
108.5721512111
 30
0.0
 10
49.39650373470001
 20
108.5397746153
 30
0.0
 10
49.4104520227
 20
108.4712762372
 30
0.0
 10
49.46878604520001
 20
108.3773556239
 30
0.0
 10
49.56009615600001
 20
108.2925980273
 30
0.0
 10
49.6806585042
 20
108.2187005631
 30
0.0
 10
49.82651821840001
 20
108.1576588263
 30
0.0
 10
50.05370213009999
 20
108.0944861201
 30
0.0
 10
50.2368460551
 20
108.0746341235
 30
0.0
 10
50.36160423800001
 20
108.0724557976
 30
0.0
  0
SPLINE
  5
479
330
1FF
100
AcDbEntity
  8
0
  6
Continuous
 62
     7
100
AcDbSpline
210
0.0
220
0.0
230
1.0
 70
     8
 71
     3
 72
    14
 73
    10
 74
     0
 42
0.0000001
 43
0.0000000001
 40
0.0
 40
0.0
 40
0.0
 40
0.0
 40
0.0822351312
 40
0.1730419992
 40
0.277723838
 40
0.3982143994
 40
0.5337498712
 40
0.6817840261
 40
1.0
 40
1.0
 40
1.0
 40
1.0
 10
60.3965037347
 20
135.8687236655
 30
0.0
 10
60.3965037347
 20
135.9018536955
 30
0.0
 10
60.3818366122
 20
135.972094021
 30
0.0
 10
60.3207672552
 20
136.0679323815
 30
0.0
 10
60.2254635738
 20
136.1540074039
 30
0.0
 10
60.09990047279999
 20
136.2285588739
 30
0.0
 10
59.9483646404
 20
136.2894656184
 30
0.0
 10
59.7134697769
 20
136.3511454713
 30
0.0
 10
59.5247032594
 20
136.3687236655
 30
0.0
 10
59.39650373470001
 20
136.3687236655
 30
0.0
  0
SPLINE
  5
47A
330
1FF
100
AcDbEntity
  8
0
  6
Continuous
 62
     7
100
AcDbSpline
210
0.0
220
0.0
230
1.0
 70
     8
 71
     3
 72
    14
 73
    10
 74
     0
 42
0.0000001
 43
0.0000000001
 40
0.0
 40
0.0
 40
0.0
 40
0.0
 40
0.3188969729
 40
0.4665760058
 40
0.6016109793
 40
0.7216858697000001
 40
0.8262243669
 40
0.9172541256999998
 40
1.0
 40
1.0
 40
1.0
 40
1.0
 10
50.36160423800001
 20
136.2112756163
 30
0.0
 10
50.2368460551
 20
136.2090972905
 30
0.0
 10
50.05370213009999
 20
136.1892452939
 30
0.0
 10
49.82651821840001
 20
136.1260725877
 30
0.0
 10
49.6806585042
 20
136.0650308509
 30
0.0
 10
49.56009615600001
 20
135.9911333866
 30
0.0
 10
49.46878604520001
 20
135.90637579
 30
0.0
 10
49.4104520227
 20
135.8124551767
 30
0.0
 10
49.39650373470001
 20
135.7439567986
 30
0.0
 10
49.39650373470001
 20
135.7115802028
 30
0.0
  0
LINE
  5
47B
330
1FF
100
AcDbEntity
  8
0
  6
Continuous
 62
     7
100
AcDbLine
 10
61.6965037352
 20
109.1233521345
 30
0.0
 11
61.6995408739
 21
108.7196238387
 31
0.0
  0
SPLINE
  5
47C
330
1FF
100
AcDbEntity
  8
0
  6
Continuous
 62
     7
100
AcDbSpline
210
0.0
220
0.0
230
1.0
 70
     8
 71
     3
 72
     9
 73
     5
 74
     0
 42
0.0000001
 43
0.0000000001
 40
0.0
 40
0.0
 40
0.0
 40
0.0
 40
0.5740518716
 40
1.0
 40
1.0
 40
1.0
 40
1.0
 10
61.69955226029999
 20
108.7184441953
 30
0.0
 10
61.7049463805
 20
108.0128043532
 30
0.0
 10
61.71513984699999
 20
106.7835841246
 30
0.0
 10
61.72787090699999
 20
105.5543844467
 30
0.0
 10
61.7346863279
 20
105.0308267286
 30
0.0
  0
SPLINE
  5
47D
330
1FF
100
AcDbEntity
  8
0
  6
Continuous
 62
     7
100
AcDbSpline
210
0.0
220
0.0
230
1.0
 70
     8
 71
     3
 72
    20
 73
    16
 74
     0
 42
0.0000001
 43
0.0000000001
 40
0.0
 40
0.0
 40
0.0
 40
0.0
 40
0.177056246
 40
0.3305490529
 40
0.4601685234000001
 40
0.5657216809000002
 40
0.6472418573
 40
0.6791546014000001
 40
0.7054736001000001
 40
0.7269327470000001
 40
0.7462977891
 40
0.7876539223000001
 40
0.8773001181999999
 40
0.9379013812
 40
1.0
 40
1.0
 40
1.0
 40
1.0
 10
61.7346863279
 20
105.0308267286
 30
0.0
 10
61.7360427554
 20
104.9266265503
 30
0.0
 10
61.7386935079
 20
104.7320951062
 30
0.0
 10
61.7428426616
 20
104.4612879452
 30
0.0
 10
61.74686614319999
 20
104.2325683097
 30
0.0
 10
61.750764148
 20
104.0462147413
 30
0.0
 10
61.7540924288
 20
103.9173689413
 30
0.0
 10
61.7568488929
 20
103.8351616148
 30
0.0
 10
61.7587551496
 20
103.7882967111
 30
0.0
 10
61.7608564405
 20
103.7488322827
 30
0.0
 10
61.7644497809
 20
103.7005948484
 30
0.0
 10
61.78092001029999
 20
103.6131182558
 30
0.0
 10
61.84638849479999
 20
103.5135477773
 30
0.0
 10
61.9551931477
 20
103.4476213351
 30
0.0
 10
62.02814247
 20
103.4340650403
 30
0.0
 10
62.0646915074
 20
103.434068544
 30
0.0
  0
SPLINE
  5
47E
330
1FF
100
AcDbEntity
  8
0
  6
Continuous
 62
     7
100
AcDbSpline
210
0.0
220
0.0
230
1.0
 70
     8
 71
     3
 72
    32
 73
    28
 74
     0
 42
0.0000001
 43
0.0000000001
 40
0.0
 40
0.0
 40
0.0
 40
0.0
 40
0.2176996208
 40
0.3038997275
 40
0.3747319958
 40
0.4300455493000001
 40
0.4518492895000001
 40
0.4697337317000001
 40
0.4836865731000001
 40
0.4937012351
 40
0.4972332218
 40
0.4997841328
 40
0.5013605793
 40
0.5020006796000001
 40
0.5025312173
 40
0.5039807334000001
 40
0.5064033967000001
 40
0.5098073297
 40
0.5195680881
 40
0.5332664392000001
 40
0.5508937011999999
 40
0.5724395311000001
 40
0.6272430266
 40
0.6975770724000001
 40
0.7832766245000001
 40
0.8841523167
 40
1.0
 40
1.0
 40
1.0
 40
1.0
 10
61.73498492850001
 20
139.259188213
 30
0.0
 10
61.73740584149999
 20
139.4437300683
 30
0.0
 10
61.74103988569999
 20
139.701339155
 30
0.0
 10
61.7465978877
 20
140.0189770847
 30
0.0
 10
61.7503056045
 20
140.1989537509
 30
0.0
 10
61.7534585904
 20
140.3243516368
 30
0.0
 10
61.7560055081
 20
140.4048348634
 30
0.0
 10
61.7577300668
 20
140.4503107566
 30
0.0
 10
61.7593639997
 20
140.4856677476
 30
0.0
 10
61.7608626031
 20
140.5091156569
 30
0.0
 10
61.7619800964
 20
140.5224716071
 30
0.0
 10
61.7629095679
 20
140.529319805
 30
0.0
 10
61.76332559449999
 20
140.5325614148
 30
0.0
 10
61.7644892212
 20
140.535855226
 30
0.0
 10
61.76597255499999
 20
140.5330878393
 30
0.0
 10
61.7661442809
 20
140.5298709114
 30
0.0
 10
61.767145426
 20
140.5234847537
 30
0.0
 10
61.768088703
 20
140.5104742823
 30
0.0
 10
61.7694727137
 20
140.4876142448
 30
0.0
 10
61.77081701289999
 20
140.4528683366
 30
0.0
 10
61.7722176605
 20
140.4080440899
 30
0.0
 10
61.7741683865
 20
140.3284087807
 30
0.0
 10
61.7764006172
 20
140.2040677946
 30
0.0
 10
61.7787778833
 20
140.02534657
 30
0.0
 10
61.7809978228
 20
139.8075582039
 30
0.0
 10
61.7830491427
 20
139.5511836436
 30
0.0
 10
61.7842165441
 20
139.3674570607
 30
0.0
 10
61.78478179039999
 20
139.2692472809
 30
0.0
  0
SPLINE
  5
47F
330
1FF
100
AcDbEntity
  8
0
  6
Continuous
 62
     7
100
AcDbSpline
210
0.0
220
0.0
230
1.0
 70
     8
 71
     3
 72
     9
 73
     5
 74
     0
 42
0.0000001
 43
0.0000000001
 40
0.0
 40
0.0
 40
0.0
 40
0.0
 40
0.4082481617
 40
1.0
 40
1.0
 40
1.0
 40
1.0
 10
61.78478179039999
 20
139.2692472809
 30
0.0
 10
61.7895674847
 20
138.4377477911
 30
0.0
 10
61.7933841686
 20
136.4009582961
 30
0.0
 10
61.7929946925
 20
134.3641761947
 30
0.0
 10
61.7918713603
 20
133.1589061318
 30
0.0
  0
LINE
  5
480
330
1FF
100
AcDbEntity
  8
0
  6
Continuous
 62
     7
100
AcDbLine
 10
61.7918713603
 20
133.1589061318
 30
0.0
 11
61.7915676372
 21
132.8524645077
 31
0.0
  0
LINE
  5
481
330
1FF
100
AcDbEntity
  8
0
  6
Continuous
 62
     7
100
AcDbLine
 10
61.7915676372
 20
132.8524645077
 30
0.0
 11
61.7909737355
 21
132.3334227915
 31
0.0
  0
LINE
  5
482
330
1FF
100
AcDbEntity
  8
0
  6
Continuous
 62
     7
100
AcDbLine
 10
61.7909737355
 20
132.3334227915
 30
0.0
 11
61.7908138162
 21
132.2063980931
 31
0.0
  0
LINE
  5
483
330
1FF
100
AcDbEntity
  8
0
  6
Continuous
 62
     7
100
AcDbLine
 10
61.7908138162
 20
132.2063980931
 30
0.0
 11
61.7906862616
 21
132.1081063419
 31
0.0
  0
LINE
  5
484
330
1FF
100
AcDbEntity
  8
0
  6
Continuous
 62
     7
100
AcDbLine
 10
61.7906862616
 20
132.1081063419
 30
0.0
 11
61.7905825693
 21
132.0300057117
 31
0.0
  0
LINE
  5
485
330
1FF
100
AcDbEntity
  8
0
  6
Continuous
 62
     7
100
AcDbLine
 10
61.7905637713
 20
132.0160107547
 30
0.0
 11
61.789590496
 21
131.3470100749
 31
0.0
  0
LINE
  5
486
330
1FF
100
AcDbEntity
  8
0
  6
Continuous
 62
     7
100
AcDbLine
 10
61.789590496
 20
131.3470100749
 30
0.0
 11
61.7892833089
 21
131.1539266813
 31
0.0
  0
LINE
  5
487
330
1FF
100
AcDbEntity
  8
0
  6
Continuous
 62
     7
100
AcDbLine
 10
61.7892833089
 20
131.1539266813
 30
0.0
 11
61.7889783621
 21
130.9689285041
 31
0.0
  0
LINE
  5
488
330
1FF
100
AcDbEntity
  8
0
  6
Continuous
 62
     7
100
AcDbLine
 10
61.7889783621
 20
130.9689285041
 30
0.0
 11
61.78876165609999
 21
130.8410831763
 31
0.0
  0
LINE
  5
489
330
1FF
100
AcDbEntity
  8
0
  6
Continuous
 62
     7
100
AcDbLine
 10
61.78876165609999
 20
130.8410831763
 30
0.0
 11
61.78855319189999
 21
130.720693075
 31
0.0
  0
LINE
  5
48A
330
1FF
100
AcDbEntity
  8
0
  6
Continuous
 62
     7
100
AcDbLine
 10
61.78855319189999
 20
130.720693075
 30
0.0
 11
61.7884331409
 21
130.6524447257
 31
0.0
  0
SPLINE
  5
48B
330
1FF
100
AcDbEntity
  8
0
  6
Continuous
 62
     7
100
AcDbSpline
210
0.0
220
0.0
230
1.0
 70
     8
 71
     3
 72
     9
 73
     5
 74
     0
 42
0.0000001
 43
0.0000000001
 40
0.0
 40
0.0
 40
0.0
 40
0.0
 40
0.2415918868
 40
1.0
 40
1.0
 40
1.0
 40
1.0
 10
61.7884331409
 20
130.6524447257
 30
0.0
 10
61.7878975304
 20
130.3496526935
 30
0.0
 10
61.78551581579999
 20
129.0963326204
 30
0.0
 10
61.7825113117
 20
127.8430137553
 30
0.0
 10
61.779933923
 20
126.8924874278
 30
0.0
  0
LINE
  5
48C
330
1FF
100
AcDbEntity
  8
0
  6
Continuous
 62
     7
100
AcDbLine
 10
61.779933923
 20
126.8924874278
 30
0.0
 11
61.778554137
 21
126.3937880889
 31
0.0
  0
SPLINE
  5
48D
330
1FF
100
AcDbEntity
  8
0
  6
Continuous
 62
     7
100
AcDbSpline
210
0.0
220
0.0
230
1.0
 70
     8
 71
     3
 72
     9
 73
     5
 74
     0
 42
0.0000001
 43
0.0000000001
 40
0.0
 40
0.0
 40
0.0
 40
0.0
 40
0.2476644662
 40
1.0
 40
1.0
 40
1.0
 40
1.0
 10
61.778554137
 20
126.3937880889
 30
0.0
 10
61.77795660880001
 20
126.1820189742
 30
0.0
 10
61.7754846401
 20
125.3269545549
 30
0.0
 10
61.7727789394
 20
124.4718908128
 30
0.0
 10
61.7706173309
 20
123.8285964109
 30
0.0
  0
LINE
  5
48E
330
1FF
100
AcDbEntity
  8
0
  6
Continuous
 62
     7
100
AcDbLine
 10
61.7706173309
 20
123.8285964109
 30
0.0
 11
61.7699921122
 21
123.6435679457
 31
0.0
  0
LINE
  5
48F
330
1FF
100
AcDbEntity
  8
0
  6
Continuous
 62
     7
100
AcDbLine
 10
61.7699921122
 20
123.6435679457
 30
0.0
 11
61.7694320404
 21
123.479540246
 31
0.0
  0
LINE
  5
490
330
1FF
100
AcDbEntity
  8
0
  6
Continuous
 62
     7
100
AcDbLine
 10
61.7694320404
 20
123.479540246
 30
0.0
 11
61.76911228609999
 21
123.3866033134
 31
0.0
  0
SPLINE
  5
491
330
1FF
100
AcDbEntity
  8
0
  6
Continuous
 62
     7
100
AcDbSpline
210
0.0
220
0.0
230
1.0
 70
     8
 71
     3
 72
     9
 73
     5
 74
     0
 42
0.0000001
 43
0.0000000001
 40
0.0
 40
0.0
 40
0.0
 40
0.0
 40
0.2498551863
 40
1.0
 40
1.0
 40
1.0
 40
1.0
 10
61.76911228609999
 20
123.3866033134
 30
0.0
 10
61.7683925914
 20
123.1779940339
 30
0.0
 10
61.7654592052
 20
122.3430734674
 30
0.0
 10
61.7623152674
 20
121.5081536405
 30
0.0
 10
61.75983811810001
 20
120.8818433415
 30
0.0
  0
LINE
  5
492
330
1FF
100
AcDbEntity
  8
0
  6
Continuous
 62
     7
100
AcDbLine
 10
61.75983811810001
 20
120.8818433415
 30
0.0
 11
61.75947112220001
 21
120.7892734142
 31
0.0
  0
LINE
  5
493
330
1FF
100
AcDbEntity
  8
0
  6
Continuous
 62
     7
100
AcDbLine
 10
61.75947112220001
 20
120.7892734142
 30
0.0
 11
61.7588196441
 21
120.6260151942
 31
0.0
  0
LINE
  5
494
330
1FF
100
AcDbEntity
  8
0
  6
Continuous
 62
     7
100
AcDbLine
 10
61.7588196441
 20
120.6260151942
 30
0.0
 11
61.75807900439999
 21
120.442040794
 31
0.0
  0
SPLINE
  5
495
330
1FF
100
AcDbEntity
  8
0
  6
Continuous
 62
     7
100
AcDbSpline
210
0.0
220
0.0
230
1.0
 70
     8
 71
     3
 72
     9
 73
     5
 74
     0
 42
0.0000001
 43
0.0000000001
 40
0.0
 40
0.0
 40
0.0
 40
0.0
 40
0.2520168364
 40
1.0
 40
1.0
 40
1.0
 40
1.0
 10
61.75807900439999
 20
120.442040794
 30
0.0
 10
61.7572090581
 20
120.2269479188
 30
0.0
 10
61.7537008639
 20
119.3734620143
 30
0.0
 10
61.749967978
 20
118.5199770317
 30
0.0
 10
61.7470427936
 20
117.881585254
 30
0.0
  0
LINE
  5
496
330
1FF
100
AcDbEntity
  8
0
  6
Continuous
 62
     7
100
AcDbLine
 10
61.7470427936
 20
117.881585254
 30
0.0
 11
61.7447137117
 21
117.3793492702
 31
0.0
  0
SPLINE
  5
497
330
1FF
100
AcDbEntity
  8
0
  6
Continuous
 62
     7
100
AcDbSpline
210
0.0
220
0.0
230
1.0
 70
     8
 71
     3
 72
     9
 73
     5
 74
     0
 42
0.0000001
 43
0.0000000001
 40
0.0
 40
0.0
 40
0.0
 40
0.0
 40
0.2578280281
 40
1.0
 40
1.0
 40
1.0
 40
1.0
 10
61.7447137117
 20
117.3793492702
 30
0.0
 10
61.74317056899999
 20
117.0505396999
 30
0.0
 10
61.7370445279
 20
115.775234605
 30
0.0
 10
61.73035188
 20
114.4999322004
 30
0.0
 10
61.72499998180001
 20
113.5534407143
 30
0.0
  0
LINE
  5
498
330
1FF
100
AcDbEntity
  8
0
  6
Continuous
 62
     7
100
AcDbLine
 10
61.72499998180001
 20
113.5534407143
 30
0.0
 11
61.71613231520001
 21
112.0467391931
 31
0.0
  0
LINE
  5
499
330
1FF
100
AcDbEntity
  8
0
  6
Continuous
 62
     7
100
AcDbLine
 10
61.71613231520001
 20
112.0467391931
 30
0.0
 11
61.7122435488
 21
111.4235430484
 31
0.0
  0
LINE
  5
49A
330
1FF
100
AcDbEntity
  8
0
  6
Continuous
 62
     7
100
AcDbLine
 10
61.7122435488
 20
111.4235430484
 30
0.0
 11
61.71035344779999
 21
111.128652583
 31
0.0
  0
SPLINE
  5
49B
330
1FF
100
AcDbEntity
  8
0
  6
Continuous
 62
     7
100
AcDbSpline
210
0.0
220
0.0
230
1.0
 70
     8
 71
     3
 72
     9
 73
     5
 74
     0
 42
0.0000001
 43
0.0000000001
 40
0.0
 40
0.0
 40
0.0
 40
0.0
 40
0.2615933244
 40
1.0
 40
1.0
 40
1.0
 40
1.0
 10
61.71035344779999
 20
111.128652583
 30
0.0
 10
61.70922264449999
 20
110.9537790347
 30
0.0
 10
61.7048307658
 20
110.2852855607
 30
0.0
 10
61.70015801409999
 20
109.6167939105
 30
0.0
 10
61.69650373479999
 20
109.1231767394
 30
0.0
  0
SPLINE
  5
49C
330
1FF
100
AcDbEntity
  8
0
  6
Continuous
 62
     7
100
AcDbSpline
210
0.0
220
0.0
230
1.0
 70
     8
 71
     3
 72
    29
 73
    25
 74
     0
 42
0.0000001
 43
0.0000000001
 40
0.0
 40
0.0
 40
0.0
 40
0.0
 40
0.0003016755
 40
0.0010861798
 40
0.0023758115
 40
0.0041741274
 40
0.0064822955
 40
0.0093008189
 40
0.0164693505
 40
0.0256762739
 40
0.0369151631
 40
0.050179306
 40
0.0654618691
 40
0.0827559546
 40
0.102053657
 40
0.146610543
 40
0.1990281937
 40
0.2591988667
 40
0.3269851826
 40
0.4022283445000001
 40
0.4847669573
 40
0.5744212515
 40
0.7743082568000001
 40
1.0
 40
1.0
 40
1.0
 40
1.0
 10
62.0646309946
 20
103.434105584
 30
0.0
 10
62.06412128270001
 20
103.4341068976
 30
0.0
 10
62.06355359919999
 20
103.4365747578
 30
0.0
 10
62.0628166491
 20
103.4398897601
 30
0.0
 10
62.0620569804
 20
103.4467430505
 30
0.0
 10
62.0612448029
 20
103.4556696661
 30
0.0
 10
62.06042156310001
 20
103.4674016196
 30
0.0
 10
62.05920025060001
 20
103.4881115369
 30
0.0
 10
62.0577138212
 20
103.5205275286
 30
0.0
 10
62.0559828401
 20
103.5671448804
 30
0.0
 10
62.0542105316
 20
103.6240771861
 30
0.0
 10
62.0523977489
 20
103.691273935
 30
0.0
 10
62.0505498426
 20
103.7687053347
 30
0.0
 10
62.04866852399999
 20
103.8563324618
 30
0.0
 10
62.04598849839999
 20
103.9934158971
 30
0.0
 10
62.0426199759
 20
104.1898418561
 30
0.0
 10
62.0386298454
 20
104.4553259478
 30
0.0
 10
62.0345389551
 20
104.7600611886
 30
0.0
 10
62.0303567407
 20
105.1033645639
 30
0.0
 10
62.0260934472
 20
105.4844626205
 30
0.0
 10
62.0217589041
 20
105.9025103701
 30
0.0
 10
62.01567739999999
 20
106.5311505241
 30
0.0
 10
62.0080720264
 20
107.4016598145
 30
0.0
 10
62.0024234228
 20
108.1206993279
 30
0.0
 10
61.9995375761
 20
108.5020191835
 30
0.0
  0
LINE
  5
49D
330
1FF
100
AcDbEntity
  8
0
  6
Continuous
 62
     7
100
AcDbLine
 10
61.6965037347
 20
110.0425967902
 30
0.0
 11
61.7040693286
 21
111.1075542627
 31
0.0
  0
LINE
  5
49E
330
1FF
100
AcDbEntity
  8
0
  6
Continuous
 62
     7
100
AcDbLine
 10
61.7040693286
 20
111.1075542627
 30
0.0
 11
61.7061779641
 21
111.4198456694
 31
0.0
  0
SPLINE
  5
49F
330
1FF
100
AcDbEntity
  8
0
  6
Continuous
 62
     7
100
AcDbSpline
210
0.0
220
0.0
230
1.0
 70
     8
 71
     3
 72
     9
 73
     5
 74
     0
 42
0.0000001
 43
0.0000000001
 40
0.0
 40
0.0
 40
0.0
 40
0.0
 40
0.2247091102
 40
1.0
 40
1.0
 40
1.0
 40
1.0
 10
61.7061779641
 20
111.4198456694
 30
0.0
 10
61.710912973
 20
112.128741366
 30
0.0
 10
61.7304543601
 20
115.283477637
 30
0.0
 10
61.74529901989999
 20
118.4382418208
 30
0.0
 10
61.75501848159999
 20
120.88410748
 30
0.0
  0
SPLINE
  5
4A0
330
1FF
100
AcDbEntity
  8
0
  6
Continuous
 62
     7
100
AcDbSpline
210
0.0
220
0.0
230
1.0
 70
     8
 71
     3
 72
     9
 73
     5
 74
     0
 42
0.0000001
 43
0.0000000001
 40
0.0
 40
0.0
 40
0.0
 40
0.0
 40
0.2498415611
 40
1.0
 40
1.0
 40
1.0
 40
1.0
 10
61.7551399475
 20
120.9146996576
 30
0.0
 10
61.75594663880001
 20
121.1180426352
 30
0.0
 10
61.7591211489
 20
121.9319305661
 30
0.0
 10
61.7620807997
 20
122.7458193352
 30
0.0
 10
61.76417932060001
 20
123.3563652719
 30
0.0
  0
LINE
  5
4A1
330
1FF
100
AcDbEntity
  8
0
  6
Continuous
 62
     7
100
AcDbLine
 10
61.7642753785
 20
123.3843373258
 30
0.0
 11
61.76459385560001
 21
123.4774367398
 31
0.0
  0
LINE
  5
4A2
330
1FF
100
AcDbEntity
  8
0
  6
Continuous
 62
     7
100
AcDbLine
 10
61.76459385560001
 20
123.4774367398
 30
0.0
 11
61.76515164579999
 21
123.6418481532
 31
0.0
  0
LINE
  5
4A3
330
1FF
100
AcDbEntity
  8
0
  6
Continuous
 62
     7
100
AcDbLine
 10
61.76515164579999
 20
123.6418481532
 30
0.0
 11
61.76577420939999
 21
123.8274508536
 31
0.0
  0
SPLINE
  5
4A4
330
1FF
100
AcDbEntity
  8
0
  6
Continuous
 62
     7
100
AcDbSpline
210
0.0
220
0.0
230
1.0
 70
     8
 71
     3
 72
     9
 73
     5
 74
     0
 42
0.0000001
 43
0.0000000001
 40
0.0
 40
0.0
 40
0.0
 40
0.0
 40
0.2619101169
 40
1.0
 40
1.0
 40
1.0
 40
1.0
 10
61.76577420939999
 20
123.8274508536
 30
0.0
 10
61.7678145837
 20
124.4394583009
 30
0.0
 10
61.775127239
 20
126.776167752
 30
0.0
 10
61.7806161706
 20
129.1128832788
 30
0.0
 10
61.7832258222
 20
130.8375913731
 30
0.0
  0
LINE
  5
4A5
330
1FF
100
AcDbEntity
  8
0
  6
Continuous
 62
     7
100
AcDbLine
 10
61.7832258222
 20
130.8375913731
 30
0.0
 11
61.78369022930001
 21
131.1560371698
 31
0.0
  0
LINE
  5
4A6
330
1FF
100
AcDbEntity
  8
0
  6
Continuous
 62
     7
100
AcDbLine
 10
61.78369022930001
 20
131.1560371698
 30
0.0
 11
61.7839587831
 21
131.3523541739
 31
0.0
  0
LINE
  5
4A7
330
1FF
100
AcDbEntity
  8
0
  6
Continuous
 62
     7
100
AcDbLine
 10
61.7839587831
 20
131.3523541739
 30
0.0
 11
61.785075051
 21
132.3243452144
 31
0.0
  0
LINE
  5
4A8
330
1FF
100
AcDbEntity
  8
0
  6
Continuous
 62
     7
100
AcDbLine
 10
61.785075051
 20
132.3243452144
 30
0.0
 11
61.7851288953
 21
132.3814436138
 31
0.0
  0
LINE
  5
4A9
330
1FF
100
AcDbEntity
  8
0
  6
Continuous
 62
     7
100
AcDbLine
 10
61.7851288953
 20
132.3814436138
 30
0.0
 11
61.7855167151
 21
132.8489185714
 31
0.0
  0
LINE
  5
4AA
330
1FF
100
AcDbEntity
  8
0
  6
Continuous
 62
     7
100
AcDbLine
 10
61.7855167151
 20
132.8489185714
 30
0.0
 11
61.78572057109999
 21
133.1612224507
 31
0.0
  0
SPLINE
  5
4AB
330
1FF
100
AcDbEntity
  8
0
  6
Continuous
 62
     7
100
AcDbSpline
210
0.0
220
0.0
230
1.0
 70
     8
 71
     3
 72
     9
 73
     5
 74
     0
 42
0.0000001
 43
0.0000000001
 40
0.0
 40
0.0
 40
0.0
 40
0.0
 40
0.2693722603
 40
1.0
 40
1.0
 40
1.0
 40
1.0
 10
61.78572057109999
 20
133.1612224507
 30
0.0
 10
61.78584565699999
 20
133.3774298349
 30
0.0
 10
61.7861821888
 20
134.18006407
 30
0.0
 10
61.78599998220001
 20
134.9826986495
 30
0.0
 10
61.7854139313
 20
135.569125254
 30
0.0
  0
SPLINE
  5
4AC
330
1FF
100
AcDbEntity
  8
0
  6
Continuous
 62
     7
100
AcDbSpline
210
0.0
220
0.0
230
1.0
 70
     8
 71
     3
 72
    28
 73
    24
 74
     0
 42
0.0000001
 43
0.0000000001
 40
0.0
 40
0.0
 40
0.0
 40
0.0
 40
0.2276135395
 40
0.4281881286
 40
0.5178849954000001
 40
0.6003151688
 40
0.6753380899
 40
0.7428146374
 40
0.8026293508
 40
0.8546863330999999
 40
0.8988903865000001
 40
0.9180200001000001
 40
0.9351584474999999
 40
0.9502997845999999
 40
0.963438116
 40
0.9745676301999999
 40
0.9836826752
 40
0.9907780425
 40
0.9958521573
 40
0.9976325340999999
 40
0.9989102492
 40
0.9996899949999999
 40
1.0
 40
1.0
 40
1.0
 40
1.0
 10
61.7854139313
 20
135.569125254
 30
0.0
 10
61.78513599449999
 20
135.8472401832
 30
0.0
 10
61.78441607909999
 20
136.3704317024
 30
0.0
 10
61.78291929890001
 20
137.0032203066
 30
0.0
 10
61.781375865
 20
137.458612163
 30
0.0
 10
61.78011613989999
 20
137.7605956855
 30
0.0
 10
61.7787144523
 20
138.0354278437
 30
0.0
 10
61.77717335649999
 20
138.2826255403
 30
0.0
 10
61.7754974375
 20
138.501760196
 30
0.0
 10
61.7736913652
 20
138.6924566344
 30
0.0
 10
61.77201505420001
 20
138.8334398056
 30
0.0
 10
61.7705754278
 20
138.931756012
 30
0.0
 10
61.7695179026
 20
138.9945632282
 30
0.0
 10
61.7684312893
 20
139.050047115
 30
0.0
 10
61.76731733949999
 20
139.0981897626
 30
0.0
 10
61.76617799569999
 20
139.1389569169
 30
0.0
 10
61.7650196317
 20
139.1723620298
 30
0.0
 10
61.7638459485
 20
139.1982947686
 30
0.0
 10
61.7627871622
 20
139.2154087689
 30
0.0
 10
61.7618717672
 20
139.2251701874
 30
0.0
 10
61.7612505825
 20
139.230042621
 30
0.0
 10
61.7607231752
 20
139.2324809203
 30
0.0
 10
61.76019457279999
 20
139.2341959604
 30
0.0
 10
61.7598157858
 20
139.2341957631
 30
0.0
  0
SPLINE
  5
4AD
330
1FF
100
AcDbEntity
  8
0
  6
Continuous
 62
     7
100
AcDbSpline
210
0.0
220
0.0
230
1.0
 70
     8
 71
     3
 72
    11
 73
     7
 74
     0
 42
0.0000001
 43
0.0000000001
 40
0.0
 40
0.0
 40
0.0
 40
0.0
 40
0.2885526141
 40
0.5567184698
 40
0.7926830075
 40
1.0
 40
1.0
 40
1.0
 40
1.0
 10
61.99654648470001
 20
108.9112212791
 30
0.0
 10
61.9578811201
 20
108.9113635162
 30
0.0
 10
61.8828638446
 20
108.9217610585
 30
0.0
 10
61.78465211689999
 20
108.9665245299
 30
0.0
 10
61.7152044935
 20
109.0356403425
 30
0.0
 10
61.6965463216
 20
109.0955726595
 30
0.0
 10
61.6965420809
 20
109.1233528316
 30
0.0
  0
SPLINE
  5
4AE
330
1FF
100
AcDbEntity
  8
0
  6
Continuous
 62
     7
100
AcDbSpline
210
0.0
220
0.0
230
1.0
 70
     8
 71
     3
 72
     9
 73
     5
 74
     0
 42
0.0000001
 43
0.0000000001
 40
0.0
 40
0.0
 40
0.0
 40
0.0
 40
0.2475700123
 40
1.0
 40
1.0
 40
1.0
 40
1.0
 10
62.0464447394
 20
117.6780709
 30
0.0
 10
62.0474188064
 20
117.8927846362
 30
0.0
 10
62.05129373390001
 20
118.760069817
 30
0.0
 10
62.05493506239999
 20
119.6273560399
 30
0.0
 10
62.0575489618
 20
120.2799286952
 30
0.0
  0
LINE
  5
4AF
330
1FF
100
AcDbEntity
  8
0
  6
Continuous
 62
     7
100
AcDbLine
 10
62.0575489618
 20
120.2799286952
 30
0.0
 11
62.0596411742
 21
120.809155758
 31
0.0
  0
SPLINE
  5
4B0
330
1FF
100
AcDbEntity
  8
0
  6
Continuous
 62
     7
100
AcDbSpline
210
0.0
220
0.0
230
1.0
 70
     8
 71
     3
 72
     9
 73
     5
 74
     0
 42
0.0000001
 43
0.0000000001
 40
0.0
 40
0.0
 40
0.0
 40
0.0
 40
0.2498433872
 40
1.0
 40
1.0
 40
1.0
 40
1.0
 10
62.0596411742
 20
120.809155758
 30
0.0
 10
62.0605022714
 20
121.0298770272
 30
0.0
 10
62.06389142029999
 20
121.913315758
 30
0.0
 10
62.06705265930001
 20
122.7967553634
 30
0.0
 10
62.0692950714
 20
123.4594738517
 30
0.0
  0
LINE
  5
4B1
330
1FF
100
AcDbEntity
  8
0
  6
Continuous
 62
     7
100
AcDbLine
 10
62.0692950714
 20
123.4594738517
 30
0.0
 11
62.07106741779999
 21
123.9914936607
 31
0.0
  0
SPLINE
  5
4B2
330
1FF
100
AcDbEntity
  8
0
  6
Continuous
 62
     7
100
AcDbSpline
210
0.0
220
0.0
230
1.0
 70
     8
 71
     3
 72
     9
 73
     5
 74
     0
 42
0.0000001
 43
0.0000000001
 40
0.0
 40
0.0
 40
0.0
 40
0.0
 40
0.2521274897
 40
1.0
 40
1.0
 40
1.0
 40
1.0
 10
62.07106741779999
 20
123.9914936607
 30
0.0
 10
62.0717859486
 20
124.2106295478
 30
0.0
 10
62.0745793534
 20
125.0797768739
 30
0.0
 10
62.07714625600001
 20
125.9489249297
 30
0.0
 10
62.0789317371
 20
126.5989372266
 30
0.0
  0
SPLINE
  5
4B3
330
1FF
100
AcDbEntity
  8
0
  6
Continuous
 62
     7
100
AcDbSpline
210
0.0
220
0.0
230
1.0
 70
     8
 71
     3
 72
    36
 73
    32
 74
     0
 42
0.0000001
 43
0.0000000001
 40
0.0
 40
0.0
 40
0.0
 40
0.0
 40
0.2067254625
 40
0.305051749
 40
0.399108356
 40
0.4882439637
 40
0.5718447879000001
 40
0.6493337293
 40
0.7201742605
 40
0.7838801806
 40
0.8400092187999998
 40
0.8651103747
 40
0.8881751448000001
 40
0.9091660214
 40
0.9280466970999999
 40
0.9447823031999998
 40
0.9593458798
 40
0.9717132004000001
 40
0.9770657144999999
 40
0.9818606460999999
 40
0.9860964559999999
 40
0.9897717124999999
 40
0.9928850066
 40
0.9954349729
 40
0.9974203386999999
 40
0.9982009738999998
 40
0.9988402351000001
 40
0.9993383334999998
 40
0.9996957194
 40
0.9999136900999999
 40
1.0
 40
1.0
 40
1.0
 40
1.0
 10
62.0789317371
 20
126.5989372266
 30
0.0
 10
62.0816262775
 20
127.5798966318
 30
0.0
 10
62.0851549216
 20
129.0274379695
 30
0.0
 10
62.0887447891
 20
130.9213017985
 30
0.0
 10
62.0907596041
 20
132.2571747663
 30
0.0
 10
62.0921291401
 20
133.5231725803
 30
0.0
 10
62.09284521979999
 20
134.7105532855
 30
0.0
 10
62.0929042933
 20
135.8111195835
 30
0.0
 10
62.0923080588
 20
136.8172795232
 30
0.0
 10
62.09106355319999
 20
137.7220808085
 30
0.0
 10
62.0894452401
 20
138.409836544
 30
0.0
 10
62.0877816351
 20
138.9047390148
 30
0.0
 10
62.08642482729999
 20
139.2329022665
 30
0.0
 10
62.0849161844
 20
139.5315468182
 30
0.0
 10
62.0832591347
 20
139.8001566469
 30
0.0
 10
62.0814578862
 20
140.0382656931
 30
0.0
 10
62.07951727899999
 20
140.2454650179
 30
0.0
 10
62.0777169137
 20
140.3986473937
 30
0.0
 10
62.0761714897
 20
140.5054744096
 30
0.0
 10
62.0750361897
 20
140.5737170365
 30
0.0
 10
62.07386994010001
 20
140.6339991725
 30
0.0
 10
62.0726740177
 20
140.6862982121
 30
0.0
 10
62.0714522997
 20
140.7305972623
 30
0.0
 10
62.0702065296
 20
140.766865027
 30
0.0
 10
62.0690887733
 20
140.7920798411
 30
0.0
 10
62.0681393012
 20
140.8081911827
 30
0.0
 10
62.0674780563
 20
140.8173106398
 30
0.0
 10
62.0668308129
 20
140.8242664288
 30
0.0
 10
62.066166993
 20
140.8295659989
 30
0.0
 10
62.0655974728
 20
140.8322064207
 30
0.0
 10
62.0650358451
 20
140.8340757133
 30
0.0
 10
62.0646262841
 20
140.8340749179
 30
0.0
  0
SPLINE
  5
4B4
330
1FF
100
AcDbEntity
  8
0
  6
Continuous
 62
     7
100
AcDbSpline
210
0.0
220
0.0
230
1.0
 70
     8
 71
     3
 72
    12
 73
     8
 74
     0
 42
0.0000001
 43
0.0000000001
 40
0.0
 40
0.0
 40
0.0
 40
0.0
 40
0.1877161624
 40
0.381888686
 40
0.5792554144
 40
0.7758814720000001
 40
1.0
 40
1.0
 40
1.0
 40
1.0
 10
73.0965037341
 20
137.8311441144
 30
0.0
 10
73.1465887887
 20
137.8311441144
 30
0.0
 10
73.2491756833
 20
137.8147995029
 30
0.0
 10
73.3888161418
 20
137.7428927099
 30
0.0
 10
73.50108836529999
 20
137.6295262394
 30
0.0
 10
73.5778180467
 20
137.4809986661
 30
0.0
 10
73.5965037347
 20
137.3677964457
 30
0.0
 10
73.5965037347
 20
137.307998778
 30
0.0
  0
LINE
  5
4B5
330
1FF
100
AcDbEntity
  8
0
  6
Continuous
 62
     7
100
AcDbLine
 10
74.59650373470001
 20
138.1911719151
 30
0.0
 11
73.5965037347
 21
138.15475191
 31
0.0
  0
SPLINE
  5
4B6
330
1FF
100
AcDbEntity
  8
0
  6
Continuous
 62
     7
100
AcDbSpline
210
0.0
220
0.0
230
1.0
 70
     8
 71
     3
 72
    22
 73
    18
 74
     0
 42
0.0000001
 43
0.0000000001
 40
0.0
 40
0.0
 40
0.0
 40
0.0
 40
0.1408094485
 40
0.2773706271
 40
0.4100091226
 40
0.5386695585
 40
0.6629897432
 40
0.7232976435
 40
0.7821241915
 40
0.8392183233
 40
0.8941559315000001
 40
0.9206965689
 40
0.9464560565000001
 40
0.9591275584999999
 40
0.9717890297
 40
0.9847609761000001
 40
1.0
 40
1.0
 40
1.0
 40
1.0
 10
113.334539786
 20
166.8626865787
 30
0.0
 10
113.2115269094
 20
166.8626869837
 30
0.0
 10
112.9691919912
 20
166.8665841164
 30
0.0
 10
112.6113720808
 20
166.8840766433
 30
0.0
 10
112.2648759449
 20
166.9123180897
 30
0.0
 10
111.9302584813
 20
166.9519904891
 30
0.0
 10
111.6600260644
 20
166.9962388678
 30
0.0
 10
111.4518836439
 20
167.0401544977
 30
0.0
 10
111.3025812762
 20
167.0779260029
 30
0.0
 10
111.1598211687
 20
167.1217860619
 30
0.0
 10
111.0470754348
 20
167.1664741684
 30
0.0
 10
110.9633831475
 20
167.2087607729
 30
0.0
 10
110.9158219811
 20
167.2401561934
 30
0.0
 10
110.8821790584
 20
167.2696364566
 30
0.0
 10
110.8595719615
 20
167.2943097272
 30
0.0
 10
110.8390236694
 20
167.3240925834
 30
0.0
 10
110.8345428904
 20
167.349305715
 30
0.0
 10
110.8345344484
 20
167.3626187122
 30
0.0
  0
SPLINE
  5
4B7
330
1FF
100
AcDbEntity
  8
0
  6
Continuous
 62
     7
100
AcDbSpline
210
0.0
220
0.0
230
1.0
 70
     8
 71
     3
 72
    22
 73
    18
 74
     0
 42
0.0000001
 43
0.0000000001
 40
0.0
 40
0.0
 40
0.0
 40
0.0
 40
0.1408094485
 40
0.2773706271
 40
0.4100091226
 40
0.5386695585
 40
0.6629897432
 40
0.7232976435
 40
0.7821241915
 40
0.8392183234
 40
0.8941559315000001
 40
0.920696569
 40
0.9464560565000001
 40
0.9591275584999999
 40
0.9717890297
 40
0.9847609761000001
 40
1.0
 40
1.0
 40
1.0
 40
1.0
 10
144.8344337083
 20
166.8626865788
 30
0.0
 10
144.9574465849
 20
166.8626869838
 30
0.0
 10
145.1997815032
 20
166.8665841164
 30
0.0
 10
145.5576014135
 20
166.8840766434
 30
0.0
 10
145.9040975495
 20
166.9123180897
 30
0.0
 10
146.238715013
 20
166.9519904891
 30
0.0
 10
146.5089474299
 20
166.9962388679
 30
0.0
 10
146.7170898504
 20
167.0401544977
 30
0.0
 10
146.8663922182
 20
167.077926003
 30
0.0
 10
147.0091523256
 20
167.1217860619
 30
0.0
 10
147.1218980595
 20
167.1664741684
 30
0.0
 10
147.2055903469
 20
167.208760773
 30
0.0
 10
147.2531515132
 20
167.2401561935
 30
0.0
 10
147.2867944359
 20
167.2696364567
 30
0.0
 10
147.3094015328
 20
167.2943097272
 30
0.0
 10
147.3299498249
 20
167.3240925835
 30
0.0
 10
147.3344306039
 20
167.349305715
 30
0.0
 10
147.3344390459
 20
167.3626187122
 30
0.0
  0
SPLINE
  5
4B8
330
1FF
100
AcDbEntity
  8
0
  6
Continuous
 62
     7
100
AcDbSpline
210
0.0
220
0.0
230
1.0
 70
     8
 71
     3
 72
    13
 73
     9
 74
     0
 42
0.0000001
 43
0.0000000001
 40
0.0
 40
0.0
 40
0.0
 40
0.0
 40
0.1164383561
 40
0.2343362294
 40
0.3546714207
 40
0.4782535609
 40
0.7343415983
 40
1.0
 40
1.0
 40
1.0
 40
1.0
 10
110.799773648
 20
193.1626187314
 30
0.0
 10
110.7443690735
 20
193.1626187314
 30
0.0
 10
110.6324856917
 20
193.1500884563
 30
0.0
 10
110.4717102454
 20
193.094790718
 30
0.0
 10
110.3233107161
 20
193.0050213838
 30
0.0
 10
110.1474595857
 20
192.8427166121
 30
0.0
 10
109.9865964969
 20
192.5727535058
 30
0.0
 10
109.9380969091
 20
192.3238680409
 30
0.0
 10
109.9342758035
 20
192.1975182281
 30
0.0
  0
SPLINE
  5
4B9
330
1FF
100
AcDbEntity
  8
0
  6
Continuous
 62
     7
100
AcDbSpline
210
0.0
220
0.0
230
1.0
 70
     8
 71
     3
 72
    13
 73
     9
 74
     0
 42
0.0000001
 43
0.0000000001
 40
0.0
 40
0.0
 40
0.0
 40
0.0
 40
0.2656162301
 40
0.5219634411000001
 40
0.6456277888000001
 40
0.7659457615000001
 40
0.8837336231999998
 40
1.0
 40
1.0
 40
1.0
 40
1.0
 10
143.265357491
 20
183.1626187314
 30
0.0
 10
143.265357491
 20
183.0331694078
 30
0.0
 10
143.2223971102
 20
182.7767093622
 30
0.0
 10
143.0631742096
 20
182.4965232107
 30
0.0
 10
142.8855410194
 20
182.3273343438
 30
0.0
 10
142.7346256005
 20
182.233572217
 30
0.0
 10
142.5704679784
 20
182.1757366199
 30
0.0
 10
142.4559950547999
 20
182.1626187314
 30
0.0
 10
142.3993320873
 20
182.1626187314
 30
0.0
  0
SPLINE
  5
4BA
330
1FF
100
AcDbEntity
  8
0
  6
Continuous
 62
     7
100
AcDbSpline
210
0.0
220
0.0
230
1.0
 70
     8
 71
     3
 72
    13
 73
     9
 74
     0
 42
0.0000001
 43
0.0000000001
 40
0.0
 40
0.0
 40
0.0
 40
0.0
 40
0.1162663768
 40
0.2340542385
 40
0.3543722111999999
 40
0.4780365589000001
 40
0.7343837699
 40
1.0
 40
1.0
 40
1.0
 40
1.0
 10
115.7540904946
 20
182.1626187314
 30
0.0
 10
115.697427527
 20
182.1626187314
 30
0.0
 10
115.5829546035
 20
182.1757366199
 30
0.0
 10
115.4187969814
 20
182.233572217
 30
0.0
 10
115.2678815625
 20
182.3273343438
 30
0.0
 10
115.0902483723
 20
182.4965232107
 30
0.0
 10
114.9310254717
 20
182.7767093622
 30
0.0
 10
114.8880650909
 20
183.0331694078
 30
0.0
 10
114.8880650909
 20
183.1626187314
 30
0.0
  0
SPLINE
  5
4BB
330
1FF
100
AcDbEntity
  8
0
  6
Continuous
 62
     7
100
AcDbSpline
210
0.0
220
0.0
230
1.0
 70
     8
 71
     3
 72
    13
 73
     9
 74
     0
 42
0.0000001
 43
0.0000000001
 40
0.0
 40
0.0
 40
0.0
 40
0.0
 40
0.2656162301
 40
0.5219634411000001
 40
0.6456277888000001
 40
0.7659457615000001
 40
0.8837336231999998
 40
1.0
 40
1.0
 40
1.0
 40
1.0
 10
109.6615677827
 20
183.1626187314
 30
0.0
 10
109.6615677827
 20
183.0331694078
 30
0.0
 10
109.7045281636
 20
182.7767093622
 30
0.0
 10
109.8637510642
 20
182.4965232107
 30
0.0
 10
110.0413842544
 20
182.3273343438
 30
0.0
 10
110.1922996732
 20
182.233572217
 30
0.0
 10
110.3564572954
 20
182.1757366199
 30
0.0
 10
110.4709302189
 20
182.1626187314
 30
0.0
 10
110.5275931865
 20
182.1626187314
 30
0.0
  0
SPLINE
  5
4BC
330
1FF
100
AcDbEntity
  8
0
  6
Continuous
 62
     7
100
AcDbSpline
210
0.0
220
0.0
230
1.0
 70
     8
 71
     3
 72
    13
 73
     9
 74
     0
 42
0.0000001
 43
0.0000000001
 40
0.0
 40
0.0
 40
0.0
 40
0.0
 40
0.1162663768
 40
0.2340542385
 40
0.3543722111999999
 40
0.4780365589000001
 40
0.7343837699
 40
1.0
 40
1.0
 40
1.0
 40
1.0
 10
147.6258293954
 20
182.1626187314
 30
0.0
 10
147.682492363
 20
182.1626187314
 30
0.0
 10
147.7969652865
 20
182.1757366199
 30
0.0
 10
147.9611229087
 20
182.233572217
 30
0.0
 10
148.1120383275
 20
182.3273343438
 30
0.0
 10
148.2896715177
 20
182.4965232107
 30
0.0
 10
148.4488944183
 20
182.7767093622
 30
0.0
 10
148.4918547991
 20
183.0331694078
 30
0.0
 10
148.4918547991
 20
183.1626187314
 30
0.0
  0
SPLINE
  5
4BD
330
1FF
100
AcDbEntity
  8
0
  6
Continuous
 62
     7
100
AcDbSpline
210
0.0
220
0.0
230
1.0
 70
     8
 71
     3
 72
    13
 73
     9
 74
     0
 42
0.0000001
 43
0.0000000001
 40
0.0
 40
0.0
 40
0.0
 40
0.0
 40
0.2656584017
 40
0.5217464391
 40
0.6453285793
 40
0.7656637706
 40
0.8835616439
 40
1.0
 40
1.0
 40
1.0
 40
1.0
 10
148.2191467784
 20
192.1975182281
 30
0.0
 10
148.2153256728
 20
192.3238680409
 30
0.0
 10
148.166826085
 20
192.5727535058
 30
0.0
 10
148.0059629961
 20
192.8427166121
 30
0.0
 10
147.8301118658
 20
193.0050213838
 30
0.0
 10
147.6817123365
 20
193.094790718
 30
0.0
 10
147.5209368902
 20
193.1500884563
 30
0.0
 10
147.4090535084
 20
193.1626187314
 30
0.0
 10
147.3536489339
 20
193.1626187314
 30
0.0
  0
SPLINE
  5
4BE
330
1FF
100
AcDbEntity
  8
0
  6
Continuous
 62
     7
100
AcDbSpline
210
0.0
220
0.0
230
1.0
 70
     8
 71
     3
 72
    13
 73
     9
 74
     0
 42
0.0000001
 43
0.0000000001
 40
0.0
 40
0.0
 40
0.0
 40
0.0
 40
0.1164383561
 40
0.2343362294
 40
0.3546714207
 40
0.4782535609
 40
0.7343415983
 40
1.0
 40
1.0
 40
1.0
 40
1.0
 10
142.1271516258
 20
193.1626187314
 30
0.0
 10
142.1825562003
 20
193.1626187314
 30
0.0
 10
142.2944395821
 20
193.1500884563
 30
0.0
 10
142.4552150284
 20
193.094790718
 30
0.0
 10
142.6036145577
 20
193.0050213838
 30
0.0
 10
142.779465688
 20
192.8427166121
 30
0.0
 10
142.9403287769
 20
192.5727535058
 30
0.0
 10
142.9888283647
 20
192.3238680409
 30
0.0
 10
142.9926494703
 20
192.1975182281
 30
0.0
  0
SPLINE
  5
4BF
330
1FF
100
AcDbEntity
  8
0
  6
Continuous
 62
     7
100
AcDbSpline
210
0.0
220
0.0
230
1.0
 70
     8
 71
     3
 72
    13
 73
     9
 74
     0
 42
0.0000001
 43
0.0000000001
 40
0.0
 40
0.0
 40
0.0
 40
0.0
 40
0.2656584017
 40
0.5217464391
 40
0.6453285793
 40
0.7656637706
 40
0.8835616439
 40
1.0
 40
1.0
 40
1.0
 40
1.0
 10
115.1607731116
 20
192.1975182281
 30
0.0
 10
115.1645942172
 20
192.3238680409
 30
0.0
 10
115.213093805
 20
192.5727535058
 30
0.0
 10
115.3739568938
 20
192.8427166121
 30
0.0
 10
115.5498080242
 20
193.0050213838
 30
0.0
 10
115.6982075535
 20
193.094790718
 30
0.0
 10
115.8589829998
 20
193.1500884563
 30
0.0
 10
115.9708663816
 20
193.1626187314
 30
0.0
 10
116.0262709561
 20
193.1626187314
 30
0.0
  0
SPLINE
  5
4C0
330
1FF
100
AcDbEntity
  8
0
  6
Continuous
 62
     7
100
AcDbSpline
210
0.0
220
0.0
230
1.0
 70
     8
 71
     3
 72
    22
 73
    18
 74
     0
 42
0.0000001
 43
0.0000000001
 40
0.0
 40
0.0
 40
0.0
 40
0.0
 40
0.0620056314
 40
0.1226165136
 40
0.1767457502
 40
0.1978112953
 40
0.2132460955
 40
0.2541132773
 40
0.2734439065
 40
0.2948910902
 40
0.3212014524
 40
0.3531040342
 40
0.4345928039000001
 40
0.5400967574000001
 40
0.6696477703000001
 40
0.8230523504
 40
1.0
 40
1.0
 40
1.0
 40
1.0
 10
110.3844644529
 20
180.4944262261
 30
0.0
 10
110.3844584112
 20
180.5309917955
 30
0.0
 10
110.3979559085
 20
180.6040146708
 30
0.0
 10
110.4533117187
 20
180.6948233674
 30
0.0
 10
110.5165225359
 20
180.7464966633
 30
0.0
 10
110.5645240148
 20
180.7701653224
 30
0.0
 10
110.6070570826
 20
180.7868718886
 30
0.0
 10
110.6514368407
 20
180.794640359
 30
0.0
 10
110.699405004
 20
180.7982992617
 30
0.0
 10
110.7389255321
 20
180.8003783598
 30
0.0
 10
110.7858600519
 20
180.8022911277
 30
0.0
 10
110.8682002966
 20
180.8050440188999
 30
0.0
 10
110.9972430984
 20
180.808374526
 30
0.0
 10
111.1838733099
 20
180.8122718498
 30
0.0
 10
111.4129180627
 20
180.8162960444
 30
0.0
 10
111.6840977483
 20
180.8204454879
 30
0.0
 10
111.8788930161
 20
180.8230966023
 30
0.0
 10
111.9832326493
 20
180.8244531927
 30
0.0
  0
SPLINE
  5
4C1
330
1FF
100
AcDbEntity
  8
0
  6
Continuous
 62
     7
100
AcDbSpline
210
0.0
220
0.0
230
1.0
 70
     8
 71
     3
 72
    22
 73
    18
 74
     0
 42
0.0000001
 43
0.0000000001
 40
0.0
 40
0.0
 40
0.0
 40
0.0
 40
0.0620031812
 40
0.1226100411
 40
0.1767302146
 40
0.1977910105
 40
0.2132250793
 40
0.2540999426
 40
0.2734353075
 40
0.2948851268
 40
0.3211972532
 40
0.3531011303
 40
0.4345916555
 40
0.5400966338000001
 40
0.6696481287000001
 40
0.8230527337000001
 40
1.0
 40
1.0
 40
1.0
 40
1.0
 10
147.7845069268
 20
180.4944338891
 30
0.0
 10
147.7845111921
 20
180.5309974829
 30
0.0
 10
147.7710120712
 20
180.604014808
 30
0.0
 10
147.7156606518
 20
180.6948129155
 30
0.0
 10
147.6524617298
 20
180.746481025
 30
0.0
 10
147.6044703035
 20
180.7701489244
 30
0.0
 10
147.5619379255
 20
180.7868588396
 30
0.0
 10
147.517552733
 20
180.7946331938
 30
0.0
 10
147.4695765566
 20
180.7982949032
 30
0.0
 10
147.4300512989
 20
180.8003756436
 30
0.0
 10
147.3831141522
 20
180.8022897556
 30
0.0
 10
147.3007723263
 20
180.8050445091
 30
0.0
 10
147.171729049
 20
180.8083772029
 30
0.0
 10
146.985099677
 20
180.8122770369
 30
0.0
 10
146.7560573917
 20
180.81630377
 30
0.0
 10
146.4848816109
 20
180.8204557878
 30
0.0
 10
146.2900894054
 20
180.8231085244
 30
0.0
 10
146.1857515243
 20
180.8244659393
 30
0.0
  0
SPLINE
  5
4C2
330
1FF
100
AcDbEntity
  8
0
  6
Continuous
 62
     7
100
AcDbSpline
210
0.0
220
0.0
230
1.0
 70
     8
 71
     3
 72
     9
 73
     5
 74
     0
 42
0.0000001
 43
0.0000000001
 40
0.0
 40
0.0
 40
0.0
 40
0.0
 40
0.4232486547
 40
1.0
 40
1.0
 40
1.0
 40
1.0
 10
146.1671090765999
 20
180.8247077865999
 30
0.0
 10
145.5928180533
 20
180.8321370047
 30
0.0
 10
144.2359060762
 20
180.8458814628
 30
0.0
 10
142.8789723885
 20
180.8568176119
 30
0.0
 10
142.0963550001
 20
180.8626114851
 30
0.0
  0
LINE
  5
4C3
330
1FF
100
AcDbEntity
  8
0
  6
Continuous
 62
     7
100
AcDbLine
 10
141.678641033
 20
180.8595815775
 30
0.0
 11
140.6097019177
 21
180.8521851313
 31
0.0
  0
LINE
  5
4C4
330
1FF
100
AcDbEntity
  8
0
  6
Continuous
 62
     7
100
AcDbLine
 10
140.6097019177
 20
180.8521851313
 30
0.0
 11
140.5084469024
 21
180.8515110425999
 31
0.0
  0
LINE
  5
4C5
330
1FF
100
AcDbEntity
  8
0
  6
Continuous
 62
     7
100
AcDbLine
 10
140.5084469024
 20
180.8515110425999
 30
0.0
 11
139.5911232854
 21
180.8455910671
 31
0.0
  0
SPLINE
  5
4C6
330
1FF
100
AcDbEntity
  8
0
  6
Continuous
 62
     7
100
AcDbSpline
210
0.0
220
0.0
230
1.0
 70
     8
 71
     3
 72
     9
 73
     5
 74
     0
 42
0.0000001
 43
0.0000000001
 40
0.0
 40
0.0
 40
0.0
 40
0.0
 40
0.2374371382
 40
1.0
 40
1.0
 40
1.0
 40
1.0
 10
139.5911232854
 20
180.8455910671
 30
0.0
 10
139.2770391504
 20
180.8436190452
 30
0.0
 10
137.9542280832
 20
180.835541554
 30
0.0
 10
136.631411975
 20
180.8282994182
 30
0.0
 10
135.6226797605
 20
180.8231444643999
 30
0.0
  0
SPLINE
  5
4C7
330
1FF
100
AcDbEntity
  8
0
  6
Continuous
 62
     7
100
AcDbSpline
210
0.0
220
0.0
230
1.0
 70
     8
 71
     3
 72
     9
 73
     5
 74
     0
 42
0.0000001
 43
0.0000000001
 40
0.0
 40
0.0
 40
0.0
 40
0.0
 40
0.2456509478
 40
1.0
 40
1.0
 40
1.0
 40
1.0
 10
135.6226797605
 20
180.8231444643999
 30
0.0
 10
135.4060071404
 20
180.8220371959
 30
0.0
 10
134.5239722421
 20
180.8176005386
 30
0.0
 10
133.6419359635
 20
180.8134390512
 30
0.0
 10
132.9765721068
 20
180.8104422877
 30
0.0
  0
SPLINE
  5
4C8
330
1FF
100
AcDbEntity
  8
0
  6
Continuous
 62
     7
100
AcDbSpline
210
0.0
220
0.0
230
1.0
 70
     8
 71
     3
 72
     9
 73
     5
 74
     0
 42
0.0000001
 43
0.0000000001
 40
0.0
 40
0.0
 40
0.0
 40
0.0
 40
0.2475042452
 40
1.0
 40
1.0
 40
1.0
 40
1.0
 10
132.9765721068
 20
180.8104422877
 30
0.0
 10
132.6554604713
 20
180.8089960179
 30
0.0
 10
131.3580613702
 20
180.8032875776
 30
0.0
 10
130.0606599631
 20
180.7981042113
 30
0.0
 10
129.0843698926
 20
180.7944893523
 30
0.0
  0
SPLINE
  5
4C9
330
1FF
100
AcDbEntity
  8
0
  6
Continuous
 62
     7
100
AcDbSpline
210
0.0
220
0.0
230
1.0
 70
     8
 71
     3
 72
     9
 73
     5
 74
     0
 42
0.0000001
 43
0.0000000001
 40
0.0
 40
0.0
 40
0.0
 40
0.0
 40
0.2520397435
 40
1.0
 40
1.0
 40
1.0
 40
1.0
 10
129.0843698926
 20
180.7944893523
 30
0.0
 10
128.7351413198
 20
180.7931962816
 30
0.0
 10
127.3495316412
 20
180.7882121195
 30
0.0
 10
125.9639198713
 20
180.7838067661
 30
0.0
 10
124.9275363888
 20
180.7808593694
 30
0.0
  0
LINE
  5
4CA
330
1FF
100
AcDbEntity
  8
0
  6
Continuous
 62
     7
100
AcDbLine
 10
124.9275363888
 20
180.7808593694
 30
0.0
 11
124.632268189
 21
180.7800291705
 31
0.0
  0
SPLINE
  5
4CB
330
1FF
100
AcDbEntity
  8
0
  6
Continuous
 62
     7
100
AcDbSpline
210
0.0
220
0.0
230
1.0
 70
     8
 71
     3
 72
     9
 73
     5
 74
     0
 42
0.0000001
 43
0.0000000001
 40
0.0
 40
0.0
 40
0.0
 40
0.0
 40
0.2538310171
 40
1.0
 40
1.0
 40
1.0
 40
1.0
 10
124.632268189
 20
180.7800291705
 30
0.0
 10
124.4368453371
 20
180.7794860306
 30
0.0
 10
123.6669516935
 20
180.7773959670999
 30
0.0
 10
122.8970575028
 20
180.7755063768
 30
0.0
 10
122.32258607
 20
180.7742197691
 30
0.0
  0
LINE
  5
4CC
330
1FF
100
AcDbEntity
  8
0
  6
Continuous
 62
     7
100
AcDbLine
 10
122.32258607
 20
180.7742197691
 30
0.0
 11
122.0277229713
 21
180.7735703243
 31
0.0
  0
SPLINE
  5
4CD
330
1FF
100
AcDbEntity
  8
0
  6
Continuous
 62
     7
100
AcDbSpline
210
0.0
220
0.0
230
1.0
 70
     8
 71
     3
 72
     9
 73
     5
 74
     0
 42
0.0000001
 43
0.0000000001
 40
0.0
 40
0.0
 40
0.0
 40
0.0
 40
0.2553058894
 40
1.0
 40
1.0
 40
1.0
 40
1.0
 10
122.0277229713
 20
180.7735703243
 30
0.0
 10
121.8607296569
 20
180.7732087564
 30
0.0
 10
121.2066384502
 20
180.7718343897
 30
0.0
 10
120.5525468833
 20
180.7706298411
 30
0.0
 10
120.0654485784
 20
180.7698404473
 30
0.0
  0
SPLINE
  5
4CE
330
1FF
100
AcDbEntity
  8
0
  6
Continuous
 62
     7
100
AcDbSpline
210
0.0
220
0.0
230
1.0
 70
     8
 71
     3
 72
     9
 73
     5
 74
     0
 42
0.0000001
 43
0.0000000001
 40
0.0
 40
0.0
 40
0.0
 40
0.0
 40
0.2561606871
 40
1.0
 40
1.0
 40
1.0
 40
1.0
 10
120.0654485784
 20
180.7698404473
 30
0.0
 10
119.9259480841
 20
180.7696143722
 30
0.0
 10
119.3813660483
 20
180.7687664662
 30
0.0
 10
118.8367837901
 20
180.7680593762
 30
0.0
 10
118.4317020054
 20
180.7676244126
 30
0.0
  0
LINE
  5
4CF
330
1FF
100
AcDbEntity
  8
0
  6
Continuous
 62
     7
100
AcDbLine
 10
118.3861972465
 20
180.7675759363
 30
0.0
 11
118.2766905733
 21
180.7674624599
 31
0.0
  0
LINE
  5
4D0
330
1FF
100
AcDbEntity
  8
0
  6
Continuous
 62
     7
100
AcDbLine
 10
118.2766905733
 20
180.7674624599
 30
0.0
 11
118.1960447965
 21
180.7673817969
 31
0.0
  0
LINE
  5
4D1
330
1FF
100
AcDbEntity
  8
0
  6
Continuous
 62
     7
100
AcDbLine
 10
118.1960447965
 20
180.7673817969
 30
0.0
 11
117.8593371635
 21
180.7670723464
 31
0.0
  0
SPLINE
  5
4D2
330
1FF
100
AcDbEntity
  8
0
  6
Continuous
 62
     7
100
AcDbSpline
210
0.0
220
0.0
230
1.0
 70
     8
 71
     3
 72
     9
 73
     5
 74
     0
 42
0.0000001
 43
0.0000000001
 40
0.0
 40
0.0
 40
0.0
 40
0.0
 40
0.5908841853000001
 40
1.0
 40
1.0
 40
1.0
 40
1.0
 10
117.8593371635
 20
180.7670723464
 30
0.0
 10
116.6946010895
 20
180.7660797864
 30
0.0
 10
114.7234270268
 20
180.7658472683
 30
0.0
 10
112.7522465127
 20
180.7697072742
 30
0.0
 10
111.9458208228
 20
180.7743609229
 30
0.0
  0
SPLINE
  5
4D3
330
1FF
100
AcDbEntity
  8
0
  6
Continuous
 62
     7
100
AcDbSpline
210
0.0
220
0.0
230
1.0
 70
     8
 71
     3
 72
    38
 73
    34
 74
     0
 42
0.0000001
 43
0.0000000001
 40
0.0
 40
0.0
 40
0.0
 40
0.0
 40
0.115180525
 40
0.2153931723999999
 40
0.3004136014999999
 40
0.3700700888
 40
0.3990845234
 40
0.4241974295000001
 40
0.4453984990000001
 40
0.4626796543000001
 40
0.476033396
 40
0.4812355841
 40
0.4854540021
 40
0.4886888941
 40
0.4909422945000001
 40
0.491703615
 40
0.4922255767000001
 40
0.4925211628000001
 40
0.4926770564
 40
0.4929654175
 40
0.4934790631000001
 40
0.4952261520000001
 40
0.4979496405
 40
0.5016544316
 40
0.5063420532000001
 40
0.5120129938
 40
0.5263048114
 40
0.5445282641000001
 40
0.5666743567000001
 40
0.6226720955000001
 40
0.6941705624
 40
0.7810300894
 40
1.0
 40
1.0
 40
1.0
 40
1.0
 10
111.9458208228
 20
180.7743609229
 30
0.0
 10
111.8473788238
 20
180.7749290031
 30
0.0
 10
111.6632881151
 20
180.7761024387
 30
0.0
 10
111.4065357224
 20
180.7781635147
 30
0.0
 10
111.1886954708
 20
180.7803985061
 30
0.0
 10
111.0317097842
 20
180.782495154
 30
0.0
 10
110.9259286447
 20
180.7843203643
 30
0.0
 10
110.861559543
 20
180.7856438275999
 30
0.0
 10
110.8072224715
 20
180.787000777
 30
0.0
 10
110.7629391812
 20
180.7883899856
 30
0.0
 10
110.7323366484
 20
180.7896403251
 30
0.0
 10
110.7128966046
 20
180.7907097358
 30
0.0
 10
110.7021133258
 20
180.7914497539
 30
0.0
 10
110.6938273593
 20
180.7921797857
 30
0.0
 10
110.6885684191
 20
180.7928517344
 30
0.0
 10
110.6855388844
 20
180.7934014798
 30
0.0
 10
110.6843308497
 20
180.7938098923
 30
0.0
 10
110.6834070856
 20
180.794095805
 30
0.0
 10
110.6833792362
 20
180.7948501349
 30
0.0
 10
110.6842940415
 20
180.7951572714
 30
0.0
 10
110.6862432018
 20
180.795818933
 30
0.0
 10
110.6905912465
 20
180.7964346819
 30
0.0
 10
110.6974595914
 20
180.7972546667
 30
0.0
 10
110.7069589657
 20
180.7980455218999
 30
0.0
 10
110.7189384181
 20
180.7988777533
 30
0.0
 10
110.7399778302
 20
180.8000897827
 30
0.0
 10
110.7725786214
 20
180.8015765594
 30
0.0
 10
110.819266961
 20
180.8033043614
 30
0.0
 10
110.9015908314
 20
180.8058686223
 30
0.0
 10
111.0294507539
 20
180.8090379627
 30
0.0
 10
111.2126204534
 20
180.8127707397
 30
0.0
 10
111.535070903
 20
180.8183581139
 30
0.0
 10
111.7964352626
 20
180.8220169509
 30
0.0
 10
111.9835707826
 20
180.8244536775
 30
0.0
  0
SPLINE
  5
4D4
330
1FF
100
AcDbEntity
  8
0
  6
Continuous
 62
     7
100
AcDbSpline
210
0.0
220
0.0
230
1.0
 70
     8
 71
     3
 72
    29
 73
    25
 74
     0
 42
0.0000001
 43
0.0000000001
 40
0.0
 40
0.0
 40
0.0
 40
0.0
 40
0.0003060101
 40
0.001086933
 40
0.0023687284
 40
0.0041556569
 40
0.0064491643
 40
0.009249911
 40
0.0163739237
 40
0.0255249483
 40
0.0366972937
 40
0.0498849426
 40
0.065081734
 40
0.0822814306
 40
0.1014777358
 40
0.1458232256
 40
0.1980233134
 40
0.257977345
 40
0.3255792036
 40
0.4006915063
 40
0.4831656182
 40
0.5728510142000001
 40
0.7731362163
 40
1.0
 40
1.0
 40
1.0
 40
1.0
 10
111.9843810628
 20
180.7993066797
 30
0.0
 10
111.9843807729
 20
180.7988929255
 30
0.0
 10
111.9863103506
 20
180.7983615367
 30
0.0
 10
111.9889880349
 20
180.7977870671
 30
0.0
 10
111.9944177177
 20
180.7971448779
 30
0.0
 10
112.0015252831
 20
180.7965063865
 30
0.0
 10
112.0108516444
 20
180.7958600133
 30
0.0
 10
112.0273247972
 20
180.7949295702
 30
0.0
 10
112.0531087224
 20
180.7938371231
 30
0.0
 10
112.0901943672
 20
180.7926208671
 30
0.0
 10
112.1354912206
 20
180.7914304809
 30
0.0
 10
112.1889624074
 20
180.7902673808
 30
0.0
 10
112.2505863778
 20
180.7891355637
 30
0.0
 10
112.3203359804
 20
180.788036287
 30
0.0
 10
112.4294959242
 20
180.7865437179
 30
0.0
 10
112.5859804355
 20
180.7848131257
 30
0.0
 10
112.7975745557
 20
180.782959632
 30
0.0
 10
113.0406155629
 20
180.7812525627
 30
0.0
 10
113.3146375749
 20
180.7796971752999
 30
0.0
 10
113.6191100267
 20
180.7782978206
 30
0.0
 10
113.9534423921
 20
180.7770577944
 30
0.0
 10
114.4570203266
 20
180.775567262
 30
0.0
 10
115.1558275675
 20
180.7741829314
 30
0.0
 10
115.7333727356
 20
180.7735889114
 30
0.0
 10
116.0401137337
 20
180.7733848133
 30
0.0
  0
SPLINE
  5
4D5
330
1FF
100
AcDbEntity
  8
0
  6
Continuous
 62
     7
100
AcDbSpline
210
0.0
220
0.0
230
1.0
 70
     8
 71
     3
 72
     9
 73
     5
 74
     0
 42
0.0000001
 43
0.0000000001
 40
0.0
 40
0.0
 40
0.0
 40
0.0
 40
0.2354396051
 40
1.0
 40
1.0
 40
1.0
 40
1.0
 10
116.0401137337
 20
180.7733848133
 30
0.0
 10
116.1826200391
 20
180.7732899931
 30
0.0
 10
116.7878976491
 20
180.7729909731
 30
0.0
 10
117.3931754156
 20
180.7730736637
 30
0.0
 10
117.8559467011
 20
180.7732953295
 30
0.0
  0
LINE
  5
4D6
330
1FF
100
AcDbEntity
  8
0
  6
Continuous
 62
     7
100
AcDbLine
 10
117.8559467011
 20
180.7732953295
 30
0.0
 11
118.1904207845
 21
180.7734831337
 31
0.0
  0
LINE
  5
4D7
330
1FF
100
AcDbEntity
  8
0
  6
Continuous
 62
     7
100
AcDbLine
 10
118.1904207845
 20
180.7734831337
 30
0.0
 11
118.2707707437
 21
180.7735362537
 31
0.0
  0
LINE
  5
4D8
330
1FF
100
AcDbEntity
  8
0
  6
Continuous
 62
     7
100
AcDbLine
 10
118.2707707437
 20
180.7735362537
 30
0.0
 11
118.4136360571
 21
180.7736380991
 31
0.0
  0
SPLINE
  5
4D9
330
1FF
100
AcDbEntity
  8
0
  6
Continuous
 62
     7
100
AcDbSpline
210
0.0
220
0.0
230
1.0
 70
     8
 71
     3
 72
     9
 73
     5
 74
     0
 42
0.0000001
 43
0.0000000001
 40
0.0
 40
0.0
 40
0.0
 40
0.0
 40
0.2421330223
 40
1.0
 40
1.0
 40
1.0
 40
1.0
 10
118.4254545694
 20
180.7736469423
 30
0.0
 10
118.5576016693
 20
180.7737461752
 30
0.0
 10
119.1033640345
 20
180.7742050535
 30
0.0
 10
119.6491262361
 20
180.7748522304
 30
0.0
 10
120.0627412481
 20
180.7754325189
 30
0.0
  0
SPLINE
  5
4DA
330
1FF
100
AcDbEntity
  8
0
  6
Continuous
 62
     7
100
AcDbSpline
210
0.0
220
0.0
230
1.0
 70
     8
 71
     3
 72
     9
 73
     5
 74
     0
 42
0.0000001
 43
0.0000000001
 40
0.0
 40
0.0
 40
0.0
 40
0.0
 40
0.2433398425
 40
1.0
 40
1.0
 40
1.0
 40
1.0
 10
120.0627412481
 20
180.7754325189
 30
0.0
 10
120.2219799984
 20
180.7756559257
 30
0.0
 10
120.8763682383
 20
180.7766292017
 30
0.0
 10
121.5307561563
 20
180.7778157713
 30
0.0
 10
122.0259051967
 20
180.7788182062
 30
0.0
  0
LINE
  5
4DB
330
1FF
100
AcDbEntity
  8
0
  6
Continuous
 62
     7
100
AcDbLine
 10
122.0259051967
 20
180.7788182062
 30
0.0
 11
122.3212547075
 21
180.7794285271
 31
0.0
  0
SPLINE
  5
4DC
330
1FF
100
AcDbEntity
  8
0
  6
Continuous
 62
     7
100
AcDbSpline
210
0.0
220
0.0
230
1.0
 70
     8
 71
     3
 72
     9
 73
     5
 74
     0
 42
0.0000001
 43
0.0000000001
 40
0.0
 40
0.0
 40
0.0
 40
0.0
 40
0.2451626763
 40
1.0
 40
1.0
 40
1.0
 40
1.0
 10
122.3212547075
 20
180.7794285271
 30
0.0
 10
122.5100663231
 20
180.779826545
 30
0.0
 10
123.2802144825
 20
180.7815109789
 30
0.0
 10
124.0503621191
 20
180.7834327874
 30
0.0
 10
124.6316979589
 20
180.7850046162
 30
0.0
  0
LINE
  5
4DD
330
1FF
100
AcDbEntity
  8
0
  6
Continuous
 62
     7
100
AcDbLine
 10
124.6316979589
 20
180.7850046162
 30
0.0
 11
124.9277103078
 21
180.7858154664
 31
0.0
  0
SPLINE
  5
4DE
330
1FF
100
AcDbEntity
  8
0
  6
Continuous
 62
     7
100
AcDbSpline
210
0.0
220
0.0
230
1.0
 70
     8
 71
     3
 72
     9
 73
     5
 74
     0
 42
0.0000001
 43
0.0000000001
 40
0.0
 40
0.0
 40
0.0
 40
0.0
 40
0.2466846498
 40
1.0
 40
1.0
 40
1.0
 40
1.0
 10
124.9277103078
 20
180.7858154664
 30
0.0
 10
125.2695039325
 20
180.7867637759
 30
0.0
 10
126.655052276
 20
180.7907769813
 30
0.0
 10
128.0405987244
 20
180.7954417746
 30
0.0
 10
129.0843507799
 20
180.7993061769
 30
0.0
  0
SPLINE
  5
4DF
330
1FF
100
AcDbEntity
  8
0
  6
Continuous
 62
     7
100
AcDbSpline
210
0.0
220
0.0
230
1.0
 70
     8
 71
     3
 72
     9
 73
     5
 74
     0
 42
0.0000001
 43
0.0000000001
 40
0.0
 40
0.0
 40
0.0
 40
0.0
 40
0.2561333915
 40
1.0
 40
1.0
 40
1.0
 40
1.0
 10
129.0843507799
 20
180.7993061769
 30
0.0
 10
129.6431634935
 20
180.8013751329
 30
0.0
 10
131.8248873319
 20
180.8098516525999
 30
0.0
 10
134.0066053509
 20
180.8198620364
 30
0.0
 10
135.6295068611
 20
180.8283604049
 30
0.0
  0
SPLINE
  5
4E0
330
1FF
100
AcDbEntity
  8
0
  6
Continuous
 62
     7
100
AcDbSpline
210
0.0
220
0.0
230
1.0
 70
     8
 71
     3
 72
     9
 73
     5
 74
     0
 42
0.0000001
 43
0.0000000001
 40
0.0
 40
0.0
 40
0.0
 40
0.0
 40
0.2641524793
 40
1.0
 40
1.0
 40
1.0
 40
1.0
 10
135.6295068611
 20
180.8283604049
 30
0.0
 10
135.9788301048
 20
180.8301896457
 30
0.0
 10
137.3012593817
 20
180.8373065381
 30
0.0
 10
138.6236846323
 20
180.8451933517
 30
0.0
 10
139.5967839135
 20
180.8516048249
 30
0.0
  0
LINE
  5
4E1
330
1FF
100
AcDbEntity
  8
0
  6
Continuous
 62
     7
100
AcDbLine
 10
139.5967839135
 20
180.8516048249
 30
0.0
 11
140.5112384558
 21
180.8578249334999
 31
0.0
  0
LINE
  5
4E2
330
1FF
100
AcDbEntity
  8
0
  6
Continuous
 62
     7
100
AcDbLine
 10
140.5112384558
 20
180.8578249334999
 30
0.0
 11
140.6095174867
 21
180.8585181882
 31
0.0
  0
LINE
  5
4E3
330
1FF
100
AcDbEntity
  8
0
  6
Continuous
 62
     7
100
AcDbLine
 10
140.6095174867
 20
180.8585181882
 30
0.0
 11
141.17598021
 21
180.8626187314
 31
0.0
  0
SPLINE
  5
4E4
330
1FF
100
AcDbEntity
  8
0
  6
Continuous
 62
     7
100
AcDbSpline
210
0.0
220
0.0
230
1.0
 70
     8
 71
     3
 72
    11
 73
     7
 74
     0
 42
0.0000001
 43
0.0000000001
 40
0.0
 40
0.0
 40
0.0
 40
0.0
 40
0.2872514779
 40
0.5538413559000001
 40
0.7883806112000001
 40
1.0
 40
1.0
 40
1.0
 40
1.0
 10
142.3073548917
 20
180.5626117576
 30
0.0
 10
142.3074965072
 20
180.6011122206
 30
0.0
 10
142.2977478562
 20
180.6758584335
 30
0.0
 10
142.2539831933
 20
180.7738236236
 30
0.0
 10
142.1852405387
 20
180.8442039092
 30
0.0
 10
142.1247178491
 20
180.8623963707
 30
0.0
 10
142.096355017
 20
180.8626113832
 30
0.0
  0
SPLINE
  5
4E5
330
1FF
100
AcDbEntity
  8
0
  6
Continuous
 62
     7
100
AcDbSpline
210
0.0
220
0.0
230
1.0
 70
     8
 71
     3
 72
    36
 73
    32
 74
     0
 42
0.0000001
 43
0.0000000001
 40
0.0
 40
0.0
 40
0.0
 40
0.0
 40
0.0000862207
 40
0.0003042512
 40
0.0006619058
 40
0.0011604263
 40
0.0018001156
 40
0.0025810359
 40
0.0045663956
 40
0.007115883
 40
0.0102286004
 40
0.0139035578
 40
0.0181397177
 40
0.0229355216
 40
0.0282884368
 40
0.0406549905
 40
0.055218124
 40
0.0719551834
 40
0.0908355583
 40
0.1118257349
 40
0.1348917302
 40
0.1599931853
 40
0.216122135
 40
0.2798282093
 40
0.3506698847
 40
0.4281579325
 40
0.5117593731
 40
0.6008947375
 40
0.6949504615000001
 40
0.7932766328000001
 40
1.0
 40
1.0
 40
1.0
 40
1.0
 10
110.3844928196
 20
180.4944838643
 30
0.0
 10
110.3844906293
 20
180.4940747166
 30
0.0
 10
110.3863618648
 20
180.4935118062
 30
0.0
 10
110.3890014682
 20
180.4929437697
 30
0.0
 10
110.3943061644
 20
180.4922794725
 30
0.0
 10
110.4012669745
 20
180.4916327622
 30
0.0
 10
110.4103924005
 20
180.490971575
 30
0.0
 10
110.4265076212
 20
180.4900224506
 30
0.0
 10
110.451722474
 20
180.4889047373
 30
0.0
 10
110.4879865182
 20
180.4876591116999
 30
0.0
 10
110.5322807843
 20
180.4864375439
 30
0.0
 10
110.584579259
 20
180.4852418334
 30
0.0
 10
110.6448680067
 20
180.4840759163
 30
0.0
 10
110.7131208615
 20
180.4829410924
 30
0.0
 10
110.8199542252
 20
180.4813961243
 30
0.0
 10
110.9731384112
 20
180.4795959975999
 30
0.0
 10
111.1803465326
 20
180.4776558661
 30
0.0
 10
111.4184677294
 20
180.4758556659
 30
0.0
 10
111.6870896084
 20
180.4741990452
 30
0.0
 10
111.9857462346
 20
180.4726908867
 30
0.0
 10
112.3139254978
 20
180.4713350375999
 30
0.0
 10
112.8088530256
 20
180.4696722989
 30
0.0
 10
113.4966358441
 20
180.4680552283
 30
0.0
 10
114.4014762203
 20
180.4668121268
 30
0.0
 10
115.4076751649
 20
180.4662176639
 30
0.0
 10
116.5082861397
 20
180.4662780578
 30
0.0
 10
117.6957081361
 20
180.4669959036
 30
0.0
 10
118.9617501883
 20
180.4683670514
 30
0.0
 10
120.2976664975
 20
180.4703833483
 30
0.0
 10
122.1915854428
 20
180.4739755546
 30
0.0
 10
123.639169638
 20
180.4775056974
 30
0.0
 10
124.620155252
 20
180.4802011317
 30
0.0
  0
SPLINE
  5
4E6
330
1FF
100
AcDbEntity
  8
0
  6
Continuous
 62
     7
100
AcDbSpline
210
0.0
220
0.0
230
1.0
 70
     8
 71
     3
 72
     9
 73
     5
 74
     0
 42
0.0000001
 43
0.0000000001
 40
0.0
 40
0.0
 40
0.0
 40
0.0
 40
0.2475591355
 40
1.0
 40
1.0
 40
1.0
 40
1.0
 10
124.620155252
 20
180.4802011317
 30
0.0
 10
124.8353283348
 20
180.4807923584
 30
0.0
 10
125.7045066894
 20
180.4832402433
 30
0.0
 10
126.5736843808
 20
180.4859230797999
 30
0.0
 10
127.2276887687
 20
180.4880680139
 30
0.0
  0
LINE
  5
4E7
330
1FF
100
AcDbEntity
  8
0
  6
Continuous
 62
     7
100
AcDbLine
 10
127.2276887687
 20
180.4880680139
 30
0.0
 11
127.7607540675
 21
180.4898443193
 31
0.0
  0
SPLINE
  5
4E8
330
1FF
100
AcDbEntity
  8
0
  6
Continuous
 62
     7
100
AcDbSpline
210
0.0
220
0.0
230
1.0
 70
     8
 71
     3
 72
     9
 73
     5
 74
     0
 42
0.0000001
 43
0.0000000001
 40
0.0
 40
0.0
 40
0.0
 40
0.0
 40
0.2498424241
 40
1.0
 40
1.0
 40
1.0
 40
1.0
 10
127.7607540675
 20
180.4898443193
 30
0.0
 10
127.981177461
 20
180.4905903849
 30
0.0
 10
128.863426925
 20
180.4936339225
 30
0.0
 10
129.7456756051
 20
180.4969047321
 30
0.0
 10
130.4075006247
 20
180.4994868620999
 30
0.0
  0
LINE
  5
4E9
330
1FF
100
AcDbEntity
  8
0
  6
Continuous
 62
     7
100
AcDbLine
 10
130.4075006247
 20
180.4994868620999
 30
0.0
 11
130.9397481043
 21
180.5015913285
 31
0.0
  0
SPLINE
  5
4EA
330
1FF
100
AcDbEntity
  8
0
  6
Continuous
 62
     7
100
AcDbSpline
210
0.0
220
0.0
230
1.0
 70
     8
 71
     3
 72
     9
 73
     5
 74
     0
 42
0.0000001
 43
0.0000000001
 40
0.0
 40
0.0
 40
0.0
 40
0.0
 40
0.5375302584
 40
1.0
 40
1.0
 40
1.0
 40
1.0
 10
130.9397481043
 20
180.5015913285
 30
0.0
 10
132.9009191009
 20
180.5094486237
 30
0.0
 10
136.5493954595
 20
180.5261899964
 30
0.0
 10
140.1978491082
 20
180.5476010843
 30
0.0
 10
141.8851338844
 20
180.5595917499
 30
0.0
  0
SPLINE
  5
4EB
330
1FF
100
AcDbEntity
  8
0
  6
Continuous
 62
     7
100
AcDbSpline
210
0.0
220
0.0
230
1.0
 70
     8
 71
     3
 72
    13
 73
     9
 74
     0
 42
0.0000001
 43
0.0000000001
 40
0.0
 40
0.0
 40
0.0
 40
0.0
 40
0.363714997
 40
0.6560793495000001
 40
0.7731918288
 40
0.8699082348000001
 40
0.9456559214
 40
1.0
 40
1.0
 40
1.0
 40
1.0
 10
141.1746546932
 20
181.9622892144
 30
0.0
 10
141.7573511632
 20
181.9774651479
 30
0.0
 10
142.8083968959
 20
182.0064008438
 30
0.0
 10
144.0467871782
 20
182.0498284322
 30
0.0
 10
144.8572379014
 20
182.0854285284999
 30
0.0
 10
145.3207105553
 20
182.1094702088
 30
0.0
 10
145.6834024976
 20
182.1334193857
 30
0.0
 10
145.8911259865
 20
182.1520625723
 30
0.0
 10
145.9775787866
 20
182.1625988527
 30
0.0
  0
SPLINE
  5
4EC
330
1FF
100
AcDbEntity
  8
0
  6
Continuous
 62
     7
100
AcDbSpline
210
0.0
220
0.0
230
1.0
 70
     8
 71
     3
 72
     9
 73
     5
 74
     0
 42
0.0000001
 43
0.0000000001
 40
0.0
 40
0.0
 40
0.0
 40
0.0
 40
0.5141100074000001
 40
1.0
 40
1.0
 40
1.0
 40
1.0
 10
138.876723354
 20
181.9062692508
 30
0.0
 10
139.2130287236
 20
181.953991052
 30
0.0
 10
139.8668924151
 20
182.0485520375
 30
0.0
 10
140.5225815993
 20
182.131333438
 30
0.0
 10
140.8420827185
 20
182.1626199027
 30
0.0
  0
SPLINE
  5
4ED
330
1FF
100
AcDbEntity
  8
0
  6
Continuous
 62
     7
100
AcDbSpline
210
0.0
220
0.0
230
1.0
 70
     8
 71
     3
 72
    29
 73
    25
 74
     0
 42
0.0000001
 43
0.0000000001
 40
0.0
 40
0.0
 40
0.0
 40
0.0
 40
0.2249526907
 40
0.4245508785000001
 40
0.5141882004000001
 40
0.5967710918
 40
0.6721059036
 40
0.7400134214000001
 40
0.8003188345000001
 40
0.8528810893999999
 40
0.8975770803999999
 40
0.9169378567
 40
0.9342923337
 40
0.9496316258
 40
0.9629468821999999
 40
0.9742293115999999
 40
0.9834703539999999
 40
0.9906648377999999
 40
0.9934942381
 40
0.9958117167000001
 40
0.9976175278999999
 40
0.9989125409999999
 40
0.9996998373999998
 40
1.0
 40
1.0
 40
1.0
 40
1.0
 10
142.3073835612
 20
180.5626100711
 30
0.0
 10
142.7181374226
 20
180.5595993003
 30
0.0
 10
143.4933473734
 20
180.5537009301
 30
0.0
 10
144.432224458
 20
180.5457474475
 30
0.0
 10
145.11113717
 20
180.5393809369
 30
0.0
 10
145.5631512818
 20
180.5348394168
 30
0.0
 10
145.9754852597
 20
180.5303706625
 30
0.0
 10
146.3471387988
 20
180.5259856416999
 30
0.0
 10
146.677207539
 20
180.5216952063
 30
0.0
 10
146.9648893921
 20
180.517511524
 30
0.0
 10
147.1778073534
 20
180.5139810779
 30
0.0
 10
147.326438342
 20
180.5111730757
 30
0.0
 10
147.4214697536
 20
180.5092025534
 30
0.0
 10
147.5054606946
 20
180.5072678195
 30
0.0
 10
147.5783601404
 20
180.5053706468
 30
0.0
 10
147.6401256444
 20
180.5035170274
 30
0.0
 10
147.6906974632
 20
180.5017070061
 30
0.0
 10
147.7258630593
 20
180.5001545138999
 30
0.0
 10
147.7483305846
 20
180.4988780377
 30
0.0
 10
147.7610648829999
 20
180.498021506
 30
0.0
 10
147.7707488279
 20
180.4971669925
 30
0.0
 10
147.7782022673
 20
180.4963910583
 30
0.0
 10
147.7817762147
 20
180.495594487
 30
0.0
 10
147.7844774888
 20
180.4950369359
 30
0.0
 10
147.7844806741
 20
180.4944888465
 30
0.0
  0
LINE
  5
4EE
330
1FF
100
AcDbEntity
  8
0
  6
Continuous
 62
     7
100
AcDbLine
 10
142.0952229696
 20
180.8626187313
 30
0.0
 11
141.678641033
 21
180.8595815775
 31
0.0
  0
SPLINE
  5
4EF
330
1FF
100
AcDbEntity
  8
0
  6
Continuous
 62
     7
100
AcDbSpline
210
0.0
220
0.0
230
1.0
 70
     8
 71
     3
 72
    22
 73
    18
 74
     0
 42
0.0000001
 43
0.0000000001
 40
0.0
 40
0.0
 40
0.0
 40
0.0
 40
0.1408094485
 40
0.2773706271
 40
0.4100091226
 40
0.5386695585
 40
0.6629897432
 40
0.7232976435
 40
0.7821241915
 40
0.8392183233
 40
0.8941559315000001
 40
0.9206965689
 40
0.9464560565000001
 40
0.9591275584999999
 40
0.9717890297
 40
0.9847609761000001
 40
1.0
 40
1.0
 40
1.0
 40
1.0
 10
113.334539786
 20
73.1547187793
 30
0.0
 10
113.2115269094
 20
73.1547183743
 30
0.0
 10
112.9691919912
 20
73.15082124159999
 30
0.0
 10
112.6113720808
 20
73.1333287146
 30
0.0
 10
112.2648759449
 20
73.1050872683
 30
0.0
 10
111.9302584813
 20
73.06541486890001
 30
0.0
 10
111.6600260644
 20
73.0211664902
 30
0.0
 10
111.4518836439
 20
72.9772508603
 30
0.0
 10
111.3025812762
 20
72.93947935510001
 30
0.0
 10
111.1598211687
 20
72.89561929609999
 30
0.0
 10
111.0470754348
 20
72.8509311896
 30
0.0
 10
110.9633831475
 20
72.80864458509999
 30
0.0
 10
110.9158219811
 20
72.77724916459999
 30
0.0
 10
110.8821790584
 20
72.7477689014
 30
0.0
 10
110.8595719615
 20
72.7230956308
 30
0.0
 10
110.8390236694
 20
72.6933127745
 30
0.0
 10
110.8345428904
 20
72.66809964300001
 30
0.0
 10
110.8345344484
 20
72.6547866458
 30
0.0
  0
SPLINE
  5
4F0
330
1FF
100
AcDbEntity
  8
0
  6
Continuous
 62
     7
100
AcDbSpline
210
0.0
220
0.0
230
1.0
 70
     8
 71
     3
 72
    22
 73
    18
 74
     0
 42
0.0000001
 43
0.0000000001
 40
0.0
 40
0.0
 40
0.0
 40
0.0
 40
0.1408094485
 40
0.2773706271
 40
0.4100091226
 40
0.5386695585
 40
0.6629897432
 40
0.7232976435
 40
0.7821241915
 40
0.8392183234
 40
0.8941559315000001
 40
0.920696569
 40
0.9464560565000001
 40
0.9591275584999999
 40
0.9717890297
 40
0.9847609761000001
 40
1.0
 40
1.0
 40
1.0
 40
1.0
 10
144.8344337083
 20
73.1547187792
 30
0.0
 10
144.9574465849
 20
73.1547183742
 30
0.0
 10
145.1997815032
 20
73.15082124159999
 30
0.0
 10
145.5576014135
 20
73.1333287146
 30
0.0
 10
145.9040975495
 20
73.1050872683
 30
0.0
 10
146.238715013
 20
73.0654148688
 30
0.0
 10
146.5089474299
 20
73.0211664901
 30
0.0
 10
146.7170898504
 20
72.9772508603
 30
0.0
 10
146.8663922182
 20
72.939479355
 30
0.0
 10
147.0091523256
 20
72.89561929609999
 30
0.0
 10
147.1218980595
 20
72.8509311896
 30
0.0
 10
147.2055903469
 20
72.80864458499999
 30
0.0
 10
147.2531515132
 20
72.77724916449999
 30
0.0
 10
147.2867944359
 20
72.7477689013
 30
0.0
 10
147.3094015328
 20
72.7230956307
 30
0.0
 10
147.3299498249
 20
72.6933127745
 30
0.0
 10
147.3344306039
 20
72.66809964300001
 30
0.0
 10
147.3344390459
 20
72.6547866458
 30
0.0
  0
SPLINE
  5
4F1
330
1FF
100
AcDbEntity
  8
0
  6
Continuous
 62
     7
100
AcDbSpline
210
0.0
220
0.0
230
1.0
 70
     8
 71
     3
 72
    13
 73
     9
 74
     0
 42
0.0000001
 43
0.0000000001
 40
0.0
 40
0.0
 40
0.0
 40
0.0
 40
0.2656584017
 40
0.5217464391
 40
0.6453285793
 40
0.7656637706
 40
0.8835616439
 40
1.0
 40
1.0
 40
1.0
 40
1.0
 10
109.9342758035
 20
47.81988712989999
 30
0.0
 10
109.9380969091
 20
47.6935373171
 30
0.0
 10
109.9865964969
 20
47.4446518521
 30
0.0
 10
110.1474595857
 20
47.17468874589999
 30
0.0
 10
110.3233107161
 20
47.0123839742
 30
0.0
 10
110.4717102454
 20
46.92261464
 30
0.0
 10
110.6324856917
 20
46.8673169017
 30
0.0
 10
110.7443690735
 20
46.85478662659999
 30
0.0
 10
110.799773648
 20
46.85478662659999
 30
0.0
  0
SPLINE
  5
4F2
330
1FF
100
AcDbEntity
  8
0
  6
Continuous
 62
     7
100
AcDbSpline
210
0.0
220
0.0
230
1.0
 70
     8
 71
     3
 72
    13
 73
     9
 74
     0
 42
0.0000001
 43
0.0000000001
 40
0.0
 40
0.0
 40
0.0
 40
0.0
 40
0.2656162301
 40
0.5219634411000001
 40
0.6456277888000001
 40
0.7659457615000001
 40
0.8837336231999998
 40
1.0
 40
1.0
 40
1.0
 40
1.0
 10
114.8880650909
 20
56.85478662659999
 30
0.0
 10
114.8880650909
 20
56.9842359502
 30
0.0
 10
114.9310254717
 20
57.24069599579999
 30
0.0
 10
115.0902483723
 20
57.5208821472
 30
0.0
 10
115.2678815625
 20
57.6900710142
 30
0.0
 10
115.4187969814
 20
57.783833141
 30
0.0
 10
115.5829546035
 20
57.84166873810001
 30
0.0
 10
115.697427527
 20
57.8547866266
 30
0.0
 10
115.7540904946
 20
57.8547866266
 30
0.0
  0
SPLINE
  5
4F3
330
1FF
100
AcDbEntity
  8
0
  6
Continuous
 62
     7
100
AcDbSpline
210
0.0
220
0.0
230
1.0
 70
     8
 71
     3
 72
    13
 73
     9
 74
     0
 42
0.0000001
 43
0.0000000001
 40
0.0
 40
0.0
 40
0.0
 40
0.0
 40
0.1162663768
 40
0.2340542385
 40
0.3543722111999999
 40
0.4780365589000001
 40
0.7343837699
 40
1.0
 40
1.0
 40
1.0
 40
1.0
 10
142.3993320873
 20
57.8547866266
 30
0.0
 10
142.4559950549
 20
57.8547866266
 30
0.0
 10
142.5704679784
 20
57.84166873810001
 30
0.0
 10
142.7346256005
 20
57.783833141
 30
0.0
 10
142.8855410194
 20
57.6900710142
 30
0.0
 10
143.0631742096
 20
57.5208821472
 30
0.0
 10
143.2223971102
 20
57.24069599579999
 30
0.0
 10
143.265357491
 20
56.9842359502
 30
0.0
 10
143.265357491
 20
56.85478662659999
 30
0.0
  0
SPLINE
  5
4F4
330
1FF
100
AcDbEntity
  8
0
  6
Continuous
 62
     7
100
AcDbSpline
210
0.0
220
0.0
230
1.0
 70
     8
 71
     3
 72
    13
 73
     9
 74
     0
 42
0.0000001
 43
0.0000000001
 40
0.0
 40
0.0
 40
0.0
 40
0.0
 40
0.1162663768
 40
0.2340542385
 40
0.3543722111999999
 40
0.4780365589000001
 40
0.7343837699
 40
1.0
 40
1.0
 40
1.0
 40
1.0
 10
110.5275931865
 20
57.8547866266
 30
0.0
 10
110.4709302189
 20
57.8547866266
 30
0.0
 10
110.3564572954
 20
57.84166873810001
 30
0.0
 10
110.1922996732
 20
57.783833141
 30
0.0
 10
110.0413842544
 20
57.6900710142
 30
0.0
 10
109.8637510642
 20
57.5208821472
 30
0.0
 10
109.7045281636
 20
57.24069599579999
 30
0.0
 10
109.6615677828
 20
56.9842359502
 30
0.0
 10
109.6615677828
 20
56.85478662659999
 30
0.0
  0
SPLINE
  5
4F5
330
1FF
100
AcDbEntity
  8
0
  6
Continuous
 62
     7
100
AcDbSpline
210
0.0
220
0.0
230
1.0
 70
     8
 71
     3
 72
    13
 73
     9
 74
     0
 42
0.0000001
 43
0.0000000001
 40
0.0
 40
0.0
 40
0.0
 40
0.0
 40
0.1164383561
 40
0.2343362294
 40
0.3546714207
 40
0.4782535609
 40
0.7343415983
 40
1.0
 40
1.0
 40
1.0
 40
1.0
 10
116.0262709561
 20
46.85478662659999
 30
0.0
 10
115.9708663816
 20
46.85478662659999
 30
0.0
 10
115.8589829998
 20
46.8673169017
 30
0.0
 10
115.6982075535
 20
46.92261464
 30
0.0
 10
115.5498080242
 20
47.0123839742
 30
0.0
 10
115.3739568939
 20
47.17468874589999
 30
0.0
 10
115.213093805
 20
47.4446518521
 30
0.0
 10
115.1645942172
 20
47.6935373171
 30
0.0
 10
115.1607731116
 20
47.81988712989999
 30
0.0
  0
SPLINE
  5
4F6
330
1FF
100
AcDbEntity
  8
0
  6
Continuous
 62
     7
100
AcDbSpline
210
0.0
220
0.0
230
1.0
 70
     8
 71
     3
 72
    13
 73
     9
 74
     0
 42
0.0000001
 43
0.0000000001
 40
0.0
 40
0.0
 40
0.0
 40
0.0
 40
0.2656584017
 40
0.5217464391
 40
0.6453285793
 40
0.7656637706
 40
0.8835616439
 40
1.0
 40
1.0
 40
1.0
 40
1.0
 10
142.9926494703
 20
47.81988712989999
 30
0.0
 10
142.9888283647
 20
47.6935373171
 30
0.0
 10
142.9403287769
 20
47.4446518521
 30
0.0
 10
142.7794656881
 20
47.17468874589999
 30
0.0
 10
142.6036145577
 20
47.0123839742
 30
0.0
 10
142.4552150284
 20
46.92261464
 30
0.0
 10
142.2944395821
 20
46.8673169017
 30
0.0
 10
142.1825562003
 20
46.85478662659999
 30
0.0
 10
142.1271516258
 20
46.85478662659999
 30
0.0
  0
SPLINE
  5
4F7
330
1FF
100
AcDbEntity
  8
0
  6
Continuous
 62
     7
100
AcDbSpline
210
0.0
220
0.0
230
1.0
 70
     8
 71
     3
 72
    13
 73
     9
 74
     0
 42
0.0000001
 43
0.0000000001
 40
0.0
 40
0.0
 40
0.0
 40
0.0
 40
0.1164383561
 40
0.2343362294
 40
0.3546714207
 40
0.4782535609
 40
0.7343415983
 40
1.0
 40
1.0
 40
1.0
 40
1.0
 10
147.3536489339
 20
46.85478662659999
 30
0.0
 10
147.4090535084
 20
46.85478662659999
 30
0.0
 10
147.5209368902
 20
46.8673169017
 30
0.0
 10
147.6817123365
 20
46.92261464
 30
0.0
 10
147.8301118658
 20
47.0123839742
 30
0.0
 10
148.0059629962
 20
47.17468874589999
 30
0.0
 10
148.166826085
 20
47.4446518521
 30
0.0
 10
148.2153256728
 20
47.6935373171
 30
0.0
 10
148.2191467784
 20
47.81988712989999
 30
0.0
  0
SPLINE
  5
4F8
330
1FF
100
AcDbEntity
  8
0
  6
Continuous
 62
     7
100
AcDbSpline
210
0.0
220
0.0
230
1.0
 70
     8
 71
     3
 72
    13
 73
     9
 74
     0
 42
0.0000001
 43
0.0000000001
 40
0.0
 40
0.0
 40
0.0
 40
0.0
 40
0.2656162301
 40
0.5219634411000001
 40
0.6456277888000001
 40
0.7659457615000001
 40
0.8837336231999998
 40
1.0
 40
1.0
 40
1.0
 40
1.0
 10
148.4918547991
 20
56.85478662659999
 30
0.0
 10
148.4918547991
 20
56.9842359502
 30
0.0
 10
148.4488944183
 20
57.24069599579999
 30
0.0
 10
148.2896715177
 20
57.5208821472
 30
0.0
 10
148.1120383275
 20
57.6900710142
 30
0.0
 10
147.9611229087
 20
57.783833141
 30
0.0
 10
147.7969652865
 20
57.84166873810001
 30
0.0
 10
147.682492363
 20
57.8547866266
 30
0.0
 10
147.6258293954
 20
57.8547866266
 30
0.0
  0
SPLINE
  5
4F9
330
1FF
100
AcDbEntity
  8
0
  6
Continuous
 62
     7
100
AcDbSpline
210
0.0
220
0.0
230
1.0
 70
     8
 71
     3
 72
    22
 73
    18
 74
     0
 42
0.0000001
 43
0.0000000001
 40
0.0
 40
0.0
 40
0.0
 40
0.0
 40
0.0620056314
 40
0.1226165136
 40
0.1767457502
 40
0.1978112953
 40
0.2132460955
 40
0.2541132773
 40
0.2734439065
 40
0.2948910902
 40
0.3212014524
 40
0.3531040342
 40
0.4345928039000001
 40
0.5400967574000001
 40
0.6696477703000001
 40
0.8230523504
 40
1.0
 40
1.0
 40
1.0
 40
1.0
 10
110.3844644529
 20
59.5229791318
 30
0.0
 10
110.3844584112
 20
59.4864135625
 30
0.0
 10
110.3979559085
 20
59.4133906872
 30
0.0
 10
110.4533117187
 20
59.32258199060001
 30
0.0
 10
110.5165225359
 20
59.2709086947
 30
0.0
 10
110.5645240148
 20
59.2472400356
 30
0.0
 10
110.6070570826
 20
59.2305334693
 30
0.0
 10
110.6514368407
 20
59.222764999
 30
0.0
 10
110.699405004
 20
59.2191060963
 30
0.0
 10
110.7389255321
 20
59.21702699819999
 30
0.0
 10
110.7858600519
 20
59.2151142303
 30
0.0
 10
110.8682002966
 20
59.21236133909999
 30
0.0
 10
110.9972430984
 20
59.20903083199999
 30
0.0
 10
111.1838733099
 20
59.2051335082
 30
0.0
 10
111.4129180627
 20
59.20110931359999
 30
0.0
 10
111.6840977483
 20
59.1969598701
 30
0.0
 10
111.8788930161
 20
59.1943087557
 30
0.0
 10
111.9832326493
 20
59.1929521653
 30
0.0
  0
SPLINE
  5
4FA
330
1FF
100
AcDbEntity
  8
0
  6
Continuous
 62
     7
100
AcDbSpline
210
0.0
220
0.0
230
1.0
 70
     8
 71
     3
 72
     9
 73
     5
 74
     0
 42
0.0000001
 43
0.0000000001
 40
0.0
 40
0.0
 40
0.0
 40
0.0
 40
0.4232386999
 40
1.0
 40
1.0
 40
1.0
 40
1.0
 10
112.0016182006
 20
59.1927137902
 30
0.0
 10
112.5759305014
 20
59.1852883547
 30
0.0
 10
113.9329246211
 20
59.1715509579
 30
0.0
 10
115.2899404259
 20
59.160620317
 30
0.0
 10
116.0726186802
 20
59.15482924069999
 30
0.0
  0
SPLINE
  5
4FB
330
1FF
100
AcDbEntity
  8
0
  6
Continuous
 62
     7
100
AcDbSpline
210
0.0
220
0.0
230
1.0
 70
     8
 71
     3
 72
    22
 73
    18
 74
     0
 42
0.0000001
 43
0.0000000001
 40
0.0
 40
0.0
 40
0.0
 40
0.0
 40
0.0620031812
 40
0.1226100411
 40
0.1767302146
 40
0.1977910105
 40
0.2132250793
 40
0.2540999426
 40
0.2734353075
 40
0.2948851268
 40
0.3211972532
 40
0.3531011303
 40
0.4345916555
 40
0.5400966338000001
 40
0.6696481287000001
 40
0.8230527337000001
 40
1.0
 40
1.0
 40
1.0
 40
1.0
 10
147.7845069268
 20
59.5229714689
 30
0.0
 10
147.7845111921
 20
59.4864078751
 30
0.0
 10
147.7710120712
 20
59.41339055
 30
0.0
 10
147.7156606518
 20
59.32259244239999
 30
0.0
 10
147.6524617298
 20
59.270924333
 30
0.0
 10
147.6044703035
 20
59.24725643359999
 30
0.0
 10
147.5619379255
 20
59.23054651840001
 30
0.0
 10
147.517552733
 20
59.2227721642
 30
0.0
 10
147.4695765566
 20
59.2191104547
 30
0.0
 10
147.4300512989
 20
59.2170297144
 30
0.0
 10
147.3831141522
 20
59.21511560239999
 30
0.0
 10
147.3007723263
 20
59.21236084890001
 30
0.0
 10
147.171729049
 20
59.2090281551
 30
0.0
 10
146.985099677
 20
59.2051283211
 30
0.0
 10
146.7560573917
 20
59.201101588
 30
0.0
 10
146.4848816109
 20
59.1969495702
 30
0.0
 10
146.2900894054
 20
59.1942968335
 30
0.0
 10
146.1857515243
 20
59.1929394187
 30
0.0
  0
SPLINE
  5
4FC
330
1FF
100
AcDbEntity
  8
0
  6
Continuous
 62
     7
100
AcDbSpline
210
0.0
220
0.0
230
1.0
 70
     8
 71
     3
 72
    29
 73
    25
 74
     0
 42
0.0000001
 43
0.0000000001
 40
0.0
 40
0.0
 40
0.0
 40
0.0
 40
0.0003060101
 40
0.001086933
 40
0.0023687284
 40
0.0041556569
 40
0.0064491643
 40
0.009249911
 40
0.0163739237
 40
0.0255249482
 40
0.0366972936
 40
0.0498849425
 40
0.0650817338
 40
0.0822814304
 40
0.1014777356
 40
0.1458232253
 40
0.1980233131
 40
0.2579773445
 40
0.3255792031
 40
0.4006915057000001
 40
0.4831656177000001
 40
0.5728510137000001
 40
0.7731362159000001
 40
1.0
 40
1.0
 40
1.0
 40
1.0
 10
146.1845924315
 20
59.2180986783
 30
0.0
 10
146.1845927215
 20
59.21851243249999
 30
0.0
 10
146.1826631438
 20
59.2190438212
 30
0.0
 10
146.1799854597
 20
59.2196182908
 30
0.0
 10
146.1745557771
 20
59.22026048
 30
0.0
 10
146.1674482121
 20
59.22089897140001
 30
0.0
 10
146.1581218514
 20
59.2215453446
 30
0.0
 10
146.1416486994
 20
59.22247578770001
 30
0.0
 10
146.1158647756
 20
59.2235682347
 30
0.0
 10
146.0787791327
 20
59.22478449069999
 30
0.0
 10
146.0334822817
 20
59.2259748769
 30
0.0
 10
145.9800110977
 20
59.2271379769
 30
0.0
 10
145.9183871305
 20
59.22826979399999
 30
0.0
 10
145.8486375315
 20
59.22936907069999
 30
0.0
 10
145.7394775934
 20
59.23086163979999
 30
0.0
 10
145.5829930902
 20
59.23259223199999
 30
0.0
 10
145.3713989809
 20
59.2344457257
 30
0.0
 10
145.1283579863
 20
59.236152795
 30
0.0
 10
144.8543359883
 20
59.2377081823
 30
0.0
 10
144.549863552
 20
59.2391075371
 30
0.0
 10
144.2155312035
 20
59.2403475632
 30
0.0
 10
143.7119532942
 20
59.24183809569999
 30
0.0
 10
143.0131460876
 20
59.2432224263
 30
0.0
 10
142.4356009479
 20
59.2438164464
 30
0.0
 10
142.1288599646
 20
59.24402054449999
 30
0.0
  0
SPLINE
  5
4FD
330
1FF
100
AcDbEntity
  8
0
  6
Continuous
 62
     7
100
AcDbSpline
210
0.0
220
0.0
230
1.0
 70
     8
 71
     3
 72
     9
 73
     5
 74
     0
 42
0.0000001
 43
0.0000000001
 40
0.0
 40
0.0
 40
0.0
 40
0.0
 40
0.2374174904
 40
1.0
 40
1.0
 40
1.0
 40
1.0
 10
142.1288599646
 20
59.24402054449999
 30
0.0
 10
142.0086635706
 20
59.24410052029999
 30
0.0
 10
141.5023975612
 20
59.2443642257
 30
0.0
 10
140.9961314269
 20
59.24435488
 30
0.0
 10
140.6100617944
 20
59.2442296007
 30
0.0
  0
LINE
  5
4FE
330
1FF
100
AcDbEntity
  8
0
  6
Continuous
 62
     7
100
AcDbLine
 10
140.6100617944
 20
59.2442296007
 30
0.0
 11
140.5117583003
 21
59.244195126
 31
0.0
  0
LINE
  5
4FF
330
1FF
100
AcDbEntity
  8
0
  6
Continuous
 62
     7
100
AcDbLine
 10
140.5117583003
 20
59.244195126
 30
0.0
 11
139.5970602412
 21
59.2436436199
 31
0.0
  0
LINE
  5
500
330
1FF
100
AcDbEntity
  8
0
  6
Continuous
 62
     7
100
AcDbLine
 10
139.5970602412
 20
59.2436436199
 30
0.0
 11
139.3337911865
 21
59.24341360279999
 31
0.0
  0
LINE
  5
501
330
1FF
100
AcDbEntity
  8
0
  6
Continuous
 62
     7
100
AcDbLine
 10
139.3337911865
 20
59.24341360279999
 30
0.0
 11
139.2452229949
 21
59.24332957029999
 31
0.0
  0
LINE
  5
502
330
1FF
100
AcDbEntity
  8
0
  6
Continuous
 62
     7
100
AcDbLine
 10
139.2452229949
 20
59.24332957029999
 30
0.0
 11
138.1062322462
 21
59.2419728391
 31
0.0
  0
SPLINE
  5
503
330
1FF
100
AcDbEntity
  8
0
  6
Continuous
 62
     7
100
AcDbSpline
210
0.0
220
0.0
230
1.0
 70
     8
 71
     3
 72
     9
 73
     5
 74
     0
 42
0.0000001
 43
0.0000000001
 40
0.0
 40
0.0
 40
0.0
 40
0.0
 40
0.2429387018
 40
1.0
 40
1.0
 40
1.0
 40
1.0
 10
138.1062322462
 20
59.2419728391
 30
0.0
 10
137.9356941948
 20
59.24173357979999
 30
0.0
 10
137.2337145253
 20
59.24068531109999
 30
0.0
 10
136.5317352268
 20
59.2393926964
 30
0.0
 10
136.0002941292
 20
59.2382951979
 30
0.0
  0
LINE
  5
504
330
1FF
100
AcDbEntity
  8
0
  6
Continuous
 62
     7
100
AcDbLine
 10
136.0002941292
 20
59.2382951979
 30
0.0
 11
135.7454250476
 21
59.2377597368
 31
0.0
  0
LINE
  5
505
330
1FF
100
AcDbEntity
  8
0
  6
Continuous
 62
     7
100
AcDbLine
 10
135.7454250476
 20
59.2377597368
 30
0.0
 11
135.6294629202
 21
59.2375101304
 31
0.0
  0
LINE
  5
506
330
1FF
100
AcDbEntity
  8
0
  6
Continuous
 62
     7
100
AcDbLine
 10
135.6294629202
 20
59.2375101304
 30
0.0
 11
135.5850377962
 21
59.2374135262
 31
0.0
  0
SPLINE
  5
507
330
1FF
100
AcDbEntity
  8
0
  6
Continuous
 62
     7
100
AcDbSpline
210
0.0
220
0.0
230
1.0
 70
     8
 71
     3
 72
     9
 73
     5
 74
     0
 42
0.0000001
 43
0.0000000001
 40
0.0
 40
0.0
 40
0.0
 40
0.0
 40
0.245809611
 40
1.0
 40
1.0
 40
1.0
 40
1.0
 10
135.5535169168
 20
59.2373446552
 30
0.0
 10
135.3821036916
 20
59.2369693909
 30
0.0
 10
134.6847623714
 20
59.23539375549999
 30
0.0
 10
133.9874214859
 20
59.2336267321
 30
0.0
 10
133.4614939711
 20
59.23219515239999
 30
0.0
  0
LINE
  5
508
330
1FF
100
AcDbEntity
  8
0
  6
Continuous
 62
     7
100
AcDbLine
 10
133.4614939711
 20
59.23219515239999
 30
0.0
 11
133.4063983451
 21
59.2320448182
 31
0.0
  0
LINE
  5
509
330
1FF
100
AcDbEntity
  8
0
  6
Continuous
 62
     7
100
AcDbLine
 10
133.4063983451
 20
59.2320448182
 30
0.0
 11
133.2552675532
 21
59.23162872359999
 31
0.0
  0
LINE
  5
50A
330
1FF
100
AcDbEntity
  8
0
  6
Continuous
 62
     7
100
AcDbLine
 10
133.2552675532
 20
59.23162872359999
 30
0.0
 11
133.1283915716
 21
59.2312752195
 31
0.0
  0
LINE
  5
50B
330
1FF
100
AcDbEntity
  8
0
  6
Continuous
 62
     7
100
AcDbLine
 10
133.1283915716
 20
59.2312752195
 30
0.0
 11
133.0599541996
 21
59.2310829589
 31
0.0
  0
SPLINE
  5
50C
330
1FF
100
AcDbEntity
  8
0
  6
Continuous
 62
     7
100
AcDbSpline
210
0.0
220
0.0
230
1.0
 70
     8
 71
     3
 72
     9
 73
     5
 74
     0
 42
0.0000001
 43
0.0000000001
 40
0.0
 40
0.0
 40
0.0
 40
0.0
 40
0.246974609
 40
1.0
 40
1.0
 40
1.0
 40
1.0
 10
133.0599541996
 20
59.2310829589
 30
0.0
 10
132.7326851005
 20
59.2301609247
 30
0.0
 10
131.4075732087
 20
59.2262740535
 30
0.0
 10
130.0824630644
 20
59.2217935992
 30
0.0
 10
129.0846227145
 20
59.2180991811
 30
0.0
  0
SPLINE
  5
50D
330
1FF
100
AcDbEntity
  8
0
  6
Continuous
 62
     7
100
AcDbSpline
210
0.0
220
0.0
230
1.0
 70
     8
 71
     3
 72
     9
 73
     5
 74
     0
 42
0.0000001
 43
0.0000000001
 40
0.0
 40
0.0
 40
0.0
 40
0.0
 40
0.2572198749
 40
1.0
 40
1.0
 40
1.0
 40
1.0
 10
129.0846227145
 20
59.2180991811
 30
0.0
 10
128.4794290973
 20
59.2158585038
 30
0.0
 10
126.1266048458
 20
59.20668062989999
 30
0.0
 10
123.7737873234
 20
59.1957232104
 30
0.0
 10
122.0261682275
 20
59.18632039520001
 30
0.0
  0
SPLINE
  5
50E
330
1FF
100
AcDbEntity
  8
0
  6
Continuous
 62
     7
100
AcDbSpline
210
0.0
220
0.0
230
1.0
 70
     8
 71
     3
 72
     9
 73
     5
 74
     0
 42
0.0000001
 43
0.0000000001
 40
0.0
 40
0.0
 40
0.0
 40
0.0
 40
0.2649752374
 40
1.0
 40
1.0
 40
1.0
 40
1.0
 10
122.0261682275
 20
59.18632039520001
 30
0.0
 10
121.6874078651
 20
59.1844977434
 30
0.0
 10
120.4089484445
 20
59.1774313403
 30
0.0
 10
119.1304930737
 20
59.1696097692
 30
0.0
 10
118.1908008685
 20
59.16325485329999
 30
0.0
  0
LINE
  5
50F
330
1FF
100
AcDbEntity
  8
0
  6
Continuous
 62
     7
100
AcDbLine
 10
118.1908008685
 20
59.16325485329999
 30
0.0
 11
117.8564157994
 21
59.1609665247
 31
0.0
  0
LINE
  5
510
330
1FF
100
AcDbEntity
  8
0
  6
Continuous
 62
     7
100
AcDbLine
 10
117.8564157994
 20
59.1609665247
 30
0.0
 11
116.9929932843
 21
59.15478662659999
 31
0.0
  0
SPLINE
  5
511
330
1FF
100
AcDbEntity
  8
0
  6
Continuous
 62
     7
100
AcDbSpline
210
0.0
220
0.0
230
1.0
 70
     8
 71
     3
 72
    29
 73
    25
 74
     0
 42
0.0000001
 43
0.0000000001
 40
0.0
 40
0.0
 40
0.0
 40
0.0
 40
0.2249527463
 40
0.4245509761
 40
0.5141883136
 40
0.5967712168000001
 40
0.6721060363
 40
0.7400135578000001
 40
0.8003189703
 40
0.8528812203000001
 40
0.8975772020999999
 40
0.916937972
 40
0.9342924415999998
 40
0.9496317253
 40
0.9629469719999999
 40
0.9742293905
 40
0.9834704207999999
 40
0.9906648912999999
 40
0.9934942844
 40
0.9958117554000001
 40
0.9976175584999998
 40
0.998912563
 40
0.9996998496999999
 40
1.0
 40
1.0
 40
1.0
 40
1.0
 10
115.861589939
 20
59.4548021677
 30
0.0
 10
115.4508359821
 20
59.4578129393
 30
0.0
 10
114.6756258642
 20
59.4637112929
 30
0.0
 10
113.7367485859
 20
59.47166469729999
 30
0.0
 10
113.057835756
 20
59.4780311087
 30
0.0
 10
112.6058215858
 20
59.4825725411
 30
0.0
 10
112.1934875706
 20
59.4870411919
 30
0.0
 10
111.8218340157
 20
59.4914260939
 30
0.0
 10
111.4917652819
 20
59.49571639560001
 30
0.0
 10
111.2040834577
 20
59.49989992969999
 30
0.0
 10
110.9911655345
 20
59.50343023520001
 30
0.0
 10
110.8425345876
 20
59.50623811479999
 30
0.0
 10
110.7475032162
 20
59.50820854609999
 30
0.0
 10
110.663512321
 20
59.5101431859
 30
0.0
 10
110.5906129271
 20
59.5120402612
 30
0.0
 10
110.5288474802
 20
59.5138937804
 30
0.0
 10
110.4782757259
 20
59.5157036992
 30
0.0
 10
110.4431101836
 20
59.5172560983
 30
0.0
 10
110.4206427093
 20
59.5185324963
 30
0.0
 10
110.4079084413
 20
59.51938897149999
 30
0.0
 10
110.3982245563
 20
59.5202434335
 30
0.0
 10
110.3907711153
 20
59.5210193046
 30
0.0
 10
110.3871972892
 20
59.5218158368
 30
0.0
 10
110.3844959766
 20
59.5223733259
 30
0.0
 10
110.3844928202
 20
59.522921393
 30
0.0
  0
SPLINE
  5
512
330
1FF
100
AcDbEntity
  8
0
  6
Continuous
 62
     7
100
AcDbSpline
210
0.0
220
0.0
230
1.0
 70
     8
 71
     3
 72
     9
 73
     5
 74
     0
 42
0.0000001
 43
0.0000000001
 40
0.0
 40
0.0
 40
0.0
 40
0.0
 40
0.2419936791
 40
1.0
 40
1.0
 40
1.0
 40
1.0
 10
116.4903286262
 20
59.1578237658
 30
0.0
 10
116.6011871841
 20
59.1586195852
 30
0.0
 10
117.0592926487
 20
59.1618685185
 30
0.0
 10
117.5173991866
 20
59.1649655493
 30
0.0
 10
117.8646473032
 20
59.1672406547
 30
0.0
  0
LINE
  5
513
330
1FF
100
AcDbEntity
  8
0
  6
Continuous
 62
     7
100
AcDbLine
 10
117.8646473032
 20
59.1672406547
 30
0.0
 11
118.2065690127
 21
59.16945765689999
 31
0.0
  0
SPLINE
  5
514
330
1FF
100
AcDbEntity
  8
0
  6
Continuous
 62
     7
100
AcDbSpline
210
0.0
220
0.0
230
1.0
 70
     8
 71
     3
 72
     9
 73
     5
 74
     0
 42
0.0000001
 43
0.0000000001
 40
0.0
 40
0.0
 40
0.0
 40
0.0
 40
0.236941195
 40
1.0
 40
1.0
 40
1.0
 40
1.0
 10
118.2065690127
 20
59.16945765689999
 30
0.0
 10
118.5085262617
 20
59.1713953805
 30
0.0
 10
119.7829251124
 20
59.179351093
 30
0.0
 10
121.0573289844
 20
59.1864926289
 30
0.0
 10
122.0297758347
 20
59.19158809109999
 30
0.0
  0
SPLINE
  5
515
330
1FF
100
AcDbEntity
  8
0
  6
Continuous
 62
     7
100
AcDbSpline
210
0.0
220
0.0
230
1.0
 70
     8
 71
     3
 72
     9
 73
     5
 74
     0
 42
0.0000001
 43
0.0000000001
 40
0.0
 40
0.0
 40
0.0
 40
0.0
 40
0.2414139168
 40
1.0
 40
1.0
 40
1.0
 40
1.0
 10
122.0297758347
 20
59.19158809109999
 30
0.0
 10
122.5974848715
 20
59.1945627934
 30
0.0
 10
124.949087835
 20
59.20637153569999
 30
0.0
 10
127.3007000918
 20
59.2163108413
 30
0.0
 10
129.0846036066
 20
59.2229160093
 30
0.0
  0
SPLINE
  5
516
330
1FF
100
AcDbEntity
  8
0
  6
Continuous
 62
     7
100
AcDbSpline
210
0.0
220
0.0
230
1.0
 70
     8
 71
     3
 72
     9
 73
     5
 74
     0
 42
0.0000001
 43
0.0000000001
 40
0.0
 40
0.0
 40
0.0
 40
0.0
 40
0.2518623405
 40
1.0
 40
1.0
 40
1.0
 40
1.0
 10
129.0846036066
 20
59.2229160093
 30
0.0
 10
129.4184065607
 20
59.22415196439999
 30
0.0
 10
130.7437459388
 20
59.22892553979999
 30
0.0
 10
132.0690872318
 20
59.2331694809
 30
0.0
 10
133.0606258407
 20
59.2360282282
 30
0.0
  0
LINE
  5
517
330
1FF
100
AcDbEntity
  8
0
  6
Continuous
 62
     7
100
AcDbLine
 10
133.0606258407
 20
59.2360282282
 30
0.0
 11
133.1288725075
 21
59.23622448909999
 31
0.0
  0
LINE
  5
518
330
1FF
100
AcDbEntity
  8
0
  6
Continuous
 62
     7
100
AcDbLine
 10
133.1288725075
 20
59.23622448909999
 30
0.0
 11
133.2554041586
 21
59.23658569109999
 31
0.0
  0
LINE
  5
519
330
1FF
100
AcDbEntity
  8
0
  6
Continuous
 62
     7
100
AcDbLine
 10
133.2554041586
 20
59.23658569109999
 30
0.0
 11
133.4061445497
 21
59.2370114488
 31
0.0
  0
LINE
  5
51A
330
1FF
100
AcDbEntity
  8
0
  6
Continuous
 62
     7
100
AcDbLine
 10
133.4061445497
 20
59.2370114488
 30
0.0
 11
133.4611042745
 21
59.2371654431
 31
0.0
  0
SPLINE
  5
51B
330
1FF
100
AcDbEntity
  8
0
  6
Continuous
 62
     7
100
AcDbSpline
210
0.0
220
0.0
230
1.0
 70
     8
 71
     3
 72
     9
 73
     5
 74
     0
 42
0.0000001
 43
0.0000000001
 40
0.0
 40
0.0
 40
0.0
 40
0.0
 40
0.2533382464
 40
1.0
 40
1.0
 40
1.0
 40
1.0
 10
133.4611042745
 20
59.2371654431
 30
0.0
 10
133.6377563535
 20
59.2376593485
 30
0.0
 10
134.3350537814
 20
59.23956836609999
 30
0.0
 10
135.0323516586
 20
59.24131394199999
 30
0.0
 10
135.5529975379
 20
59.2425178147
 30
0.0
  0
LINE
  5
51C
330
1FF
100
AcDbEntity
  8
0
  6
Continuous
 62
     7
100
AcDbLine
 10
135.6287057401
 20
59.2426921685
 30
0.0
 11
135.7443418932
 21
59.24295574689999
 31
0.0
  0
LINE
  5
51D
330
1FF
100
AcDbEntity
  8
0
  6
Continuous
 62
     7
100
AcDbLine
 10
135.7443418932
 20
59.24295574689999
 30
0.0
 11
135.9986666679
 21
59.2435237321
 31
0.0
  0
SPLINE
  5
51E
330
1FF
100
AcDbEntity
  8
0
  6
Continuous
 62
     7
100
AcDbSpline
210
0.0
220
0.0
230
1.0
 70
     8
 71
     3
 72
     9
 73
     5
 74
     0
 42
0.0000001
 43
0.0000000001
 40
0.0
 40
0.0
 40
0.0
 40
0.0
 40
0.2556100753
 40
1.0
 40
1.0
 40
1.0
 40
1.0
 10
135.9986666679
 20
59.2435237321
 30
0.0
 10
136.1780075595
 20
59.2439185276
 30
0.0
 10
136.8796266871
 20
59.24541532510001
 30
0.0
 10
137.581246232
 20
59.24671850399999
 30
0.0
 10
138.103524944
 20
59.24756491100001
 30
0.0
  0
LINE
  5
51F
330
1FF
100
AcDbEntity
  8
0
  6
Continuous
 62
     7
100
AcDbLine
 10
138.103524944
 20
59.24756491100001
 30
0.0
 11
139.2488086111
 21
59.24921311470001
 31
0.0
  0
LINE
  5
520
330
1FF
100
AcDbEntity
  8
0
  6
Continuous
 62
     7
100
AcDbLine
 10
139.2488086111
 20
59.24921311470001
 30
0.0
 11
139.5907801187
 21
59.2496196897
 31
0.0
  0
LINE
  5
521
330
1FF
100
AcDbEntity
  8
0
  6
Continuous
 62
     7
100
AcDbLine
 10
139.5907801187
 20
59.2496196897
 30
0.0
 11
140.5105296723
 21
59.2504959641
 31
0.0
  0
LINE
  5
522
330
1FF
100
AcDbEntity
  8
0
  6
Continuous
 62
     7
100
AcDbLine
 10
140.5105296723
 20
59.2504959641
 30
0.0
 11
140.6101534689
 21
59.25057055829999
 31
0.0
  0
SPLINE
  5
523
330
1FF
100
AcDbEntity
  8
0
  6
Continuous
 62
     7
100
AcDbSpline
210
0.0
220
0.0
230
1.0
 70
     8
 71
     3
 72
     9
 73
     5
 74
     0
 42
0.0000001
 43
0.0000000001
 40
0.0
 40
0.0
 40
0.0
 40
0.0
 40
0.5892774832
 40
1.0
 40
1.0
 40
1.0
 40
1.0
 10
140.6101534689
 20
59.25057055829999
 30
0.0
 10
141.7126932831
 20
59.25137291369999
 30
0.0
 10
143.5836953025
 20
59.2513815542
 30
0.0
 10
145.4547023247
 20
59.24747893310001
 30
0.0
 10
146.2231527075
 20
59.2430444246
 30
0.0
  0
SPLINE
  5
524
330
1FF
100
AcDbEntity
  8
0
  6
Continuous
 62
     7
100
AcDbSpline
210
0.0
220
0.0
230
1.0
 70
     8
 71
     3
 72
    38
 73
    34
 74
     0
 42
0.0000001
 43
0.0000000001
 40
0.0
 40
0.0
 40
0.0
 40
0.0
 40
0.1151805324
 40
0.2153931864
 40
0.3004136217
 40
0.3700701149999999
 40
0.3990845526
 40
0.4241974617000001
 40
0.4453985342000001
 40
0.4626796925
 40
0.4760334373
 40
0.4812356269000001
 40
0.4854540466
 40
0.4886889402000001
 40
0.4909423422
 40
0.4917036635
 40
0.4922256260000001
 40
0.4925212128
 40
0.4926771066
 40
0.4929654671
 40
0.4934791119
 40
0.4952261992000001
 40
0.4979496861000001
 40
0.5016544755
 40
0.5063420955
 40
0.5120130344
 40
0.5263048486000001
 40
0.5445282979
 40
0.5666743870000001
 40
0.6226721191
 40
0.6941705792000001
 40
0.7810300995000001
 40
1.0
 40
1.0
 40
1.0
 40
1.0
 10
146.2231527075
 20
59.2430444246
 30
0.0
 10
146.3215946005
 20
59.2424763444
 30
0.0
 10
146.505685111
 20
59.24130290899999
 30
0.0
 10
146.7624372279999
 20
59.2392418335
 30
0.0
 10
146.9802772472
 20
59.2370068427
 30
0.0
 10
147.1372627676
 20
59.2349101956
 30
0.0
 10
147.2430437966
 20
59.23308498619999
 30
0.0
 10
147.3074128324
 20
59.2317615235
 30
0.0
 10
147.3617498497
 20
59.23040457489999
 30
0.0
 10
147.4060330971999
 20
59.2290153671
 30
0.0
 10
147.4366356016
 20
59.22776502819999
 30
0.0
 10
147.4560756285
 20
59.226695618
 30
0.0
 10
147.4668588991
 20
59.2259556002
 30
0.0
 10
147.47514486
 20
59.2252255689
 30
0.0
 10
147.4804037981
 20
59.2245536202
 30
0.0
 10
147.4834333315
 20
59.2240038753
 30
0.0
 10
147.4846413676
 20
59.2235954625
 30
0.0
 10
147.4855651309
 20
59.22330955079999
 30
0.0
 10
147.4855929851
 20
59.2225552216
 30
0.0
 10
147.4846781816
 20
59.22224808359999
 30
0.0
 10
147.4827290269
 20
59.2215864234
 30
0.0
 10
147.4783809898999
 20
59.22097067390001
 30
0.0
 10
147.4715126575
 20
59.22015069
 30
0.0
 10
147.4620132981
 20
59.219359835
 30
0.0
 10
147.4500338638
 20
59.2185276042
 30
0.0
 10
147.4289944815
 20
59.21731557560001
 30
0.0
 10
147.3963937348
 20
59.2158288002
 30
0.0
 10
147.3497054572
 20
59.21410100020001
 30
0.0
 10
147.2673816925
 20
59.21153674270001
 30
0.0
 10
147.1395219304
 20
59.2083674058
 30
0.0
 10
146.9563524573
 20
59.20463462899999
 30
0.0
 10
146.6339023961
 20
59.19904724350001
 30
0.0
 10
146.3725383491
 20
59.195388408
 30
0.0
 10
146.1854030511
 20
59.1929516972
 30
0.0
  0
SPLINE
  5
525
330
1FF
100
AcDbEntity
  8
0
  6
Continuous
 62
     7
100
AcDbSpline
210
0.0
220
0.0
230
1.0
 70
     8
 71
     3
 72
    36
 73
    32
 74
     0
 42
0.0000001
 43
0.0000000001
 40
0.0
 40
0.0
 40
0.0
 40
0.0
 40
0.0000862228
 40
0.0003042541
 40
0.0006619091
 40
0.00116043
 40
0.0018001195
 40
0.00258104
 40
0.0045664001
 40
0.0071158878
 40
0.0102286054
 40
0.013903563
 40
0.0181397229
 40
0.0229355269
 40
0.0282884422
 40
0.040654996
 40
0.0552181295
 40
0.071955189
 40
0.0908355638
 40
0.1118257405
 40
0.1348917356
 40
0.1599931907
 40
0.21612214
 40
0.2798282139
 40
0.3506698888000001
 40
0.4281579362
 40
0.5117593763000001
 40
0.6008947400000001
 40
0.6949504634000001
 40
0.7932766340999999
 40
1.0
 40
1.0
 40
1.0
 40
1.0
 10
147.7844806747
 20
59.5229166254
 30
0.0
 10
147.7844828649
 20
59.5233257828
 30
0.0
 10
147.7826116619
 20
59.52388876819999
 30
0.0
 10
147.779972016
 20
59.5244568218
 30
0.0
 10
147.7746673383
 20
59.5251211841
 30
0.0
 10
147.7677065184
 20
59.5257679379
 30
0.0
 10
147.7585810955
 20
59.5264291796
 30
0.0
 10
147.7424658735
 20
59.52737837899999
 30
0.0
 10
147.7172510218
 20
59.5284961861
 30
0.0
 10
147.6809869769
 20
59.5297419193
 30
0.0
 10
147.6366927108
 20
59.53096359749999
 30
0.0
 10
147.584394236
 20
59.5321594206
 30
0.0
 10
147.5241054883
 20
59.5333254524
 30
0.0
 10
147.4558526335
 20
59.5344603929
 30
0.0
 10
147.3490192701
 20
59.5360055271
 30
0.0
 10
147.1958350844
 20
59.5378058621
 30
0.0
 10
146.9886269631
 20
59.5397462401
 30
0.0
 10
146.7505057666
 20
59.5415466929
 30
0.0
 10
146.4818838877
 20
59.54320357189999
 30
0.0
 10
146.1832272618
 20
59.5447119936
 30
0.0
 10
145.8550479989
 20
59.5460681106
 30
0.0
 10
145.3601204714999
 20
59.5477312259
 30
0.0
 10
144.6723376535
 20
59.54934877020001
 30
0.0
 10
143.7674972777
 20
59.5505924317
 30
0.0
 10
142.7612983332
 20
59.5511874612
 30
0.0
 10
141.6606873584
 20
59.55112763609999
 30
0.0
 10
140.4732653617
 20
59.55041035749999
 30
0.0
 10
139.2072233089
 20
59.549039771
 30
0.0
 10
137.8713069989
 20
59.54702402569999
 30
0.0
 10
135.977388052
 20
59.5434325489
 30
0.0
 10
134.5298038553
 20
59.5399029076
 30
0.0
 10
133.5488182403
 20
59.5372077916
 30
0.0
  0
SPLINE
  5
526
330
1FF
100
AcDbEntity
  8
0
  6
Continuous
 62
     7
100
AcDbSpline
210
0.0
220
0.0
230
1.0
 70
     8
 71
     3
 72
     9
 73
     5
 74
     0
 42
0.0000001
 43
0.0000000001
 40
0.0
 40
0.0
 40
0.0
 40
0.0
 40
0.2475591354
 40
1.0
 40
1.0
 40
1.0
 40
1.0
 10
133.5488182403
 20
59.5372077916
 30
0.0
 10
133.3336451566
 20
59.53661663470001
 30
0.0
 10
132.464466798
 20
59.53416902739999
 30
0.0
 10
131.5952891028
 20
59.53148645169999
 30
0.0
 10
130.9412847118
 20
59.52934170479999
 30
0.0
  0
LINE
  5
527
330
1FF
100
AcDbEntity
  8
0
  6
Continuous
 62
     7
100
AcDbLine
 10
130.9412847118
 20
59.52934170479999
 30
0.0
 11
130.4082194155
 21
59.52756555
 31
0.0
  0
SPLINE
  5
528
330
1FF
100
AcDbEntity
  8
0
  6
Continuous
 62
     7
100
AcDbSpline
210
0.0
220
0.0
230
1.0
 70
     8
 71
     3
 72
     9
 73
     5
 74
     0
 42
0.0000001
 43
0.0000000001
 40
0.0
 40
0.0
 40
0.0
 40
0.0
 40
0.2498424241
 40
1.0
 40
1.0
 40
1.0
 40
1.0
 10
130.4082194155
 20
59.52756555
 30
0.0
 10
130.1877960195
 20
59.5268195459
 30
0.0
 10
129.3055465454
 20
59.5237762501
 30
0.0
 10
128.4232978553
 20
59.520505666
 30
0.0
 10
127.7614728282
 20
59.5179236961
 30
0.0
  0
LINE
  5
529
330
1FF
100
AcDbEntity
  8
0
  6
Continuous
 62
     7
100
AcDbLine
 10
127.7614728282
 20
59.5179236961
 30
0.0
 11
127.2292253725
 21
59.5158193565
 31
0.0
  0
SPLINE
  5
52A
330
1FF
100
AcDbEntity
  8
0
  6
Continuous
 62
     7
100
AcDbSpline
210
0.0
220
0.0
230
1.0
 70
     8
 71
     3
 72
     9
 73
     5
 74
     0
 42
0.0000001
 43
0.0000000001
 40
0.0
 40
0.0
 40
0.0
 40
0.0
 40
0.5375302805
 40
1.0
 40
1.0
 40
1.0
 40
1.0
 10
127.2292253725
 20
59.5158193565
 30
0.0
 10
125.268053799
 20
59.50796251839999
 30
0.0
 10
121.6195765173
 20
59.4912218469
 30
0.0
 10
117.9711219464
 20
59.46981111149999
 30
0.0
 10
116.2838368255
 20
59.457820468
 30
0.0
  0
LINE
  5
52B
330
1FF
100
AcDbEntity
  8
0
  6
Continuous
 62
     7
100
AcDbLine
 10
116.0737487729
 20
59.1547866271
 30
0.0
 11
116.4903286262
 21
59.1578237658
 31
0.0
  0
SPLINE
  5
52C
330
1FF
100
AcDbEntity
  8
0
  6
Continuous
 62
     7
100
AcDbSpline
210
0.0
220
0.0
230
1.0
 70
     8
 71
     3
 72
    11
 73
     7
 74
     0
 42
0.0000001
 43
0.0000000001
 40
0.0
 40
0.0
 40
0.0
 40
0.0
 40
0.2872509277
 40
0.5538409858
 40
0.7883807044
 40
1.0
 40
1.0
 40
1.0
 40
1.0
 10
115.8616180344
 20
59.45482937659999
 30
0.0
 10
115.8614763699
 20
59.4163288854
 30
0.0
 10
115.8712249776
 20
59.3415824974
 30
0.0
 10
115.9149898624
 20
59.2436170919
 30
0.0
 10
115.9837327642
 20
59.1732365329
 30
0.0
 10
116.0442557674
 20
59.15504423339999
 30
0.0
 10
116.0726186633
 20
59.1548293425
 30
0.0
  0
SPLINE
  5
52D
330
1FF
100
AcDbEntity
  8
0
  6
Continuous
 62
     7
100
AcDbSpline
210
0.0
220
0.0
230
1.0
 70
     8
 71
     3
 72
    22
 73
    18
 74
     0
 42
0.0000001
 43
0.0000000001
 40
0.0
 40
0.0
 40
0.0
 40
0.0
 40
0.0152462023
 40
0.0282195106
 40
0.0408811
 40
0.0535524615
 40
0.079311322
 40
0.1058513303
 40
0.1607879546
 40
0.2178812686
 40
0.2767071529
 40
0.3370144792
 40
0.4613336978
 40
0.5899932929000001
 40
0.7226310062000002
 40
0.8591913947
 40
1.0
 40
1.0
 40
1.0
 40
1.0
 10
177.7647857165
 20
103.8840978818
 30
0.0
 10
177.751466368
 20
103.8840978818
 30
0.0
 10
177.7262412116
 20
103.8885591036
 30
0.0
 10
177.6964410281
 20
103.9090987166
 30
0.0
 10
177.6717637559
 20
103.9317034726
 30
0.0
 10
177.6422778338
 20
103.965341004
 30
0.0
 10
177.6108776246
 20
104.0128982558
 30
0.0
 10
177.5685866703
 20
104.0965868099
 30
0.0
 10
177.5238961051
 20
104.2093301756
 30
0.0
 10
177.4800339161
 20
104.3520882799
 30
0.0
 10
177.4422613975
 20
104.5013894856
 30
0.0
 10
177.3983448895
 20
104.709531019
 30
0.0
 10
177.354096405
 20
104.9797629462
 30
0.0
 10
177.3144244807
 20
105.3143801636
 30
0.0
 10
177.2861839644
 20
105.660876292
 30
0.0
 10
177.2686925488
 20
106.0186962286
 30
0.0
 10
177.2647961836
 20
106.2610311414
 30
0.0
 10
177.2647961836
 20
106.3840439964
 30
0.0
  0
SPLINE
  5
52E
330
1FF
100
AcDbEntity
  8
0
  6
Continuous
 62
     7
100
AcDbSpline
210
0.0
220
0.0
230
1.0
 70
     8
 71
     3
 72
    22
 73
    18
 74
     0
 42
0.0000001
 43
0.0000000001
 40
0.0
 40
0.0
 40
0.0
 40
0.0
 40
0.0152462023
 40
0.0282195106
 40
0.0408811
 40
0.0535524615
 40
0.079311322
 40
0.1058513303
 40
0.1607879546
 40
0.2178812686
 40
0.2767071529
 40
0.3370144792
 40
0.4613336978
 40
0.5899932929000001
 40
0.7226310062000002
 40
0.8591913947
 40
1.0
 40
1.0
 40
1.0
 40
1.0
 10
177.7647857165
 20
140.3840826197
 30
0.0
 10
177.7514663681
 20
140.3840826197
 30
0.0
 10
177.7262412116999
 20
140.3796213979
 30
0.0
 10
177.6964410282
 20
140.3590817849
 30
0.0
 10
177.671763756
 20
140.3364770289
 30
0.0
 10
177.6422778339
 20
140.3028394975
 30
0.0
 10
177.6108776247
 20
140.2552822457
 30
0.0
 10
177.5685866704
 20
140.1715936916
 30
0.0
 10
177.5238961051
 20
140.0588503259
 30
0.0
 10
177.4800339162
 20
139.9160922216
 30
0.0
 10
177.4422613975
 20
139.7667910159
 30
0.0
 10
177.3983448896
 20
139.5586494824
 30
0.0
 10
177.354096405
 20
139.2884175553
 30
0.0
 10
177.3144244808
 20
138.9538003379
 30
0.0
 10
177.2861839645
 20
138.6073042095
 30
0.0
 10
177.2686925489
 20
138.2494842728
 30
0.0
 10
177.2647961837
 20
138.0071493601
 30
0.0
 10
177.2647961837
 20
137.8841365051
 30
0.0
  0
SPLINE
  5
52F
330
1FF
100
AcDbEntity
  8
0
  6
Continuous
 62
     7
100
AcDbSpline
210
0.0
220
0.0
230
1.0
 70
     8
 71
     3
 72
    14
 73
    10
 74
     0
 42
0.0000001
 43
0.0000000001
 40
0.0
 40
0.0
 40
0.0
 40
0.0
 40
0.0822351312
 40
0.1730419992
 40
0.277723838
 40
0.3982143994
 40
0.5337498712
 40
0.6817840261
 40
1.0
 40
1.0
 40
1.0
 40
1.0
 10
192.5648675208
 20
108.4150077484
 30
0.0
 10
192.5648675208
 20
108.3818777185
 30
0.0
 10
192.5795346433
 20
108.311637393
 30
0.0
 10
192.6406040002
 20
108.2157990325
 30
0.0
 10
192.7359076817
 20
108.1297240101
 30
0.0
 10
192.8614707826
 20
108.05517254
 30
0.0
 10
193.0130066151
 20
107.9942657956
 30
0.0
 10
193.2479014786
 20
107.9325859427
 30
0.0
 10
193.436667996
 20
107.9150077484
 30
0.0
 10
193.5648675208
 20
107.9150077484
 30
0.0
  0
SPLINE
  5
530
330
1FF
100
AcDbEntity
  8
0
  6
Continuous
 62
     7
100
AcDbSpline
210
0.0
220
0.0
230
1.0
 70
     8
 71
     3
 72
    14
 73
    10
 74
     0
 42
0.0000001
 43
0.0000000001
 40
0.0
 40
0.0
 40
0.0
 40
0.0
 40
0.0822351312
 40
0.1730419992
 40
0.277723838
 40
0.3982143994
 40
0.5337498712
 40
0.6817840261
 40
1.0
 40
1.0
 40
1.0
 40
1.0
 10
192.5648675208
 20
126.8161647823
 30
0.0
 10
192.5648675208
 20
126.8492948122
 30
0.0
 10
192.5795346433
 20
126.9195351377
 30
0.0
 10
192.6406040002
 20
127.0153734982
 30
0.0
 10
192.7359076817
 20
127.1014485206
 30
0.0
 10
192.8614707826
 20
127.1759999907
 30
0.0
 10
193.0130066151
 20
127.2369067351
 30
0.0
 10
193.2479014786
 20
127.298586588
 30
0.0
 10
193.436667996
 20
127.3161647823
 30
0.0
 10
193.5648675208
 20
127.3161647823
 30
0.0
  0
SPLINE
  5
531
330
1FF
100
AcDbEntity
  8
0
  6
Continuous
 62
     7
100
AcDbSpline
210
0.0
220
0.0
230
1.0
 70
     8
 71
     3
 72
    14
 73
    10
 74
     0
 42
0.0000001
 43
0.0000000001
 40
0.0
 40
0.0
 40
0.0
 40
0.0
 40
0.3182159739
 40
0.4662501288000001
 40
0.6017856006
 40
0.722276162
 40
0.8269580008
 40
0.9177648687999999
 40
1.0
 40
1.0
 40
1.0
 40
1.0
 10
193.5648675208
 20
116.9675666317
 30
0.0
 10
193.436667996
 20
116.9675666317
 30
0.0
 10
193.2479014786
 20
116.985144826
 30
0.0
 10
193.0130066151
 20
117.0468246788
 30
0.0
 10
192.8614707826
 20
117.1077314233
 30
0.0
 10
192.7359076817
 20
117.1822828934
 30
0.0
 10
192.6406040002
 20
117.2683579157
 30
0.0
 10
192.5795346433
 20
117.3641962762
 30
0.0
 10
192.5648675208
 20
117.4344366017
 30
0.0
 10
192.5648675208
 20
117.4675666317
 30
0.0
  0
SPLINE
  5
532
330
1FF
100
AcDbEntity
  8
0
  6
Continuous
 62
     7
100
AcDbSpline
210
0.0
220
0.0
230
1.0
 70
     8
 71
     3
 72
    14
 73
    10
 74
     0
 42
0.0000001
 43
0.0000000001
 40
0.0
 40
0.0
 40
0.0
 40
0.0
 40
0.3182159739
 40
0.4662501288000001
 40
0.6017856006
 40
0.722276162
 40
0.8269580008
 40
0.9177648687999999
 40
1.0
 40
1.0
 40
1.0
 40
1.0
 10
193.5648675208
 20
136.3687236655
 30
0.0
 10
193.436667996
 20
136.3687236655
 30
0.0
 10
193.2479014786
 20
136.3511454713
 30
0.0
 10
193.0130066151
 20
136.2894656184
 30
0.0
 10
192.8614707826
 20
136.2285588739
 30
0.0
 10
192.7359076817
 20
136.1540074039
 30
0.0
 10
192.6406040002
 20
136.0679323815
 30
0.0
 10
192.5795346433
 20
135.972094021
 30
0.0
 10
192.5648675208
 20
135.9018536955
 30
0.0
 10
192.5648675208
 20
135.8687236655
 30
0.0
  0
SPLINE
  5
533
330
1FF
100
AcDbEntity
  8
0
  6
Continuous
 62
     7
100
AcDbSpline
210
0.0
220
0.0
230
1.0
 70
     8
 71
     3
 72
    14
 73
    10
 74
     0
 42
0.0000001
 43
0.0000000001
 40
0.0
 40
0.0
 40
0.0
 40
0.0
 40
0.3188969729
 40
0.4665760058
 40
0.6016109793
 40
0.7216858697000001
 40
0.8262243669
 40
0.9172541256999998
 40
1.0
 40
1.0
 40
1.0
 40
1.0
 10
202.5997670175
 20
108.0724557976
 30
0.0
 10
202.7245252004
 20
108.0746341235
 30
0.0
 10
202.9076691254
 20
108.0944861201
 30
0.0
 10
203.1348530371
 20
108.1576588263
 30
0.0
 10
203.2807127513
 20
108.2187005631
 30
0.0
 10
203.4012750995
 20
108.2925980273
 30
0.0
 10
203.4925852103
 20
108.3773556239
 30
0.0
 10
203.5509192328
 20
108.4712762372
 30
0.0
 10
203.5648675208
 20
108.5397746153
 30
0.0
 10
203.5648675208
 20
108.5721512111
 30
0.0
  0
SPLINE
  5
534
330
1FF
100
AcDbEntity
  8
0
  6
Continuous
 62
     7
100
AcDbSpline
210
0.0
220
0.0
230
1.0
 70
     8
 71
     3
 72
    14
 73
    10
 74
     0
 42
0.0000001
 43
0.0000000001
 40
0.0
 40
0.0
 40
0.0
 40
0.0
 40
0.0827458743
 40
0.1737756331
 40
0.2783141303
 40
0.3983890207
 40
0.5334239942
 40
0.6811030270999999
 40
1.0
 40
1.0
 40
1.0
 40
1.0
 10
203.5648675208
 20
117.6247100944
 30
0.0
 10
203.5648675208
 20
117.5923334986
 30
0.0
 10
203.5509192328
 20
117.5238351205
 30
0.0
 10
203.4925852103
 20
117.4299145072
 30
0.0
 10
203.4012750995
 20
117.3451569106
 30
0.0
 10
203.2807127513
 20
117.2712594463
 30
0.0
 10
203.1348530371
 20
117.2102177096
 30
0.0
 10
202.9076691254
 20
117.1470450033
 30
0.0
 10
202.7245252004
 20
117.1271930067
 30
0.0
 10
202.5997670175
 20
117.1250146809
 30
0.0
  0
SPLINE
  5
535
330
1FF
100
AcDbEntity
  8
0
  6
Continuous
 62
     7
100
AcDbSpline
210
0.0
220
0.0
230
1.0
 70
     8
 71
     3
 72
    14
 73
    10
 74
     0
 42
0.0000001
 43
0.0000000001
 40
0.0
 40
0.0
 40
0.0
 40
0.0
 40
0.3188969729
 40
0.4665760058
 40
0.6016109793
 40
0.7216858697000001
 40
0.8262243669
 40
0.9172541256999998
 40
1.0
 40
1.0
 40
1.0
 40
1.0
 10
202.5997670175
 20
127.1587167331
 30
0.0
 10
202.7245252004
 20
127.1565384072
 30
0.0
 10
202.9076691254
 20
127.1366864106
 30
0.0
 10
203.1348530371
 20
127.0735137044
 30
0.0
 10
203.2807127513
 20
127.0124719676
 30
0.0
 10
203.4012750995
 20
126.9385745034
 30
0.0
 10
203.4925852103
 20
126.8538169068
 30
0.0
 10
203.5509192328
 20
126.7598962935
 30
0.0
 10
203.5648675208
 20
126.6913979154
 30
0.0
 10
203.5648675208
 20
126.6590213196
 30
0.0
  0
SPLINE
  5
536
330
1FF
100
AcDbEntity
  8
0
  6
Continuous
 62
     7
100
AcDbSpline
210
0.0
220
0.0
230
1.0
 70
     8
 71
     3
 72
    14
 73
    10
 74
     0
 42
0.0000001
 43
0.0000000001
 40
0.0
 40
0.0
 40
0.0
 40
0.0
 40
0.0827458743
 40
0.1737756331
 40
0.2783141303
 40
0.3983890207
 40
0.5334239942
 40
0.6811030270999999
 40
1.0
 40
1.0
 40
1.0
 40
1.0
 10
203.5648675208
 20
135.7115802028
 30
0.0
 10
203.5648675208
 20
135.7439567986
 30
0.0
 10
203.5509192328
 20
135.8124551767
 30
0.0
 10
203.4925852103
 20
135.90637579
 30
0.0
 10
203.4012750995
 20
135.9911333866
 30
0.0
 10
203.2807127513
 20
136.0650308509
 30
0.0
 10
203.1348530371
 20
136.1260725876
 30
0.0
 10
202.9076691254
 20
136.1892452939
 30
0.0
 10
202.7245252004
 20
136.2090972905
 30
0.0
 10
202.5997670175
 20
136.2112756163
 30
0.0
  0
LINE
  5
537
330
1FF
100
AcDbEntity
  8
0
  6
Continuous
 62
     7
100
AcDbLine
 10
191.2648675207
 20
135.1448264842
 30
0.0
 11
191.2618303669
 21
135.5485567941
 31
0.0
  0
SPLINE
  5
538
330
1FF
100
AcDbEntity
  8
0
  6
Continuous
 62
     7
100
AcDbSpline
210
0.0
220
0.0
230
1.0
 70
     8
 71
     3
 72
     9
 73
     5
 74
     0
 42
0.0000001
 43
0.0000000001
 40
0.0
 40
0.0
 40
0.0
 40
0.0
 40
0.5740520125000001
 40
1.0
 40
1.0
 40
1.0
 40
1.0
 10
191.2618123897999
 20
135.5497360357
 30
0.0
 10
191.2564212659
 20
136.2553761713
 30
0.0
 10
191.2462333550999
 20
137.4845966158
 30
0.0
 10
191.2335089134
 20
138.7137965294
 30
0.0
 10
191.2266968944
 20
139.2373541908
 30
0.0
  0
SPLINE
  5
539
330
1FF
100
AcDbEntity
  8
0
  6
Continuous
 62
     7
100
AcDbSpline
210
0.0
220
0.0
230
1.0
 70
     8
 71
     3
 72
    20
 73
    16
 74
     0
 42
0.0000001
 43
0.0000000001
 40
0.0
 40
0.0
 40
0.0
 40
0.0
 40
0.1770557772
 40
0.3305479378
 40
0.4601665589000001
 40
0.5657186163
 40
0.6472373342000001
 40
0.6791491330000001
 40
0.705466931
 40
0.7269243981
 40
0.7462866225
 40
0.7876391146
 40
0.8772960226999998
 40
0.9378998914
 40
1.0
 40
1.0
 40
1.0
 40
1.0
 10
191.2266968944
 20
139.2373541908
 30
0.0
 10
191.225341138
 20
139.3415548175
 30
0.0
 10
191.2226916886
 20
139.5360869587999
 30
0.0
 10
191.218544539
 20
139.8068948538
 30
0.0
 10
191.2145229705
 20
140.0356145654
 30
0.0
 10
191.2106267885
 20
140.2219674456
 30
0.0
 10
191.2073000443
 20
140.3508121065
 30
0.0
 10
191.2045448332
 20
140.4330179169
 30
0.0
 10
191.2026394738
 20
140.4798809255
 30
0.0
 10
191.2005391992
 20
140.5193423191
 30
0.0
 10
191.1969476853
 20
140.5675754169
 30
0.0
 10
191.1804810205
 20
140.6550557061
 30
0.0
 10
191.1150095519
 20
140.7546346293
 30
0.0
 10
191.0061946238
 20
140.8205632094
 30
0.0
 10
190.9332417116999
 20
140.8341172652
 30
0.0
 10
190.8966915466999
 20
140.8341120138
 30
0.0
  0
SPLINE
  5
53A
330
1FF
100
AcDbEntity
  8
0
  6
Continuous
 62
     7
100
AcDbSpline
210
0.0
220
0.0
230
1.0
 70
     8
 71
     3
 72
     9
 73
     5
 74
     0
 42
0.0000001
 43
0.0000000001
 40
0.0
 40
0.0
 40
0.0
 40
0.0
 40
0.2475700123
 40
1.0
 40
1.0
 40
1.0
 40
1.0
 10
190.9149324031
 20
126.5901095579
 30
0.0
 10
190.913958294
 20
126.3753958226
 30
0.0
 10
190.9100831922
 20
125.508110645
 30
0.0
 10
190.9064416725
 20
124.6408244253
 30
0.0
 10
190.9038276202
 20
123.9882517725
 30
0.0
  0
LINE
  5
53B
330
1FF
100
AcDbEntity
  8
0
  6
Continuous
 62
     7
100
AcDbLine
 10
190.9038276202
 20
123.9882517725
 30
0.0
 11
190.901735282
 21
123.4590247134
 31
0.0
  0
SPLINE
  5
53C
330
1FF
100
AcDbEntity
  8
0
  6
Continuous
 62
     7
100
AcDbSpline
210
0.0
220
0.0
230
1.0
 70
     8
 71
     3
 72
     9
 73
     5
 74
     0
 42
0.0000001
 43
0.0000000001
 40
0.0
 40
0.0
 40
0.0
 40
0.0
 40
0.2498433872
 40
1.0
 40
1.0
 40
1.0
 40
1.0
 10
190.901735282
 20
123.4590247134
 30
0.0
 10
190.9008741314
 20
123.2383034449
 30
0.0
 10
190.8974847649
 20
122.3548647168
 30
0.0
 10
190.894323292
 20
121.4714251143
 30
0.0
 10
190.8920806953
 20
120.8087066283
 30
0.0
  0
LINE
  5
53D
330
1FF
100
AcDbEntity
  8
0
  6
Continuous
 62
     7
100
AcDbLine
 10
190.8920806953
 20
120.8087066283
 30
0.0
 11
190.8903081986
 21
120.276686818
 31
0.0
  0
SPLINE
  5
53E
330
1FF
100
AcDbEntity
  8
0
  6
Continuous
 62
     7
100
AcDbSpline
210
0.0
220
0.0
230
1.0
 70
     8
 71
     3
 72
     9
 73
     5
 74
     0
 42
0.0000001
 43
0.0000000001
 40
0.0
 40
0.0
 40
0.0
 40
0.0
 40
0.2521274898
 40
1.0
 40
1.0
 40
1.0
 40
1.0
 10
190.8903081986
 20
120.276686818
 30
0.0
 10
190.889589605
 20
120.057550931
 30
0.0
 10
190.8867959474
 20
119.1884036058
 30
0.0
 10
190.8842287758
 20
118.3192555508
 30
0.0
 10
190.882443084
 20
117.6692432545
 30
0.0
  0
SPLINE
  5
53F
330
1FF
100
AcDbEntity
  8
0
  6
Continuous
 62
     7
100
AcDbSpline
210
0.0
220
0.0
230
1.0
 70
     8
 71
     3
 72
    36
 73
    32
 74
     0
 42
0.0000001
 43
0.0000000001
 40
0.0
 40
0.0
 40
0.0
 40
0.0
 40
0.2067254639
 40
0.3050517510000001
 40
0.3991083586
 40
0.4882439669
 40
0.5718447916000001
 40
0.6493337335
 40
0.7201742652
 40
0.7838801856000001
 40
0.8400092240999999
 40
0.8651103801999999
 40
0.8881751503
 40
0.909166027
 40
0.9280467028
 40
0.9447823087999999
 40
0.9593458852999999
 40
0.9717132059
 40
0.9770657198
 40
0.9818606514
 40
0.9860964612
 40
0.9897717173999998
 40
0.9928850113999999
 40
0.9954349774
 40
0.9974203428
 40
0.9982009779
 40
0.9988402387999999
 40
0.9993383367999999
 40
0.9996957223
 40
0.9999136920999999
 40
1.0
 40
1.0
 40
1.0
 40
1.0
 10
190.882443084
 20
117.6692432545
 30
0.0
 10
190.8797482255
 20
116.6882838514
 30
0.0
 10
190.87621908
 20
115.2407425167
 30
0.0
 10
190.872628483
 20
113.3468786915
 30
0.0
 10
190.8706131165
 20
112.0110057261
 30
0.0
 10
190.8692430191999
 20
110.7450079143
 30
0.0
 10
190.8685263724
 20
109.557627211
 30
0.0
 10
190.8684667301
 20
108.4570609145
 30
0.0
 10
190.8690623981
 20
107.450900976
 30
0.0
 10
190.8703063436
 20
106.5460996916
 30
0.0
 10
190.8719241829
 20
105.8583439566
 30
0.0
 10
190.8735874113
 20
105.3634414861
 30
0.0
 10
190.8749439513
 20
105.0352782347
 30
0.0
 10
190.8764523309
 20
104.7366336832
 30
0.0
 10
190.8781091223
 20
104.4680238545
 30
0.0
 10
190.8799101181
 20
104.2299148085
 30
0.0
 10
190.8818504788
 20
104.022715484
 30
0.0
 10
190.8836506356
 20
103.8695331081
 30
0.0
 10
190.8851958936
 20
103.7627060921
 30
0.0
 10
190.8863310769
 20
103.6944634651
 30
0.0
 10
190.8874972118
 20
103.6341813292
 30
0.0
 10
190.8886930216
 20
103.5818822899
 30
0.0
 10
190.8899146291
 20
103.5375832398
 30
0.0
 10
190.8911602915999
 20
103.5013154759
 30
0.0
 10
190.8922779541
 20
103.4761006607
 30
0.0
 10
190.8932273511
 20
103.4599893204
 30
0.0
 10
190.8938885416
 20
103.4508698601
 30
0.0
 10
190.8945357414
 20
103.4439140809
 30
0.0
 10
190.8951994961999
 20
103.4386144925
 30
0.0
 10
190.8957689993
 20
103.435974113
 30
0.0
 10
190.8963305519
 20
103.4341047881
 30
0.0
 10
190.8967401033
 20
103.4341055836
 30
0.0
  0
SPLINE
  5
540
330
1FF
100
AcDbEntity
  8
0
  6
Continuous
 62
     7
100
AcDbSpline
210
0.0
220
0.0
230
1.0
 70
     8
 71
     3
 72
    11
 73
     7
 74
     0
 42
0.0000001
 43
0.0000000001
 40
0.0
 40
0.0
 40
0.0
 40
0.0
 40
0.2885532767
 40
0.5567191263
 40
0.7926828958
 40
1.0
 40
1.0
 40
1.0
 40
1.0
 10
190.964860547
 20
135.3569583589
 30
0.0
 10
191.0035259574
 20
135.3568161305
 30
0.0
 10
191.07854325
 20
135.346418521
 30
0.0
 10
191.1767547477
 20
135.3016548995
 30
0.0
 10
191.2462022175
 20
135.2325392462
 30
0.0
 10
191.2648603125999
 20
135.172607064
 30
0.0
 10
191.2648645473
 20
135.1448269079
 30
0.0
  0
SPLINE
  5
541
330
1FF
100
AcDbEntity
  8
0
  6
Continuous
 62
     7
100
AcDbSpline
210
0.0
220
0.0
230
1.0
 70
     8
 71
     3
 72
    29
 73
    25
 74
     0
 42
0.0000001
 43
0.0000000001
 40
0.0
 40
0.0
 40
0.0
 40
0.0
 40
0.0003016702
 40
0.0010861642
 40
0.002375785
 40
0.0041740898
 40
0.0064822472
 40
0.0093007599
 40
0.0164692713
 40
0.0256761759
 40
0.0369150476
 40
0.0501791747
 40
0.0654617236
 40
0.0827557965
 40
0.1020534879
 40
0.1466103568
 40
0.1990279969
 40
0.259198666
 40
0.3269849846
 40
0.4022281558
 40
0.4847667843
 40
0.5744211006000001
 40
0.7743081692000001
 40
1.0
 40
1.0
 40
1.0
 40
1.0
 10
190.896745108
 20
140.8340749176
 30
0.0
 10
190.8972548109
 20
140.8340736473
 30
0.0
 10
190.8978226372
 20
140.8316058247
 30
0.0
 10
190.8985595466999
 20
140.8282908834
 30
0.0
 10
190.8993193158
 20
140.8214376521
 30
0.0
 10
190.9001315241
 20
140.8125111038
 30
0.0
 10
190.900954825
 20
140.8007792136
 30
0.0
 10
190.90217621
 20
140.7800693823
 30
0.0
 10
190.9036627311
 20
140.7476534942
 30
0.0
 10
190.9053938101
 20
140.7010362648
 30
0.0
 10
190.9071662158
 20
140.6441040782
 30
0.0
 10
190.9089790926
 20
140.5769074452
 30
0.0
 10
190.9108270906
 20
140.4994761582
 30
0.0
 10
190.9127084977
 20
140.4118491404
 30
0.0
 10
190.9153886435
 20
140.2747658441
 30
0.0
 10
190.9187573043
 20
140.07834005
 30
0.0
 10
190.9227475816
 20
139.8128561452
 30
0.0
 10
190.9268386055
 20
139.5081210769
 30
0.0
 10
190.9310209401
 20
139.1648178594
 30
0.0
 10
190.9352843399
 20
138.7837199457
 30
0.0
 10
190.9396189751
 20
138.3656723241
 30
0.0
 10
190.9457005867
 20
137.7370323112
 30
0.0
 10
190.9533060522
 20
136.8665231599
 30
0.0
 10
190.9589546859
 20
136.1474837476
 30
0.0
 10
190.9618405393
 20
135.7661639327
 30
0.0
  0
SPLINE
  5
542
330
1FF
100
AcDbEntity
  8
0
  6
Continuous
 62
     7
100
AcDbSpline
210
0.0
220
0.0
230
1.0
 70
     8
 71
     3
 72
    32
 73
    28
 74
     0
 42
0.0000001
 43
0.0000000001
 40
0.0
 40
0.0
 40
0.0
 40
0.0
 40
0.2176996197
 40
0.3038997263
 40
0.3747319949
 40
0.4300455487
 40
0.451849289
 40
0.4697337314000001
 40
0.4836865729000001
 40
0.493701235
 40
0.4972332217
 40
0.4997841327000001
 40
0.5013605791
 40
0.5020006795000001
 40
0.5025312170000001
 40
0.5039807332000001
 40
0.5064033965000001
 40
0.5098073296
 40
0.519568088
 40
0.5332664393
 40
0.5508937014000001
 40
0.5724395314000001
 40
0.6272430273
 40
0.6975770734000001
 40
0.7832766255000001
 40
0.8841523175
 40
1.0
 40
1.0
 40
1.0
 40
1.0
 10
191.2263863287
 20
105.008992224
 30
0.0
 10
191.2239654337
 20
104.8244502101
 30
0.0
 10
191.2203314035
 20
104.5668409017
 30
0.0
 10
191.2147733841
 20
104.2492026987
 30
0.0
 10
191.2110656583
 20
104.0692258769
 30
0.0
 10
191.2079126706
 20
103.943827882
 30
0.0
 10
191.2053657531
 20
103.8633445855
 30
0.0
 10
191.2036411947
 20
103.8178686527
 30
0.0
 10
191.202007262
 20
103.7825116308
 30
0.0
 10
191.2005086583
 20
103.759063701
 30
0.0
 10
191.1993911647
 20
103.7457077392
 30
0.0
 10
191.1984616928
 20
103.7388595353
 30
0.0
 10
191.198045666
 20
103.7356179228
 30
0.0
 10
191.1968820386
 20
103.7323241087
 30
0.0
 10
191.1953987038
 20
103.7350914979
 30
0.0
 10
191.1952269779
 20
103.7383084285
 30
0.0
 10
191.1942258321
 20
103.7446945918
 30
0.0
 10
191.1932825545
 20
103.7577050745
 30
0.0
 10
191.191898543
 20
103.780565132
 30
0.0
 10
191.1905542432
 20
103.8153110705
 30
0.0
 10
191.189153595
 20
103.8601353564
 30
0.0
 10
191.1872028683
 20
103.9397707348
 30
0.0
 10
191.184970637
 20
104.064111829
 30
0.0
 10
191.1825933702
 20
104.2428332084
 30
0.0
 10
191.18037343
 20
104.4606217626
 30
0.0
 10
191.1783221096
 20
104.7169965433
 30
0.0
 10
191.177154708
 20
104.900723284
 30
0.0
 10
191.1765894617
 20
104.9989331479
 30
0.0
  0
SPLINE
  5
543
330
1FF
100
AcDbEntity
  8
0
  6
Continuous
 62
     7
100
AcDbSpline
210
0.0
220
0.0
230
1.0
 70
     8
 71
     3
 72
     9
 73
     5
 74
     0
 42
0.0000001
 43
0.0000000001
 40
0.0
 40
0.0
 40
0.0
 40
0.0
 40
0.4082481982
 40
1.0
 40
1.0
 40
1.0
 40
1.0
 10
191.1765894617
 20
104.9989331479
 30
0.0
 10
191.1718037705
 20
105.8304327211
 30
0.0
 10
191.1679870883
 20
107.867222238
 30
0.0
 10
191.1683765657
 20
109.9040043614
 30
0.0
 10
191.1694998983
 20
111.1092743629
 30
0.0
  0
LINE
  5
544
330
1FF
100
AcDbEntity
  8
0
  6
Continuous
 62
     7
100
AcDbLine
 10
191.1694998983
 20
111.1092743629
 30
0.0
 11
191.1698036215
 21
111.4157159995
 31
0.0
  0
LINE
  5
545
330
1FF
100
AcDbEntity
  8
0
  6
Continuous
 62
     7
100
AcDbLine
 10
191.1698036215
 20
111.4157159995
 30
0.0
 11
191.170307707
 21
111.8613822056
 31
0.0
  0
LINE
  5
546
330
1FF
100
AcDbEntity
  8
0
  6
Continuous
 62
     7
100
AcDbLine
 10
191.170307707
 20
111.8613822056
 30
0.0
 11
191.1703975233
 21
111.9347577337
 31
0.0
  0
LINE
  5
547
330
1FF
100
AcDbEntity
  8
0
  6
Continuous
 62
     7
100
AcDbLine
 10
191.1703975233
 20
111.9347577337
 30
0.0
 11
191.1705574427
 21
112.0617824358
 31
0.0
  0
LINE
  5
548
330
1FF
100
AcDbEntity
  8
0
  6
Continuous
 62
     7
100
AcDbLine
 10
191.1705574427
 20
112.0617824358
 30
0.0
 11
191.1706357262
 21
112.1224068799
 31
0.0
  0
LINE
  5
549
330
1FF
100
AcDbEntity
  8
0
  6
Continuous
 62
     7
100
AcDbLine
 10
191.1706357262
 20
112.1224068799
 30
0.0
 11
191.1707870812
 21
112.2369750707
 31
0.0
  0
LINE
  5
54A
330
1FF
100
AcDbEntity
  8
0
  6
Continuous
 62
     7
100
AcDbLine
 10
191.1708074866
 20
112.2521690198
 30
0.0
 11
191.1717807631
 21
112.9211704159
 31
0.0
  0
LINE
  5
54B
330
1FF
100
AcDbEntity
  8
0
  6
Continuous
 62
     7
100
AcDbLine
 10
191.1717807631
 20
112.9211704159
 30
0.0
 11
191.1720879502
 21
113.1142538143
 31
0.0
  0
LINE
  5
54C
330
1FF
100
AcDbEntity
  8
0
  6
Continuous
 62
     7
100
AcDbLine
 10
191.1720879502
 20
113.1142538143
 30
0.0
 11
191.1723928971
 21
113.2992519956
 31
0.0
  0
LINE
  5
54D
330
1FF
100
AcDbEntity
  8
0
  6
Continuous
 62
     7
100
AcDbLine
 10
191.1723928971
 20
113.2992519956
 30
0.0
 11
191.1725531133
 21
113.3940445615
 31
0.0
  0
LINE
  5
54E
330
1FF
100
AcDbEntity
  8
0
  6
Continuous
 62
     7
100
AcDbLine
 10
191.1725531133
 20
113.3940445615
 30
0.0
 11
191.1728180673
 21
113.5474874296
 31
0.0
  0
LINE
  5
54F
330
1FF
100
AcDbEntity
  8
0
  6
Continuous
 62
     7
100
AcDbLine
 10
191.1728427483
 20
113.5615813684
 30
0.0
 11
191.1729471468
 21
113.6208376986
 31
0.0
  0
SPLINE
  5
550
330
1FF
100
AcDbEntity
  8
0
  6
Continuous
 62
     7
100
AcDbSpline
210
0.0
220
0.0
230
1.0
 70
     8
 71
     3
 72
     9
 73
     5
 74
     0
 42
0.0000001
 43
0.0000000001
 40
0.0
 40
0.0
 40
0.0
 40
0.0
 40
0.2416081236
 40
1.0
 40
1.0
 40
1.0
 40
1.0
 10
191.1729471468
 20
113.6208376986
 30
0.0
 10
191.173482512
 20
113.9232391911
 30
0.0
 10
191.1758625479
 20
115.1748586201
 30
0.0
 10
191.1788635003
 20
116.4264768441
 30
0.0
 10
191.1814373368
 20
117.3756930716
 30
0.0
  0
LINE
  5
551
330
1FF
100
AcDbEntity
  8
0
  6
Continuous
 62
     7
100
AcDbLine
 10
191.1814373368
 20
117.3756930716
 30
0.0
 11
191.1828171229
 21
117.8743924123
 31
0.0
  0
SPLINE
  5
552
330
1FF
100
AcDbEntity
  8
0
  6
Continuous
 62
     7
100
AcDbSpline
210
0.0
220
0.0
230
1.0
 70
     8
 71
     3
 72
     9
 73
     5
 74
     0
 42
0.0000001
 43
0.0000000001
 40
0.0
 40
0.0
 40
0.0
 40
0.0
 40
0.2474610576
 40
1.0
 40
1.0
 40
1.0
 40
1.0
 10
191.1828878306
 20
117.899427579
 30
0.0
 10
191.1835832575
 20
118.1454164449
 30
0.0
 10
191.1864735423
 20
119.1394670317
 30
0.0
 10
191.189678191
 20
120.1335167021
 30
0.0
 10
191.1922589738
 20
120.8815771882
 30
0.0
  0
SPLINE
  5
553
330
1FF
100
AcDbEntity
  8
0
  6
Continuous
 62
     7
100
AcDbSpline
210
0.0
220
0.0
230
1.0
 70
     8
 71
     3
 72
     9
 73
     5
 74
     0
 42
0.0000001
 43
0.0000000001
 40
0.0
 40
0.0
 40
0.0
 40
0.0
 40
0.2498551865
 40
1.0
 40
1.0
 40
1.0
 40
1.0
 10
191.1922589738
 20
120.8815771882
 30
0.0
 10
191.1929786686
 20
121.0901864681
 30
0.0
 10
191.1959120549
 20
121.925107035
 30
0.0
 10
191.1990559939
 20
122.7600268623
 30
0.0
 10
191.201533143
 20
123.3863371615
 30
0.0
  0
SPLINE
  5
554
330
1FF
100
AcDbEntity
  8
0
  6
Continuous
 62
     7
100
AcDbSpline
210
0.0
220
0.0
230
1.0
 70
     8
 71
     3
 72
     9
 73
     5
 74
     0
 42
0.0000001
 43
0.0000000001
 40
0.0
 40
0.0
 40
0.0
 40
0.0
 40
0.2521119056
 40
1.0
 40
1.0
 40
1.0
 40
1.0
 10
191.201533143
 20
123.3863371615
 30
0.0
 10
191.2025221649
 20
123.6363966245
 30
0.0
 10
191.2065205706
 20
124.6282553259
 30
0.0
 10
191.2108204195
 20
125.6201128151
 30
0.0
 10
191.2142154232
 20
126.361910387
 30
0.0
  0
LINE
  5
555
330
1FF
100
AcDbEntity
  8
0
  6
Continuous
 62
     7
100
AcDbLine
 10
191.2143284656
 20
126.3865952562
 30
0.0
 11
191.2166575516
 21
126.8888312233
 31
0.0
  0
SPLINE
  5
556
330
1FF
100
AcDbEntity
  8
0
  6
Continuous
 62
     7
100
AcDbSpline
210
0.0
220
0.0
230
1.0
 70
     8
 71
     3
 72
     9
 73
     5
 74
     0
 42
0.0000001
 43
0.0000000001
 40
0.0
 40
0.0
 40
0.0
 40
0.0
 40
0.2578280284
 40
1.0
 40
1.0
 40
1.0
 40
1.0
 10
191.2166575516
 20
126.8888312233
 30
0.0
 10
191.2182006977
 20
127.2176407962
 30
0.0
 10
191.2243267672
 20
128.4929458996
 30
0.0
 10
191.2310193027
 20
129.7682483135
 30
0.0
 10
191.2363712416
 20
130.7147398055
 30
0.0
  0
LINE
  5
557
330
1FF
100
AcDbEntity
  8
0
  6
Continuous
 62
     7
100
AcDbLine
 10
191.2363712416
 20
130.7147398055
 30
0.0
 11
191.2452390983
 21
132.2214413224
 31
0.0
  0
LINE
  5
558
330
1FF
100
AcDbEntity
  8
0
  6
Continuous
 62
     7
100
AcDbLine
 10
191.2452390983
 20
132.2214413224
 30
0.0
 11
191.249127849
 21
132.8446374974
 31
0.0
  0
LINE
  5
559
330
1FF
100
AcDbEntity
  8
0
  6
Continuous
 62
     7
100
AcDbLine
 10
191.249127849
 20
132.8446374974
 30
0.0
 11
191.2510178679
 21
133.1395279711
 31
0.0
  0
SPLINE
  5
55A
330
1FF
100
AcDbEntity
  8
0
  6
Continuous
 62
     7
100
AcDbSpline
210
0.0
220
0.0
230
1.0
 70
     8
 71
     3
 72
     9
 73
     5
 74
     0
 42
0.0000001
 43
0.0000000001
 40
0.0
 40
0.0
 40
0.0
 40
0.0
 40
0.2615933176
 40
1.0
 40
1.0
 40
1.0
 40
1.0
 10
191.2510178679
 20
133.1395279711
 30
0.0
 10
191.2521486029
 20
133.3144014442
 30
0.0
 10
191.256540054
 20
133.982894649
 30
0.0
 10
191.261212219
 20
134.6513860321
 30
0.0
 10
191.2648675206
 20
135.1450029994
 30
0.0
  0
SPLINE
  5
55B
330
1FF
100
AcDbEntity
  8
0
  6
Continuous
 62
     7
100
AcDbSpline
210
0.0
220
0.0
230
1.0
 70
     8
 71
     3
 72
     9
 73
     5
 74
     0
 42
0.0000001
 43
0.0000000001
 40
0.0
 40
0.0
 40
0.0
 40
0.0
 40
0.4410753712
 40
1.0
 40
1.0
 40
1.0
 40
1.0
 10
192.3085180402
 20
136.1505024065
 30
0.0
 10
192.3613100067
 20
136.0243029035
 30
0.0
 10
192.4717986748
 20
135.733891354
 30
0.0
 10
192.5389982739
 20
135.4295323794
 30
0.0
 10
192.5648686921
 20
135.2581269625
 30
0.0
  0
SPLINE
  5
55C
330
1FF
100
AcDbEntity
  8
0
  6
Continuous
 62
     7
100
AcDbSpline
210
0.0
220
0.0
230
1.0
 70
     8
 71
     3
 72
    11
 73
     7
 74
     0
 42
0.0000001
 43
0.0000000001
 40
0.0
 40
0.0
 40
0.0
 40
0.0
 40
0.2198838521
 40
0.4625001976
 40
0.7239378293000001
 40
1.0
 40
1.0
 40
1.0
 40
1.0
 10
192.3645380038
 20
134.2242599367
 30
0.0
 10
192.3786703273
 20
133.6815992056
 30
0.0
 10
192.406159028
 20
132.5401176842
 30
0.0
 10
192.4467589415
 20
130.7533358665
 30
0.0
 10
192.4870104898
 20
128.8278205701
 30
0.0
 10
192.5125898978
 20
127.5010984856
 30
0.0
 10
192.5256650554
 20
126.819687323
 30
0.0
  0
LINE
  5
55D
330
1FF
100
AcDbEntity
  8
0
  6
Continuous
 62
     7
100
AcDbLine
 10
191.2648675208
 20
134.2255837114
 30
0.0
 11
191.2573019269
 21
133.1606262536
 31
0.0
  0
LINE
  5
55E
330
1FF
100
AcDbEntity
  8
0
  6
Continuous
 62
     7
100
AcDbLine
 10
191.2573019269
 20
133.1606262536
 30
0.0
 11
191.2509971893
 21
132.2065252419
 31
0.0
  0
SPLINE
  5
55F
330
1FF
100
AcDbEntity
  8
0
  6
Continuous
 62
     7
100
AcDbSpline
210
0.0
220
0.0
230
1.0
 70
     8
 71
     3
 72
     9
 73
     5
 74
     0
 42
0.0000001
 43
0.0000000001
 40
0.0
 40
0.0
 40
0.0
 40
0.0
 40
0.2435700795
 40
1.0
 40
1.0
 40
1.0
 40
1.0
 10
191.2509971893
 20
132.2065252419
 30
0.0
 10
191.2502217748
 20
132.0853918456
 30
0.0
 10
191.247075398
 20
131.5880669917
 30
0.0
 10
191.2440725166
 20
131.0907412328
 30
0.0
 10
191.2418716798
 20
130.714548743
 30
0.0
  0
SPLINE
  5
560
330
1FF
100
AcDbEntity
  8
0
  6
Continuous
 62
     7
100
AcDbSpline
210
0.0
220
0.0
230
1.0
 70
     8
 71
     3
 72
     9
 73
     5
 74
     0
 42
0.0000001
 43
0.0000000001
 40
0.0
 40
0.0
 40
0.0
 40
0.0
 40
0.2397625563
 40
1.0
 40
1.0
 40
1.0
 40
1.0
 10
191.2418716798
 20
130.714548743
 30
0.0
 10
191.2400862181
 20
130.4093569605
 30
0.0
 10
191.2328349851
 20
129.136464058
 30
0.0
 10
191.226311628
 20
127.8635670479
 30
0.0
 10
191.2216899285
 20
126.8958615456
 30
0.0
  0
LINE
  5
561
330
1FF
100
AcDbEntity
  8
0
  6
Continuous
 62
     7
100
AcDbLine
 10
191.2216899285
 20
126.8958615456
 30
0.0
 11
191.219315145
 21
126.3921913249
 31
0.0
  0
SPLINE
  5
562
330
1FF
100
AcDbEntity
  8
0
  6
Continuous
 62
     7
100
AcDbSpline
210
0.0
220
0.0
230
1.0
 70
     8
 71
     3
 72
     9
 73
     5
 74
     0
 42
0.0000001
 43
0.0000000001
 40
0.0
 40
0.0
 40
0.0
 40
0.0
 40
0.2480317018
 40
1.0
 40
1.0
 40
1.0
 40
1.0
 10
191.2191975929
 20
126.3669192635
 30
0.0
 10
191.2159439433
 20
125.666977251
 30
0.0
 10
191.2035362462
 20
122.8449879142
 30
0.0
 10
191.1937021713
 20
120.0229871851
 30
0.0
 10
191.1878530164
 20
117.9009282421
 30
0.0
  0
LINE
  5
563
330
1FF
100
AcDbEntity
  8
0
  6
Continuous
 62
     7
100
AcDbLine
 10
191.1877834303
 20
117.8756549934
 30
0.0
 11
191.1864285606
 21
117.3719592776
 31
0.0
  0
SPLINE
  5
564
330
1FF
100
AcDbEntity
  8
0
  6
Continuous
 62
     7
100
AcDbSpline
210
0.0
220
0.0
230
1.0
 70
     8
 71
     3
 72
     9
 73
     5
 74
     0
 42
0.0000001
 43
0.0000000001
 40
0.0
 40
0.0
 40
0.0
 40
0.0
 40
0.2590522296
 40
1.0
 40
1.0
 40
1.0
 40
1.0
 10
191.1864285606
 20
117.3719592776
 30
0.0
 10
191.1855786567
 20
117.0486642119
 30
0.0
 10
191.1824462898
 20
115.8006720031
 30
0.0
 10
191.1799110769
 20
114.5526782527
 30
0.0
 10
191.1784506664
 20
113.6279794479
 30
0.0
  0
LINE
  5
565
330
1FF
100
AcDbEntity
  8
0
  6
Continuous
 62
     7
100
AcDbLine
 10
191.1784506664
 20
113.6279794479
 30
0.0
 11
191.1783559043
 21
113.567594368
 31
0.0
  0
LINE
  5
566
330
1FF
100
AcDbEntity
  8
0
  6
Continuous
 62
     7
100
AcDbLine
 10
191.1783335468
 20
113.5532334902
 30
0.0
 11
191.1780946905
 21
113.3969261204
 31
0.0
  0
LINE
  5
567
330
1FF
100
AcDbEntity
  8
0
  6
Continuous
 62
     7
100
AcDbLine
 10
191.1780946905
 20
113.3969261204
 30
0.0
 11
191.1779513448
 21
113.3004060226
 31
0.0
  0
LINE
  5
568
330
1FF
100
AcDbEntity
  8
0
  6
Continuous
 62
     7
100
AcDbLine
 10
191.1779513448
 20
113.3004060226
 30
0.0
 11
191.1776810262
 21
113.1121433317
 31
0.0
  0
LINE
  5
569
330
1FF
100
AcDbEntity
  8
0
  6
Continuous
 62
     7
100
AcDbLine
 10
191.1776810262
 20
113.1121433317
 30
0.0
 11
191.176579203
 21
112.2233074239
 31
0.0
  0
LINE
  5
56A
330
1FF
100
AcDbEntity
  8
0
  6
Continuous
 62
     7
100
AcDbLine
 10
191.176579203
 20
112.2233074239
 30
0.0
 11
191.1764679486
 21
112.1171500995
 31
0.0
  0
LINE
  5
56B
330
1FF
100
AcDbEntity
  8
0
  6
Continuous
 62
     7
100
AcDbLine
 10
191.1764679486
 20
112.1171500995
 30
0.0
 11
191.1764110329
 21
112.0610806118
 31
0.0
  0
LINE
  5
56C
330
1FF
100
AcDbEntity
  8
0
  6
Continuous
 62
     7
100
AcDbLine
 10
191.1764110329
 20
112.0610806118
 30
0.0
 11
191.1762423601
 21
111.8867368878
 31
0.0
  0
LINE
  5
56D
330
1FF
100
AcDbEntity
  8
0
  6
Continuous
 62
     7
100
AcDbLine
 10
191.1762315345
 20
111.8750778137
 30
0.0
 11
191.1756506844
 21
111.1069580508
 31
0.0
  0
SPLINE
  5
56E
330
1FF
100
AcDbEntity
  8
0
  6
Continuous
 62
     7
100
AcDbSpline
210
0.0
220
0.0
230
1.0
 70
     8
 71
     3
 72
     9
 73
     5
 74
     0
 42
0.0000001
 43
0.0000000001
 40
0.0
 40
0.0
 40
0.0
 40
0.0
 40
0.2693722631
 40
1.0
 40
1.0
 40
1.0
 40
1.0
 10
191.1756506844
 20
111.1069580508
 30
0.0
 10
191.1755255984
 20
110.8907506412
 30
0.0
 10
191.1751890666999
 20
110.0881163199
 30
0.0
 10
191.1753712733
 20
109.2854816543
 30
0.0
 10
191.1759573245
 20
108.6990549891
 30
0.0
  0
SPLINE
  5
56F
330
1FF
100
AcDbEntity
  8
0
  6
Continuous
 62
     7
100
AcDbSpline
210
0.0
220
0.0
230
1.0
 70
     8
 71
     3
 72
    28
 73
    24
 74
     0
 42
0.0000001
 43
0.0000000001
 40
0.0
 40
0.0
 40
0.0
 40
0.0
 40
0.22761354
 40
0.4281881292000001
 40
0.5178849960000001
 40
0.6003151695000001
 40
0.6753380905
 40
0.742814638
 40
0.8026293512
 40
0.8546863333999999
 40
0.8988903866999999
 40
0.9180200002999999
 40
0.9351584476999999
 40
0.9502997846999999
 40
0.9634381161
 40
0.9745676302999999
 40
0.9836826753
 40
0.9907780425
 40
0.9958521573
 40
0.9976325340999999
 40
0.9989102492
 40
0.9996899949999999
 40
1.0
 40
1.0
 40
1.0
 40
1.0
 10
191.1759573245
 20
108.6990549891
 30
0.0
 10
191.1762352613
 20
108.4209400789
 30
0.0
 10
191.1769551768
 20
107.8977485958
 30
0.0
 10
191.1784519571
 20
107.2649600353
 30
0.0
 10
191.179995391
 20
106.8095682108
 30
0.0
 10
191.1812551161
 20
106.5075847097
 30
0.0
 10
191.1826568037
 20
106.2327525711
 30
0.0
 10
191.1841978995
 20
105.9855548922
 30
0.0
 10
191.1858738185
 20
105.7664202523
 30
0.0
 10
191.1876798907
 20
105.5757238277
 30
0.0
 10
191.1893562017
 20
105.4347406667
 30
0.0
 10
191.190795828
 20
105.3364244674
 30
0.0
 10
191.1918533532
 20
105.2736172558
 30
0.0
 10
191.1929399665
 20
105.2181333731
 30
0.0
 10
191.1940539162
 20
105.1699907289
 30
0.0
 10
191.19519326
 20
105.1292235777
 30
0.0
 10
191.196351624
 20
105.0958184672
 30
0.0
 10
191.1975253072
 20
105.0698857303
 30
0.0
 10
191.1985840934
 20
105.0527717313
 30
0.0
 10
191.1994994883
 20
105.0430103135
 30
0.0
 10
191.200120673
 20
105.0381378802
 30
0.0
 10
191.2006480803
 20
105.0356995811
 30
0.0
 10
191.2011766827
 20
105.0339845411
 30
0.0
 10
191.2015554697
 20
105.0339847385
 30
0.0
  0
SPLINE
  5
570
330
1FF
100
AcDbEntity
  8
0
  6
Continuous
 62
     7
100
AcDbSpline
210
0.0
220
0.0
230
1.0
 70
     8
 71
     3
 72
    12
 73
     8
 74
     0
 42
0.0000001
 43
0.0000000001
 40
0.0
 40
0.0
 40
0.0
 40
0.0
 40
0.1877161624
 40
0.381888686
 40
0.5792554144
 40
0.7758814720000001
 40
1.0
 40
1.0
 40
1.0
 40
1.0
 10
179.8648675214
 20
137.8311441144
 30
0.0
 10
179.8147824668
 20
137.8311441144
 30
0.0
 10
179.7121955722
 20
137.8147995029
 30
0.0
 10
179.5725551136
 20
137.7428927099
 30
0.0
 10
179.4602828901
 20
137.6295262394
 30
0.0
 10
179.3835532087
 20
137.4809986661
 30
0.0
 10
179.3648675208
 20
137.3677964457
 30
0.0
 10
179.3648675208
 20
137.307998778
 30
0.0
  0
LINE
  5
571
330
1FF
100
AcDbEntity
  8
0
  6
Continuous
 62
     7
100
AcDbLine
 10
178.3648675208
 20
138.1911719151
 30
0.0
 11
179.3648675208
 21
138.15475191
 31
0.0
  0
SPLINE
  5
572
330
1FF
100
AcDbEntity
  8
0
  6
Continuous
 62
     7
100
AcDbSpline
210
0.0
220
0.0
230
1.0
 70
     8
 71
     3
 72
     8
 73
     4
 74
     0
 42
0.0000001
 43
0.0000000001
 40
0.0
 40
0.0
 40
0.0
 40
0.0
 40
1.0
 40
1.0
 40
1.0
 40
1.0
 10
241.1090869525
 20
134.6497802944
 30
0.0
 10
240.375887412
 20
133.9147137256
 30
0.0
 10
240.02660495
 20
132.9191595655
 30
0.0
 10
239.619028613
 20
131.9139531371
 30
0.0
  0
LINE
  5
573
330
1FF
100
AcDbEntity
  8
0
  6
Continuous
 62
     7
100
AcDbLine
 10
242.5739788364
 20
135.9319252774
 30
0.0
 11
242.7550051811
 21
136.1772388548
 31
0.0
  0
SPLINE
  5
574
330
1FF
100
AcDbEntity
  8
0
  6
Continuous
 62
     7
100
AcDbSpline
210
0.0
220
0.0
230
1.0
 70
     8
 71
     3
 72
     8
 73
     4
 74
     0
 42
0.0000001
 43
0.0000000001
 40
0.0
 40
0.0
 40
0.0
 40
0.0
 40
1.0
 40
1.0
 40
1.0
 40
1.0
 10
240.4565905803
 20
111.0859207814
 30
0.0
 10
241.2623406073
 20
110.1254187554
 30
0.0
 10
242.0090891882
 20
109.1166827058
 30
0.0
 10
242.7538379856
 20
108.1078595827
 30
0.0
  0
SPLINE
  5
575
330
1FF
100
AcDbEntity
  8
0
  6
Continuous
 62
     7
100
AcDbSpline
210
0.0
220
0.0
230
1.0
 70
     8
 71
     3
 72
     8
 73
     4
 74
     0
 42
0.0000001
 43
0.0000000001
 40
0.0
 40
0.0
 40
0.0
 40
0.0
 40
1.0
 40
1.0
 40
1.0
 40
1.0
 10
266.8085278597
 20
111.085916418
 30
0.0
 10
266.4888552222
 20
110.7048447918
 30
0.0
 10
266.1783770884
 20
110.3158959187
 30
0.0
 10
265.8736413859
 20
109.9224037212
 30
0.0
  0
SPLINE
  5
576
330
1FF
100
AcDbEntity
  8
0
  6
Continuous
 62
     7
100
AcDbSpline
210
0.0
220
0.0
230
1.0
 70
     8
 71
     3
 72
     8
 73
     4
 74
     0
 42
0.0000001
 43
0.0000000001
 40
0.0
 40
0.0
 40
0.0
 40
0.0
 40
1.0
 40
1.0
 40
1.0
 40
1.0
 10
265.8736413859
 20
109.9224037212
 30
0.0
 10
265.4101052768
 20
109.323859341
 30
0.0
 10
264.9598558415
 20
108.7148027463
 30
0.0
 10
264.5107435188
 20
108.1069676699
 30
0.0
  0
SPLINE
  5
577
330
1FF
100
AcDbEntity
  8
0
  6
Continuous
 62
     7
100
AcDbSpline
210
0.0
220
0.0
230
1.0
 70
     8
 71
     3
 72
     8
 73
     4
 74
     0
 42
0.0000001
 43
0.0000000001
 40
0.0
 40
0.0
 40
0.0
 40
0.0
 40
1.0
 40
1.0
 40
1.0
 40
1.0
 10
264.5095124424
 20
136.1778035593
 30
0.0
 10
265.2525278345
 20
135.1686420724
 30
0.0
 10
266.0022413428
 20
134.1589306908
 30
0.0
 10
266.8085277771
 20
133.1978145262
 30
0.0
  0
SPLINE
  5
578
330
1FF
100
AcDbEntity
  8
0
  6
Continuous
 62
     7
100
AcDbSpline
210
0.0
220
0.0
230
1.0
 70
     8
 71
     3
 72
     8
 73
     4
 74
     0
 42
0.0000001
 43
0.0000000001
 40
0.0
 40
0.0
 40
0.0
 40
0.0
 40
1.0
 40
1.0
 40
1.0
 40
1.0
 10
271.1727063458
 20
125.0339456598
 30
0.0
 10
271.0046281429
 20
124.0781369118
 30
0.0
 10
270.8330413855
 20
123.1125185146
 30
0.0
 10
270.8325735651
 20
122.1418655309
 30
0.0
  0
DIMENSION
  5
5D1
330
1FF
100
AcDbEntity
  8
0
100
AcDbDimension
  2
*D1
 10
162.4309425636527
 20
46.38481739810367
 30
0.0
 11
162.4837097395027
 21
59.73478347440368
 31
0.0
 70
    33
 71
     5
 42
26.70014071971966
  3
STANDARD
100
AcDbAlignedDimension
 13
144.8344337083
 23
73.1547187792
 33
0.0
 14
144.7288993566
 24
46.45478662659999
 34
0.0
1001
ACAD
1000
DSTYLE
1002
{
1070
    41
1040
3.0
1070
    43
1040
11.286
1070
    47
1040
0.0
1070
    48
1040
0.0
1070
    78
1070
     0
1070
    79
1070
     0
1070
   140
1040
3.0
1070
   141
1040
2.673
1070
   143
1040
0.0393700787
1070
   171
1070
     2
1070
   176
1070
     3
1070
   177
1070
     3
1070
   178
1070
     3
1070
   179
1070
     0
1070
   284
1070
     0
1070
   341
1005
0
1070
   343
1005
0
1070
   344
1005
0
1002
}
  0
DIMENSION
  5
5E0
330
1FF
100
AcDbEntity
  8
0
100
AcDbDimension
  2
*D2
 10
149.8776948848191
 20
40.33167065850586
 30
0.0
 11
129.07671129095
 21
40.33167065850586
 31
0.0
 70
    32
 71
     5
 42
41.60196718773832
  3
STANDARD
100
AcDbAlignedDimension
 13
108.2757276970808
 23
56.81988712989923
 33
0.0
 14
149.8776948848191
 24
56.81988712989999
 34
0.0
100
AcDbRotatedDimension
1001
ACAD
1000
DSTYLE
1002
{
1070
    41
1040
3.0
1070
    43
1040
11.286
1070
    47
1040
0.0
1070
    48
1040
0.0
1070
    78
1070
     0
1070
    79
1070
     0
1070
   140
1040
3.0
1070
   141
1040
2.673
1070
   143
1040
0.0393700787
1070
   171
1070
     2
1070
   176
1070
     3
1070
   177
1070
     3
1070
   178
1070
     3
1070
   179
1070
     0
1070
   284
1070
     0
1070
   341
1005
0
1070
   343
1005
0
1070
   344
1005
0
1002
}
  0
DIMENSION
  5
5EE
330
1FF
100
AcDbEntity
  8
0
100
AcDbDimension
  2
*D3
 10
148.6084103567
 20
80.99361388803783
 30
0.0
 11
129.0844869486
 21
80.99361388803783
 31
0.0
 70
    32
 71
     5
 42
39.04784681620001
  3
STANDARD
100
AcDbAlignedDimension
 13
109.5605635405
 23
71.05478662659999
 33
0.0
 14
148.6084103567
 24
71.05478662659999
 34
0.0
100
AcDbRotatedDimension
1001
ACAD
1000
DSTYLE
1002
{
1070
    41
1040
3.0
1070
    43
1040
11.286
1070
    47
1040
0.0
1070
    48
1040
0.0
1070
    78
1070
     0
1070
    79
1070
     0
1070
   140
1040
3.0
1070
   141
1040
2.673
1070
   143
1040
0.0393700787
1070
   171
1070
     2
1070
   176
1070
     3
1070
   177
1070
     3
1070
   178
1070
     3
1070
   179
1070
     0
1070
   284
1070
     0
1070
   341
1005
0
1070
   343
1005
0
1070
   344
1005
0
1002
}
  0
ENDSEC
  0
SECTION
  2
OBJECTS
  0
DICTIONARY
  5
C
330
0
100
AcDbDictionary
281
     1
  3
ACAD_CIP_PREVIOUS_PRODUCT_INFO
350
5CD
  3
ACAD_COLOR
350
5AF
  3
ACAD_DETAILVIEWSTYLE
350
5C8
  3
ACAD_GROUP
350
D
  3
ACAD_LAYOUT
350
1A
  3
ACAD_MATERIAL
350
57D
  3
ACAD_MLEADERSTYLE
350
5C4
  3
ACAD_MLINESTYLE
350
17
  3
ACAD_PLOTSETTINGS
350
19
  3
ACAD_PLOTSTYLENAME
350
E
  3
ACAD_SCALELIST
350
5B2
  3
ACAD_SECTIONVIEWSTYLE
350
5C6
  3
ACAD_TABLESTYLE
350
5B0
  3
ACAD_VISUALSTYLE
350
596
  3
ACDB_RECOMPOSE_DATA
350
611
  3
AcDbVariableDictionary
350
604
  3
DWGPROPS
350
612
  0
DICTIONARY
  5
5FC
330
10
100
AcDbDictionary
280
     1
281
     1
  3
ADSK_XREC_LAYER_RECONCILED
360
5FD
  0
DICTIONARY
  5
5FE
330
1FA
100
AcDbDictionary
280
     1
281
     1
  3
ADSK_XREC_LAYER_RECONCILED
360
5FF
  0
DICTIONARY
  5
600
330
1FB
100
AcDbDictionary
280
     1
281
     1
  3
ADSK_XREC_LAYER_RECONCILED
360
601
  0
DICTIONARY
  5
602
330
1FC
100
AcDbDictionary
280
     1
281
     1
  3
ADSK_XREC_LAYER_RECONCILED
360
603
  0
XRECORD
  5
5CD
102
{ACAD_REACTORS
330
C
102
}
330
C
100
AcDbXrecord
280
     1
300
ACD
300
2021
300

  0
DICTIONARY
  5
5AF
102
{ACAD_REACTORS
330
C
102
}
330
C
100
AcDbDictionary
281
     1
  0
DICTIONARY
  5
5C8
102
{ACAD_REACTORS
330
C
102
}
330
C
100
AcDbDictionary
281
     1
  3
Metric50
350
5C9
  0
DICTIONARY
  5
D
102
{ACAD_REACTORS
330
C
102
}
330
C
100
AcDbDictionary
281
     1
  0
DICTIONARY
  5
1A
102
{ACAD_REACTORS
330
C
102
}
330
C
100
AcDbDictionary
281
     1
  3
Layout1
350
57A
  3
Model
350
579
  0
DICTIONARY
  5
57D
102
{ACAD_REACTORS
330
C
102
}
330
C
100
AcDbDictionary
281
     1
  3
ByBlock
350
586
  3
ByLayer
350
57E
  3
Global
350
58E
  0
DICTIONARY
  5
5C4
102
{ACAD_REACTORS
330
C
102
}
330
C
100
AcDbDictionary
281
     1
  3
Standard
350
5C5
  0
DICTIONARY
  5
17
102
{ACAD_REACTORS
330
C
102
}
330
C
100
AcDbDictionary
281
     1
  3
Standard
350
18
  0
DICTIONARY
  5
19
102
{ACAD_REACTORS
330
C
102
}
330
C
100
AcDbDictionary
281
     1
  0
ACDBDICTIONARYWDFLT
  5
E
102
{ACAD_REACTORS
330
C
102
}
330
C
100
AcDbDictionary
281
     1
  3
Normal
350
F
100
AcDbDictionaryWithDefault
340
F
  0
DICTIONARY
  5
5B2
102
{ACAD_REACTORS
330
C
102
}
330
C
100
AcDbDictionary
281
     1
  3
A0
350
5B3
  3
A1
350
5B4
  3
A2
350
5B5
  3
A3
350
5B6
  3
A4
350
5B7
  3
A5
350
5B8
  3
A6
350
5B9
  3
A7
350
5BA
  3
A8
350
5BB
  3
A9
350
5BC
  3
B0
350
5BD
  3
B1
350
5BE
  3
B2
350
5BF
  3
B3
350
5C0
  3
B4
350
5C1
  3
B5
350
5C2
  3
B6
350
5C3
  0
DICTIONARY
  5
5C6
102
{ACAD_REACTORS
330
C
102
}
330
C
100
AcDbDictionary
281
     1
  3
Metric50
350
5C7
  0
DICTIONARY
  5
5B0
102
{ACAD_REACTORS
330
C
102
}
330
C
100
AcDbDictionary
281
     1
  3
Standard
350
5B1
  0
DICTIONARY
  5
596
102
{ACAD_REACTORS
330
C
102
}
330
C
100
AcDbDictionary
281
     1
  3
2dWireframe
350
59C
  3
Basic
350
59B
  3
Brighten
350
5A2
  3
ColorChange
350
5A6
  3
Conceptual
350
59F
  3
Dim
350
5A1
  3
EdgeColorOff
350
5AE
  3
Facepattern
350
5A5
  3
Flat
350
597
  3
FlatWithEdges
350
598
  3
Gouraud
350
599
  3
GouraudWithEdges
350
59A
  3
Hidden
350
59E
  3
JitterOff
350
5AC
  3
Linepattern
350
5A4
  3
OverhangOff
350
5AD
  3
Realistic
350
5A0
  3
Shaded
350
5AB
  3
Shaded with edges
350
5AA
  3
Shades of Gray
350
5A7
  3
Sketchy
350
5A8
  3
Thicken
350
5A3
  3
Wireframe
350
59D
  3
X-Ray
350
5A9
  0
XRECORD
  5
611
102
{ACAD_REACTORS
330
C
102
}
330
C
100
AcDbXrecord
280
     1
 90
        1
330
5B1
  0
DICTIONARY
  5
604
102
{ACAD_REACTORS
330
C
102
}
330
C
100
AcDbDictionary
281
     1
  3
CANNOSCALE
350
609
  3
CMLEADERSTYLE
350
606
  3
CTABLESTYLE
350
605
  3
CVIEWDETAILSTYLE
350
607
  3
CVIEWSECTIONSTYLE
350
608
  3
DIMASSOC
350
60C
  3
INDEXCTL
350
60B
  3
SORTENTS
350
60A
  3
XCLIPFRAME
350
60D
  0
XRECORD
  5
612
102
{ACAD_REACTORS
330
C
102
}
330
C
100
AcDbXrecord
280
     1
  1
DWGPROPS COOKIE
  2

  3

  4

  6

  7

  8
HR
  9

300
=
301
=
302
=
303
=
304
=
305
=
306
=
307
=
308
=
309
=
 40
0.0018634259259259
 41
2460606.657766204
 42
2460606.659629629
  1

 90
        0
  0
XRECORD
  5
5FD
102
{ACAD_REACTORS
330
5FC
102
}
330
5FC
100
AcDbXrecord
280
     1
290
     1
  0
XRECORD
  5
5FF
102
{ACAD_REACTORS
330
5FE
102
}
330
5FE
100
AcDbXrecord
280
     1
290
     1
  0
XRECORD
  5
601
102
{ACAD_REACTORS
330
600
102
}
330
600
100
AcDbXrecord
280
     1
290
     1
  0
XRECORD
  5
603
102
{ACAD_REACTORS
330
602
102
}
330
602
100
AcDbXrecord
280
     1
290
     1
  0
ACDBDETAILVIEWSTYLE
  5
5C9
102
{ACAD_XDICTIONARY
360
64E
102
}
102
{ACAD_REACTORS
330
5C8
102
}
330
5C8
100
AcDbModelDocViewStyle
 70
     0
  3
Metric50
290
     0
100
AcDbDetailViewStyle
 70
     0
 71
     0
 90
        3
 71
     1
340
11
 40
5.0
340
0
 40
5.0
300

 40
0.0
280
     1
 71
     2
340
16
 90
       25
 71
     3
340
11
 40
5.0
 90
        0
 40
15.0
 90
        1
300
%<\AcVar ViewDetailId>% (%<\AcVar ViewScale \f "%sn">%)
 71
     4
340
16
 90
       25
340
16
 90
       25
280
     0
  0
LAYOUT
  5
57A
102
{ACAD_XDICTIONARY
360
615
102
}
102
{ACAD_REACTORS
330
1A
102
}
330
1A
100
AcDbPlotSettings
  1

  2
none_device
  4
ISO_A4_(297.00_x_210.00_MM)
  6

 40
0.0
 41
0.0
 42
0.0
 43
0.0
 44
297.0
 45
210.0
 46
0.0
 47
0.0
 48
0.0
 49
0.0
140
0.0
141
0.0
142
1.0
143
1.0
 70
     0
 72
     1
 73
     0
 74
     0
  7

 75
     0
147
1.0
148
0.0
149
0.0
100
AcDbLayout
  1
Layout1
 70
     1
 71
     1
 10
0.0
 20
0.0
 11
12.0
 21
9.0
 12
0.0
 22
0.0
 32
0.0
 14
1.000000000000000E+20
 24
1.000000000000000E+20
 34
1.000000000000000E+20
 15
-1.000000000000000E+20
 25
-1.000000000000000E+20
 35
-1.000000000000000E+20
146
0.0
 13
0.0
 23
0.0
 33
0.0
 16
1.0
 26
0.0
 36
0.0
 17
0.0
 27
1.0
 37
0.0
 76
     0
330
200
  0
LAYOUT
  5
579
102
{ACAD_XDICTIONARY
360
613
102
}
102
{ACAD_REACTORS
330
1A
102
}
330
1A
100
AcDbPlotSettings
  1

  2
none_device
  4
ISO_A4_(297.00_x_210.00_MM)
  6

 40
0.0
 41
0.0
 42
0.0
 43
0.0
 44
297.0
 45
210.0
 46
0.0
 47
0.0
 48
0.0
 49
0.0
140
0.0
141
0.0
142
1.0
143
1.0
 70
  1024
 72
     1
 73
     0
 74
     0
  7

 75
     0
147
1.0
148
0.0
149
0.0
100
AcDbLayout
  1
Model
 70
     0
 71
     0
 10
0.0
 20
0.0
 11
297.0
 21
210.0
 12
0.0
 22
0.0
 32
0.0
 14
0.0
 24
0.0
 34
0.0
 15
0.0
 25
0.0
 35
0.0
146
0.0
 13
0.0
 23
0.0
 33
0.0
 16
1.0
 26
0.0
 36
0.0
 17
0.0
 27
1.0
 37
0.0
 76
     0
330
1FF
331
1F4
  0
MATERIAL
  5
586
102
{ACAD_XDICTIONARY
360
587
102
}
102
{ACAD_REACTORS
330
57D
102
}
330
57D
100
AcDbMaterial
  1
ByBlock
 72
     0
 43
0.0008202099737533
 43
0.0
 43
0.0
 43
0.0
 43
0.0
 43
0.0008202099737533
 43
0.0
 43
0.0
 43
0.0
 43
0.0
 43
1.0
 43
0.0
 43
0.0
 43
0.0
 43
0.0
 43
1.0
 77
     0
 47
0.0008202099737533
 47
0.0
 47
0.0
 47
0.0
 47
0.0
 47
0.0008202099737533
 47
0.0
 47
0.0
 47
0.0
 47
0.0
 47
1.0
 47
0.0
 47
0.0
 47
0.0
 47
0.0
 47
1.0
171
     0
 49
0.0008202099737533
 49
0.0
 49
0.0
 49
0.0
 49
0.0
 49
0.0008202099737533
 49
0.0
 49
0.0
 49
0.0
 49
0.0
 49
1.0
 49
0.0
 49
0.0
 49
0.0
 49
0.0
 49
1.0
175
     0
142
0.0008202099737533
142
0.0
142
0.0
142
0.0
142
0.0
142
0.0008202099737533
142
0.0
142
0.0
142
0.0
142
0.0
142
1.0
142
0.0
142
0.0
142
0.0
142
0.0
142
1.0
179
     0
144
0.0008202099737533
144
0.0
144
0.0
144
0.0
144
0.0
144
0.0008202099737533
144
0.0
144
0.0
144
0.0
144
0.0
144
1.0
144
0.0
144
0.0
144
0.0
144
0.0
144
1.0
147
0.0008202099737533
147
0.0
147
0.0
147
0.0
147
0.0
147
0.0008202099737533
147
0.0
147
0.0
147
0.0
147
0.0
147
1.0
147
0.0
147
0.0
147
0.0
147
0.0
147
1.0
  0
MATERIAL
  5
57E
102
{ACAD_XDICTIONARY
360
57F
102
}
102
{ACAD_REACTORS
330
57D
102
}
330
57D
100
AcDbMaterial
  1
ByLayer
 72
     0
 43
0.0008202099737533
 43
0.0
 43
0.0
 43
0.0
 43
0.0
 43
0.0008202099737533
 43
0.0
 43
0.0
 43
0.0
 43
0.0
 43
1.0
 43
0.0
 43
0.0
 43
0.0
 43
0.0
 43
1.0
 77
     0
 47
0.0008202099737533
 47
0.0
 47
0.0
 47
0.0
 47
0.0
 47
0.0008202099737533
 47
0.0
 47
0.0
 47
0.0
 47
0.0
 47
1.0
 47
0.0
 47
0.0
 47
0.0
 47
0.0
 47
1.0
171
     0
 49
0.0008202099737533
 49
0.0
 49
0.0
 49
0.0
 49
0.0
 49
0.0008202099737533
 49
0.0
 49
0.0
 49
0.0
 49
0.0
 49
1.0
 49
0.0
 49
0.0
 49
0.0
 49
0.0
 49
1.0
175
     0
142
0.0008202099737533
142
0.0
142
0.0
142
0.0
142
0.0
142
0.0008202099737533
142
0.0
142
0.0
142
0.0
142
0.0
142
1.0
142
0.0
142
0.0
142
0.0
142
0.0
142
1.0
179
     0
144
0.0008202099737533
144
0.0
144
0.0
144
0.0
144
0.0
144
0.0008202099737533
144
0.0
144
0.0
144
0.0
144
0.0
144
1.0
144
0.0
144
0.0
144
0.0
144
0.0
144
1.0
147
0.0008202099737533
147
0.0
147
0.0
147
0.0
147
0.0
147
0.0008202099737533
147
0.0
147
0.0
147
0.0
147
0.0
147
1.0
147
0.0
147
0.0
147
0.0
147
0.0
147
1.0
  0
MATERIAL
  5
58E
102
{ACAD_XDICTIONARY
360
58F
102
}
102
{ACAD_REACTORS
330
57D
102
}
330
57D
100
AcDbMaterial
  1
Global
 72
     0
 43
0.0008202099737533
 43
0.0
 43
0.0
 43
0.0
 43
0.0
 43
0.0008202099737533
 43
0.0
 43
0.0
 43
0.0
 43
0.0
 43
1.0
 43
0.0
 43
0.0
 43
0.0
 43
0.0
 43
1.0
 77
     0
 47
0.0008202099737533
 47
0.0
 47
0.0
 47
0.0
 47
0.0
 47
0.0008202099737533
 47
0.0
 47
0.0
 47
0.0
 47
0.0
 47
1.0
 47
0.0
 47
0.0
 47
0.0
 47
0.0
 47
1.0
171
     0
 49
0.0008202099737533
 49
0.0
 49
0.0
 49
0.0
 49
0.0
 49
0.0008202099737533
 49
0.0
 49
0.0
 49
0.0
 49
0.0
 49
1.0
 49
0.0
 49
0.0
 49
0.0
 49
0.0
 49
1.0
175
     0
142
0.0008202099737533
142
0.0
142
0.0
142
0.0
142
0.0
142
0.0008202099737533
142
0.0
142
0.0
142
0.0
142
0.0
142
1.0
142
0.0
142
0.0
142
0.0
142
0.0
142
1.0
179
     0
144
0.0008202099737533
144
0.0
144
0.0
144
0.0
144
0.0
144
0.0008202099737533
144
0.0
144
0.0
144
0.0
144
0.0
144
1.0
144
0.0
144
0.0
144
0.0
144
0.0
144
1.0
147
0.0008202099737533
147
0.0
147
0.0
147
0.0
147
0.0
147
0.0008202099737533
147
0.0
147
0.0
147
0.0
147
0.0
147
1.0
147
0.0
147
0.0
147
0.0
147
0.0
147
1.0
  0
MLEADERSTYLE
  5
5C5
102
{ACAD_REACTORS
330
5C4
102
}
330
5C4
100
AcDbMLeaderStyle
170
     2
171
     1
172
     0
 90
        2
 40
0.0
 41
0.0
173
     1
 91
-1056964608
340
14
 92
       -2
290
     1
 42
2.0
291
     1
 43
0.36
  3
Standard
 44
4.0
300

342
11
174
     1
178
     6
175
     1
176
     0
 93
-1056964608
 45
4.0
292
     0
297
     0
 46
4.0
 94
-1056964608
 47
1.0
 49
1.0
140
1.0
293
     1
141
0.0
294
     1
177
     0
142
1.0
295
     0
296
     0
143
0.125
1001
ACAD_MLEADERVER
1070
     2
  0
MLINESTYLE
  5
18
102
{ACAD_REACTORS
330
17
102
}
330
17
100
AcDbMlineStyle
  2
STANDARD
 70
     0
  3

 62
   256
 51
90.0
 52
90.0
 71
     2
 49
0.5
 62
   256
  6
BYLAYER
 49
-0.5
 62
   256
  6
BYLAYER
  0
ACDBPLACEHOLDER
  5
F
102
{ACAD_REACTORS
330
E
102
}
330
E
  0
SCALE
  5
5B3
102
{ACAD_REACTORS
330
5B2
102
}
330
5B2
100
AcDbScale
 70
     0
300
1:1
140
1.0
141
1.0
290
     1
  0
SCALE
  5
5B4
102
{ACAD_REACTORS
330
5B2
102
}
330
5B2
100
AcDbScale
 70
     0
300
1:2
140
1.0
141
2.0
290
     0
  0
SCALE
  5
5B5
102
{ACAD_REACTORS
330
5B2
102
}
330
5B2
100
AcDbScale
 70
     0
300
1:4
140
1.0
141
4.0
290
     0
  0
SCALE
  5
5B6
102
{ACAD_REACTORS
330
5B2
102
}
330
5B2
100
AcDbScale
 70
     0
300
1:5
140
1.0
141
5.0
290
     0
  0
SCALE
  5
5B7
102
{ACAD_REACTORS
330
5B2
102
}
330
5B2
100
AcDbScale
 70
     0
300
1:8
140
1.0
141
8.0
290
     0
  0
SCALE
  5
5B8
102
{ACAD_REACTORS
330
5B2
102
}
330
5B2
100
AcDbScale
 70
     0
300
1:10
140
1.0
141
10.0
290
     0
  0
SCALE
  5
5B9
102
{ACAD_REACTORS
330
5B2
102
}
330
5B2
100
AcDbScale
 70
     0
300
1:16
140
1.0
141
16.0
290
     0
  0
SCALE
  5
5BA
102
{ACAD_REACTORS
330
5B2
102
}
330
5B2
100
AcDbScale
 70
     0
300
1:20
140
1.0
141
20.0
290
     0
  0
SCALE
  5
5BB
102
{ACAD_REACTORS
330
5B2
102
}
330
5B2
100
AcDbScale
 70
     0
300
1:30
140
1.0
141
30.0
290
     0
  0
SCALE
  5
5BC
102
{ACAD_REACTORS
330
5B2
102
}
330
5B2
100
AcDbScale
 70
     0
300
1:40
140
1.0
141
40.0
290
     0
  0
SCALE
  5
5BD
102
{ACAD_REACTORS
330
5B2
102
}
330
5B2
100
AcDbScale
 70
     0
300
1:50
140
1.0
141
50.0
290
     0
  0
SCALE
  5
5BE
102
{ACAD_REACTORS
330
5B2
102
}
330
5B2
100
AcDbScale
 70
     0
300
1:100
140
1.0
141
100.0
290
     0
  0
SCALE
  5
5BF
102
{ACAD_REACTORS
330
5B2
102
}
330
5B2
100
AcDbScale
 70
     0
300
2:1
140
2.0
141
1.0
290
     0
  0
SCALE
  5
5C0
102
{ACAD_REACTORS
330
5B2
102
}
330
5B2
100
AcDbScale
 70
     0
300
4:1
140
4.0
141
1.0
290
     0
  0
SCALE
  5
5C1
102
{ACAD_REACTORS
330
5B2
102
}
330
5B2
100
AcDbScale
 70
     0
300
8:1
140
8.0
141
1.0
290
     0
  0
SCALE
  5
5C2
102
{ACAD_REACTORS
330
5B2
102
}
330
5B2
100
AcDbScale
 70
     0
300
10:1
140
10.0
141
1.0
290
     0
  0
SCALE
  5
5C3
102
{ACAD_REACTORS
330
5B2
102
}
330
5B2
100
AcDbScale
 70
     0
300
100:1
140
100.0
141
1.0
290
     0
  0
ACDBSECTIONVIEWSTYLE
  5
5C7
102
{ACAD_XDICTIONARY
360
64C
102
}
102
{ACAD_REACTORS
330
5C6
102
}
330
5C6
100
AcDbModelDocViewStyle
 70
     0
  3
Metric50
290
     0
100
AcDbSectionViewStyle
 70
     0
 71
     0
 90
      102
 71
     1
340
11
 40
5.0
340
0
340
0
 40
5.0
300
I, O, Q, S, X, Z
 40
10.0
 90
        0
 40
2.5
 90
        0
 71
     2
340
16
 90
       25
340
16
 90
       50
 40
5.0
 40
2.5
 40
5.0
 71
     3
340
11
 40
5.0
 90
        0
 40
15.0
 90
        1
300
%<\AcVar ViewSectionStartId>%-%<\AcVar ViewSectionEndId>% (%<\AcVar ViewScale \f "%sn">%)
 71
     4
300
ANSI31
 40
1.0
 90
        0
290
     0
290
     0
 90
        6
 40
0.0
 40
1.570796326794896
 40
0.2617993877991494
 40
1.308996938995747
 40
-0.2617993877991494
 40
1.832595714594046
  0
TABLESTYLE
  5
5B1
102
{ACAD_XDICTIONARY
360
60F
102
}
102
{ACAD_REACTORS
330
5B0
102
}
330
5B0
100
AcDbTableStyle
  3
Standard
 70
     0
 71
     0
 40
1.5
 41
1.5
280
     0
281
     0
  7
STANDARD
140
4.5
170
     2
 62
     0
 63
     7
283
     0
274
    -2
284
     1
 64
     0
275
    -2
285
     1
 65
     0
276
    -2
286
     1
 66
     0
277
    -2
287
     1
 67
     0
278
    -2
288
     1
 68
     0
279
    -2
289
     1
 69
     0
  7
STANDARD
140
6.0
170
     5
 62
     0
 63
     7
283
     0
274
    -2
284
     1
 64
     0
275
    -2
285
     1
 65
     0
276
    -2
286
     1
 66
     0
277
    -2
287
     1
 67
     0
278
    -2
288
     1
 68
     0
279
    -2
289
     1
 69
     0
  7
STANDARD
140
4.5
170
     5
 62
     0
 63
     7
283
     0
274
    -2
284
     1
 64
     0
275
    -2
285
     1
 65
     0
276
    -2
286
     1
 66
     0
277
    -2
287
     1
 67
     0
278
    -2
288
     1
 68
     0
279
    -2
289
     1
 69
     0
  0
VISUALSTYLE
  5
59C
102
{ACAD_XDICTIONARY
360
624
102
}
102
{ACAD_REACTORS
330
596
102
}
330
596
100
AcDbVisualStyle
  2
2dWireframe
 70
     4
 71
     0
 72
     2
 73
     0
 90
        0
 40
-0.6
 41
-30.0
 62
     5
 63
     7
 74
     1
 91
        4
 64
     7
 65
   257
 75
     1
175
     1
 42
1.0
 92
        0
 66
   257
 43
1.0
 76
     1
 77
     6
 78
     2
 67
     7
 79
     5
170
     0
171
     0
290
     0
174
     0
 93
        1
 44
0.0
173
     0
291
     0
 45
0.0
1001
ACAD
1000
AcDbSavedByObjectVersion
1070
     0
  0
VISUALSTYLE
  5
59B
102
{ACAD_XDICTIONARY
360
622
102
}
102
{ACAD_REACTORS
330
596
102
}
330
596
100
AcDbVisualStyle
  2
Basic
 70
     7
 71
     1
 72
     0
 73
     1
 90
        0
 40
-0.6
 41
-30.0
 62
     5
 63
     7
 74
     0
 91
        4
 64
     7
 65
   257
 75
     1
175
     1
 42
1.0
 92
        8
 66
     7
 43
1.0
 76
     1
 77
     6
 78
     2
 67
     7
 79
     5
170
     0
171
     0
290
     0
174
     0
 93
        1
 44
0.0
173
     0
291
     1
 45
0.0
1001
ACAD
1000
AcDbSavedByObjectVersion
1070
     0
  0
VISUALSTYLE
  5
5A2
102
{ACAD_XDICTIONARY
360
630
102
}
102
{ACAD_REACTORS
330
596
102
}
330
596
100
AcDbVisualStyle
  2
Brighten
 70
    12
 71
     2
 72
     2
 73
     0
 90
        0
 40
-0.6
 41
-30.0
 62
     5
 63
     7
 74
     1
 91
        4
 64
     7
 65
   257
 75
     1
175
     1
 42
1.0
 92
        8
 66
     7
 43
1.0
 76
     1
 77
     6
 78
     2
 67
     7
 79
     5
170
     0
171
     0
290
     0
174
     0
 93
        1
 44
50.0
173
     0
291
     1
 45
0.0
1001
ACAD
1000
AcDbSavedByObjectVersion
1070
     0
  0
VISUALSTYLE
  5
5A6
102
{ACAD_XDICTIONARY
360
638
102
}
102
{ACAD_REACTORS
330
596
102
}
330
596
100
AcDbVisualStyle
  2
ColorChange
 70
    16
 71
     2
 72
     2
 73
     3
 90
        0
 40
-0.6
 41
-30.0
 62
     5
 63
     8
 74
     1
 91
        4
 64
     7
 65
   257
 75
     1
175
     1
 42
1.0
 92
        8
 66
     8
 43
1.0
 76
     1
 77
     6
 78
     2
 67
     7
 79
     5
170
     0
171
     0
290
     0
174
     0
 93
        1
 44
0.0
173
     0
291
     1
 45
0.0
1001
ACAD
1000
AcDbSavedByObjectVersion
1070
     0
  0
VISUALSTYLE
  5
59F
102
{ACAD_XDICTIONARY
360
62A
102
}
102
{ACAD_REACTORS
330
596
102
}
330
596
100
AcDbVisualStyle
  2
Conceptual
 70
     9
 71
     3
 72
     2
 73
     0
 90
        0
 40
-0.6
 41
-30.0
 62
     5
 63
     7
 74
     2
 91
        2
 64
     7
 65
   257
 75
     1
175
     1
 42
179.0
 92
        8
 66
     7
 43
1.0
 76
     1
 77
     6
 78
     2
 67
     7
 79
     3
170
     0
171
     0
290
     0
174
     0
 93
        1
 44
0.0
173
     0
291
     0
 45
0.0
1001
ACAD
1000
AcDbSavedByObjectVersion
1070
     0
  0
VISUALSTYLE
  5
5A1
102
{ACAD_XDICTIONARY
360
62E
102
}
102
{ACAD_REACTORS
330
596
102
}
330
596
100
AcDbVisualStyle
  2
Dim
 70
    11
 71
     2
 72
     2
 73
     0
 90
        0
 40
-0.6
 41
-30.0
 62
     5
 63
     7
 74
     1
 91
        4
 64
     7
 65
   257
 75
     1
175
     1
 42
1.0
 92
        8
 66
     7
 43
1.0
 76
     1
 77
     6
 78
     2
 67
     7
 79
     5
170
     0
171
     0
290
     0
174
     0
 93
        1
 44
-50.0
173
     0
291
     1
 45
0.0
1001
ACAD
1000
AcDbSavedByObjectVersion
1070
     0
  0
VISUALSTYLE
  5
5AE
102
{ACAD_XDICTIONARY
360
648
102
}
102
{ACAD_REACTORS
330
596
102
}
330
596
100
AcDbVisualStyle
  2
EdgeColorOff
 70
    22
 71
     2
 72
     2
 73
     0
 90
        0
 40
-0.6
 41
-30.0
 62
     5
 63
     7
 74
     1
 91
        4
 64
     7
 65
   257
 75
     1
175
     1
 42
1.0
 92
        8
 66
     7
 43
1.0
 76
     1
 77
     6
 78
     2
 67
     7
 79
     5
170
     0
171
     0
290
     0
174
     0
 93
        1
 44
0.0
173
     0
291
     1
 45
0.0
1001
ACAD
1000
AcDbSavedByObjectVersion
1070
     0
  0
VISUALSTYLE
  5
5A5
102
{ACAD_XDICTIONARY
360
636
102
}
102
{ACAD_REACTORS
330
596
102
}
330
596
100
AcDbVisualStyle
  2
Facepattern
 70
    15
 71
     2
 72
     2
 73
     0
 90
        0
 40
-0.6
 41
-30.0
 62
     5
 63
     7
 74
     1
 91
        4
 64
     7
 65
   257
 75
     1
175
     1
 42
1.0
 92
        8
 66
     7
 43
1.0
 76
     1
 77
     6
 78
     2
 67
     7
 79
     5
170
     0
171
     0
290
     0
174
     0
 93
        1
 44
0.0
173
     0
291
     1
 45
0.0
1001
ACAD
1000
AcDbSavedByObjectVersion
1070
     0
  0
VISUALSTYLE
  5
597
102
{ACAD_XDICTIONARY
360
61A
102
}
102
{ACAD_REACTORS
330
596
102
}
330
596
100
AcDbVisualStyle
  2
Flat
 70
     0
 71
     2
 72
     1
 73
     1
 90
        2
 40
-0.6
 41
30.0
 62
     5
 63
     7
 74
     0
 91
        0
 64
     7
 65
   257
 75
     1
175
     1
 42
1.0
 92
        8
 66
     7
 43
1.0
 76
     1
 77
     6
 78
     2
 67
     7
 79
     5
170
     0
171
     0
290
     0
174
     0
 93
       13
 44
0.0
173
     0
291
     1
 45
0.0
1001
ACAD
1000
AcDbSavedByObjectVersion
1070
     0
  0
VISUALSTYLE
  5
598
102
{ACAD_XDICTIONARY
360
61C
102
}
102
{ACAD_REACTORS
330
596
102
}
330
596
100
AcDbVisualStyle
  2
FlatWithEdges
 70
     1
 71
     2
 72
     1
 73
     1
 90
        2
 40
-0.6
 41
30.0
 62
     5
 63
     7
 74
     1
 91
        0
 64
     7
 65
   257
 75
     1
175
     1
 42
1.0
 92
        0
 66
   257
 43
1.0
 76
     1
 77
     6
 78
     2
 67
     7
 79
     5
170
     0
171
     0
290
     0
174
     0
 93
       13
 44
0.0
173
     0
291
     1
 45
0.0
1001
ACAD
1000
AcDbSavedByObjectVersion
1070
     0
  0
VISUALSTYLE
  5
599
102
{ACAD_XDICTIONARY
360
61E
102
}
102
{ACAD_REACTORS
330
596
102
}
330
596
100
AcDbVisualStyle
  2
Gouraud
 70
     2
 71
     2
 72
     2
 73
     1
 90
        2
 40
-0.6
 41
30.0
 62
     5
 63
     7
 74
     0
 91
        0
 64
     7
 65
   257
 75
     1
175
     1
 42
1.0
 92
        0
 66
     7
 43
1.0
 76
     1
 77
     6
 78
     2
 67
     7
 79
     5
170
     0
171
     0
290
     0
174
     0
 93
       13
 44
0.0
173
     0
291
     1
 45
0.0
1001
ACAD
1000
AcDbSavedByObjectVersion
1070
     0
  0
VISUALSTYLE
  5
59A
102
{ACAD_XDICTIONARY
360
620
102
}
102
{ACAD_REACTORS
330
596
102
}
330
596
100
AcDbVisualStyle
  2
GouraudWithEdges
 70
     3
 71
     2
 72
     2
 73
     1
 90
        2
 40
-0.6
 41
30.0
 62
     5
 63
     7
 74
     1
 91
        0
 64
     7
 65
   257
 75
     1
175
     1
 42
1.0
 92
        0
 66
   257
 43
1.0
 76
     1
 77
     6
 78
     2
 67
     7
 79
     5
170
     0
171
     0
290
     0
174
     0
 93
       13
 44
0.0
173
     0
291
     1
 45
0.0
1001
ACAD
1000
AcDbSavedByObjectVersion
1070
     0
  0
VISUALSTYLE
  5
59E
102
{ACAD_XDICTIONARY
360
628
102
}
102
{ACAD_REACTORS
330
596
102
}
330
596
100
AcDbVisualStyle
  2
Hidden
 70
     6
 71
     1
 72
     2
 73
     2
 90
        0
 40
-0.6
 41
-30.0
 62
     5
 63
     7
 74
     2
 91
        2
 64
     7
 65
   257
 75
     2
175
     1
 42
40.0
 92
        0
 66
   257
 43
1.0
 76
     1
 77
     6
 78
     2
 67
     7
 79
     3
170
     0
171
     0
290
     0
174
     0
 93
        1
 44
0.0
173
     0
291
     0
 45
0.0
1001
ACAD
1000
AcDbSavedByObjectVersion
1070
     0
  0
VISUALSTYLE
  5
5AC
102
{ACAD_XDICTIONARY
360
644
102
}
102
{ACAD_REACTORS
330
596
102
}
330
596
100
AcDbVisualStyle
  2
JitterOff
 70
    20
 71
     2
 72
     2
 73
     0
 90
        0
 40
-0.6
 41
-30.0
 62
     5
 63
     7
 74
     1
 91
        4
 64
     7
 65
   257
 75
     1
175
     1
 42
1.0
 92
       10
 66
     7
 43
1.0
 76
     1
 77
     6
 78
     2
 67
     7
 79
     5
170
     0
171
     0
290
     0
174
     0
 93
        1
 44
0.0
173
     0
291
     1
 45
0.0
1001
ACAD
1000
AcDbSavedByObjectVersion
1070
     0
  0
VISUALSTYLE
  5
5A4
102
{ACAD_XDICTIONARY
360
634
102
}
102
{ACAD_REACTORS
330
596
102
}
330
596
100
AcDbVisualStyle
  2
Linepattern
 70
    14
 71
     2
 72
     2
 73
     0
 90
        0
 40
-0.6
 41
-30.0
 62
     5
 63
     7
 74
     1
 91
        4
 64
     7
 65
   257
 75
     7
175
     7
 42
1.0
 92
        8
 66
     7
 43
1.0
 76
     1
 77
     6
 78
     2
 67
     7
 79
     5
170
     0
171
     0
290
     0
174
     0
 93
        1
 44
0.0
173
     0
291
     1
 45
0.0
1001
ACAD
1000
AcDbSavedByObjectVersion
1070
     0
  0
VISUALSTYLE
  5
5AD
102
{ACAD_XDICTIONARY
360
646
102
}
102
{ACAD_REACTORS
330
596
102
}
330
596
100
AcDbVisualStyle
  2
OverhangOff
 70
    21
 71
     2
 72
     2
 73
     0
 90
        0
 40
-0.6
 41
-30.0
 62
     5
 63
     7
 74
     1
 91
        4
 64
     7
 65
   257
 75
     1
175
     1
 42
1.0
 92
        9
 66
     7
 43
1.0
 76
     1
 77
     6
 78
     2
 67
     7
 79
     5
170
     0
171
     0
290
     0
174
     0
 93
        1
 44
0.0
173
     0
291
     1
 45
0.0
1001
ACAD
1000
AcDbSavedByObjectVersion
1070
     0
  0
VISUALSTYLE
  5
5A0
102
{ACAD_XDICTIONARY
360
62C
102
}
102
{ACAD_REACTORS
330
596
102
}
330
596
100
AcDbVisualStyle
  2
Realistic
 70
     8
 71
     2
 72
     3
 73
     0
 90
        2
 40
-0.6
 41
30.0
 62
     5
 63
     7
 74
     0
 91
        0
 64
     7
 65
   257
 75
     1
175
     1
 42
1.0
 92
        8
 66
   257
 43
1.0
 76
     1
 77
     6
 78
     2
 67
     7
 79
     3
170
     0
171
     0
290
     0
174
     0
 93
       13
 44
0.0
173
     0
291
     0
 45
0.0
1001
ACAD
1000
AcDbSavedByObjectVersion
1070
     0
  0
VISUALSTYLE
  5
5AB
102
{ACAD_XDICTIONARY
360
642
102
}
102
{ACAD_REACTORS
330
596
102
}
330
596
100
AcDbVisualStyle
  2
Shaded
 70
    27
 71
     2
 72
     2
 73
     1
 90
        2
 40
-0.6
 41
30.0
 62
     5
 63
     7
 74
     0
 91
        4
 64
     7
 65
   257
 75
     1
175
     1
 42
1.0
 92
        8
 66
   257
 43
1.0
 76
     1
 77
     6
 78
     2
 67
     8
 79
     3
170
     0
171
     0
290
     0
174
     0
 93
        5
 44
0.0
173
     0
291
     0
 45
0.0
1001
ACAD
1000
AcDbSavedByObjectVersion
1070
     0
  0
VISUALSTYLE
  5
5AA
102
{ACAD_XDICTIONARY
360
640
102
}
102
{ACAD_REACTORS
330
596
102
}
330
596
100
AcDbVisualStyle
  2
Shaded with edges
 70
    26
 71
     2
 72
     2
 73
     1
 90
        2
 40
-0.6
 41
30.0
 62
     5
 63
     7
 74
     1
 91
        2
 64
     7
 65
   257
 75
     2
175
     1
 42
1.0
 92
        8
 66
   257
 43
1.0
 76
     1
 77
     6
 78
     2
 67
     7
 79
     3
170
     0
171
     0
290
     0
174
     0
 93
        5
 44
0.0
173
     0
291
     0
 45
0.0
1001
ACAD
1000
AcDbSavedByObjectVersion
1070
     0
  0
VISUALSTYLE
  5
5A7
102
{ACAD_XDICTIONARY
360
63A
102
}
102
{ACAD_REACTORS
330
596
102
}
330
596
100
AcDbVisualStyle
  2
Shades of Gray
 70
    23
 71
     2
 72
     2
 73
     3
 90
        0
 40
-0.6
 41
-30.0
 62
     5
 63
     7
 74
     2
 91
        2
 64
     7
 65
     7
 75
     1
175
     1
 42
40.0
 92
        8
 66
     7
 43
1.0
 76
     1
 77
     6
 78
     2
 67
     7
 79
     3
170
     0
171
     0
290
     0
174
     0
 93
        1
 44
0.0
173
     0
291
     0
 45
0.0
1001
ACAD
1000
AcDbSavedByObjectVersion
1070
     0
  0
VISUALSTYLE
  5
5A8
102
{ACAD_XDICTIONARY
360
63C
102
}
102
{ACAD_REACTORS
330
596
102
}
330
596
100
AcDbVisualStyle
  2
Sketchy
 70
    24
 71
     1
 72
     2
 73
     2
 90
        0
 40
-0.6
 41
-30.0
 62
     5
 63
     7
 74
     2
 91
        2
 64
     7
 65
     7
 75
     1
175
     1
 42
40.0
 92
       11
 66
     7
 43
1.0
 76
     1
 77
     6
 78
     2
 67
     7
 79
     6
170
     0
171
     0
290
     0
174
     0
 93
        1
 44
0.0
173
     0
291
     0
 45
0.0
1001
ACAD
1000
AcDbSavedByObjectVersion
1070
     0
  0
VISUALSTYLE
  5
5A3
102
{ACAD_XDICTIONARY
360
632
102
}
102
{ACAD_REACTORS
330
596
102
}
330
596
100
AcDbVisualStyle
  2
Thicken
 70
    13
 71
     2
 72
     2
 73
     0
 90
        0
 40
-0.6
 41
-30.0
 62
     5
 63
     7
 74
     1
 91
        4
 64
     7
 65
   257
 75
     1
175
     1
 42
1.0
 92
       12
 66
     7
 43
1.0
 76
     1
 77
     6
 78
     2
 67
     7
 79
     5
170
     0
171
     0
290
     0
174
     0
 93
        1
 44
0.0
173
     0
291
     1
 45
0.0
1001
ACAD
1000
AcDbSavedByObjectVersion
1070
     0
  0
VISUALSTYLE
  5
59D
102
{ACAD_XDICTIONARY
360
626
102
}
102
{ACAD_REACTORS
330
596
102
}
330
596
100
AcDbVisualStyle
  2
Wireframe
 70
     5
 71
     0
 72
     2
 73
     0
 90
        0
 40
-0.6
 41
-30.0
 62
     5
 63
     7
 74
     1
 91
        4
 64
     7
 65
   257
 75
     1
175
     1
 42
1.0
 92
        0
 66
   257
 43
1.0
 76
     1
 77
     6
 78
     2
 67
     7
 79
     3
170
     0
171
     0
290
     0
174
     0
 93
        1
 44
0.0
173
     0
291
     0
 45
0.0
1001
ACAD
1000
AcDbSavedByObjectVersion
1070
     0
  0
VISUALSTYLE
  5
5A9
102
{ACAD_XDICTIONARY
360
63E
102
}
102
{ACAD_REACTORS
330
596
102
}
330
596
100
AcDbVisualStyle
  2
X-Ray
 70
    25
 71
     2
 72
     2
 73
     1
 90
        1
 40
0.5
 41
-30.0
 62
     5
 63
     7
 74
     1
 91
        0
 64
     7
 65
   257
 75
     1
175
     1
 42
1.0
 92
        8
 66
     7
 43
1.0
 76
     1
 77
     6
 78
     2
 67
     7
 79
     3
170
     0
171
     0
290
     0
174
     0
 93
       13
 44
0.0
173
     0
291
     0
 45
0.0
1001
ACAD
1000
AcDbSavedByObjectVersion
1070
     0
  0
DICTIONARYVAR
  5
609
102
{ACAD_REACTORS
330
604
102
}
330
604
100
DictionaryVariables
280
     0
  1
1:1
  0
DICTIONARYVAR
  5
606
102
{ACAD_REACTORS
330
604
102
}
330
604
100
DictionaryVariables
280
     0
  1
STANDARD
  0
DICTIONARYVAR
  5
605
102
{ACAD_REACTORS
330
604
102
}
330
604
100
DictionaryVariables
280
     0
  1
STANDARD
  0
DICTIONARYVAR
  5
607
102
{ACAD_REACTORS
330
604
102
}
330
604
100
DictionaryVariables
280
     0
  1
Metric50
  0
DICTIONARYVAR
  5
608
102
{ACAD_REACTORS
330
604
102
}
330
604
100
DictionaryVariables
280
     0
  1
Metric50
  0
DICTIONARYVAR
  5
60C
102
{ACAD_REACTORS
330
604
102
}
330
604
100
DictionaryVariables
280
     0
  1
1
  0
DICTIONARYVAR
  5
60B
102
{ACAD_REACTORS
330
604
102
}
330
604
100
DictionaryVariables
280
     0
  1
0
  0
DICTIONARYVAR
  5
60A
102
{ACAD_REACTORS
330
604
102
}
330
604
100
DictionaryVariables
280
     0
  1
127
  0
DICTIONARYVAR
  5
60D
102
{ACAD_REACTORS
330
604
102
}
330
604
100
DictionaryVariables
280
     0
  1
2
  0
DICTIONARY
  5
64E
330
5C9
100
AcDbDictionary
280
     1
281
     1
  3
ACAD_XREC_ROUNDTRIP
360
64F
  0
DICTIONARY
  5
615
330
57A
100
AcDbDictionary
280
     1
281
     1
  3
ACAD_XREC_ROUNDTRIP
360
616
  0
DICTIONARY
  5
613
330
579
100
AcDbDictionary
280
     1
281
     1
  3
ACAD_XREC_ROUNDTRIP
360
614
  0
DICTIONARY
  5
587
330
586
100
AcDbDictionary
280
     1
281
     1
  3
ACAD_XREC_ROUNDTRIP
360
618
  3
BUMPTILE
360
589
  3
DIFFUSETILE
360
588
  3
OPACITYTILE
360
58C
  3
REFLECTIONTILE
360
58B
  3
REFRACTIONTILE
360
58D
  3
SPECULARTILE
360
58A
  0
DICTIONARY
  5
57F
330
57E
100
AcDbDictionary
280
     1
281
     1
  3
ACAD_XREC_ROUNDTRIP
360
617
  3
BUMPTILE
360
581
  3
DIFFUSETILE
360
580
  3
OPACITYTILE
360
584
  3
REFLECTIONTILE
360
583
  3
REFRACTIONTILE
360
585
  3
SPECULARTILE
360
582
  0
DICTIONARY
  5
58F
330
58E
100
AcDbDictionary
280
     1
281
     1
  3
ACAD_XREC_ROUNDTRIP
360
619
  3
BUMPTILE
360
591
  3
DIFFUSETILE
360
590
  3
FBXASSET
360
5CE
  3
OPACITYTILE
360
594
  3
REFLECTIONTILE
360
593
  3
REFRACTIONTILE
360
595
  3
SPECULARTILE
360
592
  0
DICTIONARY
  5
64C
330
5C7
100
AcDbDictionary
280
     1
281
     1
  3
ACAD_XREC_ROUNDTRIP
360
64D
  0
DICTIONARY
  5
60F
330
5B1
100
AcDbDictionary
280
     1
281
     1
  3
ACAD_ROUNDTRIP_2008_TABLESTYLE_CELLSTYLEMAP
360
610
  3
ACAD_XREC_ROUNDTRIP
360
64A
  0
DICTIONARY
  5
624
330
59C
100
AcDbDictionary
280
     1
281
     1
  3
ACAD_XREC_ROUNDTRIP
360
625
  0
DICTIONARY
  5
622
330
59B
100
AcDbDictionary
280
     1
281
     1
  3
ACAD_XREC_ROUNDTRIP
360
623
  0
DICTIONARY
  5
630
330
5A2
100
AcDbDictionary
280
     1
281
     1
  3
ACAD_XREC_ROUNDTRIP
360
631
  0
DICTIONARY
  5
638
330
5A6
100
AcDbDictionary
280
     1
281
     1
  3
ACAD_XREC_ROUNDTRIP
360
639
  0
DICTIONARY
  5
62A
330
59F
100
AcDbDictionary
280
     1
281
     1
  3
ACAD_XREC_ROUNDTRIP
360
62B
  0
DICTIONARY
  5
62E
330
5A1
100
AcDbDictionary
280
     1
281
     1
  3
ACAD_XREC_ROUNDTRIP
360
62F
  0
DICTIONARY
  5
648
330
5AE
100
AcDbDictionary
280
     1
281
     1
  3
ACAD_XREC_ROUNDTRIP
360
649
  0
DICTIONARY
  5
636
330
5A5
100
AcDbDictionary
280
     1
281
     1
  3
ACAD_XREC_ROUNDTRIP
360
637
  0
DICTIONARY
  5
61A
330
597
100
AcDbDictionary
280
     1
281
     1
  3
ACAD_XREC_ROUNDTRIP
360
61B
  0
DICTIONARY
  5
61C
330
598
100
AcDbDictionary
280
     1
281
     1
  3
ACAD_XREC_ROUNDTRIP
360
61D
  0
DICTIONARY
  5
61E
330
599
100
AcDbDictionary
280
     1
281
     1
  3
ACAD_XREC_ROUNDTRIP
360
61F
  0
DICTIONARY
  5
620
330
59A
100
AcDbDictionary
280
     1
281
     1
  3
ACAD_XREC_ROUNDTRIP
360
621
  0
DICTIONARY
  5
628
330
59E
100
AcDbDictionary
280
     1
281
     1
  3
ACAD_XREC_ROUNDTRIP
360
629
  0
DICTIONARY
  5
644
330
5AC
100
AcDbDictionary
280
     1
281
     1
  3
ACAD_XREC_ROUNDTRIP
360
645
  0
DICTIONARY
  5
634
330
5A4
100
AcDbDictionary
280
     1
281
     1
  3
ACAD_XREC_ROUNDTRIP
360
635
  0
DICTIONARY
  5
646
330
5AD
100
AcDbDictionary
280
     1
281
     1
  3
ACAD_XREC_ROUNDTRIP
360
647
  0
DICTIONARY
  5
62C
330
5A0
100
AcDbDictionary
280
     1
281
     1
  3
ACAD_XREC_ROUNDTRIP
360
62D
  0
DICTIONARY
  5
642
330
5AB
100
AcDbDictionary
280
     1
281
     1
  3
ACAD_XREC_ROUNDTRIP
360
643
  0
DICTIONARY
  5
640
330
5AA
100
AcDbDictionary
280
     1
281
     1
  3
ACAD_XREC_ROUNDTRIP
360
641
  0
DICTIONARY
  5
63A
330
5A7
100
AcDbDictionary
280
     1
281
     1
  3
ACAD_XREC_ROUNDTRIP
360
63B
  0
DICTIONARY
  5
63C
330
5A8
100
AcDbDictionary
280
     1
281
     1
  3
ACAD_XREC_ROUNDTRIP
360
63D
  0
DICTIONARY
  5
632
330
5A3
100
AcDbDictionary
280
     1
281
     1
  3
ACAD_XREC_ROUNDTRIP
360
633
  0
DICTIONARY
  5
626
330
59D
100
AcDbDictionary
280
     1
281
     1
  3
ACAD_XREC_ROUNDTRIP
360
627
  0
DICTIONARY
  5
63E
330
5A9
100
AcDbDictionary
280
     1
281
     1
  3
ACAD_XREC_ROUNDTRIP
360
63F
  0
XRECORD
  5
64F
102
{ACAD_REACTORS
330
64E
102
}
330
64E
100
AcDbXrecord
280
     1
102
DISPLAYNAME
  1
Metric50
102
FLAGS
 90
        0
  0
XRECORD
  5
616
102
{ACAD_REACTORS
330
615
102
}
330
615
100
AcDbXrecord
280
     1
102
SHADEPLOT
 70
     0
102
SHADEPLOTRESLEVEL
 70
     2
102
SHADEPLOTCUSTOMDPI
 70
   300
  0
XRECORD
  5
614
102
{ACAD_REACTORS
330
613
102
}
330
613
100
AcDbXrecord
280
     1
102
SHADEPLOT
 70
     0
102
SHADEPLOTRESLEVEL
 70
     2
102
SHADEPLOTCUSTOMDPI
 70
   300
  0
XRECORD
  5
618
102
{ACAD_REACTORS
330
587
102
}
330
587
100
AcDbXrecord
280
     1
102
MATERIAL
148
0.0
149
0.0
149
0.0
 93
        0
 94
      127
282
     0
 72
     0
 77
     0
171
     0
175
     0
179
     0
273
     0
  0
XRECORD
  5
589
102
{ACAD_REACTORS
330
587
102
}
330
587
100
AcDbXrecord
280
     1
270
     1
271
     1
  0
XRECORD
  5
588
102
{ACAD_REACTORS
330
587
102
}
330
587
100
AcDbXrecord
280
     1
270
     1
271
     1
  0
XRECORD
  5
58C
102
{ACAD_REACTORS
330
587
102
}
330
587
100
AcDbXrecord
280
     1
270
     1
271
     1
  0
XRECORD
  5
58B
102
{ACAD_REACTORS
330
587
102
}
330
587
100
AcDbXrecord
280
     1
270
     1
271
     1
  0
XRECORD
  5
58D
102
{ACAD_REACTORS
330
587
102
}
330
587
100
AcDbXrecord
280
     1
270
     1
271
     1
  0
XRECORD
  5
58A
102
{ACAD_REACTORS
330
587
102
}
330
587
100
AcDbXrecord
280
     1
270
     1
271
     1
  0
XRECORD
  5
617
102
{ACAD_REACTORS
330
57F
102
}
330
57F
100
AcDbXrecord
280
     1
102
MATERIAL
148
0.0
149
0.0
149
0.0
 93
        0
 94
      127
282
     0
 72
     0
 77
     0
171
     0
175
     0
179
     0
273
     0
  0
XRECORD
  5
581
102
{ACAD_REACTORS
330
57F
102
}
330
57F
100
AcDbXrecord
280
     1
270
     1
271
     1
  0
XRECORD
  5
580
102
{ACAD_REACTORS
330
57F
102
}
330
57F
100
AcDbXrecord
280
     1
270
     1
271
     1
  0
XRECORD
  5
584
102
{ACAD_REACTORS
330
57F
102
}
330
57F
100
AcDbXrecord
280
     1
270
     1
271
     1
  0
XRECORD
  5
583
102
{ACAD_REACTORS
330
57F
102
}
330
57F
100
AcDbXrecord
280
     1
270
     1
271
     1
  0
XRECORD
  5
585
102
{ACAD_REACTORS
330
57F
102
}
330
57F
100
AcDbXrecord
280
     1
270
     1
271
     1
  0
XRECORD
  5
582
102
{ACAD_REACTORS
330
57F
102
}
330
57F
100
AcDbXrecord
280
     1
270
     1
271
     1
  0
XRECORD
  5
619
102
{ACAD_REACTORS
330
58F
102
}
330
58F
100
AcDbXrecord
280
     1
102
MATERIAL
148
0.0
149
0.0
149
0.0
 93
        0
 94
      127
282
     0
 72
     0
 77
     0
171
     0
175
     0
179
     0
273
     0
  0
XRECORD
  5
591
102
{ACAD_REACTORS
330
58F
102
}
330
58F
100
AcDbXrecord
280
     1
270
     1
271
     1
  0
XRECORD
  5
590
102
{ACAD_REACTORS
330
58F
102
}
330
58F
100
AcDbXrecord
280
     1
270
     1
271
     1
  0
XRECORD
  5
5CE
102
{ACAD_REACTORS
330
58F
102
}
330
58F
100
AcDbXrecord
280
     1
 70
     1
 90
-1506045146
 71
     1
  1
FD10DC65-6611-4EA4-A6D3-BE723CD39477
311
504B0304140006080800147E5659C7BE2FD5F7000000A80100004F00000033384444313835442D414444412D343532442D413235422D4438434545343146444537412F4173736574446174612F446566696E6974696F6E4974657261746F7250726F706572746965732E62696EBD90CF4EC42010C6D1837F0E1E4C7C000F5E
311
9142296D4D8CA10CF5E4451FC0B015779BB0ED6669E3758FBEB50ED9FA0A423EE6CB0CCCFCC23721E4675968C909EA80E715C6673FF87DDFBD751BBF75E42C65C2B872E10E9DB56D6D4DD350804C50999992EAA6AEA8E2B502D14A2B8C39C57BE728F09F6E0E536AF9D2C7CE87E0063FCEF11A13CB8CDBAD9B70960BF7E9D1
311
2521291C50E4AF1053A7F59128417EA1DCC7EEE1C9C5E8A747965700BC2A806A004D6521D08902F92A63ADE42DD852B3571FC779DFF9C85AE019185550A538A7D26A49B5829C36B614B981BC9665C9A6CD9CBEE62661AC06D70796B105E17D37AC2FC8FFED5F504B0304140006080800147E56595F0B157DED000000300200
311
004500000033384444313835442D414444412D343532442D413235422D4438434545343146444537412F4173736574446174612F496E7374616E636550726F706572746965732E62696EEB606060F80F0540260323103700495E20ED9E9A975A94991C9C9C919A9BA802147073313470713633D535333334D435717534D175
311
347331D67572353732767631B6343137674768046931363471713532B5D435353131D635313332D475727372D13534373670367376B67474B5042A03DBCBA019D37FE8ABC6157B20CD04146B0062181F4C03F940F0C11EA29A8141C08141002C0426541C106CAC2CA046088033B02A030AC2157C6006F21A8018AAF50194E6
311
010A610250382264E08660284CD9E98021862280A91564B406929A0FF62C401E28B6F88038B83CB1243943D7A928312F25350524C341230800504B0304140006080800147E5659B5A795FFE3790000DE7900006B00000033384444313835442D414444412D343532442D413235422D4438434545343146444537412F526573
311
6F75726365732F46443130444336352D363631312D344541342D413644332D4245373233434433393437372F7468756D626E61696C2F302F67656E657269635F706E6701DE79218689504E470D0A1A0A0000000D49484452000001000000010008030000006BAC58540000000467414D410000B18F0BFC6105000000017352
311
474200AECE1CE900000192504C5445818181B3B3B35A5A5A4848486060605C5C5C6464648383835E5E5E6262624E4E4EAFAFAF4A4A4AB5B5B54C4C4CB1B1B1858585B7B7B7585858ADADAD7C7C7C464646787878ABABAB747474A7A7A7686868707070B9B9B96E6E6E6A6A6A8B8B8B666666545454565656A5A5A5505050A1
311
A1A1BBBBBB8F8F8F9F9F9F4242425252527676764040403E3E3E9B9B9B7A7A7A8989897E7E7E9393939797974444448787873C3C3C727272BDBDBD3A3A3A6C6C6CA9A9A9A3A3A32020209D9D9DBFBFBF8D8D8D9595959191912626269999992222222424241E1E1EC1C1C1282828C3C3C32C2C2C2A2A2A2E2E2E303030C5C5
311
C53232321C1C1C363636383838343434C7C7C71A1A1A0E0E0E121212484A484C4E4C1616160A0A0A4A4C4A787A781414147C7E7C9193915E605E464846838583878987B1B3B18587856668665A5C5A626462818381A7A7A5A3A3A1B1B1AFADAFAD7072705C5E5C9D9D9BABADAB7E817EB7B9B7585A58BBBDBB4C4C4A8D8F8D
311
747674B5B5B3B7B7B59FA19F606260ABABA9A5A5A39B9B99A9A9A78F8F8D6C6C6AC7C7C5451AD12700002000494441547801DCBD89771BD7B5A70B8EE04C702641712605CE034890E220088028C93245451215B713AF388E7DFD9EEDB8DDCE6ABFF4B57D97137BE50FEFEFDBA74049B6AEED74869B7E87404D2814EBB7F76F
311
0F67A8835CEEBFA0E42B854AA5B2BB5B6BCC951A8D52A93657A914FE0BEEE39FFE2FF395B9B9C6CAD2D4C4606F4B7FFF8D1B37EEDCB97587F7CD9B4343BD134BABE7DB48E3FFA7A228ECD6F6574E4786C0FC8B5FFCE2CD5FFCE297BF7CF3CD5FFC92B52FFE58BFF9E69B776E0EF5F79E55CBBBF9FC3F5D3DFFB07F5898ABAF
311
7CDA3B74E74EC0CE20230561BF096E97E05712BFFCC59BC80539DCE83DDD6E54FE61B7747DE17FB8980BBBFB2BBD4337DF487881AAE6C5ACC6AF25207877B2B527BFF1CB3B77FA47561ABBD7F7FA7FE146A5B6BD74E3164C7F51449AE95DB412200EC539418717E7F2F11B376FF62E95FEAF1442BED0581DBCA1BD2780D23F
311
506AFA16E1A7AD974EF17876F00DD7BCB187A1A97AE51FCED5BF2BC1F2BBE5B3C19BE27B43CF26DE00933658FE129B109C2FFF922CC22C4260FA01BEFB462A77DEBC35F42F600C3F5B0795D2E9E02DAD5E650B4438A92801B65C35CBAB7B1EE5041CE69D3B6F1822DFB873EBD6AD3B6FBC71EBC6C86AE967DFC2DFA4CEBFF1
311
BF54F6276EBC114E2F43FEC60B01A0D440A868B2920E5C4BC10D60931ADCB871F3268B21D3851B08E1D6AD9BFD4BF57F7577909FAB86F29B982571136AF01DF5FE32AC3BD9406CAAF2440A54CF176EDD01FBADA1FEFEFE21FE4C9858DFF4183458A9FD2B6708A5A5A137E0EE1D11A9EC0C7C58B2C73C0AD6B479BD76B7790C
311
F899E287FA5B06FB7B07C9195B7851FA8794031EF1FC5F9406BBFB23375420286399B631E93B08022A785C4DBF9996EC3551874094D71B6F487E80F6837E50F483BDBDBD83232323AC420A18C68DA196EDDADF68A77F938F78FD972BABBDB7B87FB164AC6FC2CB760365821ACB74AED44FFAD7E7431ECD7E08AC421F391D19
311
9998989A383D9D98E8E56F84A318C58D9BFD2DAB73FF5222C8EFAEF4DE7AF30D756E5108683DA471E70D0502099A7240F19E4089D3FD203E620F1B47BF43501E85031AE44B4B9F2E4D2D9D4D51D8970983FA861B3706FF950CA170DE82F6B312CC4F42C8966295F7D725ED29882415DC055F36DEA1FE96FEC141493F05FAA9
311
A9A5A595B333DED5B3D5A533F62183323032F46EFF13EA0AAFA5FBF7C8976F8C10F7280A014832593B90004D52341980D907EAEB73411EB2F1EBC9F507F92746C40E7AE0AFAE54292BAB2BAB67CAE0746264A277B06508168C94BF772BE9765F7BF0B548FE1E07F3B5A521340A5CB5297C4B12811B89E82191ECF3E41B3259
311
C529F135E23CF4C7F961FB13537F5A02ECCAEA76B5BA5D3D3FDF3F2FEFEFB3AA22053E5008833428DC6C59FA2F770595F311F235D427F379BB8A121BD901B96076A388DC4C3C61C7933CCCD770FF375A6E0CE9F535FE2534BF5ADD3E3FAFD71BF57AA951B6D4CFEBFB8864758A26154430080B06ABFF557610ECC93726224F
311
155D1471041E0D42F82F4891C926C1355B0831649FF365F46FF05300A7A790BD8ADEEB0D4AA9569A9BDBADCCD56AA55AE377F5F3F3EA2A34983A1DE91D810543138D7F28E57FF4E2B5335A3928B76EA1CB9B00BF158C8F63A2E788826896D0B5E7C461949ECE089144F8EBEFC7FB4D8C9C4E9DAD60F7FBE572B416C2F2423E
311
CF8B86C439E450DA970634ACFDA977629098D0B2FAF313A36B3869E37AF7853378CDA1171FBEBA95DF1E44FD5144A420588641B0055A79ED91CC0DC41E27064512FB33F1F04D09D0D2DF0203A646A6CECE80DF28356A348CED8C4F1EF137B9319E1BCD29867CA556AA97F7B757567006A447FD375A26CAAFDED9CFDCFB2BB0
311
BEEE8AA5911BC2C7F85DF88A3775389990AA72219D582409210F85A4E66F2987D875C30848023088FDF77E87F96FD7CBA5B9DCCEF4F4C9FC7C676777577B7B7B67E7ECCCE4E8DEE85E81A6D55AA3BC7FBEB242589CE8ED4770E785D7DDE23FF2587EBF57F50B9E820527316488E5C32D50F979BCA58207297E2B6D658702FF
311
CD211840FE43FC9F3A5BAD9E97E6F21B9FCF16BBBB3A3A5A175B5B1787875B5B3B86DFEFFC687A72674F19D46A8DFDF3EACA59E405375ACE76FFA922C817CE86A89BDD92F400F2C55B7462F610459837D3A61ACF50C7471C8F2F2A9D38C3DA2F068007F80EFCDBFBE5DCC674B1D83EBCBEB8BCBCBC3ED0D3D333D0B3DE33BC
311
BEB0D8DA35FBF9F8CECE68AE020BCE61C112A4C1138CD47F9AD13F7DC6AB9CF9CFCFAF9D0E01FFE6CD503F5B91C5218E2899CA15098714848B04FCE5654884ABF0E554F11F6C21D73D5D5AADD64B7B9327DDAD8B0B7D7D6D6D07070763BC0F3E38E8EB4310EBEB8BC3DDB347E3E37B5842B97C4E44A0C630427E5CFDFB71E0
311
3F471E12CA9FF70E055AE141042DD81234B879EB4606361D9328149037D7D76A571A7E974FA20AD0323832713AB5BA7ABE3B3E3D3FBC30307070B0B9B645D93C3CDC3CDCA41CFC6AAC2D64D0D579B4B1B397A7C1BDBEBD7D36657A3CD4B2F44F4909F2B9CA597F4245C59DEC354316F0587020D0C661742BC02869435FD12C
311
F195C422DB3C5A3E2305C000CE6B7B27ED8B7D63079B5B5B878787C787C7C7C757C76C51B60ED60EDAFA06D67B965B3B672677080BB5329E60E9B477847AE2E9EB53E35779FD37EFCD2D0DDD68AA355B6B0D81860502B8B68C801F5C697E9AD62F4B406244CB975560BAC756AAA577675B07C6D03778C17E7C95CAF1B3ABAB
311
E3E3ADADE3CDB1B1B6B681014470343EBA979F8B90383545727C63E43549D14FD0F927E5F1FDEFD7263058FE02EBCD1BDCBCA053496BD58E69BC44F9F854D4D979AE9ADB908824382AC1D4014E9756EAF9CE85B6B54DB01F02F8EA5908E0D9D5F1B3E72188C3C3AB67879B07C8A0A767B8B831FE5E7EB754DEAE5261460243
311
FFF07858D8EF0D658BDC563A2C5EF5833C13C90B69248C4DD97842B61DFA7F210A2F6108A0F96B62E2D3B3F3DD939EA47E30ABF5AB2B903F4BE5F9B36757CF65021E616DAC6F60A1FB647274B4B05B2E5341B082D43278F67D8DFDA48AFF9A13F22B34C7586C9992BA6E66CABC190E313E7C811AA57304B421A75B289B9D17
311
4CC868C24548823E230B9A5A2DCD2CAFE1F98E61C015CA7E96B083FC59F3ED06EE60F360B3AD6F79787ED278D0A86FAFE00BA9220EAEFE1D5DE1F7855939C3FCC1332426B377F692406E022C010DB437EF009803F0DCFD3B7C94440571D8F2C328F115F47FD324802070BAB43FBA80EFDB92FCA1F7E7CF9FA875CBB327CF9E
311
B08C4DE4815BC4210E2CB7CF1CEDECEDCED5B757490968286899FAF95583BF46F9393CEE6A86D6F618CAAD9BFF0BE22B042412C5CFB50556815CC5BBE33E9F61ECEC26A9BCB8145FD10590078F9C9E953B513FAE1FE387FAC246E14F9E3CE7F5F8194BD6594140876B6B84C5D6799C61A16434201E5237582AFD75C07EEED9
311
863F463284E2E13425A036BD41061259289B6BDC1ED656FC8B8592C9D00701E27CEA749F0D8EF44EAD8C1F80FFF8F8F9D513191F6803384C800097F24069C407CFAE88136B7DCB3D5D4A60B711F19070D83235F77331FD35E715966889038E2E0B346EAB7936C4162043E1A1F144093695443A570144898BC4079CEF191280
311
9A3035A1D3F361235F90FFF1E3E0FB93C7E2750719F88E7D8E68123883ADB5B18185AE99F1D11C1238A792DC4BEDE8EC6FF503DF377E0445F68FAF4E08D43082D02170F30131A154206CC559A8D9CFDD762B31273E4947A581E0D9BB71E33FFA07CD02CE2A6BE1EC80167497F2A81CFA3F7EFE58D0CF5D5D170DE4F89070B0
311
BC4040CC17BEAC6B0586C3D3FF0309BC06F44B04A1E13729929B4DF73C44070692C810B08AC3012E8EE9EAE22067796288C193B2139B970B86F47FAD0F98382B1E035D9C32FD318A4FAFCB274F2E1FA772F94411B0CD42493C23393A685B5FEF3E1ACF554AF5F3552A478383374E6B2FDDFC4F6DFE38F4F4ED7A7FE838F488
311
EA852482F412D3CB07E293D02C9F074F12E84C5AAC423271450572A385449844706475FD38DC3C22486A0639E5F1E38B0CFE93CB4B25910EF309A2224BD8DAD40C682C28341AD69047E8539A6AFC14EC573F7FAD10AE0FE6EB13E87B28E093B513B5803514DE408809BC12A14876DE0A25F643009E9176D9F0C330164285A7
311
444DC8CAF0E9FE41429EE0A2F6A6DE91C0856C501272404A8468822E24C807030B1D33D40D4AFBDBABB411D093D88C86D7205E05FC57EDD1F805FA4CED5920F0CED39157E007CE21757C5DE440ECBCB46CD283E378029B43FB077B4F47E60E9F61E8D01BE017D7E843EB49F50A2028F1E442FCC90C9EE308E4C0C2C94EAE30
311
B75FAD3A0EAFA57FE9EF960F14BE15638840EAF3BA490BB6850EDB38EECAFD21A0C746D0C4234DBD035EFC7EDD121FA585FAB73DB89FE6A03CF833AB0730E5E2F1A36CE3F202A128934B44E396961121E1F2C9F32BFCC0C140CFE22C1CA8E109B182919696BFB98120234F61B59F7BF46EC30CF067B21A33B0FB3E402448EE
311
266CCD93135A8E823DB31F85E677434E608F53F8100BC0098EA2FD6BC01770E0F2F2D1E5452A711C4BB8486248FAD756D852026B6DC90A2AA5C6B69E9068B8F27AFABFFEE8AB36F1D23985D5960014FD711940800B560250D2272CC54FF1D3A660B275AC3881E349689C1616E1E9044129D032313509DE4700BC867C71F128
311
C400159407C761022BA8A040F40A244788808C60B3AD67A17576279F6F946923191921B0545FC2F12AC0EFEFBD7262B6935679FC7F80629160ABFAEC88E8430E76D82A8DE62ACE50BD4A42FBF03B387B37FD321B37E31C3F063D99703F5160E6C9E5A300CF32A91E0A085A29C0FC507F6C21012303C6104B82C1F1E156DB32
311
29D1A855A32A8352C9077AF733A0AFE0FB3EF81FDF2F0F82C21B0EB06998866878B103305E31EC17F4FD43831E570A2118D1667632D4FFFFB125782F96168A833DBE78C3F11F8383A79D49F58F1E3DBC780417AE6581381E8610604888E2913E12492881274822C221AD04CB0B1D273B8542837460898C686864FF6F801E82
311
69F40AD0481DFAF5E6E9C1F3BE391C325004DF0746A4E4448F7B52C0D5EAD39EC46896B888C4210D68E99DFA2820DF7FF850EC407EB55C3EBC5028611409BFCB8889C90F1C52355AEF98B18100094C9D0EF6F64FD47E5CBF3FF5293DDFB4B50DDD54F351446FA1F14580DC3902C085F593CB24ACC917B213BBC11B3F0A6104
311
2FD8B24F4FB9C4556D0CB9E1A880DE89934CE9607F18F81FDD950DD0E1D143F41D56110E227C250621FF098838042BC85B5B6BCBCBC31DD37B34966E9FFD9936A2FEFEA9EBA4182E5CD3E17AE35501FCE0707E5525A7DBC64DFD077825BE37CE0BBE1BBEC061410C660B6E49912665E2B3749C7C9F93834022F74CDE6CA5EB
311
501D9CBC04B768292C5CCB84478F3CA83074092C6082169015E5800D5839DC6C1B58EFE83ECA513BDE3EFB8EF1242D2D4B3FD55AFE03D42F8492AF8A3F21444FA2FA9ABBF525EAF84C09F0168527B0138A85D1EC0443C467B28BF844EAF76323BE13D7C11F72FED783837B970FEFDE7D7817E077C17EF7E2A1C2C0FE851FE4
311
C008388C15E818958746129E1009D054B67530D6B3D8DA3D59D82D9D57CF70039FF50FFE0DE94089DB269C3655A4F25B38C49D0BD48E59F1526887C18FC5272197F85CA72862A593A4843CD25F920487DDF7AA0441A2C0600D062001F103FCEEA3D8560CEC3EBACB01CAE5A51E420349F602191E5F901893142381351CE170
311
47E764BE50DEAF9E4D8C38B6ECFFACEB141E54A6865A88A60133EE9CBB4C256930B0B168C1C3AB59FE1743FB422C7166082E934AFA5EFA3E4BCE0B69362FA7041818B7FDECE1DDFB4D022007CA23E521F0700AAEB5888BBBF08023E128B4045381542FA256B0D04E28A0C3804E233A1BFB476A2F48FD135BAF9843BEDA3264
311
EB42BA499601F16B566E72C7EA35908ABCB9176BBED43204C696AFD3D7B24B08D3AFA44BE243D88A6D9D0B6562B52F741E1610C0EFBBAF2B0829289A640EC4C8A4FF66A24430786CEBE1E1E61AF9507BFB496EAEB64F8F49B4129EBDEC065EC1F8A3F228A3CD0950883B41BEC6D1944AE06147289600A7726313AC69A3F911
311
97F1438BCB743E76F01F6EF1D1C854071670FFFE43FF1EDED702EE5A14C85D0C42DF90B86068800659AC88981855E3E774A71C0CAC2F76754EE7CC87C808D1E1E0F6CF47FD4224731337BE1E39C5010823EE997B1491BBD99FC8D8EF77482BEB5EB2CF66499A8E0F7511B19B3EFBDACB6507BC78731B1B383D02FFDD7BE8DD
311
9256F7D0BA7B46015941097B80018F700FFA024CC08078F51806100ADBFA163ABA8A3B95B9D2F92AC30BC908ED31FABE0CBEBFFF0279B675868F9AA24E9530B08C174055B7F48E4F58002F3E82F0BDFA003E8B431EB6C4A91E4D9B5FFB791265BA8827BBE5F1BCFA7F789F72F75EC800F8AE43FFAEC42F13009FB905A9A013
311
2015D0068ED7682AC608BA6771038DEDB3B33082891FAB1ABF5614F93238079726B833958796B845B731FCB86316713C1DC581B1E19B424EE32674093F80776F7E27C6FBFAC85C536CD955B96EDA2A3FBF770FF4BE11845470EB3E42D022000E0FE07D161811020742162444668308801E133A4C163BE68F6826A5523071CA
311
78B2FED51F28F8C70FE4190073A3E5D3259D7A288CD19BDE623F10021BAB0C6E327FD507B2741627727EA00D31856492F9F009D7F152D930704E642795C1C1B336E0DEBB7F0FDCB79318543B25341F36802D64A981A690B94259607DE0B19D466BF8C1C5E1CEF9A3FC5C639FD6117B4BAEAB453F8EFBDA500A67E8BAF76C8A
311
06566E36EE1184E8329419161F83D843D5DE7D8221163E145F56921C3EE383978072129E290A9B7166E63D26BAB1FCDBF710009E4051842390031845F20077CD079407C575F20364C4910ED2A574BC357630B0BCD8DE39335EB175646A698458F6A346F003A93002E846FFE0C459B8006E506D79BF902908A0AA05CB5E7353
311
0E33BA1D3C2EF99C712B7C8B41DF4D2A7830BE8707485FCFAEEB85A09AB6D39BBF7B4F23E00509C20DB04E240822A4B810E04D8D53D10D504C059ED86BB8697F514777717A8F8144D48A4C89077F7EDB00E2D89DC02A7B975640A282C49A4AA84B70B12BFED8EA6584860DFB7EE23FCB00C6BAF7332FF259FA3C9346508813
311
E372F1DDE425065BB61FDF8300F7EEDDBE8D0C6EDF46F7D8823478590AE23759D60DA6B7A9F125EDE8F4A5D2B37470D0B63C30DCDE3D3D59A8D1501EB1B0A5377517BDD6E301F995E3F955F0F58FAC2E81CE172A8344AC03DC6781939D2484B8FFC15E8F3ACCD3954CE19576B942D0A029188EC7013FE59AE90B71292DE774
311
F1F63D60230180B30A2EDC65291B6211B4081128856001A680015CE000708254891851D4B3BED0FA4D7166B466BFF1D2A924885AD12B387FC0FCE6819AC3AE06A7AA4B715F0927B74D119D4A668FB54B8A8C268D8B038A207D10A7B1E95E42195B695BE0240F7408B311257C23F581E987C180140C584A02B1670CB817CEC0
311
A080F259F1360E58452013200E3EC107AC1DF4FD7B0F6D23F33347F9527D9F51E6138E31AF35F1BDAAEEEBA3D71BB402E2FB47CECEE96B4DB85536772B07C82A34F3E66D0BCEC207FEB9E70643761276F7B50D5EE963CFF80C7AF4A2130F5BF8C4EBFB5F07B709840480DBD8007FB7EF3F90104908BA457D43AA2A6A02C914
311
22285E5AAC143F3313A0CB74D9D164933B86C25587134E8D342B453FC982860D09FD13ABE72055ED020E85D3E312F74C25CB0293D978A1C4001927C80B86FD06349126EC219F0C735C8053D8F5F310817EA01F1B7851F406144C211C6362C27DD51F1E310C0102280ADB891E9B085CC528A2B1369A46BA195B9A2B351862CE
311
43174BA73FB7CBB430A5798F4C54B7333B96C3224A9863AD02B9FBD8E63092191924E77C199D92887DA594B6DCF0112857162FD0949FE6A441F5E62E42FB2105BC405A2301A3424601DC807912CB2C39C604A27908021CDA30C4C8C2019A883B3A8BD393BB3546136EAF561980FB63E9E035FF73B96D09A905ACB2C11D7957
311
1C5159026227DDBDB81396EB03F14100BEB66DE1FA9EF82C3ECCBE318119C4269FD014E66361FC8BB0B4EA9A98EF3D8848A01360430284335004C183CC25BCA82D2302EB03B8419241C64DF4F5ADAF77B533BE786334BFCBB8DA72BDBEFFC36103AFB30608A0B39B58D93F0BF42180841DD26BDC22CF0A770E90240006BAC6
311
5197D90920131C7B2EB3CFD3C71C6378A305EE8488FC1FF8D391E2BDDB0F6E3F45E7C8207C419800DB410073A3173942CA8D5242642A74496FF115832A6314D9FA4257577BF7FCF8F8E8CEE8DEDE5EBE76DD3CF892BA7FB8B90F629431B5525E92A15A3A4A6FEA3FDD73136172060959206591F4C927196CF645AA285CF301
311
4630121754261C0D31E1A7E3DA2DBDB54B04703BDE3A4209F02045C4BB0F529A14BED07098A2A1CD47513DA64B512F409BC01663090796D787173B5AA141B1B39BB470EEBCF1E30F9D263ACC4D05110797CEF7B923B027F089F74D1D06F0A4D8C0CDA6604023FCA45B76C5CDE0BF3845ECBE13E0C0ED73700A8A753C1AC8AE
311
FFF1B407FC8A20F42F0D94019121DE304077A027D4112283BB8FF0072444D68AAD111D6F591BC0061854BBC048EBBE9E81F6A33A95C21BFD13AF3C7E7DCDFFEB0DE8903F77B41DF178E99C289895B0EA8CD640549D68935BA7C5294E0A1D66DA0CC419BD398E6265789CA1241441AC94532A3C19C95340BEFC68703077EFC1
311
D307B71F3C500859C11494838E902203A2BE90EACC5135B80B078804340C920C2300BCC06F7A1C71B875DC572C9BD1D84BD5FB9363CA6BA7D03E5C40FDFC54FC23C9B4B9DDD028787D89219038523BF64E638BB37CC25335937A00DFD32869C5B390C8C32FF25C8C47A7181B4A599A224A9DADB0E0406FEFF9F183B7448F08
311
1E3C55024FB33828784AB61704482CD0160C04174F9E33BA9291D58C2F1F1B1B3B5863B0D9F3E51C35C253D54A23E560E2C0CB3A6F7A81382601C2079CAE96B7B1560D20A341E85A928A4E01083256420576C2ED477E2E565FD9223BCC691CF394D3D8E281501E0EE5C1C8159E92585D255CF30CC854C75318006EA4A01028
311
EC853F9407C6053910BE105348324002260254886C156260F9189EE0F8C9A3CBAE9D5A992184568A69D5183A7DB97DB089FDC57AEE54F858FE54F577DBA85309640290F2D220952620750C5811FB772A7876D1E4040FBFC6474D51246D8B3FB378283FB514F8AB3C20B8BF7DBE5DE541C9A5D3D38DDB30E00151E02523081B
311
C89C2214103E0BC1B3D0199A08E002681A2613A2616CEDF0F0F9C5DDC75DA395C25C0309C03DEC8091A4AFD3FEB504AAC6633930556DAC86EE3561941E862C4A75DD6B6BB3A0C59BE153DFA73EDFCBC3CE2188D3D378FC976D0EF9A95B7C8532F527CE3CF539581E0FE501291E9139FFB65EFF5DBD8E0C18DE3077170A64E0
311
33FD278F18068028802F156C3809FDEB11B1019C208D020C9BA2870457F0F8E1FDC7EDD393E3B9FC9C4308E9315704233F960E554802C14716B0B45DAB5EAB5E25AB7830EBB8D25E6CA94E4AA01794FB1EE164FE9F040FE82C940A4BCEF913075D087E85A7237D3CF29C47E4E676777779528C4781761F0BFBC1D3A77880E4
311
0C9A2E5109180D5255317890394229F0F082010354082D574F1E3FBAB7D6553C2113DACB97BEB5526C7C6F69F9310A94C46CD89FF8F379AD1AA035FD00FF3F320180F01417A6F255A3A8D86319FE0C0B0E06A0DCD33F79841339C01E5BBE1911AFCFF7C1E0A540BFBDBFCF2372352686D863F83F59CB6865F43104007EE06F
311
52406F680341102048A01BB048823082CBCB0B6AC48C313F3E7CFEF8F2D1FDC3D6F6F9F9D9E98D9D7CAE5EADE2A6512FAD7AB526E17F600C85550DDE9ACFE9D97E694513103BC69F8A2813176032C890C1E9C49FC09C61670FF8705B1D7386260E7C8E7122C7F8208A55139E8C8D4763F7EBF5728DF9C34677364E3A3F9AEF
311
DEC9CD95470788834F9FBEC512379890B38C94205B2557987C4186DF5C0837608DF0F9F3CB87B7EF6E920475752A01460E556919B2B64296FB9FB70DD5F47232A0F77465BF140CD001F00ADCA175090E2665A14E6329B62660E02A1CB50C6025E3DA252A670B3F0FFAA5EAD94A509FE7036B159E0D1D9F2E76B7AE1FD5A606
311
198D3A747AF450023CBDFD162278B9446688111009B4029B0F2180AE20A542D40610C073B47FEFE1416B2B12200F3C991C2F54EC2491027A816B0A34A9D05C6F437AC23462385DADD75642EDDA738AF1600DBE07EE8437804D2D011A94DF71C2085EDD40266A407FFA1D1C00B0C03927E60338E3B9D8C47D1F8CAED578E06F
311
7CFAA4BB63B175FA7C301B747CB377F45192003CB8FD34B12009224543D8604494011A80C1903CE0518C986208E1C5FDDB8FDA161686873BBABABAE74FA637BEA894A44078C19696F326E057D7F95D061A6B0394A9D5F2DCAAFE4C2388D8A6E9AB7695CB0BDD0A332430F1A9333DA41D1FFB97FA09AE84E738C75C407C2604
311
08F8DBD5EDED7DE1570A7BE333C54F16963B46AB0C2B71208EA3D16EF4EEDCD7005241166C005A73C03164792151205C007288AE337B4D7103741BDE7B7AC913350B348B2D767515674EC6F72A0402BBCB41C81305AFCF05F2758D3ECAC8D26AB97606DB9581A4B7A8FFB068CD5C0604E6849046B70C2B60FF0CDDF93C1382
311
2B4E82FA0479A68220E66D9FD775FB3C1A9CDBDB9829B6AF2F77EC9E0678FB20ED8D1B1A1A39D10F9812E20D6281F5673121AACAA9C53424000DAC173F7E18C3052EEE3E78E7F1160F5AAEAFB70E0F7775CFCE4EF384DDEEBEB9C0889D5243BDF557559FEDE5F17AB21E118C4C31A3DF6A96B56AC62180293910ECD6B72104
311
7664BCFCC6B2DD3C65CA0F0C823DFEF84083C7ECCDF05898EEF158F4FEF97EB9C123F1B9D1D1A3D9F9AEC5F5CEDA84A3C96C14A55584D62893D6A54D8D2028D05C8B1F124884543F3223B29D208B04910D3FC43F5C52196AEB5B5F5E58E8E82610F08C21BD443801233C0CE8BD1E40F84A1CA86001990048031ABBAB11EF83
311
F9283EA89F181F2A0D9A9F62D94B7F625FD727E6A93F63F200F614F7CF100D4511C07DB45FC5F0CB4CA359ABE4774631FDAE85E599EA0878A3C33D5AD6430CF4C055EE5FDB80629000D7855DED3F436F3B61B3DC7FFACEFD2B1BC6FB0696312CFA477CE87A87070C7998E04FBA78AE3F915A065E819FCF35B410321D9ABB30
311
8146A11AD5196CDDD7C477A171C8AFC74B45CBC6F641AB53C8D4ADA5870C02379BC0470CF83DB55F073E29CF5CE5F7A3F8FD62EB7AEB1774C2C6780B9523F9287193FD23DDB79FBEA513B45200E2E0C1B51350163AC19043C600F2C1DBF7DEBA7BB9B5457BC0D840CF325EB0BBABBB786D301437000020004944415472B491
311
ABCCEDAFC0591201CAC8EBFACBF367FE7B6E40E69F551BBBE7123E3C00AC560CE20C62436E8C3C54CC225EE08C0D74CE26148877689EDD004FB2BFBFFFBB984035373A7954EC5EE8591FE531348654514DB1D1C56411DFA2A7C212BE5ED91278F2851A432244C6822C29C85A8B320ADCBDFDD63BF71FD32648E7D098CD018B
311
C35D7FE89E250EF2AC75F96C15271602687965C844B8807C6E7729D93F22E81D39ABD62A0820C1FE9F11CFA7208125D33E96FD69E83AF6052DD32D49FF0802CD9F9DFD39260389A950887A647CCC99BAB17132DFB5DED35138FB3A060F6295AA5E195BF0BB56495A5A4A8FA440026E46A047D40ED2520A441C302D240F201F
311
B8F7E0EDDB0E12A04D8816215A0579E8FE1B1281E9F19C9900DE79842E2A7CCD48E9876EB01C75DBA0E0C8D44AB5512947A00BE7CF5DE9E1A6A6BE43CF1A78783DFD5A404E4477336C1ED8B18908B2A847B2AFE9839E891137A6673BBB96FBBA2A4B8E9373B001F08369BA11BE8ABC4302FD2345FD6014A127068427D007BE
311
28B41D9B0D40FFB7EE531FA673C8870A69135B1CEEE8D009C08042A5B4EDA314920B635BF941E7487E45256439DFE9D276295F87E698389CD49FB394FE19720412DEDDC40E9CE9C6DD605E0B719FADC416CB15AB3A61F9B5B9B9426E54F81D8B03DD950946D432B40CEDAB7BB5AF11213CBA73C9BCCCDAFBCF06127C7980FE
311
6D1DC9B4DF14832D6568FEAEEBA76FBF438300B541064ED33F3AC0B0D10505306FD370AED02859234402F6C3FED006766DDED2034D90D119057225EEE3DAF787EBF30EC51ACB4F551678BD6728E1944730C095F13E4D81A4DFFBF67C5BEE37E62A85FCCEC6CC6C7BC77A5B477E22223ECA4FCC0F87E2A5E3EB782BDB25B8CF
311
C6736A044DE5A7CDA604526361D650484FE283B77EFBD65D52C1C73C4F48E7D0D81ACF572F2E2280F98FB230508FA906B42DE240ED651B301CEC83DE1790C9FD96B6CBF986BECF3BD332C18EF627A0B6EECD5B152E02088D03D828AFFAD26B05BF671B4F9A09A8CE0CD2707F67F2A4B3BB75B9ADA331C1305BBAC182FB4A79
311
820B7EEAF73199B8404C0B81231CDCBB871B80FC41FF5860E8E108222A1A076C29E6E03B6F3FBD4F1F295DC457573C7ADED636D6B7B8C88413DDF3B327E1046AA51040B40CB50C7E3F1D2E44DAD34CFA604029BFFBE714DF0C069908027EB275F1F366C132E1A7450B04011CF82B2B647CE754F650FF6E25BF37AAF65B7BDA
311
16CAA791F1D09F6CAB989EC5AB7809BE145FA459E8D3E4B0FB47DAEF093B946FED585B80FE1A0305FD5330FEDB4FDF79FBF6BDE81D8300CF6815E5F9896552412A03F31FCDCC7CB5E32365550CD9365FDCCEC8752E943161D78047336F8AF6539840A1F2E764FDA2970999F205CD2BD1F5CF496571F76EAEFA0E1CF8FD2A55
311
FD06391F9EEF8B9DC9994E72BEBEE1FC928E2F223EBA0FBFBFB4F2DF137BC894B8087643D64ADE6EDED67F7680FAC9060239E845FC94AE93D880F994FBF71FBCF5F66F9F32C292EA900F9C1E6F1105E81C5B5F58A067A448143842008D7275EA3BBA3D2516FDF02FF79260020D6B3C714711F3CFB61BFF56A826E627E82256
311
F7400FB387FEF23C1C1E77FD6A21EBB1B2B35F2F95E7760BE1FA3ABB3A981423477517EEE36FF96F122B942F6FB64D9502BD1B9089162532A2FEFED255028FE653C9F46FA321E0B588B7DE79FBED07C44106CC85133CA65190543004D01D02D8181DDDA5A9C91A7110805B7875B689FC3902200FB192E7DFD936B37B57D9C3
311
38BD49E99E181F4E5FCAB2ABC1CA7AAB382CBC7D515457CFABE6FBC63D525E5CDF74B16378B9AD6774A58531912D232DF01BAA913DFB7D3AAFF912984302B84D0500077800D26C60A4742101DE420C610C2E92FA93056022EFBCFD5BB6B38651470CD33BD87630C05831BA864C85997B8754B05167F0706499DC442FCD2259
311
2AEC2ABF3FF13F950039BF159FA9B36ABDB2778EFF83F70972B83BFD3F4899E64DD8346AA495CB155A7499F2CE39B0AAE755125EB84FD8CF8D8E4F4E9FB4B72E8F1DBCCB98B31BC4607C2CFF21C8145FB48EA0F2159F86A3098415609554DEFA7B27EF1301033DD06D274BAF6821D220DEF96FA4CBB60B3CA241C021D38E1A
311
A76B4406B4767576166766A6C7F77273F5F395291BBA19F64F2E3095C14F3E60371827741CB27E89543857D6D96BF9A47C6A9A26057840332EB843717AAD171880217B71FCCC0355AED3D4819911F79D0EA8AD6DA31A83E36C5DC2D470295C011302387069158F6C9966022367ECF1D00BA9BB95C389AE7B6105A1FB640689
311
033A7FCCFFEDB762189103A61C3A4FEFE0D6A6B5A19EC5755A443AE78BC5E9235B047890A65919A0D2F96AA3C01CEE913BB3ED239C3E0CD8DDAB99E4348BF3F8B977B6C43DEBEFBD7721A839A63B94C06A10DB87FCBFA3C2932F8C26F88B6D6BB30C3C4E09AFE40FAB52EFAA1EC0316920E031A46D65A0FFE45A673432E907
311
FBCF86717AC04F2CD0EF512D665FF53F05BFCDC43489F150890C60A8E0314E70A06F619D30D841189CA15D3417F3CD50191AE4396543F0C42BCFD696C58DF163F5B46D708BD5FDDA5E5E5FDF9401BC4F7E00E8A17520833D1CBFF495B5D1CE037C664123EEE74737268B5D1D3DBFDA6AAD8C08DF2C0BC7A737E10AAB2A7B95
311
8990CEBF556CDBEE823CB09FB344143463C630CFFF585D330CF0320E921744A7918280FEEF981161008E9FBC78C830217A07B7D6985E83F9A79884ABB5AB383B4D7D788F9FB3D867A2112A43F19042B33A108690CF6F472F8661CFAC971478757F6E6F2F7AEB82FEA85E5715941778B278281F28C268AB24BDB470EF3303E0
311
9C359E9DF1CF990D8A096106E6A66C8620DDE7D281DF0B2831F20439A30D68386CE13E002F7EDA8D7806162B205D6A19AA1FABFD6B1B400EC2BFFDD66FDF7E8755B4883C043F43046C1326136680404F1F934EBDDFDD39CB58A98DF1BD7880E0532E671FA1435E9D6EA5E9071000BE8F262E7C4044FD95D5FD526EB40A05A6
311
34775F32205C3D779FDC168CD5E56BF982508BF572BDA4F6F57D3304BE9EB18149461B12F760D7485891CA47CFC44909136FBF4931716A2E100123FC6CCAA6A644F25EDF4AC980B14039009BECE8B798BF69A05DC5B6885CD23F8E13A46FF0C0A986D617F001C52241801E87C2974C31411DA3A5D7B6175472763D637D3E57
311
C33B908F867F4A59CFCA7923375E5F027A983E18BD7BD4E6FDDBB2250C1529F4202EFAAF979DFFB1F2612E87EBEFEC58581EDB9AA95AD1D7C1905F7305BF8182D5BBB524D47C4E3B81CD843220DE1E6536497C0962C225F75A2D6A998303B23FC501F0B3F736EE1FF01200FC8C99F5515207C9C40081DF304C0A17D06E26CC
311
BC5B3C47459308178301FA8057C2C0AE9D99B05F038828B08400F2E3251254DD7EB8BC4853B101F99AB48E387457C96951E5DB670648BAB70A7B04FE93EEC5F5B183F9739C98952C6845C380D401B8FC86E70A20744EC720E09D35955D96A9041720196D183AC2CFE6AEA816652D0234883D788BEC8F5DF2615261DB031C23
311
81092401B48D8D2D870FECEA9C3D99DDB036C8A051058030E32190976718C89F031DFBFF2EEA3D88606A8A19BD0AE305BDFD12BA4FF46F1A0002B07137989C748936E9DB2C91F43B07E4E4D16C3779CF5A4FFE8CC981F07C29E34B7C012AF0054FAEA4A6A3D49D3A16D2B3CF220A029003366663053C89B3FB1827080DEC27
311
80076FBFFD8E39810CB0593CC68B5D9009F2D400418028B0BC6CC74067E7C9CC0C2690FBB084AA5254A12AF63543B35EB40D17B693F7E3464D5094C00AA9E04E0E0524F5C35C5EC6BA94B21AAF2440725E2A9FF94FE7A8F0E769EB83FDEB039B631B18BF396F5C13CF89ACC02C387DA56DC3B1CD84B96CFAAA37B55FE723B6
311
11062258257D331F186AC93D8AD600B4FEF4AD777E4BF68F2168FF08C081A37AC13446C859964803961928476D78F68419390D830C1935B5C2A0A22A3AB17D3D6428BF12DC373B8D464E04C0A496BB3B3B75639DCC2500E0F0B15FB6F47B5A7ED0183A87CAE8D535F2EDBD4B3B7FC762DFE65A07C30B2851DB890082ADC071
311
31EEEFA3DB7DD5CD32C0860CA83CD4B7993A175F422A8149B1C1D94C1145059D9C78A8A572A90B7C8B1E3392FF77A80C50220880FF3669004E90F101740D2B808181455A044904674E7482CC3EC85C4BCE339404C0B0BF6A5611E4F9B8157BAB6DE327EC9BFBA1B4557ECB609C1F45326499EFB90EE78F18227F09E563C9E6
311
3D847EDB3B68EB9C39E95AC4F7ADCF7D87F6752BB6912040281E4A0D8A8314E80D60470999B8A51FB1488A66A9F3F81FFA61C83F4FA6969E472288FADFD61B005E0EA4284822E018911828E868614DA0C36E11F3A051070BF2F0840E35F200E2C0C80A776CC9E7E6841C0503D0EDF15ED9AFE527E798D23BEE5F0604E58DFB
311
7099D739BF0BA5D332EF29F1535995BDBD0DE681C4F71DFE6A7AC5A13554AE6910963E9ABC9A0DB5B202225545F5CFACC942B5B93C207352B6E5310BF349AF200175D7DFDF78F6D683B7C87E087FA9B35812C4F8F13452CED610A2207541E6D659A739441F3833CD0C9C3C3DC2B0712F62333C4FA9327C9CA1124904B4FDE0
311
FE21C119776CB0C212AAFBA5CAF80EB43772ADFE77CD9FA8A4144C54C2FB2304C65F62FC3678E4F6C68F30FEE1BE8383CE7DB86F58B1AE0C51F0F055E188D02F00911DDB0991832228B3172B3E623E513FF1734FF414A611A603163F401BEA790FC9FF7FC3FD3DB02DC00184145B850D01D120424DC03C00FCEB7880EEEE93
311
9399F1F18DBD4AA54C939899304D913CC2D5CFBC55E50C7FBE4C0E14AEEF53D6843DFF56BE2D554637EA047D3C210E2C61077875FB5B40E19F43AB7470CAFE1C0D3ED3B3B4778D1DF6D4F837C08747180FE8394F2CA1E0A46B6DA62CE2B2DABEDE0B1924098580FC16B369730E9E90541D3730D47FDE16EE1FFAD3419CDA05
311
ED1F2715C607F2E81893AFC5936303F40EB776F1D808BDE393A3FA401E1C706E154C892860AD74A2949C409E28A8FB3349C764D13E4D1D3468952B7B1B35001BF41142CAD58D6011C8B78961EACAB66E9AFBC627673B61FFDA4167950A274145BF11EA17BA9AA60815C2C43AE1F648E3772E53C94E6364AF826019E723069A
311
8AA353A3BF7FB5359281700061FF64C28C10B9AF0B70B0B0D30A31CD1CFD22F68C76DA1E44558869257892363C091D313EFA46B57C3BEB252E9C6BF5B4799EC58F1910F469E25AA17B343799DB3E33CF410061F96C6D63FA91B1000CEBB7D2971BDD39A2A76361E000F5DBC1688D47CB812DD60F8001AF25B328D173A9E4BA
311
C18CE9F1F628704330741B2649B92E9714447C68559C6CD2F681919367E4811100750058809D0230C087A89FF3C80C23C4C60882E481F48D531764BABD5CCECA308DE2F63D3BB50373D630796126803C2D1FBAC148F7592881B395ED7D26B7DD38D7096AF98841CB37592561D9C6565317AFBE9FC4AF7371E060736C7635E0
311
CBA1809FC80F544DBAA1F2F9393D970D44C0615A0C6930E758B9E63AE690F73045F0C8C0731DE9CD80F718E94652383458799E02C06D328010011C7090D8C5E5336A83D4059953877EA1E1D66FBE994F04608C4C991917230FB61F9AEE183A40AB9108D032449FD1A7283DD25ED15360EF7EA9303EDDC0043403531EDEAB10
311
DFF87F5E2FD56DF0F1B701A9F614DB17FA0E0EDF6FD0B1622A81FA3D1DE5A33F551930335C353A87F9AB05C60455193448246944A232C5D07636D864CDD7A50D0B4440CDCC465D1C418321F50E1648D500294065D869559EF3C40C8FCC6C323E989AD0F0C73142480B200842802C061008B480A9954AF282052B3AF67350FD
311
0DD30D1F4075AC303A5D490250F5400ACF479656861E4C77AFF327F3EBECA4B57B6B6C8FF62602BF150744656A87DABD7BC6BED50527B2120C001A0B3718C74F0C65CD34F275164D7968148DDF259AB8AD6CA81CDA4E8819509B996A7F642D987A401A2B04018C01E6C169A8700F9DE3B489DB2BC49C9B7B858A4F50D22AE1
311
5428FCA4A1EDB20C83492690CFE361CC7F8C8066FFD0D77AEE797977F468A36E0B0DFC87F90EE6348BC748F7CB73B5B9DD5C6EE7AB19ADBF6DF359F1DC2A0F9E44F213F8041F64274C0859A2AB7C37440FEDDD2F95BE44065F22067E3EA0CC3BD8C0D8194EAB291CCEE20B9CD8E02950AD806080047A279F19024C837C8488
311
16719AC4A34DF8F0706CED904E8185753A458A27E4C1E37B5F30A104932BE140E0BF4E400160F320B054A8705042FFC47B4940810173F9C9E97240C7FCC3F3813EA239B745DE9F1B1F3FC2F9330374DBD1A7B475923F9A2ED81716D18D1B577DAAB9D1A0458655AD3CA7E211867AE7C702DCACCD291E0F798013DC01BC3260
311
87775C0833E04EA3778FBCB8DA4687A0255CA0AD210C15661E4E92001A4449031D1DD27D327334BE830B64DAD90CBF537A45FBD4E94A7A88888E715B7E74FCD040E818BDC1BF5AC609CCCC015DED23877080FCDC47BD8EF3A7B783A17D33F3ADEB6D6BC7AD75EA7C7852C5B6FDADA6AFEFC2D181C03F8C40DD8A4AB5024F0B
311
72E34B57BC1182472DC80946789AFB711DB7F1193C03C893B0345F420246114D3EA71D04FBA731C0DAB0D3CD311B218F0D5A15ECC105D02F3AC32F13600084731A83220040019B03180634B5923D438300B05BAC80881F061095FED5D572A3323ABD83F1D37A2301A8C930AB3F66ADF7CBEFED30BAAD7D78A06DEB6A87F154
311
91F5AB7E25842B6B34BEFC12C8A159F187C64B3CBD2356DE5FBAB98BBE9583F0E3280C0076DA15BF34C15238145742B07080B1EFB83382F9FEF2239D003541041083C5AF9EF3C8944DC2030BC3ADEDDD9D27475800693049E05413BFB3FEB4308731512F13400D06F813368A0101D8D863EB3E75FCCADED124F532AD3F123F
311
131AB46A93DF1ECE7F96CE9EB6C365C6D6A07EEC461FC919FE288AF7AE1A7D012D291EB073735FF26BBB1C99FB706E972192819B7A34BF22424BEA1CC7958AC2E04BFC8E02DB90A4A1DD04811ACDBC181037864672C78F6C0EC3073A40CC49D5E813593B7002763BC6A909D31AC86F3F6E335C9E1C309BC58F16418642E2AF
311
6B290A34FEDC0CFEE08FCA0F56700699CB73B9C99302AA17BD516D7F1FD755A2B32B3FBE7134D3BEC813195BD355020A7DBB541539CD2C06E45F46FC0EE08293E6C0E1972176D9B678340AA1A4823404EF79B1E2347E47C35D0A2260730E0B513025DC0BD1C07E3366E9B9D17F767405FB531070700035618606F0B40C73C9
311
74CFD321B0C174A80C0F3AA54945FFEF348F5488895713E89B5C98DA501E06D8D24FF04FF0CD7ECD7BAA755A854EC6A180AD13BE094E8D5D63BFD6DFA5F5D3E4DB1BA18FD8473DC6E17FFC9832B71A2A94D96E808BB53F9192955D62C82E282B05168AA0927D54AB20A20A74800B7CC9655C8B15F62377CA4C91641F9F4D04
311
78F4FEFDCE273A002CC0A725EC165CE3A149F0333E8E9600B2C05A7D15FD831F0938DBE5D0FF13E3C0F0765965A0961C3FA86DEEB0E28304747BFBA5FCDEE44C23544F7BB7BF7A132DDE34F99E44EC3FEEAE92F667A10F7E90B0E8C6442DF5A5318B0F816311DB2E6DC6F172C363FC800EE09186BB9EC82A24C0117700CD88
311
4AA42023B81EA6E0CF8B3056411110D78606EBC5AD5417B45BCC8E61EA01C4006AC233933E35D860BC1B6CB9C9CCCE7840D2E0C1C1FFC11CCE54D59300F2B47D66A10F09D8E24B71B9BDDF98FB62A3B897C53EC88D16D1FFE8C649B17BB8E760EB20B784F52F992544753F2CBF642CD3C9C70D8722C197142C567E74FB431E
311
E248A8F3FC00377F5142144A82FFC28AC2970A780C85A7EE9146FA4B2981F3C93BCB0F3FBCB6DD3DE69C72B6073B99140DE28B8E919D9D9E7C2F5FA99FC1FFD07E9AC0965CDAEA0A945FADE52C791EA989E8E7A21A355FB37E44405D171B98A6E946DB26AE71DBD01FEF07FD378F5B4B518724481820890E7486E3FCE61A60
311
E096D577701890EE07CA5D7F2B086040749FCEF3F81972E510A86359C9BB579883035887542090614E5C4461705D7CA1CF84DB564838606CF1597E8119790D021080C935A908324EDE9F60A04B7830A33F0670CB08605B8D01BF9A3D435693FAB4FD84EF6754930640C1F9D74B052A7ABBA9F502B39DA3BF6BC7514EA4BEC7
311
1D752BFDC198EDA8DFE8F32B3EF811E4576B0A2074B99B070A069F60173E7427BDF285024E35A4418B7A412914F2800F1965C4F1120A2D5D2C64400563D5942044807BE7C738EBF3034C4A6F4D70C04ED1F97673C039FABC4CFF18866E08200BB66BDC9CCDCC3FFD1E43BEFC52C317F0F5E64900FBFCDA4DEE68768FFF4635
311
0E0EDADB7B34DBBEDE3776BC55599AF84E312229F931E700D04478D66A0D88D09B2276141AF0F8811C5F8067DC04C0F90929F7F1AC9CCD368488AFB965C97B855A3E2E93AE5B4866502E55991B82D4388614F2C36B8484A5FA06E3EFFA984A6AF17D5C2073299D9F12FD63826F67FC460E54030981684E9FBFC22009A30069
311
62285FDF4FC84B699FB5BEF3736C6072F6844C15EDF25883037DE6BB7AFAD6AE164B367812FA8CFCA6FA25725D99AEC5C6EDEEC64ADDA2BE0056002032E1D7A20A54CF444E360D520A5B69816C0A953CE0434A8A898BF18E2B704588C01BDB2133342F5404FEE698957C200EF54E31BE6DF4E888C9C67F5F3F1B41F922777E
311
7FA6332677C20098C59F762F5DFE4A23F9801A3BB6F8A4F66E0D40EC867E92DEFCE84C714FC7CE8DD3DD3BDBF9C781B1C3B549FAD2C89D711808CAB100E09700BB85240374A7209212F320CA577222A7020E7824500179FC7096C714884BDFD9499E027ABEB3CB0226CD293CAE6E0C41A6788F396606A073E28CBE5CC67D58
311
4D36CA39D37974FE1023253E3FFB007A26F657FFC901D851130DDC2BF54884F20D5D40A0B7E5C7BCC7CC87B84F2ED820192CCE1AABA1FF24ADBE1D03635B5B3B53D4A5F84120125FADC36A0E792D3AD7E255792CD5241A4C84171F1104090017DA493D0A7790A7BDE6DF326180398E4B0DEADA5C2763825E43E05C388E1846
311
78C88CE6422606C017F030366981353DF03A753DBF6370879F79889DD0BF75408724DB53C5B0063AB6568D02DC47AE4627B58D7E367A6000267E7840C23A0940B992DB98ED1C4731B4FB4DCFB6D3EAFB6CAC7646F0335C5031888CD74E2103380260AD47176D703960230370FBBF28813524C17FFFBD6288BB28E4F905ADB4
311
A788B40B4A6201C1878BED224DE9906C4C79EF32EE679B9F5D3B5DFA137327320643909A823F62106CB8F9BFE4BFEAFF0FC7A6393EC7F64A698EFF8ACE31BA05ECE6DAB6DF124118D1D13F892F3D3530602E3F3ED3D59DFB821ECFA3D9AE85B1ADAB9E328DE738BF55D5DFD039445AE76D0194180F57B15BEE5F09C07F952F
311
9A10372BC894CF7DA12CF6507E2A8916E0DF430C519485C55D61EFE209912D8C32866214E121611E22A0B1238DB18E86636A3BFAFD5B4EE02FF1E505F902BDF424D0516907BFC95EF3A76B6B3872769D67E25B548F0DA46E2B93DFDFD5F2B9E9EEE1EE1DCC7FBE6380DFBF38A165CAC73DF912AD76A4690D2B766A3EB4AFA2
311
D05BE543EA20B095FB17AE3F1928D84482049B659E671A4763CFA567C08824913D37F2F92F841FC244085C1681225C04AD6DE1684831682CE0D6096B56101C0D4FB3A1BD3F11FC1105AECF5660BD3FEEDF162B0D9DEC6DB55AF27FC98050BDDEDFF63ED14B01336053A19DE9AEF5F5D9E9D9F9E19ECDADCD497BCC57681922
311
F327EB41FF681E17C1921B04FBAE371AC69E53F98183E91B84897A5DB164158BD1D12FF6F6BEF0E02847727BF2628F9FD48B6FB11DF6928C868B29590A0606F92140D0C08850DAA7DD8A5FE8A50389F61288AEB743E9C801BB67DBE0A7F64F63BC87770FDF57AA73FE1F5A84F8DD3AADDFC32087FBC0A7D645C327B97D65E7
311
A8BBA76DFD9BCEE1B1CDE3F5F7CE4E6DF4013ECD7CB60BD1239E8A4E9A5722AD9C4FAC8F7FF17B214AF8801950430639A08E3ABD05A0D94E253BD5951C885B0CE750309070555FF21F2EF83FF53F4E15038B8D8A244740A5C9CBC120043DA0B323FB1DA0A4EDA268C05A304619505000BE10415DE898809DB6B66896E60AE3
311
47ED3D6DC707CB7D5B5BC374A158EDC343D0EA61C217D4878CBBDC1D85686782C3CF4272E7DCFB5E9EF628F5A95AC1AC0C6848F5771329EF8DF2BB79EFEDEC8DBEC72EB7F245287FD4B31008AB38EA4D52F2BF57167159E3004CD8950E217DDD6F699FC763E9D1A0AECC701F7BD4430A3E030374066938F883C01DE40E7DAF
311
D609345E33570F4CE6BE467FBD7F793B5AF2A9D331D86DBA7BF98067918F9FCDD609A0384B523F4413B574B818C6889FAEFC5E7B8F90CEFD62BC2C85B2478D54DD076635BE434FCADE68B3ECF1C8708E27863DBEC352D87BCC7A92A8E135700CDE65BC114026DE5DB68275E656D2C0D4087293D43BB4C9C14EA83C0D806783
311
B40DD7CD4F19EE9F33801F55A3F1FD600017A6CD5DE607783D5F74E34680E7DAB98D99F6E5B5ABC7F7DF19D8278322F6A97FDB2FADE1539BD945DDF868EE2B8B70D9EDAA45D1BB0A5801198CF1DA891540474745BF0317F8A3703E02510AE94B084221F887FE950272D62D4232781054A87C58D015CD45EBF9B70E60820A20
311
56E9D4D619E8494BBFA68B61EBDD8CF52CCBA124BACD4A4077E8420A7F36FCDAF661E577B792A7E1B7E337C7CF1FDEBB3B49F501F3C7366C1730E793F51FA20A9C3D2E9F18E63DC277449054CEADA36DA0807467D45F8A744E1BDED725A033868703F1392BBE221158220588F30574A0B0893D0515B0B7C404AD0E7F40C11D
311
504C49BD7DA39A85A19CD7357DFC966E5D92272FF06D59CA5A6A1C8AE30E52F1247C1F1D78F81887F9F3E387075B170F9F5EEE4A7F5BFC69DF02FD8795FCFFAB472E7C88D563DA514861B85BD41594A75F5E866BE69471110A9F75C8609C7E6BF6C7C727431EE3E9E3773D2378C25226E82C08104A57ED273FE0921D6990E0
311
2B006BD038263BA360355E8DC446A380F0BA35FA9945A80CF60DFD54054202F91897C241C147D59F8E0FC67CD0F2BF377A3463F8BBBABCFBD6833C57E214AC3F5AE9C2FDE88852968F20337972C7E04EE5658223008AE82D93BC37D8DDD900BD6B16EF221F0D4149045D740A8A215D4FC186C658E01994B8CCD31746582870
311
4BB630DA2243B3B4ADD3EA554A97408454148C04A1A0CAAC2E04033C04073851F54380E0BF2DFFA43FAD3D6B574F2E1E5EF6E5F4FEFBD1CA87C161FCBCF5C7AAE2F726F814027BAE10F79BC3D765D61D1803952210A9AA07F8C6BB2105B61145B324F96014EF223D4A9261080239F03FF6F4DD4975C183B887E081F7A467A2
311
5EAA0C94028FEB808637768B07400A8235D4EF33143253198900E079E3FACB0C59B00F827A5785A6FFE2FCF0C0E6F1714F11CDE5140D931D707950631F3DE877F300002000494441540ADFB08704E252AADE1BD4E8DF55796A32B9B6F17737C67702E5C638682737286CB0E0A89B624D5BF28222432848C9AB8C07170C97B8
311
14FF492A61072407D638006F7C8400860444C01B1930A522788045633DFA9507267A3A42BA05925BAD705CDD3792FA23C1075C6EE768A673919EB6C3FCFE7629B7310AA794CC9C0D14A1FB88F95C845BF22543F57996E0B26C9E4C2ADF187F979F8A55F11B47BC26594C52588518D25E6C2B1CCED231EA1B748F093E5726A2
311
1A54C91EF95789041030C20FD5AD68613432E19A4D0DA2505B6BD843516E10BB00AF9AC315EE9FDB39CC1F9EA59CD88F9CD071D470C86C4647FDEDDBB1CDAB81DA94034747A779F4CED497CFF817348F69F52E55490840E48840BA72DB71F3E84F6DA2F4717AA928F153DA6E4C7E8E00363CEC9A2E1C8E65F298FC4A52F087
311
FCDEE5CBA38A80CBE11FF7BC2AFF249203FFAB77A128A001B1987BD334AD9B901890A8C2005B6B248196AD09C0025ED841325B31845032E327C531C839E66DBAB39566B631C2FF0A1DA5A3CC47E665AD8751B47CFE33899DF047C9F3C365E3B11278D49DF939298E09002F6430F9958803309827A7C791048CA070061B7E9A
311
64C557D235F83EE24822E5EAB805F9862F20FC58F483DC0EF02181F572930205107E00E523861895A2811309808F2B6C14B2AA579E893753C155D2F54302007E9FF36AC5FEDBCAD47E182D91A73920CFA5C18E01F8FFF4C3F1FF553BCAD0E58DEF85DD63B91BE38ECE1A9FFC4AD4A1FBA30D462C328C5A0340DFD393D3D3D3
311
C0659195C96990F391EFF4175213BC74C020922D4830FE215E76940962BC0713A3B82784C0CB6623DC40D6E1485BAD454F6892200B225096127FBD82D2B12006BAE2E329C771E25FEBC0DAB3B5395289D56D7A8A89081B34EE06F80F819EFE75C67DEEE95D227E283FE98A7B9F1C97D2D05B4D07A469153C3DA3048EA68FA6
311
67A6D90E291C7D7E2D063E4D044964D055F2DBF3E31BB851AE9F78A0A7314F0AD24901F581D74A6929142039C65AF5830D1C809536CDC05E4BA51038F79D713DA930CF18BA3010E385351CF47F74D439BCBC793556A1F99814926AF12835E251C59BEA3C083EC2B2760FEBDF4304C9EB87B35769E1EB24B648542CFA4EBA9E
311
F93CD42F03C08F249A2C98897D8E2225E90077823F4A52171A61219998CED6FA050992B6B0A74A2220ED12123004FB977084208F8E2AFC80F456CB110BCA647A3A0F854085D84FE0052BE31FFE7F925610BAFEC06FC33F9931BF063F39DB3D1BB20EE357F594045F4226131578582CB055A59A073AE0413989D215019B6EB8
311
A21CF154D71164E0D8F4E730C2CD382D098DA5261456A425643686BC8301710F2C50665881399156AA2B4C3191BC555728384800CE10040F746A3D8A80A5F0E500A93456FEC52833BBB45203DACCA37FE1D3EE4B9BF0EC27ED47D89B8266F11EA2DB8B5A8BB93EAEDF0C06B7AD0402B9EAC6E787365535AF19F15158308A9D
311
9785C1BC1C01377F8C6B4D07B50DAD25649764A91DC9812C7B34CA98184084F7C01055466B48058CD44085AF26648520C85C41C67805462D8425680425559F4440F3ABBE1F3F81B1EC72708767DDC8FFB6465796C8FE310FEABE0C9B242A74137EC3E0427091967023299BE5D6D4D0C6D15747DC2AEA4ECC57C72856E827D3
311
3CBD319D70FF854369EB841282F84B7CA4881447ACFCB257E252E00FBB3272120A75B99119840858486615636E0E0334031AAA8C08A62E080053A0AAA4158431EC727A084021D41CF5D630C94184F6FE7432E8F5F9A4FCDF3EA7CF136FC2988093F98ED622E38E4976E1BF0CF49D2889E6DF3566719FE1F9B47A2D3BF89C69
311
155DCF24F88C609EE551160F0415900B4C48FB013D8900A9192A700748002924771A3686A0A580FE4009E00ACC090253E280B90AC15048E047020483A038A60ED232831F2CC90498648690D960C48E439F18F4DDBEB0B6F5AC7B7B89F6230243B4FA160A7B9327F3AD5D937C8BFFE5FF8B3A5E64283BEF8EAB9F71159514CF
311
ED62DBC880614AA1F7994CCFAE7D8C87057F451733699B8DF87056E1F0654B5021E38097E4E23221B810DE20559AD183A61C2C88A648DB096081E9801CA00BC1DA0124E08DAAC15FD2936905CA8DA1C40E42B13F1764E0C4015EAD7F8BFEC99A310B1B7C0BCC7746D3C0702759C89EAD57122092122D1F857067684A578F1D
311
AB7EAC400841F493A468113282FFE42316CC74C756B1C880FE78795C692813CF4644480EE9B02991BCA257A71861F00666D9410288487618D120D0E80D7773E2B7DD180E100EC98B221C94BFC4FF531A09B986230F1CD08378A8E4D0FDD7D9B1BC75F5C12EAD7FF83F3ED19EB018620303C217A6A35D826E72ABF2D8E2BB1B
311
783F6E48D2E3F360806E1D192085D022103473A10375B63853EC54F500B5B064DBC20945B88160DCF7E4F83A0200BF6FAEAC88E9F54D22D898E43F378D20B51B5D6B1457000922202800DD401A9266483029C0D6D57ED80D42A0E6E08835F0F3AC73D7FAE6D56185F04FC44472B854EB7D9CBF7134DF3DDC35A9F6B38417DD
311
6F508B37C1A718B0D054124176F7222F62DFB327F34D451799D56216880193254FF782D7DDE26C271BF38C6E422E271CE4AB8823C9510F021126A7A944E00DB4031D013C88EA0746C96D4574069BD5439C4110403B40020C30B07A604F1E41D19C21A93FD9002DFC35F23B1E7B98E95E38387E3603FE7393680410D702FF9E
311
D5A3C5E5CE68B5827D721FA78F3A9A0C08A79722D9C9B418F46C0057BB1640C70AA4A03D29CECF33987596D53CFB27B32C3BE304C540E14BF8464E080918268D254838C91A01F0FFB99154FD8A9C0495EAA6534A6C464440B4A71E16100E7405088122A35F7A511DC003D002E6C8E7E15F6D1D2FD09014139EC11FDC893946
311
21F77B9F88EB5A583C41E2FEDBC8F82334494C0BFA97FF3C3A34ADE60385B60E5A30CF036E5E75370BE3B83AE73B3B7DC0BB337DA0045299ED0C66681E4AE223D01B1BC3BD4C921E2005FEB5114739040758189BA8A320067B62A3995E4720055065AC2B4A8006BF8CFCC907C0063EACE41813C5F017065AD46CFDC6FF1BFE
311
E052932CA3478C8E5A6F25DC8503D40F61FC1B047E4DFFE8E84407C81F1AC7B5C79DA358551CD0D13785A9AEB38D6EB68A0A8087FC6543E7471082873CDCE5CBEA1EFC5CC0579469E225428E9A43D6A6000B4219DE52E8DF00A55F4BF5035960661C2DB88AC1F67C2890A93FC420193C8326409E7B595FBBBA9AE1D1511B3F
311
6D65B09AC10A71C2317201A603E88C56CC68C91279E83F5C147787EFE6C675F00941D23EF092920330982DF38C65EDFCA89DA98E8ADDECCD77CB86D85118F3DD9884820B1128010D02F1060F582871CC8FF42024C02239273A1CC3BF71E770DFB7E96081682803188118B50310BD620234F230B12711B063E0F0490FCDA924
311
8B580D3D3DE944A30CFCF2A1E0F6E59E8FBEA289CCCC943785BB8880ADA9C2FD70F6A13F5418444E3A669273C006C4B4EEEC067827539FFBEA9CFF04D84E7F170480037005AAC8829084329899F90B5E013927F8E646514B4824B01D11F72C012CEACD163B6358A4454A4221D06E68A71062520649BF9E9127D0772D6E5EAD
311
ED52FF216BC2FC513C7D3C5CC4C8AF009811826AE20203B076A2AA66D8D32E317DEE0EFC000FCE16D9E0BEB17C74AB009256C5D8AD1CBABBDA61402612C675FBD72D07E633B1A42F2421208CE01397560811204306617A5141706105C9F4984C459F2D0F6C392FA05BED808512B0B9A8A9FC6CED89640EA347D31F0DF76D3D
311
9E61E800FE9F7601BE4C9614A1C58E6C839F13A12D0EB426DE6386B82369A9E6A7F1F9146EB578A2EF4289AA109B4F6CEFEC0463E0072A05CC9DEDEDFE08407B173B8AA65399C80B2911252E6290C82CC1B8909140C11B7AE161B42B93905045D017E00CED6D27AAA15F2C2179F1E83D411A7020B9408D202381E7E5DEE5A9
311
E7E5CDE3B186433F488AC81554BEC09BC579018ADD1DCB3D9D70F02B14BF9159A4DA376225FE43DA224FED327941705DA582B2FD1BB5DC0540667B650BECDD1D5DDFB0C7F36DEE2B94F6EE2EE4E426F20A1174C31DF153321A24114C4FFF25E505475F6906D4149B21F1BD9D9DF7B059F8E0FD83323CB97991FE80EE131A90
311
03B81C491B218B1D42C0C0D593D9D548003839DC29A740298B0C23F0CE14BB167BD61989AEF0B985C8FAC8F923A73F31953989F0F6C96CA6C4D0A9A88184BEDBBBDA3BBADE77CD8E2FFEDEEF46184A86671D7DDC51417477BE9F04804F305AC82C2D018A21EA903866A0F959FBD4139916D036635EE03DDB7408BCF0627A03
311
027AD314C09B0A27F0A79490D53839D0DAF1416995CAB24101FA63F75029D57A4CBBA9FB4D120ADB17FB5A999FC9420DFE04FA670430B90FE7F589F7FE8D50A4B5F004CE5F07EB4EA007F8AEAE8E8EF7DB3BE2F81F42166C7246FA9E62D02C8209BA1024414C483498B50229FD923F2414040B2081390AAC353B5283EADA12
311
A30B1080866D746B9ABF5BC107F33C2A015B275480759334B83AB02175EFD0DEC785DFC505E0064F4EBA5A97073A74C5C9FEC97BD25D819E28AEE661FD2732B8BBFB1BF13441B3C1F45E8AC1752BBF80C113DE960E0AC7D9D02C58C80505A19BA0E84B14402601A590A4AE00A825E98C3212342302EE10FC5100681F86834A
311
2804BC409D70270A2091DCE874B16BE0706C974EB3D26EFEDFFCA6C4579AA4DB781708469F055532A7046C6BEB0CF39F3ED2EC4FBCA3D00EA91CA68FD2B87B5C191E0EB2C300F00A1C9881F263571C6CFD83D079D09F176FAD839340CF030F70458F81F09AEE1329505150CA0A00576B56C06D58070B23086F685E44232D9D
311
53DE3FC3731044F286D19F459351863F749F1104198D6E14BBC68E17CAE70D7AFD958E350BEBBC70C9C4DFBA075240DA27D40AD7DB063A097DD3F041EDB3E4B682A7A12A548F3393DB01945547175879989302521EEB1431B08759B632B174E0F700E774FCA1BB83F95029ED1A084288C8893520E49415E00DA080AE8027C3
311
4206D35491D050A4C6B080F6A20889A2FF82379AB6234F6710C05F9080ADF002B9C9F9C583AB220F45D618D7E7F7547FB27CED8A8B7A7D24EDA4988B0C1C2A1AFB53FDC61BF3DE50D63C560F0120B0372F0839DDDAF13E583B868717C1CB8CC71D1D7F440CC82184803144196EFD58BBE00B7EE77DE8C015942357FB06FC90
311
6A5E2B8882CCF9FFE184B0035A5CF186A962A63F84B3AAEE3D5A2C830008807568B6A9F424086D2095A3E262DBF124350082C4B5DF4704A9D2C93553DE47BD6766B69349610716999FA25854F759CA9792599D3837ACF6247CE8597B0F960FA3EC45B61715050260C5844FCCFEC9666BC71F875B17E3BCB4CB151405D7D08F
311
846B4CB952248B4603CC402B609E90F0044A007FA800EC46D07A51232B00E5683C55D5096E1374DA4FCBBDE2C25A5B8D26008227CA7758033D7D70DF12CAF7F247939F93F1CC63047D63ADA0B7CC8771B234D8095FCDB577B586D1834062035670E204B245EC093FCBE15626C10D210CB38A13F50E10A0D5C0814B0C4B30AA
311
9858516001669002229618F100767AA3D6D2528595FE7A398C2D2300ED0013A0AE60B91644A057327BD3C36BEBF48C91279B45F8BD145494674AFB211A91977CB838DF35DCB3D6D6AA2FB2784B591ED785DFD7DB77747DAC9D2F7674810EFC2895F9ED8007EC7885101679C06F21E4B1C8A6120956F80518D1DAF1717BEBFB
311
5803E20C6F2A11B2E48AFF4AD2810A70054623E341B3D1ACD92DA91150DE631EEB2C28882D092049C0DD38E262A7BD6F98549930C9D44B7C37028AEA9F8C5628A2BEF5704C0DCB2B428181B1BE766F43014498D2E57791E4C8DA6BD2ABF5003F0C40202E2E32EDFB02852D16C30B7F646B98FDF86C7891690043128B0A0DE6
311
B4EA27F08C30CA34C9D0AA0852A5997F8D11A6EE84E040B20472020256F4AFEBBB74E6705A12083B249089218E6452C8E5A69717E904A3F5EF3D5D08EC1F4D4E85086B238CFFC11AB9AE972CB775616C6D1DE04DDF073B4DE3747C41FBAE6072901CAD0237100670C5A00C2C3CE063610ED824826C1F6650700E88C00B6246
311
8903A0D71D3A390255AD7040048348C56C4647413C2C2561216E0C469203EF06A5B101AD40D0E207F78B124747DB5B4BBB4E88B1C373C114E0470B345156EDDBCE1B4DBDF81DBC400746B0B54E05F693707B89A5E430982C2AC7D10DFF11D5B102B9505034B35D07E8E5F585757F088B390F2D4C85CF7218E8418BB4F25B88
311
5053D07D5A908326809F31D6CC6B77CC948413B28664484439D118DBAC27DB5AC40C1AD166F25E6A2F0AE82100C0BF220405323E1FF80DFC518CACA8DE1003F3C9FAE9C7B2D60703A0004F8EAEAD2DE0F5485452D15B77B4B67F4C2403B8D8F9C533558ADE058A9E177A1698F75DC0EB4C800F74C0270178C8579C1FACD025
311
F0560844502D2BBC01E620030CB93636C1041636A693949CD80139FD15BE107F905590A292840F8860706D07E2970A2F15E5B13B87C3143CB2930374CC46A6F9B9D7A5CCCC14E11B9E879A49FBE27ADBD6DA82410FBB94FAA8487D61B51F4BE0A03FD08743C31020D6628ED20305A22C2C2FAFA7ED1E7881C438AA5B9035F2
311
0759E243C51F34D0D5F02F11403B9E204CC1686C0B6C9000470561519CBE1B0E4FBEAB37A39EE4B84C05F023858779341991F36D9D9F351E7BB3B5ADF00148D9D05784F9AD8B037D48C01BFA83D4247F03BB768BEEF973A14E610090D4B96B1EEC5C5E66928F28EBEB6CF578B067DD83086081579848E60DFC7684044D8174
311
993C39F886043481F6A2B743B18749E52447CD4D230513032D20D20206E536E15BCF7B7D211634F98FF9986287F33F9A94615A5A0A7CACF8DF5DCC1AC6EF9AF1945EB78E0A2FED1DA2ACC00EF983F9A012260BD722EF61C9DBCDD8719703ECF839029010CA0B9F100B1D2842153E01A1A3837AB579516A31982FD2908A0910
311
0DAE591016CBCD4B011A2F4DE299E1338CE065DC4841BF9895D8C81714800CD08F5AD39601BC929B55D291F6CDCEF2AB40DD5D98F4E6F107C47AEE4A09A079C05316F479DAF4C2BAB83221BCC0CE23FE3D3D4C7BC9AB673D89A3677D6020F6E182332028012FA0FBE0B2668FB85485902A8E7FA0BA2105C213E20BC2169211
311
A4BABA7D693C3F1DA961F203694853137073AD5CD25F1C017DE0477626D7BA55B88F83B5EE513C41D814639FD1BF759171F4577D3CAB0C3DFF68B2D3B1F8478C18F67BEBB2598FA76A4545E9E961BACF657E0791D2373030E0EC9FAEDD17BEA7703A738185D08236C407448A4CB504CBF01FF43859D3115488EA01B5507800
311
0DF085911805790DE1B41B6F8CB2889C3834FE02AFE07D85143C6C008438A944EA63E047023A7EF37E13B0903AFEA7BBAB9579330FAFDAACD540022980B65A75FBA17D388F1E6576405CCE7032D95BDA420E7DC0EFA320879E5F8B3B04C1D2D9C1114210C19FCC49DC6A855E12010184DB8968109ED016E4683CD552A36B3A
311
FA13BFC2114068935A7E774CD2C7225642B73325938052D8634ABC18DC9442BF9E0402E85B42F9F3273672DA8E8F1070405D1DC3248487574CD98092B8B956E6AFE1566530B78FAE05B4A0DE51FBAF85DD075C7E11939F80E015A58D1F87E400CFFD2306C4D1D3C634380A201545A92BE01F445800BE12302AB477BD6F6260
311
0D211232EB061448A0D2B877BB940D63D059C37E0569A83DE93E214F4BD86209FF6F479C640AFF8AF6D1BFD987D029A94DB7C329B4184D4BB013BF912FB88FEEF913071A8D82B651BC10DB067A7EC52FE1B421883144C00F64FA23A11CF708BF16CA59F18D4C04B8085964B2D8DA4A855187000BE440BC816FFB13374640B0
311
EB1D0998AF38A1AEF503F14302E2811081FC12EA6CD38A63B33035125F40F170C0B0AA45E9FCA38FC6D688D48563B5C4B4B7C359D3C7AE0EFB16ACD5E2FAA47EF8307044B4EBE1C71E84E742D81431FB06B90B600B9C239E277A57C94C427EE10E7826980C0136600D916A06058CBE8604DB4D314FBC014EDAACD0820F14BF
311
75449B70339490FE5A0491221BF95F949DF1235380E969AABDBE2D32EB4403D3FDF17F42F9A0A7C28ED75BE86BDB7C7EC80C76F86B8800F77B305EB88F00A4352E0F8089EF811EA02A3DF08F7DA008F803BE4B4EF5F41E56087099E920708C3D720916444440FDFA013D4E1201414123A09290F5BD7AB729298209C4306D00
311
7BB0829FD4EC3A6D7E4F00B67DF38CA0764F832F0448E58439B952CB4F70DF964AFA74CCFDBABBDF273E2FF4F56D3DBFF2A78D42FFF2755DF307066497F44062AADFC0CC546F6DCCFECECFA232E14F408F05477D311B683A35BC245FCF8A5CD2AF20022C21022266905A5BCC8B20235D6FF04019CC04058AC80023662E25F3
311
42063165956320BE50370F2A657BACC817DDA3DDD3EFE04028645780A768FE38DBA88BF2EF3ADADFC7FEACA952E5A77568ECF0C971DF32BF1D24F8486B22A649EC81B1B60315CBEFC026091CA45F858D7D04C1B437079431E63E38F880758842E780A9E03791C0FAAFE10012588C3C592FE35461A6047802BA18686887023A
311
422A49599399893103942CF6DA53A8E387825FA0678B261F139F801E2B17C901D0F5217E07AC2401A87D0480F753FBED44FE949C93A1D042B879FCE499B3D861AEB23F9C1F372F0C24D0B7D6E70FE1AAF60F84BAE642D82F0A9F53E22783915518494FDBC0AFAE7DA282E5050B703570E06319A015E00D693A6BEFFAE49394
311
1C3B08C13B96BD20D0115A9565701DC58568A3009DA13E965765C03091F0FF339F7309D44F6E61F837F1B1FF920450EB8FC48F9B40158BE89C81A597CFB0DAF5F5755D3886DC13D4479599B583758CBF35663AA234F133F91D3BCCFCE0A794367F385C59B19431780F1C099131384056616E15A1563B50021D369C593FB292
311
685A68A8B2A50A0A2085CF05434617E05FC24A6B077B990014421A68401AC4D65788EE25F737EB780D08A6E38F060F2ABD889E1B889C44852C2FF368C1E3E710D73B6589EA83F7417B341ADA1F639A23D15298F087AD0326410E116C3A1B325218433C71AE62C07C1480F1C045629724A076A4BB8D622D24690486727F5610
311
8D07046DAB065000678E04C4F8C342DE27F4AC102D854F2D08D59B4ED0E4F697B0FF62F113646BC5B7F3131D4EA8BF8B265EA3F2026E7061B96F6DF3D993276B2180B8E57067587428579460551049049B074CF8B1066C7E14C705F0B39298C0997C17F701097023BAC31081390196801FB0C2A12380042927503D5A01CA12
311
7F9841B460310639C674BC8CDF1A320501448E0068905B07F6E5602F8C1F07786253438CEC51AE61FDB25FF71B09893AC026A9EAE3F30F369F5D5EAEA5801FBAD3C98B38C13EE017B054F81A56F05259DBDA64FE270B1FC4C77200FE276FE814B916E222575ED717A62A92956504605268408CFE13FD61F842522283760602
311
06802B9550F00B9D47E6AF1022538A752CF4FFF1F5931384A9FF8700EDD4FFA2B93FCBFABB3EA6C607FF714B0B8B04EBBE83B52B246092AB018C0D0002FC490849F1E214AE6FC42009D6D86616C835B65DB9862EFC4480C14137603C3089D0A5588FA27E693DD184131BA4E88C35045ACEF1CDE1A82323C20B842F24196048
311
21196EE8185BC834AD44F8E9B7549A32900196E9ECBBE20FFB4706861AACADBBFD9B56A23FFD3AB8BFACC18B1B5AC0ECD7B6AE2E2E9CCD2BE8AF1B1BC3A813B94107E82DE67A42E7CC7D4A6116700B5B2EE3C338A09B840F07C40A64800D7C605AC42B72227C4C7020AB1F20056E26F542717F56534261DE3766AC10A6ED2D
311
006DD03BA9DBA507AE0510A8B385C92363B9154167F1230C40D76AF6F3BE0CA08F8BA2FFBBCEFB09D0986550E0F0EAE2F2780CDF850CB0F88CFC2815FE87BD83909F474F45DD47F1C821DB2107A8817FD45384F57891B65F2543D0C1E20A89B4A8DF806862AC27C60F6A054627FD344250718AC0FA21CDC4E28DBF2650D1B3
311
9D8B8A420C348A4F846E2BE824BF8C45E1DB8EEB52F576F47A75FF95F90FCE0FD3A7A08D48D5B9AFBE3EA658E1676FE3372FB57F0AD8D70ED4AEBA3D4C2BE0AAF1C3AD63A6004D12900CFC481A47430C9EACB390038642C8C41B13303166614210592736B8603AD4FAB17189DBB32F3915F0C380795A089A15228460BDE8E5
311
2203527D41B5470901B088D84FF8B3FE2BA7F4FD30ACAB3DE0B7E2FF95807AB0010FFDE3A048F7360F9F3FB9380EE537F16F8673131325D3351A3F664022020811A0FE8C019CA17370725CBFF64132025DA1BE2555102212E80A907FB43ED80A991A8AAC183932C19AE17524B06590B6AD286EB99BAD18FF4BD64BAB519202
311
F992A963648ED30E7521F909F090C0213E367A77D8836BEB6F34D92EDA624183070248351F1A079E5D3E7A9EE81F2CE6678F92E299EE312B6C0572C0A7B5EEE07853612403813152C7125E2022A20C18F855DBAFA399817FC97FB6E1CDCA31D348434ACD0012F0D32A5456B4007E6E92D72B1A4E9971223A42C1042819E404
311
9C0C5801300C0013FA48F8944FBAE71DAFC27F1826FA2304ECDF3F6C10FF47D5C7E49748DDD687DE8E91C09394EE0682A4F84CFD6067EEDF43E67EA46CB2F4070160439245F00343D03BF25D7E2F26FC400A896DBF19FB8D4D0A66DA669C3D608F9CD048A0533621B25690EE19D5D15248E390F042B12C682511B02BFE3E57
311
00E4C9A9B2107A8F45248FA48234FD23005ED1F4EFE80D1320836F04003BF42856D478D1DCA3ABEEE3C68F9F30C3A16E5C238EA5DE3FF37DACC2F8B7980033F47FAC34421EF0418A045394802CE032D61C70023D788136788613887C0011A4EA316E005718AE191F8D0D841B9C679CD2FC478442D005429166F5A24403B1E6
311
ACF3298F388B6D0BA933D92339D48969A5C11F09B4FF017A9900A4F887010C474717E10F36468032FF33F4AD610517777104CD920C3CD15FC5F3B3A0C75BBCA3B00F2724863C10BCD4A0E00736C7981F2F72E4B001438B99714FCFAF713A2603BC710376A1715FC602022202E06FDEBBC680A3DF1C4C095A12C50B554FE762
311
3B50374FB2129DDEA4C392C9188077658C87F55FF92FFA507FF03FC8DFD3F31BDAB46DD51AEB03F7E1B38B8B87CFF47EA1479C3EBAD5C6B382C221C0F1B358B39D76D9D3142C4A20935F541E492E0EF081BA41B3620A8E172B584EA1485632E22A8221CEDAC6110AFA4B6D43E2B76A18AB240BB24337721C9321D2C033B2D3
311
E2641A55A400A28403C12D1DADE39AD23FC5FC08C47A64DC3FF6DFF76B5235124022D7E6D6D5F3CB870F9F31C96FE477FAFE54100068A3A87FA5908A2C08011CF31309C10025B089FEF9C510522B8DC07C30AA469841723A10C08E27F00F7FBC181C083F2809EC3B2B328E294AEAD5A071B3A95C81D2DE3F930372D022C9C7
311
93535B92FDAD5426E90490C3C81D000017C6494441544698C416520C1C40C71FC204B22448FD9303782FBA67089A1A7D4CE38E89050FEF5F1E078A4DCCFADA058032C34C1CBC2E1202B1F8962B1A8024F0EB7A11F209E96FB369D4B64202FE7BA230AD24C46413536EAE955B341B726C593B5D4630C0BE822480908522B0D8
311
5430230352618DCD4F7BA6D568BF4343801480006658EA3EDCBFFA9702B4FDE9022163C43F9B72B58001A23FCE6F0B3FF0E4E1DDFB9801A6FC42FD0132CC1F2224F89933107AD30B6C9131A53818AE944BE25A70810821C38F098411980E46D108F483DC63F49B91B852351604091D60546702F58A3872A1716411B642C762
311
9C267E64E77719F46B0548FD6BFFFC86A38DBFADFCDF700228C124C8664FAA02BFB1F92B09800876FCE4F2D1C3FB4FD0A44E0106A8DB8079751CBF0BD9340066C3D52BC64706467C05B5A54401BE4A1B0132A55EAC1CCCB10D378A3DFEB9812022327745EF2102886A9142C812A1A2C9708027BB55B7006357459F9C2080E0
311
BC34489FC629510F3017B62D5073E2A2C64048A0A42580E413BA9E08274091A398EA80B5BF31C87BF5ECF8F1C5DDFB4F22AAC181F070AAFDDAE5650C4000516440D8806786D874215149E69ABEC43FF0EFC820FEA112B0522003C84BE03FB76623513B6D840820358B084119B0CEC8C00AE888826339A54091F5FCA513AFE1
311
47975BB1A86FC50618D9D74502F0C7C8815AA306602FEE3A5E79E0D7DED1B221001118B73182CD439A092FF801105D1AA14E1918EC282F6260869D55108065988BD67F68E5581720A708051F7C8070F582389C682BE53F2AFD85853F2A013D21564028E06E79B7A71E43212180A81541EBC88F451E02385100491AB0C4A3BC
311
5309A95911E66D04C0B448366988ECD204C2FC930F8CEE8FA410EE4C25B58DD1B6EBAD83F6196670F7DE635282C0A56A851AB035831725F0471A10FE52097089C80495804100318405F0DFC2136004B4C40705EC9154315129205EC357930035688F61AC02188250CFA9A980233925F16A117A48CA54DAB6400221976B75D8
311
63330942E20EE3B00B08FBB71AA813B0E502FD2B023DF70114E0D7DF2E2EEEDE7B789504200112075478F2FBD6897835C91F0C20782401E801A2F9142700B74805703426023A81CC0BE88B537D0003E0C5181D29EB8D83050964DD2580910A1E7A8138F76253DC01DC2F3824391AD748276C0B0CDF12366625D038603D0003
311
E0266CB42704C8CE7FA7F11B4D59C0BF454A78F8FCF1E50513715D469607031272358F04E0003C90107223A581218F10008B10247CD20D860FF0BF48801040B361808148714764028EAC137E871501EFDD97C89B52107FF1235B0928C562530082573CE137840EFEF82A0BDC602736C595912FBEC69E6A3A26903B3A300C5A
311
098A9E3F1810CDFFBA019D97B4E7A7A075850F2E92569BD960CA7B8304995FD006FC4213BB1448A6F4BFBB3A9F9FC4962D0A1369129B10073771FEDA38B1737B663A71C088D8848027FC3008DAC4E4397A6F76271DFFFCF77D6BD7F1F67DA51E0E08875A6BAFBD6BD7AE52CC04A0B4A2206F650EC412841A48258258E8662C
311
3838FBE21E25172C2A15A4F78D82DCF68A005DCF07047C183E1CE47731BBCCB5469D9169E0D588945BEB637E87802A03D88FB82486210D28FB3B858D13DC7CE75F5E6F3B03C1744D30CC58C7C7A256146853A05243060B850072A7010CA47CFBF9A1E24F414037B8781E8E9F219A774B36481CB43E48A79819D638C8760D67
311
2FAC19FB9D3FC5EA9158DBD0159C27860409682E8FF2595652FE189D2CC2D7C023E944158355806FC320087CC74116030CC376C559C098B93A041C5DDA48AF33827D2327DC761D19C17CC62780D82A170E6CE7415A5E7FE825E053048F88D2AC2A561CA4D4C60098DA28EF1A01382772484698F60C8DD24BF396EA76260542
311
810A625978C03580A9CAB91D10249BE579B0377A3DD15749A45F24C4D81FF3D7D7996F6A1690288008C0FF6CC186DA9D5FC95BB09B1301004B016E707FDFED306A1BE8FA208828F00BF342186839839F1F6FA338DC5A0200FF383DE92614C03A4508DA18F4D85F9354F7E867AA77A42FF49BBE6757A1A7454448D0BFC3C220
311
714FE43A3D8F1547BE10F0BC5A05985AC3C28829A06FE24CD062700601F4AF12AF99099B08E7071DC4626A97C920C3FF96E190C9D1FD7CB6163E800D79E5F3F10A9306C02B799E80F1AB380E0571A584C0370A220C3125000B500900D96FEA40409F980E2083E4EDF4D8D2480AE5667222E020BCDAD4EF19682120818FE18E
311
C7FD6AAD67C03F7DF1955E697456F517AC4F24700C30171C67E9168B109A4F60AFA60F98BE30941BF776DBC7C70792A2FBE98AAA97224F8BEA39B47BFD14A8CD03320DA2B676E3AA397E652E30A42CE2987B7DA1EF7F75242413800A04C0270C62A13372400B435ACD84B8B5009208F5AC73EB149FFF3508E21C2201E0338B
311
E07E50EB47E7FF6D97724A601028C5519073E7978EC88834410450E074DD58AD13A4900103A6444A9CB99103229F0EF8C0C78161EBC68137240734CDCFC349807851E0EB46CE864D2E405ED341B71A390CF2DE20CF5193189E1901E866D0230409684B193D17E2928534D04240937D3C84477494FC5E0FE0B448E35AFC1900
311
7926C1C6A6E622FDB8A12E30993C6710E070397C4B26304C0AE38218D19F01FFB15BAE1C0E7E74DF75F2406E373C414E848FF8E500EFAF3C1029C9C0ADAB2313A7426CA9B2C1B9E30032C84EF31A09A88A386F136E8C2F1D582EA0459207015F10F1F001F0B1B7DF7222011EA2001F00BFD36BAEE0850928B08C077030FE38
311
06C880EAA74BCE0863A952812E6008B3A89199C1EE918AF96AF583F1A073B0A355B9D861AF1460DCFB3BFC6B7EFDC834B09700CBED3510E48DC7129041C991F06BA5006CA6B5B34EE21501374E8DFC910042036111EC9C7CFA1C05D48A7270F7F835BF04A4194DA4CF76CEC66718C84CD020D04C412AC848F03E3C61A1C8D5
311
0D0EA6838A00376054D3DF61A0E393E1F8B058A6C994093476D601A4A06F0CFD3C0A6BFA910E75CC10400A80FDA93AC9B5EA4303F6C0D188B559086091CC5910137772E14F2376D03181B5CFE74C0EA38440D0AC256D6C4D104CE05302FCC00B60B9CD4D71E08BD40C144A025E60D4C1F45FE846A2105D717EEA84808A5DD9
311
0A168E133640311CF05DD870768683F5D2F1800F485AEBE5CABD8FFA3C0BEB33702493AEB551B1EB035EF5C8E5757FA7832141F88E8578A363802B560007AF93D7D470B478C4D00B412D634C9140C4F9275C00DCE8DFE3C7F8C0AFBC5B2CE82E3C3BDF393D4375D50C43CD1C17E3777CD2C170725B7B42B41DF15BFC344DAD
311
089C1E9118522B4A2C60B794E4E8F33081BB7C8CFCEEA0B2015E49D586429C6C78646180B7710E06018A3082243C275F077FBE412C17DE80D3E6B9462C5204C5D980D1DF84A864401C483CD01B143F4A4868087A0F780F37230200A4FBF6AED325114C367C22512750A5C7C3E32D545CE20A0904183BA10015DCAD89864B3E
311
1EE97EBAE8B204266A48E010511838E2FE413FB116E60880C2D8440AC3880DDA6DF6618C138CF1CB2A09637E18D00F80CB0DC05322E31EADB8081C29410903F06BFCDF5AB46024E4A75828056440503C707856EF0C037623DD4922A400E8A6BD75E4D2800905F18450A00CEE88860C8964C7B3F90F56528BA18F71CFBBBCD2
311
D05797E168FC37DB26DBE0DD2EAEF39686C18440820013C1444055402A541400DD362A0A402F1FE51246404E098249FEE30708C10CA0B54601053159480C00BAA9B1223A773234FE72FD5C3BD81804D8D196FE3D5315A0C981D88D04FA01DFC185CA93F9120E1F480B08063364A0A318F08DF95056E4C91F1150D31B011200
311
383502E079EE43CC18603AE2F88FD139C802A739F208E88D06DC78267C448C27C4113C19B0F51B0E9C1C021CF8F9167C6B1F2E10E461002910105D1042792D1CA303F469714C018C23D72179E165049C40E801CB96CF334562E5807291D1E0C70FE6CAD91656715F0E5C5E70F8D7F83290549B1BAA6F781D25180EBCA93EC8
311
4E72A74081CE3020789B3790E1A9E478E658C099BECFF01E530E80EC5FE31204ACFF70AF8177A03059240CD074978A002A878BF883FEEC81DD684E406CA630ACFDE87292822A11953710F000885D6F68A67ED40CD772B0828359B753F7CE23D9479AB9845771B389D6A77130F8C134EFC83947392029B10E4425440A84AF0E
311
54825228FC1634D369874739C837A9DDC83C20D320C36042610ECDFA750303710224D01202488012CA847424F8D53F78AB6BECE9B3B35A7F32396AC6B7444566327DBB4DF06FD9616744F4D3A397EB3B0A3FBA8D763702883ED742FE5CD24146D8E353ACCF811C806AE09914D8446E93840FF4D6C963FF32BFB6AB015D1D3B
311
0C9A0968776F021F21404B6260CF84A14F35180CE20B5E85BDA2EC91FD5A7DBA7E5705F4F0F97AF26CE18E3BA078138202400A62930FA6CC7882F911A92F33E547E64990B0F27323D73B6222863F86425153FA8009361C675554C25382CE148420C8DCC47A20122806CA178A0918C14CBD33440289078A00EC6070184CA990
311
7FD0A1270478E0B325B67C2193694EDB7DD0F3C238447C8A11485562FB4902134E6AC952FD5320A4F7C780882DA9684285CD81D278C0E8FF8DEC9F45D22DC3C2CA99C2728110888799575B6834BF22B0F01EDE72D7F21B672C40F0A972999E2200B7C91403F9BB3D09C01990819238CBAE5E7510D7D57450507E3DB04AAA0A
311
3C280064E0775380C8C16EEA4834346A04BF0CE847B4B3AF760D06D24BBB267C32E2C9257DE5EB748AD101AF1FD33265E2B674EED8C01A0AC901392211011AC810560F77778E85B13BAFE3E25C95B70919A4862C15928BD8989664AD8638101D009A80F00BDC41AF27602A4BDA0C077E550048E7F1011410F01405045E1C14
311
0B4D0E70E0F6E034171C3D6FD12004FCC1FA304312518910356628A4A326EC9ADF5DFFD1B2C0399503F14B4F8E3E0E4E39A06ABCB56A8014687E86E462BDDE5124615ECDB412B7314F62E6E0C76ADEC0F717B360E741960104CF1706CFA18E0605004B01AE007869B095ED92144A807841EFF2811C047889A04901C8090620
311
57192688C92346F97F279449F89B113500BAD282D1DA80A55C27EFFE02C8D4F395003F285B617BBF0831F49B055342DDDD414378E8888E92C16789F269A27C9A221FAA4A0DFDDB9F935B2ECC04DC51481558A69301E0460B02665AC4DD30C03D480866C3409400051811876014C0F294C542821AB045011A3E3F09001FF304
311
E3A0BED05CC11A811B865001769507FC01ADC611F400CF68C7B093606E30F3C7E0F00C1D10C31951C1E2D7252181DA00345842A19130715C736EC9ECE686A712FDB31E4D3E50AB336E5666D7B212C0113C4A4406029709B43D0228F3FBAF49921B19CA0C82A2D5BC4A2079809240F37D3E10F9637607C3983F0458508A98B8
311
B4EFC92AC13530180CF55359500080061DF59B98BB3FEACEE881DC8127F182A885A86FB12B43C590A4380504E32305E3148BBEEB2D2782029765428092545BA5C2C681FC5F8E869C0EE1034A822FF09A12C94084505AA868080303473F8161F7AA0A6610745E280BE4427FB770106F8800EADABA19F453210435BDB2348471
311
B13B65F2FCB554827632C4C44467333E4127095D22092ED492009930413251B5408345065065E415266E20279A40B3F520370BE2050C8360E6BB4601C1673B9BFE007EF5200B6483CD195400A783E6DEA0653515B0FCE8E86D1618FC1EFC15C2E727F24F2A2DAB57326D8D0877D4E298894E7A0C3C7D9CE8A0E2D17AA2020F
311
A1097D6372F2A9F955060FDD467AD0426368C24A8340FD0D6687A76316DEF5179ED9042005A2BF02A5DD810A4DEFA4A8F700EFC50FF4FB8C06410F0303C106ADF8852ACC6A2CA9046E9ED070739339857222CC009E206479886EA26227BF7A341A15C351A8404A6C10080A2140FA4B4E8D9B9A11645899332363FD69887F43
311
6A660566964250FD752E787B64BCF8E6C8190DF8EA0C854C062D8A5A1346F810414313E606ECA0AC3A01D6928544029D5F42E202C0CB386F880F7842A31287061F32F3CBE09F2950783394F2F2B23D85386C6F51943E99DD10C8A0000BA9569A14805693274BD0E4F4DC3F28E331EEA91C4F33ABE057889BFB92819187840A
311
08E57A276A8BFCB75B0342668C70C565C8059996D209C2800941A21FB82B2F520BC2E6FE6F1A8827043DE17000DACC8193E78BBB8DF1467978C06F6AFE986123E3A95272CAC122046F4C65C4B88FED2F1CD1D918F7CDBF8903BF1A90057D42F4DC133AF804ACBB58446A0DB78806FC053FA1E45D0AF1112613CC0DD976C5E7
311
0AD3282F42725C0D02AC8588DE451B1C01ABF063E7748A3882F0DD484BB78D037F9812240EB88B6034C0AD53E5116D4C6D920C6A89F084E6D0598AD7EB6930CC7B293E27A666E5CDFE9A3FA52FEB3C97976FDAAE9A60008FCA6B33099CF9880D35D419FC687D424378E3099441E110C5B3C6DC311E6653514A67A530D86332
311
6C4D8430E0C28024803B5B069B0E60C10EDB6DF087034171DF01F1F3404B27B1056D8C0E56E7CA6056E7798147BE4C2F01CED5987E413AC6A724876DE3F599E0601CE7B9CEF3BEB3671E12DCE8AF9631B8031D3F360B6955DC2342B2A0E4632A00264C0DA002220CFEC3E10D9BADC8904D88DC51928593AA16C91DF6FFF82B
311
3234404C7214D0F8608E0052283EFB2B0563F1D072936C4017706010BCF1B16CDE0C1FA9C777E44E1F5259B0C9BBC8794A82A6C182A3AF56B16921405351FDDC91B5BAAA617860E8D76C97C377FE701A4EB4378FA97C2C8E3CC8950886C6FD93AF70A1F5F676B7ED16CBC56AF5D09110EEB8607CC08A795882358280DDB98A
311
FFE7087C6EB593D62F041CDB4018935238E73F1098100D0C8769818F777057F64C703C6530E142FDF5C837AE1CF66C94C4887D3A3726AB990DEA248F73B5D32C8E04F6714B1E67C53FC52040252E605B322407CBF8C7F05453462A295ABF4D95592DDD76AC23512E9A2DF964715C80DD752CA8E263AC36F02C3C28A133EB22
311
AC8D099BDEFDE28C3E8FFEE3815D5D00C17C00511058354D62443C1A546280E43572A9C661A34FA5891F8E7570608C8DF21DF51DF9D2A84D4501F41B8CD4F4C9DEB2F901E810C0E4CEB6EC08DFB06341C864CF8D0EEE779A606545E1E64AAF30A4324C20FDD3BD558BD966BA994FA915CD162B1978642AD01694E533EC1903
311
68A68234657085B5F88E27A0805E04B8BB6A00A51646EE3C10A50FF007FF410F1963CA69BE2002F0F902E701AEC995FD41F83A3F0C3809A3288A083003A6CC2A20E6D703EE48E3777AC07ADD51EB6101603A9FCF17B3D5928F6D742EE7E4CF38AE2B03C5FB39C81D7B2978FAFE85AF3D2710B0582C970F0FEB0E4D1103B8BE
311
2B4D560CA10002FC8F334C891C07B44FE06B2E3ACE5E1E2D1FC32203110ABF9CA0E8381F68EC3C06701328E5A38278A5FCD944CEA5283DA933DF2A2448BD23F1C5D8BE04CC2DC3B43B3EEC29F8B5FF926D11D3E97EBF7FA1BD1E5E5F5FE6D3D972F548547783146ECD84873F377C5820F7F9FCE5E07378D6CBCB7E036DF7F7
311
104079A05B77C6942D1BA95D47424BFC3DB6411009A42E207871B7EE9B06614BBD20F22F7523FB985F3F7068E37600273A3ED0C1CCC380F6EC4AF01CC1CF95E4848B7BF950AD14C44F10460221E02D21D01DAE800F323704C00035DFE97CB37F797D3D1C0E4FBF35EE1E5E9E0E879FBF3DF6F474780A01FB3DAF01FE0C0798
311
218007C2090A3008BA7682A338F4A8804A06CBFE6A80CEC766F49853F15B2F45FCEA3F8250012841315016E75E797EFEEC4ACA6C79F515CF1738F7C36E2406071051043817C9E8C5888D49D0332E800062FF54FA562BF7446CC0BFDFBF8603D1FEFCC9F7FFB5A7F000430755C2D3F72F2D02A022820897ABDD44594475BDCC
311
A4A10AF34C06B08B4AB58BBFAE30999DC66C7CE903A83CF8EB006EEEAA063430F84B05F0ECF644825F5E95073870E72A0771AB89B080022A0C5A9FAF34C89286257FB7BEA000EC65B59750C68E0815B0D9834B15606328F80709DE09018AC2A7817F83F96DB3D562C10A0A31300230CD4200B87F85808BAF64D04600254047
311
F9C14DE93464009E7F5AABB4FDD6D55142A2C0BF1541FCE19C20C899BF4F76AB54B84CB97F88F48ECC029FD253F0C70DF4816B9AC94BCBD653B1A283C4001A0337955E4AFED3FB790B6B1F5EA0B5514074103A38D84280EE0F5F9BE974EAB2D16AB1EA969684B6E4166CA28264B300474C7308D20013B204A65F82970718D0
311
5678B3315D442E1C0A327E2F56556040C005D2FAB1326A68A07507C9E46A3648555A7080F5F50219A00E6222E3E0862CE95B5680930530742F1D041805E69B788161F015944D041182B861A2C17F3AF01CF5BFDF6C343F9171F5B004BF59C016719164B888EA206A02AD05E8464D06B48E4381A0E9345FD171625AC22198F5
311
7C003BEA5510F81FF78D31C9B033D0030000000049454E44AE426082504B0304140006080800147E565928BB58AF800100009E0500003D00000033384444313835442D414444412D343532442D413235422D4438434545343146444537412F536368656D61732F436F6D6D6F6E536368656D612E786D6CBD544D4FC23018BE
311
FB2B96DE15493C78601010A34B880709DEDFB52FD0D8B54BD70DF6EFED3AC0B12E6442E2716BFB3CEFF3D18E26FB440405EA8C2B1992E1C323095052C5B8DC842437EBFB673219DF8DA659866649B798C078B48AE6410122242F2A4994AC7F93815DF85C049C8564CA0A901499DD886B2EB9B1E02448F358701A9235880C49
311
A0119892A20C89D1B9FD768815CAD268CB5E0355B40B1E47F3E37A2020464BED06AA57CE8FCC20C3C3446D46761A2632A8C1283D07031EFF2AE7CCB1BFEEE916E406DFAC8E36FFD99A9D60A6944090EEDC3B670C7DC13DE86B6B2C5C240D6E503BB85ACD579D513F1B9F9A69DC9CC22AFA80C426D40AF0B21EA168559156B6
311
276F0F726A6BFF04DCD513A87A62CAD41FB24FCB2858B3952E3D852084DA25B9303C15687973CC8E8AAE11DF2836C38C6A9E765E8C1BA1BFB1DC29CDFE518C8B5A7655A4ED7E77291ABEB80DBD82EC866ADE1B8D05AF9E35CF09D7A061F38A986D9EC412B8F0F65E5D81534D9B231D1E5A8FE577A241F3A5FD01504B030414
311
0006080800147E5659670136ADA9040000B41400003E00000033384444313835442D414444412D343532442D413235422D4438434545343146444537412F536368656D61732F47656E65726963536368656D612E786D6CDD586D6FE3360CFEBE5F21F87BD3245B0E2D90F4905CD12E1F8A0CCDF5BE0A8AAC24DAE417C872DA
311
ECD78FD48BE3D44EE3B5C3E16E010EE75A34C5877C48911A7F7E4914D9095DC82C9D44835E3F2222E5592CD3CD242ACDFAE22AFA7CF3CB785A14C22CF95624EC66FC34BF253BA626D1BD488596DCBD8F2E6FC6335608B7F428D258E807664080A98384D9E75E22F16B2CCF05D32CE502359492C878124DE31DBE89612BB196
311
A934605E44F272A5249F446BA60A11112D589CA56A3F898C2EE16F6B136C595C7AC3C2FF076D3D808BDBC824572211A961A8D96E393F7AF5806BEA91EDDFB1ABFB769EB08DE8BCDFE27EF98E9DE0ABCE3BFCA1C54E8AE777ECE2BFFC92A94C87EDE6A9111BA1ADE75C74BF391275D33FAAC5FABF89F1D33C9836CB3225980B
311
2A479BE96A4FB3D59F821BCF11CF1FC55602586C7191D99E2C9C0CF2B8A662E3484E59466361985485D7E248E7953C01F19DA23B9D256461B6E09C40FF02D1DEA98C19EBAFBA4659184B7D47DEDF22E2F53DB017721B164F5B845961697F0C699AAC2410982C385725A6361A500F59CD848221F103A8C1A7CA84A55F407794
311
695C905C688E69B111550ACA946B9B4785FC1BDE0E229240B62665328986D5B32C400CEDD88188F35AC25EBCD40836F47F35E5C0EA4B6F767B50568CFFB5665C505E2AD5EA8A9997205F50A2350EAB32C9294B0024108429953DF32C4D812E226658F78A490408362A94987E6F787DFCBBBABAAEDC36758ADEE9B58B41BF0F
311
35D87BB1E991E02BF0B513748E6C0AA2EB2CE56EC68E97585643D82DE284E51DE03E4E22B00738761F1E66E1616A03EE093B0327B6BB9797262B0DCD72C6A5817ADAC1C3C0A3909CF6639B404D18B15CAF4B3C09CEAA4414BD5F0723F059ED37048E7A64271711EDC9C5230F58FBDA5DE00DA512CF04BA6671A0D201A83D2E
311
C81D2EB552C7E5CD1BF9D6913567B2CD53A659AC362A2B200B440195E2ACBBD167A32A86F7874F7F00686DB55D163481DADE5E417E979BAD827FC6B2B0AD8A6AB1567038E466EB4B10C4C2F3F71196A09260938125FDAB8662456EAD68AB2F7C1DFF709C874887B76A4355564F017256531BF73D7D754A40E23401DA38EFC9
311
07CF8D8E3C1E5E7505D8E432C60BE1EDA01E5166683F169B6EAC6EC046153F66C2BE0679FD3F407982ABFA28F92E0E457501938D96B12090869079360D3F947CA8BBC3D9FCE1ECF3C676C9BE80EB67CABE004FC290F8E26BE6A0371AD6CE66781C408A1FAA8CFFA63DD93A94CD5E1F3BA6A3DFB05B34E1247BB3949E3C3321
311
05035203136EA14AE89FF99E3E0B3C4EFE65C581A3A3D2D0EE84EFDB22B49DA31A07059E69B81628A8ED1228B63E42C3D840C3C01F460D1F331FE199821B03F22CCDB6DBF074B49566B12C3B3626074EA1B130B4596BDBFBB642A835954A9509E5769234228129889952870EEE13F494954AD7A27EAD09411BDEEC5B6B6AD7
311
52C11509F826EF4007E86281B1AE63750FD09DBA87A34EF4CE2A75F3E85960004EA6B519F4806609E8C91CD18380BD81691D9F2CB5730631E6DDBAFBC30E96D3E1D3D67EE8FB72BAD92AD4C1FD3CEDFBD2681858ED6583CA3853294B80AF67AECFAC6418D08164D5FD1E52E8B546BCC77B87C6E9D1655FFD384FB26A28AADD
311
82E04B9C64EBF78FFF00504B0304140006080800147E56598DFFFC99640100009B0300004500000033384444313835442D414444412D343532442D413235422D4438434545343146444537412F536368656D61732F52656E6465724D6174657269616C536368656D612E786D6CA5535D6BC230147DDFAF08799F5FDB600FAD
311
A20EA430D968A7AF12D36B1B481349529DFF7EF9A85A718860DFDA73EFB987734EA3D16FC5D10E946652C4B8DFE9610482CA9C8922C6B5D93CBFE3D1F0291A6B0D26A3255464182D920FB4233CC629881CD49C18508CF000E3EE309A100D61622AAB4A8A33B2483F11CB639C545B0E1508438C3D3C0361192846DB7ACD198D
311
F186700D182920B914FC1063A36AFBEE8FBA03FFD3CC1D1F4FC9E151A2AF59F628C5B7821D83FDFD3489305080F2EE04BF962195FB285E9D2DD352320A9E827AE357594914E42B1F5FE35F83688F60C4C91A6C946ED0668E8F244BC2EB0BA6E3BCCFC0B6A4B507F9F9F8D51EB315D9BA9E08D308E89F96931666E577837E2B
311
4172199C68C4FE306156D47DF51C698C7B9D97FE5BEFE2190C3C38BB054E6E8163FB039CB4B993C80BF18D969203116D6BBD26238B821F9BB909AD6D9C71B85BCD8C33D66FEA3D31B4BC0AD45BEA46BBEDDFEC0F504B0304140006080800147E5659C9FE131D51000000570000004700000033384444313835442D41444441
311
2D343532442D413235422D4438434545343146444537412F4173736574446174612F41737365745461626C654F66436F6E74656E74732E62696E536160607073313470713633D535333334D435717534D175347331D67572353732767631B63431371702AACB4D2C492DCA4CCC492C28484D2C4ACC4B4E050A82012F90744F
311
CD03CA26072767A4E6260200504B0304140006080800147E5659C55C663656000000680000004500000033384444313835442D414444412D343532442D413235422D4438434545343146444537412F4173736574446174612F53747265616D56657273696F6E5461626C652E696E665D8CBD0A80300C06F73E4B29FE6CDD8A
311
2E82A083B8B7F209014925C9FBA3AEAEC7DD2555D896CB85E51C2A1BD834F6A1F56EC4494C4695278364ABB24ABD2146F88CCEBB89D5321FF8F3F43D672A3B44DF3CB6A1710F504B0304140006080800147E5659C4A562A437010000A20400003600000033384444313835442D414444412D343532442D413235422D443843
311
4545343146444537412F4173736574446174612F636E782E786D6CCD94316BC3301085FF8A1174B4649B144290154ABB646AA1A143B78B7C4E4464C948E7D2FEFB4A898796944E19B21EDFDD3D3DF44EAE3F075B7C6088C6BB96D5BC62053AED3BE3F62D9BA82F97AC582B19BCA71F182B1C0CD8B25C664AEE839FC6B9D461
311
0F93CD556BDC712E3EC488B4859DC5E7FED13B42479115DA428C2D8BFA80037098C877188FBC03025EF380D14F41639A4466C079920E08841D534DD52CCABA2A9B665BDFAF16CBD5A27A9722934AEEBCB7336FD2B2E0C7BBA6D2E7BD4C55526440C9299899CAAF61EA2F957C679C148954325248AECC1DF435A60E18476B34
311
50324F784D486582100629CEB09222BBF0CB8B27EC8D33B96593A401F9F0920462208337E8C97F6AAFEFCDC64502A7F1961DB9D4787D1F5E4FBFE8ED1CCB536E6E2F2D971AB971FD15B2224EE72445275F17F50D504B0304140006080800147E5659E8520F64E7000000600100006700000033384444313835442D41444441
311
2D343532442D413235422D4438434545343146444537412F5265736F75726365732F46443130444336352D363631312D344541342D413644332D4245373233434433393437372F7468756D626E61696C2F302F636E782E786D6C4D90C16EC4200C447F25B2D4630289B6D26A45D89FD8532F1525DE142DC1084CD5FE7DA1E5
311
B0A7B1C64F9667D4F5FBF0C317A6EC28AC304F12060C963617F6150ADFC7330C57AD12113F61300473E00ACD06ADF64425766BC3BB29BEB9DE854737770C989C7D8F6187C17A93F30AD97EE26126539836CC8F69336CA6794A98A9248BF500BB03FB019BD0306EA017B99CC6598ECB729B5F2FA7F3E524DF9468A4561F44BE
311
F32E30268A2F8BB454C750FF914A3440AB925CA75A08D04FCF2951975A654E357F87F82756C8C4E89D355C6B12641979AC109A43897F582BD1F256F92BA36AEB46FF02504B0304140006080800147E5659A233C2345D000000800000006500000033384444313835442D414444412D343532442D413235422D443843454534
311
3146444537412F5265736F75726365732F46443130444336352D363631312D344541342D413644332D4245373233434433393437372F7468756D626E61696C2F636E782E786D6C4D8B490E80201004BF42E6EE76F3C0F216234B883063108CCF170C074F95AE5473F5C4C06E932E4F28601967600677D21E9D8092EDB00253
311
9227A2FCCB80E1168D80A6417297A89C5D6963B7129A0D1E8F2EE73AA7B62BBEB8B27DE50B504B0304140006080800147E5659BE89762363000000880000005B00000033384444313835442D414444412D343532442D413235422D4438434545343146444537412F5265736F75726365732F46443130444336352D36363131
311
2D344541342D413644332D4245373233434433393437372F636E782E786D6C4DCC3B0E80201004D0AB90EDFD75167CCE820A4A845D83603CBE602CAC26799919AEEEE0D965E2E908050C6D0FCCE04C8BC355404EB6198129C92351FAD580A10E464065907C8D948F8F166375F655BDC3FDC3B4E530A176BE7057BDC43B2A59
311
3FE403504B0304140006080800147E565973CB233F7F000000A30000003600000033384444313835442D414444412D343532442D413235422D4438434545343146444537412F5265736F75726365732F636E782E786D6C4D8CD10E822018465F85FDF79404416D8033B1F77089CE89D0485A8F1F342FBAFAB6B3EF1C597F56
311
87DE36BEE6E015904305C8FA4718663F2948DB882F806A2D6308DBDF0D90EF57ABA060D0728A213D7734D8B14FAE5037FB658777432AD3F233E69C10CCBA86E1861B8A6F9D38D1D6D02B13221BC7A2E4F9F5F296BCFE02504B0304140006080800147E5659006DF8ED0B010000550300003400000033384444313835442D41
311
4444412D343532442D413235422D4438434545343146444537412F536368656D61732F636E782E786D6CCD93BD6E032110845FE58494F2E0EEE44896C5E12245AA3449AA7404D63632B0277EA2E4ED03170A5B4A9714EE60F4693533B07CFFE96CF701211AF43319E9403AF00AB5F1C799E474E8B7A4DB0B1E10D305463A2F
311
1DCCA4CA44F063C0BC3449C341665B556BFCB9890FE81CFA1775022749A7AC8C712671BD5299136A8867AA659274A40122E6A0A04C48C6419BA002C8049A88699836FD38F4D3F43ADEEF36DBDD6678E3AC9282BF23DAC61B9F20E072370D0ACBD11743036715103C07D3A89A82884B77B4F4C15921048F2994161A99BE9642
311
CA65B146C954CA622BF8C308CE6AD8ABC88FE0211875AB99AFECFD5BE867F01AC25379A960A4BDD5ECBFB9FC5B056CDD80F20DEA42886F504B0304140006080800147E5659E3603EBE7A000000C20000002C00000033384444313835442D414444412D343532442D413235422D4438434545343146444537412F636E782E78
311
6D6C6DCD410EC2201085E1AB90D9DBEACE05D09878023D01A1D34A8419C380F1F82DA68B9AB8FDFEC93C3D7C52546FCC12980C9CBA232824CF63A0D9402DD3E10C6AB03A3397DD192872090D3406ABE7CCF5B5D18893ABB1690CF4DCF02282E5EA8A5BB96FFE536F285CB347F95BEFFE81C9ED5AFF9D5B1FB575BB00504B03
311
04140006080800147E56594A8B4AE77D000000A300000007000000636E782E786D6C4D8C410EC2201444AF42FE1EB5B5441640837EBC47636943A4D060311E5F305DB87A93979911FD67F1E46DD3CBC520A1399C80D8F088A30BB384BC4D9403E99548316E7F35206158AC84AA418939C5BCEE6AB4D3907DB5DE85E72ECF1C
311
B1E10CA946D4B4636D492DBB52E43763BAE68EE6A2CBE2582705BFBFC27AAFBE504B0304140006080800147E5659CA1DF9C9A900000073010000130000005B436F6E74656E745F54797065735D2E786D6CA590410EC2300C04BF12E5DEBA70400835E500FC800F84E0B411AD13252E2ABF27A55740421CEDDDD9B55CEFA7A1
311
17778CC979527255565220197F75D42A39B22DB652EC9BFAFC089844F65252B2630E3B80643A1C742A7D40CA8AF571D09CC7D842D0E6A65B8475556DC07862242E78CE904D7D44ABC79EC569CAEBA537E3521C16DF5CA5A40EA17746733E0B6615DE7217475F386F18B9481C510F1F021CD9FF027EA0E1F5C4E609504B0304
311
140006080800147E56593DEE336E64000000790000001B0000006175746F6465736B2D64657369676E2D7061636B6167652E786D6C35CBC10E83200C00D05F21DCA56CA76D41FC96062B120735B69A7DBE268BB7777961F8D5AF396893C2ADB70FE7ADA196782C2DF776D7A97B5933C430F15651E5469C55D70F80A4992A3A
311
DC954792C525AE70A1E4D6AD9816CC044FEFDF01FE3FDE907802504B0304140006080800147E56599A9C18D1FA000000960100003700000033384444313835442D414444412D343532442D413235422D4438434545343146444537412F4173736574446174612F636F72652E786D6C8550CB6E833010FC15B47783314E9346
311
C61181E40B7AEACD320EB5126CE447D5CFAF1DA8D49E7ADAD5ECCCECEEB0D3D7FC283E95F3DA9A16EA1243A18CB4A336530B31DCD0018A1367CEDAF08B068511B36A21C3C0D9E46C5C36485A1394C9A8B1A3DA40E1BD0A50C8476A5AF0F243CDA214312486BF978B907731A9B22E571E6731EA7193EA31B9E99B560E783F5C
311
9AEB2BDD2332741DA2FDEE8A3A7C2668A0E7CBBE6FF0D0EF5F5895C59C053DFF6C974E89A046E004138A6A8C0879AB77477A3852FCCEAACCE4CC07977EDE96E6EF8077F9EA4104C1AA75FAC7352EE3FFAE519BD090CD755578E0753AF239E0ACCA29A5F28C30D59C28FF06504B0304140006080800147E565967957888F500
311
00008E0100006800000033384444313835442D414444412D343532442D413235422D4438434545343146444537412F5265736F75726365732F46443130444336352D363631312D344541342D413644332D4245373233434433393437372F7468756D626E61696C2F302F636F72652E786D6C8550CB6E833010FC15B4778331
311
4E9346C61181E40B7AEACD320EB5126CE447D5CFAF1DA8D49E7ADAD5ECCCECEEB0D3D7FC283E95F3DA9A16EA1243A18CB4A336530B31DCD0018A1367CEDAF08B068511B36A21C3C0D9E46C5C36485A1394C9A8B1A3DA40E1BD0A50C8476A5AF0F243CDA214312486BF978B907731A9B22E571E6731EA7193EA31B9E99B560E
311
783F5C9AEB2BDD2332741DA2FDEE8A3A7C2668A0E7CBBE6FF0D0EF5F5895C59C053DFF6C974E89A046E004138A6A8C0879AB77477A3852FCCEAACCE4CC07977EDE96E6EF806356ADE81FB7B88CFFBB456D424336B755E181D7E9B8E780B32AA793CA33BA547392FC1B504B0304140006080800147E5659FA5229D3FB000000
311
960100006600000033384444313835442D414444412D343532442D413235422D4438434545343146444537412F5265736F75726365732F46443130444336352D363631312D344541342D413644332D4245373233434433393437372F7468756D626E61696C2F636F72652E786D6C8550CB6E833010FC15B477F330A4A49171
311
4420F9829E7A736D8758011BF951F5F36B27546A4F3DED6A76667677C8F16B99B34F699D32BA832A2F21939A1BA1F4D441F057B487EC488935C6FFA241A6D9223B483050325913D60DE2467BA913AA8D901BC89C931E323EC7A603C76F7261390B3E32DC3D5F19BFB349E655FEE4511282129B5489E8A6AE4A5AA0C378AE2F
311
AF4D8BF0D8F7A8197617D497278CC6E6746E87BA1C87F68514494C8957CBCF766E25F35200C5256E5055228CDFAADDA1D91F9AF29D14894989F336FEBC2D4DDF01F5B7B07C68A666523CA77F5CC32AFE770D4AFB1A6FAE4F85035AC5231F034A8A94522C8F08634D89D26F504B0304140006080800147E565943B7E5350E01
311
0000B10100005C00000033384444313835442D414444412D343532442D413235422D4438434545343146444537412F5265736F75726365732F46443130444336352D363631312D344541342D413644332D4245373233434433393437372F636F72652E786D6C8590416EC3201045AF62CD1EDB606CA71126728C7382AEBA43
311
36495062880C543D7E2171A576D5D5A0CFFFF366861DBE967BF6A956A7ADE900E72564CA4C76D6E6D241F067B483ECC0D96AADFF6583CCC845759064E0ECB2DAF0D8A4C91AAF4C528D9DD5264AE794876CBAC747076EBAAA45E632F8E870B7FC21A79BBCA81CE72F1F6721E8798BEA3976D367AD56E08318ABD31B6D11117D
311
8FE8509F505F1E0912F438B643558AA16D5891C29C79BDFCD0A75549AF66E0A42414E11211F28EEB3DDDED69F9C18AE4E4CCF935EEBC41D376C04F02C7964D8D9A066344C79EA2BE11158A30520DA28A93B4AC7805FF00C363FE1F18B4F115D980AF84038EE3FCCF0FCE8A74C0589ED78D351D9B7F03504B03041400060808
311
00147E56590EC07F8CFB000000960100003700000033384444313835442D414444412D343532442D413235422D4438434545343146444537412F5265736F75726365732F636F72652E786D6C8550CB6EC23010FC9568EFCEC3098522C70812F880AAA7DE2C7B0916C4467E54FDFCDA904AEDA9A75DCDCECCEE0EDB7DCDB7E2
311
139DD7D6F4D094351468A455DA4C3DC470261B28769C396BC32F1A1446CCD8438681B3C9D9785F20694D40935163152EA0F01E0314F2969A1EBCBCE02C4A114362F86B7917F22A262C9BF2C9E32C46AD16A956C94D9F353AE0C3786C4FAFDD9AD071BF27DDB03A917D7DA064EC0EC7F5D0D6E3B07E6155167316F4FCB35D3A
311
140115705AD38E3435A1F4BD596DBBCDB6AB3F5895999CF9E0D2CFCBD2FC1DF037F4363A899E55CFE91FD77857FFBB466D424B17D7A7C2036FD2918F0167554E29954784A9E644F937504B0304140006080800147E5659F03292E8F9000000940100003500000033384444313835442D414444412D343532442D413235422D
311
4438434545343146444537412F536368656D61732F636F72652E786D6C8550CB6E833010FC15B477F330A4A491714420F981F6D49B653BC44AB0911F553FBF36A1527BEA6957B333B3BB438E5FF323FB94D629A33BA8F21232A9B9114A4F1D047F457BC88E945863FC2F1A649ACDB283040325933561D9206EB4973AA1DA08
311
B981CC39E921E38FD874E0F84DCE2C67C14786BBE70BE37736C9BCCA9F3C4A425062932A11DDD455490B7418CFF5E5B569111EFB1E35C3EE82FAF284D1D89CCEED5097E3D0BE90228929F16AFED9CEAD645E0AA0B8C40DAA4A84F17BB53B34FB43537E9022312971DEC69FB7A5E93BA06FEB9D8E14CFD91FCFB088FF3D83D2
311
BEC69BE753E18056F1C475404991328A650D30D69427FD06504B0304140006080800147E5659C98C43B101010000D80100002D00000033384444313835442D414444412D343532442D413235422D4438434545343146444537412F636F72652E786D6C9591CD4E853010855F85CC9E9F1688E4A6F4062D3E812B7795CEC5E6
311
5E5AD21FE3E35B04A3EE74D5C9E977A63D33ECFCBEDCB237745E5BD303292AC8D04C566933F710C325EF203B73E6AC0D3F30C88C5CB0874D06CE6667E37A48933501CDA61AABF010A5F718209B6EA9E8C14FAFB8C842C690087F2D56395DE58C0529768EB3A0972FEBE4500654C069459B9C5439A54FA43D35DDA9A99E59B9
311
919C456D424D8FC770794195D935A448C0DB9A95FB75C2A25607A455FAA4BE6874C0EB4E08D2B5221F8418F2A6A5A9A2ED7D2EBA87716CC8A318EF86D4249939F3C1A5D11C4DB621FCD5BE1B7F458BABFA67B4DDE18193EF50E53667CECACF25A473DB09FF00504B0304140006080800147E565933B5EA1208010000B20100
311
0008000000636F72652E786D6C8D50C172832014FC15E6DD514453D30C92319A7C414FBD5121868982239869FFBE10ED4C7BEBE931BBFBDE2ECB8E9FE3801E6A76DA9A0AB2840052A6B3529BBE82C55FF11ED091B3D95AFF4B06C88851551061E0AC9FED326D50678D5726A2C64AB581C239E50175437854E0BA9B1A452216
311
1F14EE9E4CA2BB8B5E2559B2EA38F37AFC59ED6625BC92C029A105CE08A6F42DDB1D8AFDA120EF2C8D4ACE9645CBCD4ACBE0AEAF5ACDC09BF69C5F5E8B12D3B6AE71D1EC2EB826278ADBE2742E9B9CB44DF9C2D2B8CC99F373F8F37624E4F4C88947F465E94A71F661EDB009422889AC19BE80139646E24FE86592FF08AD8D
311
CFE97670DD70C0B310E84904E3D86018CF7AC38C6DF36F504B01021400140006080800147E5659C7BE2FD5F7000000A80100004F000000000000000000000000000000000033384444313835442D414444412D343532442D413235422D4438434545343146444537412F4173736574446174612F446566696E6974696F6E49
311
74657261746F7250726F706572746965732E62696E504B01021400140006080800147E56595F0B157DED0000003002000045000000000000000000000000006401000033384444313835442D414444412D343532442D413235422D4438434545343146444537412F4173736574446174612F496E7374616E636550726F7065
311
72746965732E62696E504B01021400140006080800147E5659B5A795FFE3790000DE7900006B00000000000000000000000000B402000033384444313835442D414444412D343532442D413235422D4438434545343146444537412F5265736F75726365732F46443130444336352D363631312D344541342D413644332D42
311
45373233434433393437372F7468756D626E61696C2F302F67656E657269635F706E67504B01021400140006080800147E565928BB58AF800100009E0500003D00000000000000000000000000207D000033384444313835442D414444412D343532442D413235422D4438434545343146444537412F536368656D61732F43
311
6F6D6D6F6E536368656D612E786D6C504B01021400140006080800147E5659670136ADA9040000B41400003E00000000000000000000000000FB7E000033384444313835442D414444412D343532442D413235422D4438434545343146444537412F536368656D61732F47656E65726963536368656D612E786D6C504B0102
311
1400140006080800147E56598DFFFC99640100009B03000045000000000000000000000000000084000033384444313835442D414444412D343532442D413235422D4438434545343146444537412F536368656D61732F52656E6465724D6174657269616C536368656D612E786D6C504B01021400140006080800147E5659
311
C9FE131D51000000570000004700000000000000000000000000C785000033384444313835442D414444412D343532442D413235422D4438434545343146444537412F4173736574446174612F41737365745461626C654F66436F6E74656E74732E62696E504B01021400140006080800147E5659C55C6636560000006800
311
000045000000000000000000000000007D86000033384444313835442D414444412D343532442D413235422D4438434545343146444537412F4173736574446174612F53747265616D56657273696F6E5461626C652E696E66504B01021400140006080800147E5659C4A562A437010000A204000036000000000000000000
311
000000003687000033384444313835442D414444412D343532442D413235422D4438434545343146444537412F4173736574446174612F636E782E786D6C504B01021400140006080800147E5659E8520F64E7000000600100006700000000000000000000000000C188000033384444313835442D414444412D343532442D
311
413235422D4438434545343146444537412F5265736F75726365732F46443130444336352D363631312D344541342D413644332D4245373233434433393437372F7468756D626E61696C2F302F636E782E786D6C504B01021400140006080800147E5659A233C2345D0000008000000065000000000000000000000000002D
311
8A000033384444313835442D414444412D343532442D413235422D4438434545343146444537412F5265736F75726365732F46443130444336352D363631312D344541342D413644332D4245373233434433393437372F7468756D626E61696C2F636E782E786D6C504B01021400140006080800147E5659BE897623630000
311
00880000005B000000000000000000000000000D8B000033384444313835442D414444412D343532442D413235422D4438434545343146444537412F5265736F75726365732F46443130444336352D363631312D344541342D413644332D4245373233434433393437372F636E782E786D6C504B0102140014000608080014
311
7E565973CB233F7F000000A30000003600000000000000000000000000E98B000033384444313835442D414444412D343532442D413235422D4438434545343146444537412F5265736F75726365732F636E782E786D6C504B01021400140006080800147E5659006DF8ED0B01000055030000340000000000000000000000
311
0000BC8C000033384444313835442D414444412D343532442D413235422D4438434545343146444537412F536368656D61732F636E782E786D6C504B01021400140006080800147E5659E3603EBE7A000000C20000002C00000000000000000000000000198E000033384444313835442D414444412D343532442D41323542
311
2D4438434545343146444537412F636E782E786D6C504B01021400140006080800147E56594A8B4AE77D000000A30000000700000000000000000000000000DD8E0000636E782E786D6C504B01021400140006080800147E5659CA1DF9C9A90000007301000013000000000000000000000000007F8F00005B436F6E74656E
311
745F54797065735D2E786D6C504B01021400140006080800147E56593DEE336E64000000790000001B00000000000000000000000000599000006175746F6465736B2D64657369676E2D7061636B6167652E786D6C504B01021400140006080800147E56599A9C18D1FA000000960100003700000000000000000000000000
311
F690000033384444313835442D414444412D343532442D413235422D4438434545343146444537412F4173736574446174612F636F72652E786D6C504B01021400140006080800147E565967957888F50000008E01000068000000000000000000000000004592000033384444313835442D414444412D343532442D413235
311
422D4438434545343146444537412F5265736F75726365732F46443130444336352D363631312D344541342D413644332D4245373233434433393437372F7468756D626E61696C2F302F636F72652E786D6C504B01021400140006080800147E5659FA5229D3FB000000960100006600000000000000000000000000C09300
311
0033384444313835442D414444412D343532442D413235422D4438434545343146444537412F5265736F75726365732F46443130444336352D363631312D344541342D413644332D4245373233434433393437372F7468756D626E61696C2F636F72652E786D6C504B01021400140006080800147E565943B7E5350E010000
311
B10100005C000000000000000000000000003F95000033384444313835442D414444412D343532442D413235422D4438434545343146444537412F5265736F75726365732F46443130444336352D363631312D344541342D413644332D4245373233434433393437372F636F72652E786D6C504B0102140014000608080014
311
7E56590EC07F8CFB000000960100003700000000000000000000000000C796000033384444313835442D414444412D343532442D413235422D4438434545343146444537412F5265736F75726365732F636F72652E786D6C504B01021400140006080800147E5659F03292E8F9000000940100003500000000000000000000
311
0000001798000033384444313835442D414444412D343532442D413235422D4438434545343146444537412F536368656D61732F636F72652E786D6C504B01021400140006080800147E5659C98C43B101010000D80100002D000000000000000000000000006399000033384444313835442D414444412D343532442D4132
311
35422D4438434545343146444537412F636F72652E786D6C504B01021400140006080800147E565933B5EA1208010000B20100000800000000000000000000000000AF9A0000636F72652E786D6C504B0506000000001A001A00210B0000DD9B00000000
310
504B0304140006080800147E5659000000000000000000000000370000006662782F32324343353030462D424335342D343643382D414137312D4131363246323334394331322F617474726962757465732E62696E504B0304140006080800147E5659000000000000000000000000350000006662782F3232434335303046
310
2D424335342D343643382D414137312D4131363246323334394331322F76657274696365732E62696E504B0304140006080800147E5659F270F1330600000004000000360000006662782F32324343353030462D424335342D343643382D414137312D4131363246323334394331322F747269616E676C65732E62696E6366
310
60600000504B0304140006080800147E5659B5A795FFE3790000DE790000420000006662782F32324343353030462D424335342D343643382D414137312D4131363246323334394331322F7265736F75726365732F322F305F67656E657269632E706E6701DE79218689504E470D0A1A0A0000000D49484452000001000000
310
010008030000006BAC58540000000467414D410000B18F0BFC6105000000017352474200AECE1CE900000192504C5445818181B3B3B35A5A5A4848486060605C5C5C6464648383835E5E5E6262624E4E4EAFAFAF4A4A4AB5B5B54C4C4CB1B1B1858585B7B7B7585858ADADAD7C7C7C464646787878ABABAB747474A7A7A768
310
6868707070B9B9B96E6E6E6A6A6A8B8B8B666666545454565656A5A5A5505050A1A1A1BBBBBB8F8F8F9F9F9F4242425252527676764040403E3E3E9B9B9B7A7A7A8989897E7E7E9393939797974444448787873C3C3C727272BDBDBD3A3A3A6C6C6CA9A9A9A3A3A32020209D9D9DBFBFBF8D8D8D9595959191912626269999
310
992222222424241E1E1EC1C1C1282828C3C3C32C2C2C2A2A2A2E2E2E303030C5C5C53232321C1C1C363636383838343434C7C7C71A1A1A0E0E0E121212484A484C4E4C1616160A0A0A4A4C4A787A781414147C7E7C9193915E605E464846838583878987B1B3B18587856668665A5C5A626462818381A7A7A5A3A3A1B1B1AF
310
ADAFAD7072705C5E5C9D9D9BABADAB7E817EB7B9B7585A58BBBDBB4C4C4A8D8F8D747674B5B5B3B7B7B59FA19F606260ABABA9A5A5A39B9B99A9A9A78F8F8D6C6C6AC7C7C5451AD12700002000494441547801DCBD89771BD7B5A70B8EE04C702641712605CE034890E220088028C93245451215B713AF388E7DFD9EEDB8DD
310
CE6ABFF4B57D97137BE50FEFEFDBA74049B6AEED74869B7E87404D2814EBB7F76F0F67A8835CEEBFA0E42B854AA5B2BB5B6BCC951A8D52A93657A914FE0BEEE39FFE2FF395B9B9C6CAD2D4C4606F4B7FFF8D1B37EEDCB97587F7CD9B4343BD134BABE7DB48E3FFA7A228ECD6F6574E4786C0FC8B5FFCE2CD5FFCE297BF7CF3
310
CD5FFC92B52FFE58BFF9E69B776E0EF5F79E55CBBBF9FC3F5D3DFFB07F5898ABAF7CDA3B74E74EC0CE20230561BF096E97E05712BFFCC59BC80539DCE83DDD6E54FE61B7747DE17FB8980BBBFB2BBD4337DF487881AAE6C5ACC6AF25207877B2B527BFF1CB3B77FA47561ABBD7F7FA7FE146A5B6BD74E3164C7F51449AE95D
310
B412200EC539418717E7F2F11B376FF62E95FEAF1442BED0581DBCA1BD2780D23F506AFA16E1A7AD974EF17876F00DD7BCB187A1A97AE51FCED5BF2BC1F2BBE5B3C19BE27B43CF26DE00933658FE129B109C2FFF922CC22C4260FA01BEFB462A77DEBC35F42F600C3F5B0795D2E9E02DAD5E650B4438A92801B65C35CBAB7B
310
1EE5041CE69D3B6F1822DFB873EBD6AD3B6FBC71EBC6C86AE967DFC2DFA4CEBFF1BF54F6276EBC114E2F43FEC60B01A0D440A868B2920E5C4BC10D60931ADCB871F3268B21D3851B08E1D6AD9BFD4BF57F7577909FAB86F29B982571136AF01DF5FE32AC3BD9406CAAF2440A54CF176EDD01FBADA1FEFEFE21FE4C9858DFF4
310
183458A9FD2B6708A5A5A137E0EE1D11A9EC0C7C58B2C73C0AD6B479BD76B7790CF899E287FA5B06FB7B07C9195B7851FA8794031EF1FC5F9406BBFB23375420286399B631E93B08022A785C4DBF9996EC3551874094D71B6F487E80F6837E50F483BDBDBD83232323AC420A18C68DA196EDDADF68A77F938F78FD972BABBD
310
B7B87FB164AC6FC2CB760365821ACB74AED44FFAD7E7431ECD7E08AC421F391D199998989A383D9D98E8E56F84A318C58D9BFD2DAB73FF5222C8EFAEF4DE7AF30D756E5108683DA471E70D0502099A7240F19E4089D3FD203E620F1B47BF43501E85031AE44B4B9F2E4D2D9D4D51D8970983FA861B3706FF950CA170DE82F6
310
B312CC4F42C8966295F7D725ED29882415DC055F36DEA1FE96FEC141493F05FAA9A9A5A595B333DED5B3D5A533F62183323032F46EFF13EA0AAFA5FBF7C8976F8C10F7280A014832593B90004D52341980D907EAEB73411EB2F1EBC9F507F92746C40E7AE0AFAE54292BAB2BAB67CAE0746264A277B06508168C94BF772BE9
310
765F7BF0B548FE1E07F3B5A521340A5CB5297C4B12811B89E82191ECF3E41B3259C529F135E23CF4C7F961FB13537F5A02ECCAEA76B5BA5D3D3FDF3F2FEFEFB3AA22053E5008833428DC6C59FA2F770595F311F235D427F379BB8A121BD901B96076A388DC4C3C61C7933CCCD770FF375A6E0CE9F535FE2534BF5ADD3E3FAF
310
D71BF57AA951B6D4CFEBFB8864758A26154430080B06ABFF557610ECC93726224F155D1471041E0D42F82F4891C926C1355B0831649FF365F46FF05300A7A790BD8ADEEB0D4AA9569A9BDBADCCD56AA55AE377F5F3F3EA2A34983A1DE91D810543138D7F28E57FF4E2B5335A3928B76EA1CB9B00BF158C8F63A2E788826896
310
D0B5E7C461949ECE089144F8EBEFC7FB4D8C9C4E9DAD60F7FBE572B416C2F2423ECF8B86C439E450DA970634ACFDA977629098D0B2FAF313A36B3869E37AF7853378CDA1171FBEBA95DF1E44FD5144A420588641B0055A79ED91CC0DC41E27064512FB33F1F04D09D0D2DF0203A646A6CECE80DF28356A348CED8C4F1EF137
310
B9319E1BCD29867CA556AA97F7B757567006A447FD375A26CAAFDED9CFDCFB2BB0BEEE8AA5911BC2C7F85DF88A3775389990AA72219D582409210F85A4E66F2987D875C30848023088FDF77E87F96FD7CBA5B9DCCEF4F4C9FC7C676777577B7B7B67E7ECCCE4E8DEE85E81A6D55AA3BC7FBEB242589CE8ED4770E785D7DDE2
310
3FF2587EBF57F50B9E820527316488E5C32D50F979BCA58207297E2B6D658702FFCD211840FE43FC9F3A5BAD9E97E6F21B9FCF16BBBB3A3A5A175B5B1787875B5B3B86DFEFFC687A72674F19D46A8DFDF3EACA59E405375ACE76FFA922C817CE86A89BDD92F400F2C55B7462F610459837D3A61ACF50C7471C8F2F2A9D38C3
310
DA2F068007F80EFCDBFBE5DCC674B1D83EBCBEB8BCBCBC3ED0D3D333D0B3DE33BCBEB0D8DA35FBF9F8CECE68AE020BCE61C112A4C1138CD47F9AD13F7DC6AB9CF9CFCFAF9D0E01FFE6CD503F5B91C5218E2899CA15098714848B04FCE5654884ABF0E554F11F6C21D73D5D5AADD64B7B9327DDAD8B0B7D7D6D6D07070763BC
310
0F3E38E8EB4310EBEB8BC3DDB347E3E37B5842B97C4E44A0C630427E5CFDFB71E03F471E12CA9FF70E055AE141042DD81234B879EB4606361D9328149037D7D76A571A7E974FA20AD0323832713AB5BA7ABE3B3E3D3FBC30307070B0B9B645D93C3CDC3CDCA41CFC6AAC2D64D0D579B4B1B397A7C1BDBEBD7D36657A3CD4B2
310
F44F4909F2B9CA597F4245C59DEC354316F0587020D0C661742BC02869435FD12CF195C422DB3C5A3E2305C000CE6B7B27ED8B7D63079B5B5B878787C787C7C7C757C76C51B60ED60EDAFA06D67B965B3B672677080BB5329E60E9B477847AE2E9EB53E35779FD37EFCD2D0DDD68AA355B6B0D81860502B8B68C801F5C697E
310
9AD62F4B406244CB975560BAC756AAA577675B07C6D03778C17E7C95CAF1B3ABABE3E3ADADE3CDB1B1B6B681014470343EBA979F8B90383545727C63E43549D14FD0F927E5F1FDEFD7263058FE02EBCD1BDCBCA053496BD58E69BC44F9F854D4D979AE9ADB908824382AC1D4014E9756EAF9CE85B6B54DB01F02F8EA5908E0
310
D9D5F1B3E72188C3C3AB67879B07C8A0A767B8B831FE5E7EB754DEAE5261460243FFF07858D8EF0D658BDC563A2C5EF5833C13C90B69248C4DD97842B61DFA7F210A2F6108A0F96B62E2D3B3F3DD939EA47E30ABF5AB2B903F4BE5F9B36757CF65021E616DAC6F60A1FB647274B4B05B2E5341B082D43278F67D8DFDA48AFF
310
9A13F22B34C7586C9992BA6E66CABC190E313E7C811AA57304B421A75B289B9D174CC868C24548823E230B9A5A2DCD2CAFE1F98E61C015CA7E96B083FC59F3ED06EE60F360B3AD6F79787ED278D0A86FAFE00BA9220EAEFE1D5DE1F7855939C3FCC1332426B377F692406E022C010DB437EF009803F0DCFD3B7C94440571D8
310
F2C328F115F47FD324802070BAB43FBA80EFDB92FCA1F7E7CF9FA875CBB327CF9EB08C4DE4815BC4210E2CB7CF1CEDECEDCED5B757490968286899FAF95583BF46F9393CEE6A86D6F618CAAD9BFF0BE22B042412C5CFB50556815CC5BBE33E9F61ECEC26A9BCB8145FD10590078F9C9E953B513FAE1FE387FAC246E14F9E3C
310
E7F5F8194BD6594140876B6B84C5D6799C61A16434201E5237582AFD75C07EEED9863F463284E2E13425A036BD41061259289B6BDC1ED656FC8B8592C9D00701E27CEA749F0D8EF44EAD8C1F80FFF8F8F9D513191F6803384C800097F24069C407CFAE88136B7DCB3D5D4A60B711F19070D83235F77331FD35E71596688903
310
8E2E0B346EAB7936C4162043E1A1F144093695443A570144898BC4079CEF1912809A3035A1D3F361235F90FFF1E3E0FB93C7E2750719F88E7D8E68123883ADB5B18185AE99F1D11C1238A792DC4BEDE8EC6FF503DF377E0445F68FAF4E08D43082D02170F30131A154206CC559A8D9CFDD762B31273E4947A581E0D9BB71E3
310
3FFA07CD02CE2A6BE1EC80167497F2A81CFA3F7EFE58D0CF5D5D170DE4F89070B0BC4040CC17BEAC6B0586C3D3FF0309BC06F44B04A1E13729929B4DF73C44070692C810B08AC3012E8EE9EAE22067796288C193B2139B970B86F47FAD0F98382B1E035D9C32FD318A4FAFCB274F2E1FA772F94411B0CD42493C23393A685B
310
5FEF3E1ACF554AF5F3552A478383374E6B2FDDFC4F6DFE38F4F4ED7A7FE838F488EA852482F412D3CB07E293D02C9F074F12E84C5AAC423271450572A385449844706475FD38DC3C22486A0639E5F1E38B0CFE93CB4B25910EF309A2224BD8DAD40C682C28341AD69047E8539A6AFC14EC573F7FAD10AE0FE6EB13E87B28E0
310
93B513B5803514DE408809BC12A14876DE0A25F643009E9176D9F0C330164285A7444DC8CAF0E9FE41429EE0A2F6A6DE91C0856C501272404A8468822E24C807030B1D33D40D4AFBDBABB411D093D88C86D7205E05FC57EDD1F805FA4CED5920F0CED39157E007CE21757C5DE440ECBCB46CD283E378029B43FB077B4F47E6
310
0E9F61E8D01BE017D7E843EB49F50A2028F1E442FCC90C9EE308E4C0C2C94EAE30B75FAD3A0EAFA57FE9EF960F14BE15638840EAF3BA490BB6850EDB38EECAFD21A0C746D0C4234DBD035EFC7EDD121FA585FAB73DB89FE6A03CF833AB0730E5E2F1A36CE3F202A128934B44E396961121E1F2C9F32BFCC0C140CFE22C1CA8
310
E109B182919696BFB98120234F61B59F7BF46EC30CF067B21A33B0FB3E402448EE266CCD93135A8E823DB31F85E677434E608F53F8100BC0098EA2FD6BC01770E0F2F2D1E5452A711C4BB8486248FAD756D852026B6DC90A2AA5C6B69E9068B8F27AFABFFEE8AB36F1D23985D5960014FD711940800B560250D2272CC54FF1
310
D3A660B275AC3881E349689C1616E1E9044129D032313509DE4700BC867C71F128C400159407C761022BA8A040F40A244788808C60B3AD67A17576279F6F946923191921B0545FC2F12AC0EFEFBD7262B6935679FC7F80629160ABFAEC88E8430E76D82A8DE62ACE50BD4A42FBF03B387B37FD321B37E31C3F063D99703F51
310
60E6C9E5A300CF32A91E0A085A29C0FC507F6C21012303C6104B82C1F1E156DB3229D1A855A32A8352C9077AF733A0AFE0FB3EF81FDF2F0F82C21B0EB06998866878B103305E31EC17F4FD43831E570A2118D1667632D4FFFFB125782F96168A833DBE78C3F11F8383A79D49F58F1E3DBC780417AE6581381E8610604888E2
310
913E12492881274822C221AD04CB0B1D273B8542837460898C686864FF6F801E8269F40AD0481DFAF5E6E9C1F3BE391C325004DF0746A4E4448F7B52C0D5EAD39EC46896B888C4210D68E99DFA2820DF7FF850EC407EB55C3EBC5028611409BFCB8889C90F1C52355AEF98B18100094C9D0EF6F64FD47E5CBF3FF5293DDFB4
310
B50DDD54F351446FA1F14580DC3902C085F593CB24ACC917B213BBC11B3F0A61042FD8B24F4FB9C4556D0CB9E1A880DE89934CE9607F18F81FDD950DD0E1D143F41D56110E227C250621FF098838042BC85B5B6BCBCBC31DD37B34966E9FFD9936A2FEFEA9EBA4182E5CD3E17AE35501FCE0707E5525A7DBC64DFD077825BE
310
37CE0BBE1BBEC061410C660B6E49912665E2B3749C7C9F93834022F74CDE6CA5EB501D9CBC04B768292C5CCB84478F3CA83074092C6082169015E5800D5839DC6C1B58EFE83ECA513BDE3EFB8EF1242D2D4B3FD55AFE03D42F8492AF8A3F21444FA2FA9ABBF525EAF84C09F0168527B0138A85D1EC0443C467B28BF844EAF7
310
6323BE13D7C11F72FED783837B970FEFDE7D7817E077C17EF7E2A1C2C0FE851FE4C008388C15E818958746129E1009D054B67530D6B3D8DA3D59D82D9D57CF70039FF50FFE0DE94089DB269C3655A4F25B38C49D0BD48E59F1526887C18FC5272197F85CA72862A593A4843CD25F920487DDF7AA0441A2C0600D062001F103
310
FCEEA3D8560CEC3EBACB01CAE5A51E420349F602191E5F901893142381351CE17047E764BE50DEAF9E4D8C38B6ECFFACEB141E54A6865A88A60133EE9CBB4C256930B0B168C1C3AB59FE1743FB422C7166082E934AFA5EFA3E4BCE0B69362FA7041818B7FDECE1DDFB4D022007CA23E521F0700AAEB5888BBBF08023E128B4
310
045381542FA256B0D04E28A0C3804E233A1BFB476A2F48FD135BAF9843BEDA3264EB42BA499601F16B566E72C7EA35908ABCB9176BBED43204C696AFD3D7B24B08D3AFA44BE243D88A6D9D0B6562B52F741E1610C0EFBBAF2B0829289A640EC4C8A4FF66A24430786CEBE1E1E61AF9507BFB496EAEB64F8F49B4129EBDEC06
310
5EC1F8A3F228A3CD0950883B41BEC6D1944AE06147289600A7726313AC69A3F91197F1438BCB743E76F01F6EF1D1C854071670FFFE43FF1EDED702EE5A14C85D0C42DF90B86068800659AC88981855E3E774A71C0CAC2F76754EE7CC87C808D1E1E0F6CF47FD4224731337BE1E39C5010823EE997B1491BBD99FC8D8EF7748
310
2BEB5EB2CF66499A8E0F7511B19B3EFBDACB6507BC78731B1B383D02FFDD7BE8DD9256F7D0BA7B46015941097B80018F700FFA024CC08078F51806100ADBFA163ABA8A3B95B9D2F92AC30BC908ED31FABE0CBEBFFF0279B675868F9AA24E9530B08C174055B7F48E4F58002F3E82F0BDFA003E8B431EB6C4A91E4D9B5FFB79
310
1265BA8827BBE5F1BCFA7F789F72F75EC800F8AE43FFAEC42F13009FB905A9A0132015D0068ED7682AC608BA6771038DEDB3B33082891FAB1ABF5614F93238079726B833958796B845B731FCB86316713C1DC581B1E19B424EE32674093F80776F7E27C6FBFAC85C536CD955B96EDA2A3FBF770FF4BE11845470EB3E42D022
310
000E0FE07D161811020742162444668308801E133A4C163BE68F6826A5523071CA78B2FED51F28F8C70FE4190073A3E5D3259D7A288CD19BDE623F10021BAB0C6E327FD507B2741627727EA00D31856492F9F009D7F152D930704E642795C1C1B336E0DEBB7F0FDCB79318543B25341F36802D64A981A690B94259607DE0B1
310
9D466BF8C1C5E1CEF9A3FC5C639FD6117B4BAEAB453F8EFBDA500A67E8BAF76C8A06566E36EE1184E8329419161F83D843D5DE7D8221163E145F56921C3EE383978072129E290A9B7166E63D26BAB1FCDBF710009E4051842390031845F20077CD079407C575F20364C4910ED2A574BC357630B0BCD8DE39335EB175646A69
310
8458F6A346F003A93002E846FFE0C459B8006E506D79BF902908A0AA05CB5E73530E33BA1D3C2EF99C712B7C8B41DF4D2A7830BE8707485FCFAEEB85A09AB6D39BBF7B4F23E00509C20DB04E240822A4B810E04D8D53D10D504C059ED86BB8697F514777717A8F8144D48A4C89077F7EDB00E2D89DC02A7B975640A282C49A
310
4AA84B70B12BFED8EA6584860DFB7EE23FCB00C6BAF7332FF259FA3C9346508813E372F1DDE425065BB61FDF8300F7EEDDBE8D0C6EDF46F7D8823478590AE23759D60DA6B7A9F125EDE8F4A5D2B37470D0B63C30DCDE3D3D59A8D1501EB1B0A5377517BDD6E301F995E3F955F0F58FAC2E81CE172A8344AC03DC6781939D24
310
84B8FFC15E8F3ACCD3954CE19576B942D0A029188EC7013FE59AE90B71292DE774F1F63D60230180B30A2EDC65291B6211B4081128856001A680015CE000708254891851D4B3BED0FA4D7166B466BFF1D2A924885AD12B387FC0FCE6819AC3AE06A7AA4B715F0927B74D119D4A668FB54B8A8C268D8B038A207D10A7B1E95E
310
42195B695BE0240F7408B311257C23F581E987C180140C584A02B1670CB817CEC0A080F259F1360E58452013200E3EC107AC1DF4FD7B0F6D23F33347F9527D9F51E6138E31AF35F1BDAAEEEBA3D71BB402E2FB47CECEE96B4DB85536772B07C82A34F3E66D0BCEC207FEB9E70643761276F7B50D5EE963CFF80C7AF4A2130F
310
5BF8C4EBFB5F07B709840480DBD8007FB7EF3F90104908BA457D43AA2A6A02C91422285E5AAC143F3313A0CB74D9D164933B86C25587134E8D342B453FC982860D09FD13ABE72055ED020E85D3E312F74C25CB0293D978A1C4001927C80B86FD06349126EC219F0C735C8053D8F5F310817EA01F1B7851F406144C211C6362
310
C27DD51F1E310C0102280ADB891E9B085CC528A2B1369A46BA195B9A2B351862CE43174BA73FB7CBB430A5798F4C54B7333B96C3224A9863AD02B9FBD8E63092191924E77C199D92887DA594B6DCF0112857162FD0949FE6A441F5E62E42FB2105BC405A2301A3424601DC807912CB2C39C604A27908021CDA30C4C8C2019A
310
883B3A8BD393BB3546136EAF561980FB63E9E035FF73B96D09A905ACB2C11D79571C5159026227DDBDB81396EB03F14100BEB66DE1FA9EF82C3ECCBE318119C4269FD014E66361FC8BB0B4EA9A98EF3D8848A01360430284335004C183CC25BCA82D2302EB03B8419241C64DF4F5ADAF77B533BE786334BFCBB8DA72BDBEFF
310
C36103AFB30608A0B39B58D93F0BF42180841DD26BDC22CF0A770E90240006BAC65197D90920131C7B2EB3CFD3C71C6378A305EE8488FC1FF8D391E2BDDB0F6E3F45E7C8207C419800DB410073A3173942CA8D5242642A74496FF115832A6314D9FA4257577BF7FCF8F8E8CEE8DEDE5EBE76DD3CF892BA7FB8B90F629431B5
310
525E92A15A3A4A6FEA3FDD73136172060959206591F4C927196CF645AA285CF3014630121754261C0D31E1A7E3DA2DBDB54B04703BDE3A4209F02045C4BB0F529A14BED07098A2A1CD47513DA64B512F409BC01663090796D787173B5AA141B1B39BB470EEBCF1E30F9D263ACC4D05110797CEF7B923B027F089F74D1D06F0
310
A4D8C0CDA6604023FCA45B76C5CDE0BF3845ECBE13E0C0ED73700A8A753C1AC8AEFFF1B407FC8A20F42F0D94019121DE304077A027D4112283BB8FF0072444D68AAD111D6F591BC0061854BBC048EBBE9E81F6A33A95C21BFD13AF3C7E7DCDFFEB0DE8903F77B41DF178E99C289895B0EA8CD640549D68935BA7C5294E0A1D
310
66DA0CC419BD398E6265789CA1241441AC94532A3C19C95340BEFC68703077EFC1D307B71F3C500859C11494838E902203A2BE90EACC5135B80B078804340C920C2300BCC06F7A1C71B875DC572C9BD1D84BD5FB9363CA6BA7D03E5C40FDFC54FC23C9B4B9DDD028787D89219038523BF64E638BB37CC25335937A00DFD328
310
69C5B390C8C32FF25C8C47A7181B4A599A224A9DADB0E0406FEFF9F183B7448F081E3C55024FB33828784AB61704482CD0160C04174F9E33BA9291D58C2F1F1B1B3B5863B0D9F3E51C35C253D54A23E560E2C0CB3A6F7A81382601C2079CAE96B7B1560D20A341E85A928A4E01083256420576C2ED477E2E565FD9223BCC69
310
1CF394D3D8E281501E0EE5C1C8159E92585D255CF30CC854C75318006EA4A01028EC853F9407C6053910BE105348324002260254886C156260F9189EE0F8C9A3CBAE9D5A992184568A69D5183A7DB97DB089FDC57AEE54F858FE54F577DBA85309640290F2D220952620750C5811FB772A7876D1E4040FBFC6474D51246D8B
310
3FB378283FB514F8AB3C20B8BF7DBE5DE541C9A5D3D38DDB30E00151E02523081BC89C2214103E0BC1B3D0199A08E002681A2613A2616CEDF0F0F9C5DDC75DA395C25C0309C03DEC8091A4AFD3FEB504AAC6633930556DAC86EE3561941E862C4A75DD6B6BB3A0C59BE153DFA73EDFCBC3CE2188D3D378FC976D0EF9A95B7C
310
8532F527CE3CF539581E0FE501291E9139FFB65EFF5DBD8E0C18DE3077170A64E033FD278F18068028802F156C3809FDEB11B1019C208D020C9BA2870457F0F8E1FDC7EDD393E3B9FC9C4308E9315704233F960E554802C14716B0B45DAB5EAB5E25AB7830EBB8D25E6CA94E4AA01794FB1EE164FE9F040FE82C940A4BCEF9
310
13075D087E85A7237D3CF29C47E4E676777779528C4781761F0BFBC1D3A77880E40C9A2E5109180D5255317890394229F0F082010354082D574F1E3FBAB7D6553C2113DACB97BEB5526C7C6F69F9310A94C46CD89FF8F379AD1AA035FD00FF3F320180F01417A6F255A3A8D86319FE0C0B0E06A0DCD33F79841339C01E5BBE
310
1911AFCFF7C1E0A540BFBDBFCF2372352686D863F83F59CB6865F43104007EE06F52406F680341102048A01BB048823082CBCB0B6AC48C313F3E7CFEF8F2D1FDC3D6F6F9F9D9E98D9D7CAE5EADE2A6512FAD7AB526E17F600C85550DDE9ACFE9D97E694513103BC69F8A2813176032C890C1E9C49FC09C61670FF8705B1D73
310
86260E7C8E7122C7F8208A55139E8C8D4763F7EBF5728DF9C34677364E3A3F9AEFDEC9CD95470788834F9FBEC512379890B38C94205B2557987C4186DF5C0837608DF0F9F3CB87B7EF6E920475752A01460E556919B2B64296FB9FB70DD5F47232A0F77465BF140CD001F00ADCA175090E2665A14E6329B62660E02A1CB50C
310
6025E3DA252A670B3F0FFAA5EAD94A509FE7036B159E0D1D9F2E76B7AE1FD5A606198D3A747AF450023CBDFD162278B9446688111009B4029B0F2180AE20A542D40610C073B47FEFE1416B2B12200F3C991C2F54EC2491027A816B0A34A9D05C6F437AC23462385DADD75642EDDA738AF1600DBE07EE8437804D2D011A94DF
310
71C2085EDD40266A407FFA1D1C00B0C03927E60338E3B9D8C47D1F8CAED578E06F7CFAA4BB63B175FA7C301B747CB377F45192003CB8FD34B12009224543D8604494011A80C1903CE0518C986208E1C5FDDB8FDA161686873BBABABAE74FA637BEA894A44078C19696F326E057D7F95D061A6B0394A9D5F2DCAAFE4C2388D8
310
A6E9AB7695CB0BDD0A332430F1A9333DA41D1FFB97FA09AE84E738C75C407C260408F8DBD5EDED7DE1570A7BE333C54F16963B46AB0C2B71208EA3D16EF4EEDCD7005241166C005A73C03164792151205C007288AE337B4D7103741BDE7B7AC913350B348B2D767515674EC6F72A0402BBCB41C81305AFCF05F2758D3ECAC8
310
D26AB97606DB9581A4B7A8FFB068CD5C0604E6849046B70C2B60FF0CDDF93C13822B4E82FA0479A68220E66D9FD775FB3C1A9CDBDB9829B6AF2F77EC9E0678FB20ED8D1B1A1A39D10F9812E20D6281F5673121AACAA9C53424000DAC173F7E18C3052EEE3E78E7F1160F5AAEAFB70E0F7775CFCE4EF384DDEEBEB9C0889D52
310
43BDF557559FEDE5F17AB21E118C4C31A3DF6A96B56AC62180293910ECD6B721047664BCFCC6B2DD3C65CA0F0C823DFEF84083C7ECCDF05898EEF158F4FEF97EB9C123F1B9D1D1A3D9F9AEC5F5CEDA84A3C96C14A55584D62893D6A54D8D2028D05C8B1F124884543F3223B29D208B04910D3FC43F5C52196AEB5B5F5E58E8
310
E82610F08C21BD443801233C0CE8BD1E40F84A1CA86001990048031ABBAB11EF83F9283EA89F181F2A0D9A9F62D94B7F625FD727E6A93F63F200F614F7CF100D4511C07DB45FC5F0CB4CA359ABE4774631FDAE85E599EA0878A3C33D5AD6430CF4C055EE5FDB80629000D7855DED3F436F3B61B3DC7FFACEFD2B1BC6FB0696
310
312CFA477CE87A87070C7998E04FBA78AE3F915A065E819FCF35B410321D9ABB308146A11AD5196CDDD7C477A171C8AFC74B45CBC6F641AB53C8D4ADA5870C02379BC0470CF83DB55F073E29CF5CE5F7A3F8FD62EB7AEB1774C2C6780B9523F9287193FD23DDB79FBEA513B45200E2E0C1B51350163AC19043C600F2C1DBF7
310
DEBA7BB9B5457BC0D840CF325EB0BBABBB786D301437000020004944415472B491ABCCEDAFC0591201CAC8EBFACBF367FE7B6E40E69F551BBBE7123E3C00AC560CE20C62436E8C3C54CC225EE08C0D74CE26148877689EDD004FB2BFBFFFBB984035373A7954EC5EE8591FE531348654514DB1D1C56411DFA2A7C212BE5ED9
310
1278F2851A432244C6822C29C85A8B320ADCBDFDD63BF71FD32648E7D098CD018BC35D7FE89E250EF2AC75F96C15271602687965C844B8807C6E7729D93F22E81D39ABD62A0820C1FE9F11CFA7208125D33E96FD69E83AF6052DD32D49FF0802CD9F9DFD39260389A950887A647CCC99BAB17132DFB5DED35138FB3A060F62
310
95AA5E195BF0BB56495A5A4A8FA440026E46A047D40ED2520A441C302D240F201FB8F7E0EDDB0E12A04D8816215A0579E8FE1B1281E9F19C9900DE79842E2A7CCD48E9876EB01C75DBA0E0C8D44AB5512947A00BE7CF5DE9E1A6A6BE43CF1A78783DFD5A404E4477336C1ED8B18908B2A847B2AFE9839E891137A6673BBB96
310
FBBA2A4B8E9373B001F08369BA11BE8ABC4302FD2345FD6014A127068427D007BE28B41D9B0D40FFB7EE531FA673C8870A69135B1CEEE8D009C08042A5B4EDA314920B635BF941E7487E45256439DFE9D276295F87E698389CD49FB394FE19720412DEDDC40E9CE9C6DD605E0B719FADC416CB15AB3A61F9B5B9B9426E54F8
310
1D8B03DD950946D432B40CEDAB7BB5AF11213CBA73C9BCCCDAFBCF06127C7980FE6D1DC9B4DF14832D6568FEAEEBA76FBF438300B541064ED33F3AC0B0D10505306FD370AED02859234402F6C3FED006766DDED2034D90D119057225EEE3DAF787EBF30EC51ACB4F551678BD6728E1944730C095F13E4D81A4DFFBF67C5BEE
310
37E62A85FCCEC6CC6C7BC77A5B477E22223ECA4FCC0F87E2A5E3EB782BDB25B8CFC6736A044DE5A7CDA604526361D650484FE283B77EFBD65D52C1C73C4F48E7D0D81ACF572F2E2280F98FB230508FA906B42DE240ED651B301CEC83DE1790C9FD96B6CBF986BECF3BD332C18EF627A0B6EECD5B152E02088D03D828AFFAD2
310
6B05BF671B4F9A09A8CE0CD2707F67F2A4B3BB75B9ADA331C1305BBAC182FB4A79820B7EEAF73199B8404C0B81231CDCBB871B80FC41FF5860E8E108222A1A076C29E6E03B6F3FBD4F1F295DC457573C7ADED636D6B7B8C88413DDF3B327E1046AA51040B40CB50C7E3F1D2E44DAD34CFA604029BFFBE714DF0C069908027E
310
B275F1F366C132E1A7450B04011CF82B2B647CE754F650FF6E25BF37AAF65B7BDA16CAA791F1D09F6CAB989EC5AB7809BE145FA459E8D3E4B0FB47DAEF093B946FED585B80FE1A0305FD5330FEDB4FDF79FBF6BDE81D8300CF6815E5F9896552412A03F31FCDCC7CB5E32365550CD9365FDCCEC8752E943161D78047336F8A
310
F6539840A1F2E764FDA2970999F205CD2BD1F5CF496571F76EAEFA0E1CF8FD2A55FD06391F9EEF8B9DC9994E72BEBEE1FC928E2F223EBA0FBFBFB4F2DF137BC894B8087643D64ADE6EDED67F7680FAC9060239E845FC94AE93D880F994FBF71FBCF5F66F9F32C292EA900F9C1E6F1105E81C5B5F58A067A448143842008D72
310
75EA3BBA3D2516FDF02FF79260020D6B3C714711F3CFB61BFF56A826E627E82256F7400FB387FEF23C1C1E77FD6A21EBB1B2B35F2F95E7760BE1FA3ABB3A981423477517EEE36FF96F122B942F6FB64D9502BD1B9089162532A2FEFED255028FE653C9F46FA321E0B588B7DE79FBED07C44106CC85133CA65190543004D01D
310
02D8181DDDA5A9C91A7110805B7875B689FC3902200FB192E7DFD936B37B57D9C338BD49E99E181F4E5FCAB2ABC1CA7AAB382CBC7D515457CFABE6FBC63D525E5CDF74B16378B9AD6774A58531912D232DF01BAA913DFB7D3AAFF912984302B84D0500077800D26C60A4742101DE420C610C2E92FA93056022EFBCFD5BB6B3
310
8651470CD33BD87630C05831BA864C85997B8754B05167F0706499DC442FCD22592AEC2ABF3FF13F950039BF159FA9B36ABDB2778EFF83F70972B83BFD3F4899E64DD8346AA495CB155A7499F2CE39B0AAE755125EB84FD8CF8D8E4F4E9FB4B72E8F1DBCCB98B31BC4607C2CFF21C8145FB48EA0F2159F86A3098415609554
310
DEFA7B27EF1301033DD06D274BAF6821D220DEF96FA4CBB60B3CA241C021D38E1AA76B4406B4767576166766A6C7F77273F5F395291BBA19F64F2E3095C14F3E60371827741CB27E89543857D6D96BF9A47C6A9A26057840332EB843717AAD171880217B71FCCC0355AED3D4819911F79D0EA8AD6DA31A83E36C5DC2D47029
310
5C011302387069158F6C9966022367ECF1D00BA9BB95C389AE7B6105A1FB640689033A7FCCFFEDB762189103A61C3A4FEFE0D6A6B5A19EC5755A443AE78BC5E9235B047890A65919A0D2F96AA3C01CEE913BB3ED239C3E0CD8DDAB99E4348BF3F8B977B6C43DEBEFBD7721A839A63B94C06A10DB87FCBFA3C2932F8C26F88B
310
6D6BB30C3C4E09AFE40FAB52EFAA1EC0316920E031A46D65A0FFE45A673432E907FBCF86717AC04F2CD0EF512D665FF53F05BFCDC43489F150890C60A8E0314E70A06F619D30D841189CA15D3417F3CD50191AE4396543F0C42BCFD696C58DF163F5B46D708BD5FDDA5E5E5FDF9401BC4F7E00E8A17520833D1CBFF495B5D1
310
CE037C664123EEE74737268B5D1D3DBFDA6AAD8C08DF2C0BC7A737E10AAB2A7B958990CEBF556CDBEE823CB09FB344143463C630CFFF585D330CF0320E921744A7918280FEEF981161008E9FBC78C830217A07B7D6985E83F9A79884ABB5AB383B4D7D788F9FB3D867A2112A43F19042B33A108690CF6F472F8661CFAC9714
310
78757F6E6F2F7AEB82FEA85E5715941778B278281F28C268AB24BDB470EF3303E09C359E9DF1CF990D8A096106E6A66C8620DDE7D281DF0B2831F20439A30D68386CE13E002F7EDA8D7806162B205D6A19AA1FABFD6B1B400EC2BFFDD66FDF7E8755B4883C043F43046C1326136680404F1F934EBDDFDD39CB58A98DF1BD78
310
80E0532E671FA1435E9D6EA5E9071000BE8F262E7C4044FD95D5FD526EB40A05A634775F32205C3D779FDC168CD5E56BF982508BF572BDA4F6F57D3304BE9EB18149461B12F760D7485891CA47CFC44909136FBF4931716A2E100123FC6CCAA6A644F25EDF4AC980B14039009BECE8B798BF69A05DC5B6885CD23F8E13A46F
310
F0C0A986D617F001C52241801E87C2974C31411DA3A5D7B6175472763D637D3E57C33B908F867F4A59CFCA7923375E5F027A983E18BD7BD4E6FDDBB2250C1529F4202EFAAF979DFFB1F2612E87EBEFEC58581EDB9AA95AD1D7C1905F7305BF8182D5BBB524D47C4E3B81CD843220DE1E6536497C0962C225F75A2D6A998303
310
B23FC501F0B3F736EE1FF01200FC8C99F5515207C9C40081DF304C0A17D06E26CCBC5B3C47459308178301FA8057C2C0AE9D99B05F038828B08400F2E3251254DD7EB8BC4853B101F99AB48E387457C96951E5DB670648BAB70A7B04FE93EEC5F5B183F9739C98952C6845C380D401B8FC86E70A20744EC720E09D35955D96
310
A9041720196D183AC2CFE6AEA816652D0234883D788BEC8F5DF2615261DB031C2381092401B48D8D2D870FECEA9C3D99DDB036C8A051058030E32190976718C89F031DFBFF2EEA3D88606A8A19BD0AE305BDFD12BA4FF46F1A0002B07137989C748936E9DB2C91F43B07E4E4D16C3779CF5A4FFE8CC981F07C29E34B7C012A
310
F0054FAEA4A6A3D49D3A16D2B3CF220A029003366663053C89B3FB1827080DEC2780076FBFFD8E39810CB0593CC68B5D9009F2D400418028B0BC6CC74067E7C9CC0C2690FBB084AA5254A12AF63543B35EB40D17B693F7E3464D5094C00AA9E04E0E0524F5C35C5EC6BA94B21AAF2440725E2A9FF94FE7A8F0E769EB83FDEB
310
039B631B18BF396F5C13CF89ACC02C387DA56DC3B1CD84B96CFAAA37B55FE723B611062258257D331F186AC93D8AD600B4FEF4AD777E4BF68F2168FF08C081A37AC13446C859964803961928476D78F68419390D830C1935B5C2A0A22A3AB17D3D6428BF12DC373B8D464E04C0A496BB3B3B75639DCC2500E0F0B15FB6F47B
310
5A7ED0183A87CAE8D535F2EDBD4B3B7FC762DFE65A07C30B2851DB890082ADC07131EEEFA3DB7DD5CD32C0860CA83CD4B7993A175F422A8149B1C1D94C1145059D9C78A8A572A90B7C8B1E3392FF77A80C50220880FF3669004E90F101740D2B808181455A044904674E7482CC3EC85C4BCE339404C0B0BF6A5611E4F9B815
310
7BAB6DE327EC9BFBA1B4557ECB609C1F45326499EFB90EE78F18227F09E563C9E63D847EDB3B68EB9C39E95AC4F7ADCF7D87F6752BB6912040281E4A0D8A8314E80D60470999B8A51FB1488A66A9F3F81FFA61C83F4FA6969E472288FADFD61B005E0EA4284822E018911828E868614DA0C36E11F3A051070BF2F0840E35F2
310
00E2C0C80A776CC9E7E6841C0503D0EDF15ED9AFE527E798D23BEE5F0604E58DFB7099D739BF0BA5D332EF29F1535995BDBD0DE681C4F71DFE6A7AC5A13554AE6910963E9ABC9A0DB5B202225545F5CFACC942B5B93C207352B6E5310BF349AF200175D7DFDF78F6D683B7C87E087FA9B35812C4F8F13452CED610A2207541
310
E6D659A739441F3833CD0C9C3C3DC2B0712F62333C4FA9327C9CA1124904B4FDE0FE21C119776CB0C212AAFBA5CAF80EB43772ADFE77CD9FA8A4144C54C2FB2304C65F62FC3678E4F6C68F30FEE1BE8383CE7DB86F58B1AE0C51F0F055E188D02F00911DDB0991832228B3172B3E623E513FF1734FF414A611A603163F401B
310
EA790FC9FF7FC3FD3DB02DC00184145B850D01D120424DC03C00FCEB7880EEEE939399F1F18DBD4AA54C939899304D913CC2D5CFBC55E50C7FBE4C0E14AEEF53D6843DFF56BE2D554637EA047D3C210E2C61077875FB5B40E19F43AB7470CAFE1C0D3ED3B3B4778D1DF6D4F837C08747180FE8394F2CA1E0A46B6DA62CE2B2
310
DABEDE0B1924098580FC16B369730E9E90541D3730D47FDE16EE1FFAD3419CDA05ED1F2715C607F2E81893AFC5936303F40EB776F1D808BDE393A3FA401E1C706E154C892860AD74A2949C409E28A8FB3349C764D13E4D1D3468952B7B1B35001BF41142CAD58D6011C8B78961EACAB66E9AFBC627673B61FFDA4167950A27
310
4145BF11EA17BA9AA60815C2C43AE1F648E3772E53C94E6364AF826019E723069A8AA353A3BF7FB5359281700061FF64C28C10B9AF0B70B0B0D30A31CD1CFD22F68C76DA1E44558869257892363C091D313EFA46B57C3BEB252E9C6BF5B4799EC58F1910F469E25AA17B343799DB3E33CF410061F96C6D63FA91B1000CEBB7
310
D2971BDD39A2A76361E000F5DBC1688D47CB812DD60F8001AF25B328D173A9E4BAC18CE9F1F628704330741B2649B92E9714447C68559C6CD2F681919367E4811100750058809D0230C087A89FF3C80C23C4C60882E481F48D531764BABD5CCECA308DE2F63D3BB50373D630796126803C2D1FBAC148F7592881B395ED7D26
310
B7DD38D7096AF98841CB37592561D9C6565317AFBE9FC4AF7371E060736C7635E0CBA1809FC80F544DBAA1F2F9393D970D44C0615A0C6930E758B9E63AE690F73045F0C8C0731DE9CD80F718E94652383458799E02C06D328010011C7090D8C5E5336A83D4059953877EA1E1D66FBE994F04608C4C991917230FB61F9AEE18
310
3A40AB9108D032449FD1A7283DD25ED15360EF7EA9303EDDC0043403531EDEAB10DFF87F5E2FD56DF0F1B701A9F614DB17FA0E0EDF6FD0B1622A81FA3D1DE5A33F551930335C353A87F9AB05C60455193448246944A232C5D07636D864CDD7A50D0B4440CDCC465D1C418321F50E1648D500294065D869559EF3C40C8FCC6C
310
323E989AD0F0C73142480B200842802C061008B480A9954AF282052B3AF67350FD0DD30D1F4075AC303A5D490250F5400ACF479656861E4C77AFF327F3EBECA4B57B6B6C8FF62602BF150744656A87DABD7BC6BED50527B2120C001A0B3718C74F0C65CD34F275164D7968148DDF259AB8AD6CA81CDA4E8819509B996A7F64
310
2D987A401A2B04018C01E6C169A8700F9DE3B489DB2BC49C9B7B858A4F50D22AE15428FCA4A1EDB20C83492690CFE361CC7F8C8066FFD0D77AEE797977F468A36E0B0DFC87F90EE6348BC748F7CB73B5B9DD5C6EE7AB19ADBF6DF359F1DC2A0F9E44F213F8041F64274C0859A2AB7C37440FEDDD2F95BE44065F22067E3EA0
310
CC3BD8C0D8194EAB291CCEE20B9CD8E02950AD806080047A279F19024C837C848816719AC4A34DF8F0706CED904E8185753A458A27E4C1E37B5F30A104932BE140E0BF4E400160F320B054A8705042FFC47B4940810173F9C9E97240C7FCC3F3813EA239B745DE9F1B1F3FC2F9330374DBD1A7B475923F9A2ED81716D18D1B
310
577DAAB9D1A0458655AD3CA7E211867AE7C702DCACCD291E0F798013DC01BC326087775C0833E04EA3778FBCB8DA4687A0255CA0AD210C15661E4E92001A4449031D1DD27D327334BE830B64DAD90CBF537A45FBD4E94A7A88888E715B7E74FCD040E818BDC1BF5AC609CCCC015DED23877080FCDC47BD8EF3A7B783A17D33
310
F3ADEB6D6BC7AD75EA7C7852C5B6FDADA6AFEFC2D181C03F8C40DD8A4AB5024F0B72E34B57BC1182472DC80946789AFB711DB7F1193C03C893B0345F420246114D3EA71D04FBA731C0DAB0D3CD311B218F0D5A15ECC105D02F3AC32F13600084731A83220040019B03180634B5923D438300B05BAC80881F061095FED5D572
310
A3323ABD83F1D37A2301A8C930AB3F66ADF7CBEFED30BAAD7D78A06DEB6A87F15491F5AB7E25842B6B34BEFC12C8A159F187C64B3CBD2356DE5FBAB98BBE9583F0E3280C0076DA15BF34C15238145742B07080B1EFB83382F9FEF2239D003541041083C5AF9EF3C8944DC2030BC3ADEDDD9D27475800693049E05413BFB3FE
310
B4308731512F13400D06F813368A0101D8D863EB3E75FCCADED124F532AD3F123F131AB46A93DF1ECE7F96CE9EB6C365C6D6A07EEC461FC919FE288AF7AE1A7D012D291EB073735FF26BBB1C99FB706E972192819B7A34BF22424BEA1CC7958AC2E04BFC8E02DB90A4A1DD04811ACDBC181037864672C78F6C0EC3073A40CC
310
49D5E813593B7002763BC6A909D31AC86F3F6E335C9E1C309BC58F16418642E2AF6B290A34FEDC0CFEE08FCA0F56700699CB73B9C99302AA17BD516D7F1FD755A2B32B3FBE7134D3BEC813195BD355020A7DBB541539CD2C06E45F46FC0EE08293E6C0E1972176D9B678340AA1A4823404EF79B1E2347E47C35D0A2260730E
310
0B513025DC0BD1C07E3366E9B9D17F767405FB531070700035618606F0B40C73C974CFD321B0C174A80C0F3AA54945FFEF348F5488895713E89B5C98DA501E06D8D24FF04FF0CD7ECD7BAA755A854EC6A180AD13BE094E8D5D63BFD6DFA5F5D3E4DB1BA18FD8473DC6E17FFC9832B71A2A94D96E808BB53F9192955D62C82E
310
282B05168AA0927D54AB20A20A74800B7CC9655C8B15F62377CA4C91641F9F4D0478F4FEFDCE273A002CC0A725EC165CE3A149F0333E8E9600B2C05A7D15FD831F0938DBE5D0FF13E3C0F0765965A0961C3FA86DEEB0E28304747BFBA5FCDEE44C23544F7BB7BF7A132DDE34F99E44EC3FEEAE92F667A10F7E90B0E8C6442D
310
F5A5318B0F816311DB2E6DC6F172C363FC800EE09186BB9EC82A24C0117700CD884AA42023B81EA6E0CF8B3056411110D78606EBC5AD5417B45BCC8E61EA01C4006AC233933E35D860BC1B6CB9C9CCCE7840D2E0C1C1FFC11CCE54D59300F2B47D66A10F09D8E24B71B9BDDF98FB62A3B897C53EC88D16D1FFE8C649B17BB8
310
E760EB20B784F52F992544753F2CBF642CD3C9C70D8722C197142C567E74FB431EE248A8F3FC00377F5142144A82FFC28AC2970A780C85A7EE9146FA4B2981F3C93BCB0F3FBCB6DD3DE69C72B6073B99140DE28B8E919D9D9E7C2F5FA99FC1FFD07E9AC0965CDAEA0A945FADE52C791EA989E8E7A21A355FB37E44405D171B
310
98A6E946DB26AE71DBD01FEF07FD378F5B4B518724481820890E7486E3FCE61A60E096D577701890EE07CA5D7F2B086040749FCEF3F81972E510A86359C9BB579883035887542090614E5C4461705D7CA1CF84DB564838606CF1597E8119790D021080C935A908324EDE9F60A04B7830A33F0670CB08605B8D01BF9A3D4356
310
93FAB4FD84EF6754930640C1F9D74B052A7ABBA9F502B39DA3BF6BC7514EA4BEC71D752BFDC198EDA8DFE8F32B3EF811E4576B0A2074B99B070A069F60173E7427BDF285024E35A4418B7A412914F2800F1965C4F1120A2D5D2C64400563D5942044807BE7C738EBF3034C4A6F4D70C04ED1F97673C039FABC4CFF18866E08
310
200BB66BDC9CCDCC3FFD1E43BEFC52C317F0F5E64900FBFCDA4DEE68768FFF46350E0EDADB7B34DBBEDE3776BC55599AF84E312229F931E700D04478D66A0D88D09B2276141AF0F8811C5F8067DC04C0F90929F7F1AC9CCD368488AFB965C97B855A3E2E93AE5B4866502E55991B82D4388614F2C36B8484A5FA06E3EFFA98
310
4A6AF17D5C2073299D9F12FD63826F67FC460E54030981684E9FBFC22009A3006962285FDF4FC84B699FB5BEF3736C6072F6844C15EDF25883037DE6BB7AFAD6AE164B367812FA8CFCA6FA25725D99AEC5C6EDEEC64ADDA2BE0056002032E1D7A20A54CF444E360D520A5B69816C0A953CE0434A8A898BF18E2B704588C01B
310
DB2133342F5404FEE698957C200EF54E31BE6DF4E888C9C67F5F3F1B41F922777E7FA6332677C20098C59F762F5DFE4A23F9801A3BB6F8A4F66E0D40EC867E92DEFCE84C714FC7CE8DD3DD3BDBF9C781B1C3B549FAD2C89D711808CAB100E09700BB85240374A7209212F320CA577222A7020E7824500179FC7096C714884B
310
DFD9499E027ABEB3CB0226CD293CAE6E0C41A6788F396606A073E28CBE5CC67D584D36CA39D37974FE1023253E3FFB007A26F657FFC901D851130DDC2BF54884F20D5D40A0B7E5C7BCC7CC87B84F2ED820192CCE1AABA1FF24ADBE1D03635B5B3B53D4A5F84120125FADC36A0E792D3AD7E255792CD5241A4C84171F110409
310
0017DA493D0A7790A7BDE6DF326180398E4B0DEADA5C2763825E43E05C388E184678C88CE6422606C017F030366981353DF03A753DBF6370879F79889DD0BF75408724DB53C5B0063AB6568D02DC47AE4627B58D7E367A6000267E7840C23A0940B992DB98ED1C4731B4FB4DCFB6D3EAFB6CAC7646F0335C5031888CD74E21
310
03380260AD47176D703960230370FBBF28813524C17FFFBD6288BB28E4F905ADB4A788B40B4A6201C1878BED224DE9906C4C79EF32EE679B9F5D3B5DFA137327320643909A823F62106CB8F9BFE4BFEAFF0FC7A6393EC7F64A698EFF8ACE31BA05ECE6DAB6DF124118D1D13F892F3D3530602E3F3ED3D59DFB821ECFA3D9AE
310
85B1ADAB9E328DE738BF55D5DFD039445AE76D0194180F57B15BEE5F09C07F952F9A10372BC894CF7DA12CF6507E2A8916E0DF430C519485C55D61EFE209912D8C32866214E121611E22A0B1238DB18E86636A3BFAFD5B4EE02FF1E505F902BDF424D0516907BFC95EF3A76B6B3872769D67E25B548F0DA46E2B93DFDFD5F2
310
B9E9EEE1EE1DCC7FBE6380DFBF38A165CAC73DF912AD76A4690D2B766A3EB4AFA2D05BE543EA20B095FB17AE3F1928D84482049B659E671A4763CFA567C08824913D37F2F92F841FC244085C1681225C04AD6DE1684831682CE0D6096B56101C0D4FB3A1BD3F11FC1105AECF5660BD3FEEDF162B0D9DEC6DB55AF27FC98050
310
BDDEDFF63ED14B01336053A19DE9AEF5F5D9E9D9F9E19ECDADCD497BCC57681922F327EB41FF681E17C1921B04FBAE371AC69E53F98183E91B84897A5DB164158BD1D12FF6F6BEF0E02847727BF2628F9FD48B6FB11DF6928C868B29590A0606F92140D0C08850DAA7DD8A5FE8A50389F61288AEB743E9C801BB67DBE0A7F6
310
4F63BC87770FDF57AA73FE1F5A84F8DD3AADDFC32087FBC0A7D645C327B97D65E7A8BBA76DFD9BCEE1B1CDE3F5F7CE4E6DF4013ECD7CB60BD1239E8A4E9A5722AD9C4FAC8F7FF17B214AF8801950430639A08E3ABD05A0D94E253BD5951C885B0CE750309070555FF21F2EF83FF53F4E15038B8D8A244740A5C9CBC120043D
310
A0B323FB1DA0A4EDA268C05A304619505000BE10415DE898809DB6B66896E60AE347ED3D6DC707CB7D5B5BC374A158EDC343D0EA61C217D4878CBBDC1D85686782C3CF4272E7DCFB5E9EF628F5A95AC1AC0C6848F5771329EF8DF2BB79EFEDEC8DBEC72EB7F245287FD4B31008AB38EA4D52F2BF57167159E3004CD8950E21
310
7DDD6F699FC763E9D1A0AECC701F7BD4430A3E030374066938F883C01DE40E7DAFD609345E33570F4CE6BE467FBD7F793B5AF2A9D331D86DBA7BF98067918F9FCDD609A0384B523F4413B574B818C6889FAEFC5E7B8F90CEFD62BC2C85B2478D54DD076635BE434FCADE68B3ECF1C8708E27863DBEC352D87BCC7A92A8E135
310
700CDE65BC114026DE5DB68275E656D2C0D4087293D43BB4C9C14EA83C0D806783B40DD7CD4F19EE9F33801F55A3F1FD600017A6CD5DE607783D5F74E34680E7DAB98D99F6E5B5ABC7F7DF19D8278322F6A97FDB2FADE1539BD945DDF868EE2B8B70D9EDAA45D1BB0A5801198CF1DA891540474745BF0317F8A3703E02510A
310
E94B084221F887FE950272D62D4232781054A87C58D015CD45EBF9B70E60820A2056E9D4D619E8494BBFA68B61EBDD8CF52CCBA124BACD4A4077E8420A7F36FCDAF661E577B792A7E1B7E337C7CF1FDEBB3B49F501F3C7366C1730E793F51FA20A9C3D2E9F18E63DC277449054CEADA36DA0807467D45F8A744E1BDED725A0
310
33868703F1392BBE221158220588F30574A0B0893D0515B0B7C404AD0E7F40C11D504C49BD7DA39A85A19CD7357DFC966E5D92272FF06D59CA5A6A1C8AE30E52F1247C1F1D78F81887F9F3E387075B170F9F5EEE4A7F5BFC69DF02FD8795FCFFAB472E7C88D563DA514861B85BD41594A75F5E866BE69471110A9F75C8609C
310
7E6BF6C7C727431EE3E9E3773D2378C25226E82C08104A57ED273FE0921D6990E02B006BD038263BA360355E8DC446A380F0BA35FA9945A80CF60DFD54054202F91897C241C147D59F8E0FC67CD0F2BF377A3463F8BBBABCFBD6833C57E214AC3F5AE9C2FDE88852968F20337972C7E04EE5658223008AE82D93BC37D8DDD9
310
00BD6B16EF221F0D4149045D740A8A215D4FC186C658E01994B8CCD317465828704BB630DA2243B3B4ADD3EA554A97408454148C04A1A0CAAC2E04033C04073851F54380E0BF2DFFA43FAD3D6B574F2E1E5EF6E5F4FEFBD1CA87C161FCBCF5C7AAE2F726F814027BAE10F79BC3D765D61D1803952210A9AA07F8C6BB2105B6
310
1145B324F96014EF223D4A9261080239F03FF6F4DD4975C183B887E081F7A467A25EAA0C94028FEB808637768B07400A8235D4EF33143253198900E079E3FACB0C59B00F827A5785A6FFE2FCF0C0E6F1714F11CDE5140D931D707950631F3DE877F300002000494441540ADFB08704E252AADE1BD4E8DF55796A32B9B6F177
310
37C67702E5C638682737286CB0E0A89B624D5BF28222432848C9AB8C07170C97B814FF492A61072407D638006F7C8400860444C01B1930A522788045633DFA9507267A3A42BA05925BAD705CDD3792FA23C1075C6EE768A673919EB6C3FCFE7629B7310AA794CC9C0D14A1FB88F95C845BF22543F57996E0B26C9E4C2ADF18
310
7F979F8A55F11B47BC26594C52588518D25E6C2B1CCED231EA1B748F093E5726A21A54C91EF95789041030C20FD5AD68613432E19A4D0DA2505B6BD843516E10BB00AF9AC315EE9FDB39CC1F9EA59CD88F9CD071D470C86C4647FDEDDBB1CDAB81DA94034747A779F4CED497CFF817348F69F52E55490840E48840BA72DB71
310
F3E84F6DA2F4717AA928F153DA6E4C7E8E00363CEC9A2E1C8E65F298FC4A52F087FCDEE5CBA38A80CBE11FF7BC2AFF249203FFAB77A128A001B1987BD334AD9B901890A8C2005B6B248196AD09C0025ED841325B31845032E327C531C839E66DBAB39566B631C2FF0A1DA5A3CC47E665AD8751B47CFE33899DF047C9F3C365
310
E3B11278D49DF939298E09002F6430F9958803309827A7C791048CA070061B7E9A64C557D235F83EE24822E5EAB805F9862F20FC58F483DC0EF02181F572930205107E00E523861895A2811309808F2B6C14B2AA579E893753C155D2F54302007E9FF36AC5FEDBCAD47E182D91A73920CFA5C18E01F8FFF4C3F1FF553BCAD0
310
E58DEF85DD63B91BE38ECE1A9FFC4AD4A1FBA30D462C328C5A0340DFD393D3D3D3C0659195C96990F391EFF4175213BC74C020922D4830FE215E76940962BC0713A3B82784C0CB6623DC40D6E1485BAD454F6892200B225096127FBD82D2B12006BAE2E329C771E25FEBC0DAB3B5395289D56D7A8A89081B34EE06F80F819E
310
FE75C67DEEE95D227E283FE98A7B9F1C97D2D05B4D07A469153C3DA3048EA68FA667A6D90E291C7D7E2D063E4D044964D055F2DBF3E31BB851AE9F78A0A7314F0AD24901F581D74A6929142039C65AF5830D1C809536CDC05E4BA51038F79D713DA930CF18BA3010E385351CF47F74D439BCBC793556A1F99814926AF12835
310
E251C59BEA3C083EC2B2760FEBDF4304C9EB87B35769E1EB24B648542CFA4EBA9EF93CD42F03C08F249A2C98897D8E2225E90077823F4A52171A61219998CED6FA050992B6B0A74A2220ED12123004FB977084208F8E2AFC80F456CB110BCA647A3A0F854085D84FE0052BE31FFE7F925610BAFEC06FC33F9931BF063F39DB
310
3D1BB20EE357F594045F4226131578582CB055A59A073AE0413989D215019B6EB8A21CF154D71164E0D8F4E730C2CD382D098DA5261456A425643686BC8301710F2C50665881399156AA2B4C3191BC555728384800CE10040F746A3D8A80A5F0E500A93456FEC52833BBB45203DACCA37FE1D3EE4B9BF0EC27ED47D89B8266
310
F11EA2DB8B5A8BB93EAEDF0C06B7AD0402B9EAC6E787365535AF19F15158308A9D9785C1BC1C01377F8C6B4D07B50DAD25649764A91DC9812C7B34CA98184084F7C01055466B48058CD44085AF26648520C85C41C67805462D8425680425559F4440F3ABBE1F3F81B1EC72708767DDC8FFB6465796C8FE310FEABE0C9B242A
310
74137EC3E0427091967023299BE5D6D4D0C6D15747DC2AEA4ECC57C72856E827D33CBD319D70FF854369EB841282F84B7CA4881447ACFCB257E252E00FBB3272120A75B99119840858486615636E0E0334031AAA8C08A62E080053A0AAA4158431EC727A084021D41CF5D630C94184F6FE7432E8F5F9A4FCDF3EA7CF136FC2
310
988093F98ED622E38E4976E1BF0CF49D2889E6DF3566719FE1F9B47A2D3BF89C69155DCF24F88C609EE551160F0415900B4C48FB013D8900A9192A700748002924771A3686A0A580FE4009E00ACC090253E280B90AC15048E047020483A038A60ED232831F2CC90498648690D960C48E439F18F4DDBEB0B6F5AC7B7B89F623
310
0243B4FA160A7B9327F3AD5D937C8BFFE5FF8B3A5E64283BEF8EAB9F71159514CFED62DBC880614AA1F7994CCFAE7D8C87057F451733699B8DF87056E1F0654B5021E38097E4E23221B810DE20559AD183A61C2C88A648DB096081E9801CA00BC1DA0124E08DAAC15FD2936905CA8DA1C40E42B13F1764E0C4015EAD7F8BFE
310
C99A310B1B7C0BCC7746D3C0702759C89EAD57122092122D1F857067684A578F1DAB7EAC400841F493A468113282FFE42316CC74C756B1C880FE78795C692813CF4644480EE9B02991BCA257A71861F00666D9410288487618D120D0E80D7773E2B7DD180E100EC98B221C94BFC4FF531A09B986230F1CD08378A8E4D0FDD7
310
D9B1BC75F5C12EAD7FF83F3ED19EB018620303C217A6A35D826E72ABF2D8E2BB1B783F6E48D2E3F360806E1D192085D022103473A10375B63853EC54F500B5B064DBC20945B88160DCF7E4F83A0200BF6FAEAC88E9F54D22D898E43F378D20B51B5D6B1457000922202800DD401A9266483029C0D6D57ED80D42A0E6E08835
310
F0F3AC73D7FAE6D56185F04FC44472B854EB7D9CBF7134DF3DDC35A9F6B38417DD6F508B37C1A718B0D054124176F7222F62DFB327F34D451799D56216880193254FF782D7DDE26C271BF38C6E422E271CE4AB8823C9510F021126A7A944E00DB4031D013C88EA0746C96D4574069BD5439C4110403B40020C30B07A604F1E
310
41D19C21A93FD9002DFC35F23B1E7B98E95E38387E3603FE7393680410D702FF9ED5A3C5E5CE68B5827D721FA78F3A9A0C08A79722D9C9B418F46C0057BB1640C70AA4A03D29CECF33987596D53CFB27B32C3BE304C540E14BF8464E080918268D254838C91A01F0FFB99154FD8A9C0495EAA6534A6C464440B4A71E16100E
310
7405088122A35F7A511DC003D002E6C8E7E15F6D1D2FD09014139EC11FDC89394621F77B9F88EB5A583C41E2FEDBC8F82334494C0BFA97FF3C3A34ADE60385B60E5A30CF036E5E75370BE3B83AE73B3B7DC0BB337DA0045299ED0C66681E4AE223D01B1BC3BD4C921E2005FEB5114739040758189BA8A320067B62A3995E47
310
20055065AC2B4A8006BF8CFCC907C0063EACE41813C5F017065AD46CFDC6FF1BFEE052932CA3478C8E5A6F25DC8503D40F61FC1B047E4DFFE8E84407C81F1AC7B5C79DA358551CD0D13785A9AEB38D6EB68A0A8087FC6543E7471082873CDCE5CBEA1EFC5CC0579469E225428E9A43D6A6000B4219DE52E8DF00A55F4BF503
310
5960661C2DB88AC1F67C2890A93FC420193C8326409E7B595FBBBA9AE1D1511B3F6D65B09AC10A71C2317201A603E88C56CC68C91279E83F5C147787EFE6C675F00941D23EF092920330982DF38C65EDFCA89DA98E8ADDECCD77CB86D85118F3DD9884820B1128010D02F1060F582871CC8FF42024C02239273A1CC3BF71E7
310
70DFB7E96081682803188118B50310BD620234F230B12711B063E0F0490FCDA9248B580D3D3DE944A30CFCF2A1E0F6E59E8FBEA289CCCC943785BB8880ADA9C2FD70F6A13F5418444E3A669273C006C4B4EEEC067827539FFBEA9CFF04D84E7F170480037005AAC8829084329899F90B5E013927F8E646514B4824B01D11F7
310
2C012CEACD163B6358A4454A4221D06E68A71062520649BF9E9127D0772D6E5EADED52FF216BC2FC513C7D3C5CC4C8AF009811826AE20203B076A2AA66D8D32E317DEE0EFC000FCE16D9E0BEB17C74AB009256C5D8AD1CBABBDA61402612C675FBD72D07E633B1A42F2421208CE01397560811204306617A5141706105C9F4
310
984C459F2D0F6C392FA05BED808512B0B9A8A9FC6CED89640EA347D31F0DF76D3D9E61E800FE9F7601BE4C9614A1C58E6C839F13A12D0EB426DE6386B82369A9E6A7F1F9146EB578A2EF4289AA109B4F6CEFEC0463E0072A05CC9DEDEDFE08407B173B8AA65399C80B2911252E6290C82CC1B8909140C11B7AE161B42B9390
310
5045D017E00CED6D27AAA15F2C2179F1E83D411A7020B9408D202381E7E5DEE5A9E7E5CDE3B186433F488AC81554BEC09BC579018ADD1DCB3D9D70F02B14BF9159A4DA376225FE43DA224FED327941705DA582B2FD1BB5DC0540667B650BECDD1D5DDFB0C7F36DEE2B94F6EE2EE4E426F20A1174C31DF153321A24114C4FFF
310
25E505475F6906D4149B21F1BD9D9DF7B059F8E0FD83323CB97991FE80EE131A9003B81C491B218B1D42C0C0D593D9D548003839DC29A740298B0C23F0CE14BB167BD61989AEF0B985C8FAC8F923A73F31953989F0F6C96CA6C4D0A9A88184BEDBBBDA3BBADE77CD8E2FFEDEEF46184A86671D7DDC51417477BE9F04804F30
310
5AC82C2D018A21EA903866A0F959FBD4139916D036635EE03DDB7408BCF0627A03027AD314C09B0A27F0A79490D53839D0DAF1416995CAB24101FA63F75029D57A4CBBA9FB4D120ADB17FB5A999FC9420DFE04FA670430B90FE7F589F7FE8D50A4B5F004CE5F07EB4EA007F8AEAE8E8EF7DB3BE2F81F42166C7246FA9E62D0
310
2C8209BA1024414C483498B50229FD923F2414040B2081390AAC353B5283EADA12A30B1080866D746B9ABF5BC107F33C2A015B275480759334B83AB02175EFD0DEC785DFC505E0064F4EBA5A97073A74C5C9FEC97BD25D819E28AEE661FD2732B8BBFB1BF13441B3C1F45E8AC1752BBF80C113DE960E0AC7D9D02C58C80505
310
A19BA0E84B14402601A590A4AE00A825E98C3212342302EE10FC5100681F86834A2804BC409D70270A2091DCE874B16BE0706C974EB3D26EFEDFFCA6C4579AA4DB781708469F055532A7046C6BEB0CF39F3ED2EC4FBCA3D00EA91CA68FD2B87B5C191E0EB2C300F00A1C9881F263571C6CFD83D079D09F176FAD839340CF03
310
0F70458F81F09AEE1329505150CA0A00576B56C06D58070B23086F685E44232D9D53DE3FC3731044F286D19F459351863F749F1104198D6E14BBC68E17CAE70D7AFD958E350BEBBC70C9C4DFBA075240DA27D40AD7DB063A097DD3F041EDB3E4B682A7A12A548F3393DB01945547175879989302521EEB1431B08759B632B1
310
74E0F700E774FCA1BB83F95029ED1A084288C8893520E49415E00DA080AE8027C34206D35491D050A4C6B080F6A20889A2FF82379AB6234F6710C05F9080ADF002B9C9F9C583AB220F45D618D7E7F7547FB27CED8A8B7A7D24EDA4988B0C1C2A1AFB53FDC61BF3DE50D63C560F0120B0372F0839DDDAF13E583B868717C1CB
310
8CC71D1D7F440CC82184803144196EFD58BBE00B7EE77DE8C015942357FB06FC906A5E2B8882CCF9FFE184B0035A5CF186A962A63F84B3AAEE3D5A2C830008807568B6A9F424086D2095A3E262DBF124350082C4B5DF4704A9D2C93553DE47BD6766B69349610716999FA25854F759CA9792599D3837ACF6247CE8597B0F96
310
0FA3EC45B61715050260C5844FCCFEC9666BC71F875B17E3BCB4CB151405D7D08F846B4CB952248B4603CC402B609E90F0044A007FA800EC46D07A51232B00E5683C55D5096E1374DA4FCBBDE2C25A5B8D26008227CA7758033D7D70DF12CAF7F247939F93F1CC63047D63ADA0B7CC8771B234D8095FCDB577B586D1834062
310
035670E204B245EC093FCBE15626C10D210CB38A13F50E10A0D5C0814B0C4B30AA9858516001669002229618F100767AA3D6D2528595FE7A398C2D2300ED0013A0AE60B91644A057327BD3C36BEBF48C91279B45F8BD145494674AFB211A91977CB838DF35DCB3D6D6AA2FB2784B591ED785DFD7DB77747DAC9D2F7674810E
310
FC2895F9ED8007EC7885101679C06F21E4B1C8A6120956F80518D1DAF1717BEBFB5803E20C6F2A11B2E48AFF4AD2810A70054623E341B3D1ACD92DA91150DE631EEB2C28882D092049C0DD38E262A7BD6F98549930C9D44B7C37028AEA9F8C5628A2BEF5704C0DCB2B428181B1BE766F43014498D2E57791E4C8DA6BD2ABF5
310
003F0C40202E2E32EDFB02852D16C30B7F646B98FDF86C7891690043128B0A0DE6B4EA27F08C30CA34C9D0AA0852A5997F8D11A6EE84E040B20472020256F4AFEBBB74E6705A12083B249089218E6452C8E5A69717E904A3F5EF3D5D08EC1F4D4E85086B238CFFC11AB9AE972CB775616C6D1DE04DDF073B4DE3747C41FBAE
310
6072901CAD0237100670C5A00C2C3CE063610ED824826C1F6650700E88C00B62468903A0D71D3A390255AD7040048348C56C4647413C2C2561216E0C469203EF06A5B101AD40D0E207F78B124747DB5B4BBB4E88B1C373C114E0470B345156EDDBCE1B4DBDF81DBC400746B0B54E05F693707B89A5E430982C2AC7D10DFF11
310
D5B102B9505034B35D07E8E5F585757F088B390F2D4C85CF7218E8418BB4F25B885053D07D5A908326809F31D6CC6B77CC948413B28664484439D118DBAC27DB5AC40C1AD166F25E6A2F0AE82100C0BF220405323E1FF80DFC518CACA8DE1003F3C9FAE9C7B2D60703A0004F8EAEAD2DE0F5485452D15B77B4B67F4C2403B8
310
D8F9C533558ADE058A9E177A1698F75DC0EB4C800F74C0270178C8579C1FACD025F0560844502D2BBC01E620030CB93636C1041636A693949CD80139FD15BE107F905590A292840F8860706D07E2970A2F15E5B13B87C3143CB2930374CC46A6F9B9D7A5CCCC14E11B9E879A49FBE27ADBD6DA82410FBB94FAA8487D61B51F
310
4BE0A03FD08743C31020D6628ED20305A22C2C2FAFA7ED1E7881C438AA5B9035F20759E243C51F34D0D5F02F11403B9E204CC1686C0B6C9000470561519CBE1B0E4FBEAB37A39EE4B84C05F023858779341991F36D9D9F351E7BB3B5ADF00148D9D05784F9AD8B037D48C01BFA83D4247F03BB768BEEF973A14E610090D4B9
310
6B1EEC5C5E66928F28EBEB6CF578B067DD83086081579848E60DFC7684044D8174993C39F886043481F6A2B743B18749E52447CD4D230513032D20D20206E536E15BCF7B7D211634F98FF9986287F33F9A94615A5A0A7CACF8DF5DCC1AC6EF9AF1945EB78E0A2FED1DA2ACC00EF983F9A012260BD722EF61C9DBCDD8719703
310
ECF839029010CA0B9F100B1D2842153E01A1A3837AB579516A31982FD2908A09100DAE591016CBCD4B011A2F4DE299E1338CE065DC4841BF9895D8C81714800CD08F5AD39601BC929B55D291F6CDCEF2AB40DD5D98F4E6F107C47AEE4A09A079C05316F479DAF4C2BAB83221BCC0CE23FE3D3D4C7BC9AB673D89A3677D6020
310
F6E182332028012FA0FBE0B2668FB85485902A8E7FA0BA2105C213E20BC2169211A4BABA7D693C3F1DA961F203694853137073AD5CD25F1C017DE0477626D7BA55B88F83B5EE513C41D814639FD1BF759171F4577D3CAB0C3DFF68B2D3B1F8478C18F67BEBB2598FA76A4545E9E961BACF657E0791D2373030E0EC9FAEDD17
310
BEA7703A738185D08236C407448A4CB504CBF01FF43859D3115488EA01B55078000DF085911805790DE1B41B6F8CB2889C3834FE02AFE07D85143C6C008438A944EA63E047023A7EF37E13B0903AFEA7BBAB9579330FAFDAACD540022980B65A75FBA17D388F1E6576405CCE7032D95BDA420E7DC0EFA320879E5F8B3B04C1
310
D2D9C1114210C19FCC49DC6A855E12010184DB8968109ED016E4683CD552A36B3AFA13BFC2114068935A7E774CD2C7225642B73325938052D8634ABC18DC9442BF9E0402E85B42F9F3273672DA8E8F1070405D1DC3248487574CD98092B8B956E6AFE1566530B78FAE05B4A0DE51FBAF85DD075C7E11939F80E015A58D1F87
310
E400CFFD2306C4D1D3C634380A201545A92BE01F445800BE12302AB477BD6F62600D211232EB061448A0D2B877BB940D63D059C37E0569A83DE93E214F4BD86209FF6F479C640AFF8AF6D1BFD987D029A94DB7C329B4184D4BB013BF912FB88FEEF913071A8D82B651BC10DB067A7EC52FE1B421883144C00F64FA23A11CF7
310
08BF16CA59F18D4C04B8085964B2D8DA4A855187000BE440BC816FFB13374640B0EB1D0998AF38A1AEF503F14302E2811081FC12EA6CD38A63B33035125F40F170C0B0AA45E9FCA38FC6D688D48563B5C4B4B7C359D3C7AE0EFB16ACD5E2FAA47EF8307044B4EBE1C71E84E742D81431FB06B90B600B9C239E277A57C94C42
310
7EE10E7826980C0136600D916A06058CBE8604DB4D314FBC014EDAACD0820F14BF75449B70339490FE5A0491221BF95F949DF1235380E969AABDBE2D32EB4403D3FDF17F42F9A0A7C28ED75BE86BDB7C7EC80C76F86B8800F77B305EB88F00A4352E0F8089EF811EA02A3DF08F7DA008F803BE4B4EF5F41E56087099E92070
310
8C3D720916444440FDFA013D4E1201414123A09290F5BD7AB729298209C4306D007BB0829FD4EC3A6D7E4F00B67DF38CA0764F832F0448E58439B952CB4F70DF964AFA74CCFDBABBDF273E2FF4F56D3DBFF2A78D42FFF2755DF307066497F44062AADFC0CC546F6DCCFECECFA232E14F408F05477D311B683A35BC245FCF8A
310
5CD2AF20022C21022266905A5BCC8B20235D6FF04019CC04058AC80023662E25F342063165956320BE50370F2A657BACC817DDA3DDD3EFE04028645780A768FE38DBA88BF2EF3ADADFC7FEACA952E5A77568ECF0C971DF32BF1D24F8486B22A649EC81B1B60315CBEFC026091CA45F858D7D04C1B437079431E63E38F88075
310
8842E780A9E03791C0FAAFE10012588C3C592FE35461A6047802BA18686887023A422A49599399893103942CF6DA53A8E387825FA0678B261F139F801E2B17C901D0F5217E07AC2401A87D0480F753FBED44FE949C93A1D042B879FCE499B3D861AEB23F9C1F372F0C24D0B7D6E70FE1AAF60F84BAE642D82F0A9F53E22783
310
915518494FDBC0AFAE7DA282E5050B703570E06319A015E00D693A6BEFFAE493941C3B08C13B96BD20D0115A9565701DC58568A3009DA13E965765C03091F0FF339F7309D44F6E61F837F1B1FF920450EB8FC48F9B40158BE89C81A597CFB0DAF5F5755D3886DC13D4479599B583758CBF35663AA234F133F91D3BCCFCE0A7
310
94367F385C59B19431780F1C099131384056616E15A1563B50021D369C593FB292685A68A8B2A50A0A2085CF05434617E05FC24A6B077B990014421A68401AC4D65788EE25F737EB780D08A6E38F060F2ABD889E1B889C44852C2FF368C1E3E710D73B6589EA83F7417B341ADA1F639A23D15298F087AD0326410E116C3A1B
310
325218433C71AE62C07C1480F1C045629724A076A4BB8D622D24690486727F56108D07046DAB065000678E04C4F8C342DE27F4AC102D854F2D08D59B4ED0E4F697B0FF62F113646BC5B7F3131D4EA8BF8B265EA3F2026E7061B96F6DF3D993276B2180B8E57067587428579460551049049B074CF8B1066C7E14C705F0B392
310
98C0997C17F701097023BAC31081390196801FB0C2A12380042927503D5A01CA127F9841B460310639C674BC8CDF1A320501448E0068905B07F6E5602F8C1F07786253438CEC51AE61FDB25FF71B09893AC026A9EAE3F30F369F5D5EAEA5801FBAD3C98B38C13EE017B054F81A56F05259DBDA64FE270B1FC4C77200FE276F
310
E814B916E222575ED717A62A92956504605268408CFE13FD61F84252228376060206802B9550F00B9D47E6AF1022538A752CF4FFF1F5931384A9FF8700EDD4FFA2B93FCBFABB3EA6C607FF714B0B8B04EBBE83B52B246092AB018C0D0002FC490849F1E214AE6FC42009D6D86616C835B65DB9862EFC4480C14137603C3089
310
D0A5588FA27E693DD184131BA4E88C35045ACEF1CDE1A82323C20B842F2419604821196EE8185BC834AD44F8E9B7549A32900196E9ECBBE20FFB4706861AACADBBFD9B56A23FFD3AB8BFACC18B1B5AC0ECD7B6AE2E2E9CCD2BE8AF1B1BC3A813B94107E82DE67A42E7CC7D4A6116700B5B2EE3C338A09B840F07C40A64800D
310
7C605AC42B72227C4C7020AB1F20056E26F542717F56534261DE3766AC10A6ED2D006DD03BA9DBA507AE0510A8B385C92363B9154167F1230C40D76AF6F3BE0CA08F8BA2FFBBCEFB09D0986550E0F0EAE2F2780CDF850CB0F88CFC2815FE87BD83909F474F45DD47F1C821DB2107A8817FD45384F57891B65F2543D0C1E20A
310
89B4A8DF806862AC27C60F6A054627FD344250718AC0FA21CDC4E28DBF2650D1B39D8B8A420C348A4F846E2BE824BF8C45E1DB8EEB52F576F47A75FF95F90FCE0FD3A7A08D48D5B9AFBE3EA658E1676FE3372FB57F0AD8D70ED4AEBA3D4C2BE0AAF1C3AD63A6004D12900CFC481A47430C9EACB390038642C8C41B13303166
310
614210592736B8603AD4FAB17189DBB32F3915F0C380795A089A15228460BDE8E52203527D41B5470901B088D84FF8B3FE2BA7F4FD30ACAB3DE0B7E2FF95807AB0010FFDE3A048F7360F9F3FB9380EE537F16F8673131325D3351A3F664022020811A0FE8C019CA17370725CBFF64132025DA1BE2555102212E80A907FB43E
310
D80A991A8AAC183932C19AE17524B06590B6AD286EB99BAD18FF4BD64BAB519202F992A963648ED30E7521F909F090C0213E367A77D8836BEB6F34D92EDA624183070248351F1A079E5D3E7A9EE81F2CE6678F92E299EE312B6C0572C0A7B5EEE07853612403813152C7125E2022A20C18F855DBAFA399817FC97FB6E1CDCA
310
31D348434ACD0012F0D32A5456B4007E6E92D72B1A4E9971223A42C1042819E4049C0C5801300C0013FA48F8944FBAE71DAFC27F1826FA2304ECDF3F6C10FF47D5C7E49748DDD687DE8E91C09394EE0682A4F84CFD6067EEDF43E67EA46CB2F4070160439245F00343D03BF25D7E2F26FC400A896DBF19FB8D4D0A66DA669C
310
3D608F9CD048A0533621B25690EE19D5D15248E390F042B12C682511B02BFE3E5700E4C9A9B2107A8F45248FA48234FD23005ED1F4EFE80D1320836F04003BF42856D478D1DCA3ABEEE3C68F9F30C3A16E5C238EA5DE3FF37DACC2F8B7980033F47FAC34421EF0418A045394802CE032D61C70023D788136788613887C0011
310
A4EA316E005718AE191F8D0D841B9C679CD2FC478442D005429166F5A24403B1E6ACF3298F388B6D0BA933D92339D48969A5C11F09B4FF017A9900A4F887010C474717E10F36468032FF33F4AD610517777104CD920C3CD15FC5F3B3A0C75BBCA3B00F2724863C10BCD4A0E00736C7981F2F72E4B001438B99714FCFAF713A
310
2603BC710376A1715FC602022202E06FDEBBC680A3DF1C4C095A12C50B554FE7623B50374FB2129DDEA4C392C9188077658C87F55FF92FFA507FF03FC8DFD3F31BDAB46DD51AEB03F7E1B38B8B87CFF47EA1479C3EBAD5C6B382C221C0F1B358B39D76D9D3142C4A20935F541E492E0EF081BA41B3620A8E172B584EA14856
310
32E22A8221CEDAC6110AFA4B6D43E2B76A18AB240BB24337721C9321D2C033B2D3E2641A55A400A28403C12D1DADE39AD23FC5FC08C47A64DC3FF6DFF76B5235124022D7E6D6D5F3CB870F9F31C96FE477FAFE54100068A3A87FA5908A2C08011CF31309C10025B089FEF9C510522B8DC07C30AA469841723A10C08E27F00F
310
7FBC181C083F2809EC3B2B328E294AEAD5A071B3A95C81D2DE3F930372D022C9C793535B92FDAD5426E90490C3C81D000017C6494441544698C416520C1C40C71FC204B22448FD9303782FBA67089A1A7D4CE38E89050FEF5F1E078A4DCCFADA058032C34C1CBC2E1202B1F8962B1A8024F0EB7A11F209E96FB369D4B64202
310
FE7BA230AD24C46413536EAE955B341B726C593B5D4630C0BE822480908522B0D85430230352618DCD4F7BA6D568BF4343801480006658EA3EDCBFFA9702B4FDE9022163C43F9B72B58001A23FCE6F0B3FF0E4E1DDFB9801A6FC42FD0132CC1F2224F89933107AD30B6C9131A53818AE944BE25A70810821C38F098411980E
310
46D108F483DC63F49B91B852351604091D60546702F58A3872A1716411B642C7629C267E64E77719F46B0548FD6BFFFC86A38DBFADFCDF700228C124C8664FAA02BFB1F92B09800876FCE4F2D1C3FB4FD0A44E0106A8DB8079751CBF0BD9340066C3D52BC64706467C05B5A54401BE4A1B0132A55EAC1CCCB10D378A3DFEB9
310
812022327745EF2102886A9142C812A1A2C9708027BB55B7006357459F9C2080E0BC34489FC629510F3017B62D5073E2A2C64048A0A42580E413BA9E08274091A398EA80B5BF31C87BF5ECF8F1C5DDFB4F22AAC181F070AAFDDAE5650C4000516440D8806786D874215149E69ABEC43FF0EFC820FEA112B0522003C84BE03F
310
B76623513B6D840820358B084119B0CEC8C00AE888826339A54091F5FCA513AFE147975BB1A86FC50618D9D74502F0C7C8815AA306602FEE3A5E79E0D7DED1B221001118B73182CD439A092FF801105D1AA14E1918EC282F6260869D55108065988BD67F68E5581720A708051F7C8070F582389C682BE53F2AFD85853F2A01
310
3D21564028E06E79B7A71E43212180A81541EBC88F451E02385100491AB0C4A3BC5309A95911E66D04C0B448366988ECD204C2FC930F8CEE8FA410EE4C25B58DD1B6EBAD83F6196670F7DE635282C0A56A851AB035831725F0471A10FE52097089C80495804100318405F0DFC2136004B4C40705EC9154315129205EC35793
310
0035688F61AC02188250CFA9A980233925F16A117A48CA54DAB6400221976B75D863330942E20EE3B00B08FBB71AA813B0E502FD2B023DF70114E0D7DF2E2EEEDE7B789504200112075478F2FBD6897835C91F0C20782401E801A2F9142700B74805703426023A81CC0BE88B537D0003E0C5181D29EB8D83050964DD258091
310
0A1E7A8138F76253DC01DC2F3824391AD748276C0B0CDF12366625D038603D0003E0266CB42704C8CE7FA7F11B4D59C0BF454A78F8FCF1E50513715D469607031272358F04E0003C90107223A581218F10008B10247CD20D860FF0BF48801040B361808148714764028EAC137E871501EFDD97C89B52107FF1235B0928C562
310
530082573CE137840EFEF82A0BDC602736C595912FBEC69E6A3A26903B3A300C5A098A9E3F1810CDFFBA019D97B4E7A7A075850F2E92569BD960CA7B8304995FD006FC4213BB1448A6F4BFBB3A9F9FC4962D0A1369129B10073771FEDA38B1737B663A71C088D8848027FC3008DAC4E4397A6F76271DFFFCF77D6BD7F1F67D
310
A51E0E08875A6BAFBD6BD7AE52CC04A0B4A2206F650EC412841A48258258E8662C3838FBE21E25172C2A15A4F78D82DCF68A005DCF07047C183E1CE47731BBCCB5469D9169E0D588945BEB637E87802A03D88FB82486210D28FB3B858D13DC7CE75F5E6F3B03C1744D30CC58C7C7A256146853A05243060B850072A7010CA4
310
7CFBF9A1E24F414037B8781E8E9F219A774B36481CB43E48A79819D638C8760D672FAC19FB9D3FC5EA9158DBD0159C27860409682E8FF2595652FE189D2CC2D7C023E944158355806FC320087CC74116030CC376C559C098B93A041C5DDA48AF33827D2327DC761D19C17CC62780D82A170E6CE7415A5E7FE825E053048F88
310
D2AC2A561CA4D4C60098DA28EF1A01382772484698F60C8DD24BF396EA76260542810A625978C03580A9CAB91D10249BE579B0377A3DD15749A45F24C4D81FF3D7D7996F6A1690288008C0FF6CC186DA9D5FC95BB09B1301004B016E707FDFED306A1BE8FA208828F00BF342186839839F1F6FA338DC5A0200FF383DE92614
310
C03A4508DA18F4D85F9354F7E867AA77A42FF49BBE6757A1A7454448D0BFC3C220714FE43A3D8F1547BE10F0BC5A05985AC3C28829A06FE24CD062700601F4AF12AF99099B08E7071DC4626A97C920C3FF96E190C9D1FD7CB6163E800D79E5F3F10A9306C02B799E80F1AB380E0571A584C0370A220C3125000B500900D96F
310
EA40409F980E2083E4EDF4D8D2480AE5667222E020BCDAD4EF19682120818FE18EC7FD6AAD67C03F7DF1955E697456F517AC4F24700C30171C67E9168B109A4F60AFA60F98BE30941BF776DBC7C70792A2FBE98AAA97224F8BEA39B47BFD14A8CD03320DA2B676E3AA397E652E30A42CE2987B7DA1EF7F75242413800A04C0
310
270C62A13372400B435ACD84B8B5009208F5AC73EB149FFF3508E21C2201E0338BE07E50EB47E7FF6D97724A601028C5519073E7978EC88834410450E074DD58AD13A4900103A6444A9CB99103229F0EF8C0C78161EBC68137240734CDCFC349807851E0EB46CE864D2E405ED341B71A390CF2DE20CF5193189E1901E866D0
310
230409684B193D17E2928534D04240937D3C84477494FC5E0FE0B448E35AFC19007926C1C6A6E622FDB8A12E30993C6710E070397C4B26304C0AE38218D19F01FFB15BAE1C0E7E74DF75F2406E373C414E848FF8E500EFAF3C1029C9C0ADAB2313A7426CA9B2C1B9E30032C84EF31A09A88A386F136E8C2F1D582EA0459207
310
015F10F1F001F0B1B7DF7222011EA2001F00BFD36BAEE0850928B08C077030FE3806C880EAA74BCE0863A952812E6008B3A89199C1EE918AF96AF583F1A073B0A355B9D861AF1460DCFB3BFC6B7EFDC834B09700CBED3510E48DC7129041C991F06BA5006CA6B5B34EE21501374E8DFC910042036111EC9C7CFA1C05D48A72
310
70F7F835BF04A4194DA4CF76CEC66718C84CD020D04C412AC848F03E3C61A1C8D50D0EA6838A00376054D3DF61A0E393E1F8B058A6C994093476D601A4A06F0CFD3C0A6BFA910E75CC10400A80FDA93AC9B5EA4303F6C0D188B559086091CC5910137772E14F2376D03181B5CFE74C0EA38440D0AC256D6C4D104CE05302FC
310
C00B60B9CD4D71E08BD40C144A025E60D4C1F45FE846A2105D717EEA84808A5DD90A168E133640311CF05DD870768683F5D2F1800F485AEBE5CABD8FFA3C0BEB33702493AEB551B1EB035EF5C8E5757FA7832141F88E8578A363802B560007AF93D7D470B478C4D00B412D634C9140C4F9275C00DCE8DFE3C7F8C0AFBC5B2C
310
E82E3C3BDF393D4375D50C43CD1C17E3777CD2C170725B7B42B41DF15BFC344DAD089C1E9118522B4A2C60B794E4E8F33081BB7C8CFCEEA0B2015E49D586429C6C78646180B7710E06018A3082243C275F077FBE412C17DE80D3E6B9462C5204C5D980D1DF84A864401C483CD01B143F4A4868087A0F780F37230200A4FBF6
310
AED325114C367C22512750A5C7C3E32D545CE20A0904183BA10015DCAD89864B3E1EE97EBAE8B204266A48E010511838E2FE413FB116E60880C2D8440AC3880DDA6DF6618C138CF1CB2A09637E18D00F80CB0DC05322E31EADB8081C29410903F06BFCDF5AB46024E4A75828056440503C707856EF0C037623DD4922A400E8
310
A6BD75E4D2800905F18450A00CEE88860C8964C7B3F90F56528BA18F71CFBBBCD2D05797E168FC37DB26DBE0DD2EAEF39686C18440820013C1444055402A541400DD362A0A402F1FE51246404E098249FEE30708C10CA0B54601053159480C00BAA9B1223A773234FE72FD5C3BD81804D8D196FE3D5315A0C981D88D04FA01
310
DFC185CA93F9120E1F480B08063364A0A318F08DF95056E4C91F1150D31B011200383502E079EE43CC18603AE2F88FD139C802A739F208E88D06DC78267C448C27C4113C19B0F51B0E9C1C021CF8F9167C6B1F2E10E461002910105D1042792D1CA303F469714C018C23D72179E165049C40E801CB96CF334562E5807291D1
310
E0C70FE6CAD91656715F0E5C5E70F8D7F83290549B1BAA6F781D25180EBCA93EC84E72A74081CE3020789B3790E1A9E478E658C099BECFF01E530E80EC5FE31204ACFF70AF8177A03059240CD074978A002A878BF883FEEC81DD684E406CA630ACFDE87292822A11953710F000885D6F68A67ED40CD772B0828359B753F7CE
310
23D9479AB9845771B389D6A77130F8C134EFC83947392029B10E4425440A84AF0E54825228FC1634D369874739C837A9DDC83C20D320C36042610ECDFA750303710224D01202488012CA847424F8D53F78AB6BECE9B3B35A7F32396AC6B7444566327DBB4DF06FD9616744F4D3A397EB3B0A3FBA8D763702883ED742FE5CD2
310
4146D8E353ACCF811C806AE09914D8446E93840FF4D6C963FF32BFB6AB015D1D3B0C9A0968776F021F21404B6260CF84A14F35180CE20B5E85BDA2EC91FD5A7DBA7E5705F4F0F97AF26CE18E3BA078138202400A62930FA6CC7882F911A92F33E547E64990B0F27323D73B6222863F86425153FA8009361C675554C25382CE
310
148420C8DCC47A20122806CA178A0918C14CBD33440289078A00EC6070184CA9907FD0A1270478E0B325B67C2193694EDB7DD0F3C238447C8A11485562FB4902134E6AC952FD5320A4F7C780882DA9684285CD81D278C0E8FF8DEC9F45D22DC3C2CA99C2728110888799575B6834BF22B0F01EDE72D7F21B672C40F0A97299
310
9E2200B7C91403F9BB3D09C01990819238CBAE5E7510D7D57450507E3DB04AAA0A3C280064E0775380C8C16EEA4834346A04BF0CE847B4B3AF760D06D24BBB267C32E2C9257DE5EB748AD101AF1FD33265E2B674EED8C01A0AC901392211011AC810560F77778E85B13BAFE3E25C95B70919A4862C15928BD8989664AD8638
310
101D009A80F00BDC41AF27602A4BDA0C077E550048E7F1011410F01405045E1C140B4D0E70E0F6E034171C3D6FD12004FCC1FA304312518910356628A4A326EC9ADF5DFFD1B2C0399503F14B4F8E3E0E4E39A06ABCB56A8014687E86E462BDDE5124615ECDB412B7314F62E6E0C76ADEC0F717B360E741960104CF1706CFA1
310
8E0605004B01AE007869B095ED92144A807841EFF2811C047889A04901C809062057192688C92346F97F279449F89B113500BAD282D1DA80A55C27EFFE02C8D4F395003F285B617BBF0831F49B055342DDDD414378E8888E92C16789F269A27C9A221FAA4A0DFDDB9F935B2ECC04DC51481558A69301E0460B02665AC4DD30
310
C03D480866C3409400051811876014C0F294C542821AB045011A3E3F09001FF304E3A0BED05CC11A811B865001769507FC01ADC611F400CF68C7B093606E30F3C7E0F00C1D10C31951C1E2D7252181DA00345842A19130715C736EC9ECE686A712FDB31E4D3E50AB336E5666D7B212C0113C4A4406029709B43D0228F3FBAF
310
49921B19CA0C82A2D5BC4A2079809240F37D3E10F9637607C3983F0458508A98B8B4EFC92AC13530180CF55359500080061DF59B98BB3FEACEE881DC8127F182A885A86FB12B43C590A4380504E32305E3148BBEEB2D2782029765428092545BA5C2C681FC5F8E869C0EE1034A822FF09A12C94084505AA868080303473F81
310
61F7AA0A6610745E280BE4427FB770106F8800EADABA19F453210435BDB2348471B13B65F2FCB554827632C4C44467333E4127095D22092ED492009930413251B5408345065065E415266E20279A40B3F520370BE2050C8360E6BB4601C1673B9BFE007EF5200B6483CD195400A783E6DEA0653515B0FCE8E86D1618FC1EFC
310
15C2E727F24F2A2DAB57326D8D0877D4E298894E7A0C3C7D9CE8A0E2D17AA2020FA1097D6372F2A9F955060FDD467AD0426368C24A8340FD0D6687A76316DEF5179ED9042005A2BF02A5DD810A4DEFA4A8F700EFC50FF4FB8C06410F0303C106ADF8852ACC6A2CA9046E9ED070739339857222CC009E206479886EA26227BF
310
7A341A15C351A8404A6C10080A2140FA4B4E8D9B9A11645899332363FD69887F436A660566964250FD752E787B64BCF8E6C8190DF8EA0C854C062D8A5A1346F810414313E606ECA0AC3A01D6928544029D5F42E202C0CB386F880F7842A31287061F32F3CBE09F2950783394F2F2B23D85386C6F51943E99DD10C8A0000BA9
310
569A14805693274BD0E4F4DC3F28E331EEA91C4F33ABE057889BFB92819187840A08E57A276A8BFCB75B0342668C70C565C8059996D209C2800941A21FB82B2F520BC2E6FE6F1A8827043DE17000DACC8193E78BBB8DF1467978C06F6AFE986123E3A95272CAC122046F4C65C4B88FED2F1CD1D918F7CDBF8903BF1A90057D
310
42F4DC133AF804ACBB58446A0DB78806FC053FA1E45D0AF1112613CC0DD976C5E70AD3282F42725C0D02AC8588DE451B1C01ABF063E7748A3882F0DD484BB78D037F9812240EB88B6034C0AD53E5116D4C6D920C6A89F084E6D0598AD7EB6930CC7B293E27A666E5CDFE9A3FA52FEB3C97976FDAAE9A60008FCA6B33099CF9
310
880D35D419FC687D424378E3099441E110C5B3C6DC311E6653514A67A530D863326C4D8430E0C28024803B5B069B0E60C10EDB6DF087034171DF01F1F3404B27B1056D8C0E56E7CA6056E7798147BE4C2F01CED5987E413AC6A724876DE3F599E0601CE7B9CEF3BEB3671E12DCE8AF9631B8031D3F360B6955DC2342B2A0E4
310
632A00264C0DA002220CFEC3E10D9BADC8904D88DC51928593AA16C91DF6FFF82B3234404C7214D0F8608E0052283EFB2B0563F1D072936C4017706010BCF1B16CDE0C1FA9C777E44E1F5259B0C9BBC8794A82A6C182A3AF56B16921405351FDDC91B5BAAA617860E8D76C97C377FE701A4EB4378FA97C2C8E3CC8950886C6
310
FD93AF70A1F5F676B7ED16CBC56AF5D09110EEB8607CC08A795882358280DDB98AFFE7087C6EB593D62F041CDB4018935238E73F1098100D0C8769818F777057F64C703C6530E142FDF5C837AE1CF66C94C4887D3A3726AB990DEA248F73B5D32C8E04F6714B1E67C53FC52040252E605B322407CBF8C7F05453462A295ABF
310
4D95592DDD76AC23512E9A2DF964715C80DD752CA8E263AC36F02C3C28A133EB22AC8D099BDEFDE28C3E8FFEE3815D5D00C17C00511058354D62443C1A546280E43572A9C661A34FA5891F8E7570608C8DF21DF51DF9D2A84D4501F41B8CD4F4C9DEB2F901E810C0E4CEB6EC08DFB06341C864CF8D0EEE779A606545E1E64A
310
AF30A4324C20FDD3BD558BD966BA994FA915CD162B1978642AD01694E533EC190368A68234657085B5F88E27A0805E04B8BB6A00A51646EE3C10A50FF007FF410F1963CA69BE2002F0F902E701AEC995FD41F83A3F0C3809A3288A083003A6CC2A20E6D703EE48E3777AC07ADD51EB6101603A9FCF17B3D5928F6D742EE7E4
310
CF38AE2B03C5FB39C81D7B2978FAFE85AF3D2710B0582C970F0FEB0E4D1103B8BE2B4D560CA10002FC8F334C891C07B44FE06B2E3ACE5E1E2D1FC32203110ABF9CA0E8381F68EC3C06701328E5A38278A5FCD944CEA5283DA933DF2A2448BD23F1C5D8BE04CC2DC3B43B3EEC29F8B5FF926D11D3E97EBF7FA1BD1E5E5F5FE6
310
D3D972F548547783146ECD84873F377C5820F7F9FCE5E07378D6CBCB7E036DF7F7104079A05B77C6942D1BA95D47424BFC3DB6411009A42E207871B7EE9B06614BBD20F22F7523FB985F3F7068E37600273A3ED0C1CCC380F6EC4AF01CC1CF95E4848B7BF950AD14C44F10460221E02D21D01DAE800F323704C00035DFE97C
310
B37F797D3D1C0E4FBF35EE1E5E9E0E879FBF3DF6F474780A01FB3DAF01FE0C0798218007C2090A3008BA7682A338F4A8804A06CBFE6A80CEC766F49853F15B2F45FCEA3F8250012841315016E75E797EFEEC4ACA6C79F515CF1738F7C36E2406071051043817C9E8C5888D49D0332E800062FF54FA562BF7446CC0BFDFBF86
310
03D1FEFCC9F7FFB5A7F000430755C2D3F72F2D02A022820897ABDD44594475BDCCA4A10AF34C06B08B4AB58BBFAE30999DC66C7CE903A83CF8EB006EEEAA063430F84B05F0ECF644825F5E95073870E72A0771AB89B080022A0C5A9FAF34C89286257FB7BEA000EC65B59750C68E0815B0D9834B15606328F80709DE09018A
310
C2A7817F83F96DB3D562C10A0A31300230CD4200B87F85808BAF64D04600254047F9C14DE93464009E7F5AABB4FDD6D55142A2C0BF1541FCE19C20C899BF4F76AB54B84CB97F88F48ECC029FD253F0C70DF4816B9AC94BCBD653B1A283C4001A0337955E4AFED3FB790B6B1F5EA0B5514074103A38D84280EE0F5F9BE974EA
310
B2D16AB1EA969684B6E4166CA28264B300474C7308D20013B204A65F82970718D05678B3315D442E1C0A327E2F56556040C005D2FAB1326A68A07507C9E46A3648555A7080F5F50219A00E6222E3E0862CE95B5680930530742F1D041805E69B788161F015944D041182B861A2C17F3AF01CF5BFDF6C343F9171F5B004BF59
310
C016719164B888EA206A02AD05E8464D06B48E4381A0E9345FD171625AC22198F57C003BEA5510F81FF78D31C9B033D0030000000049454E44AE426082504B0304140006080800147E565951464CB48900000043010000360000006662782F32324343353030462D424335342D343643382D414137312D4131363246323334
310
394331322F6469726563746F72792E786D6C9D8F310EC2300C45AF127987122606C71DD918B841D4B851A43646695A717C52A85029031293A5A76FBF6FACEF7DA7264E43906840EF0FA03836E242F406C6DCEE4EA06AC22492573150D1F66C60C640E8938CB705396EEDD86DE9B5042FE27813D640EA63BB001C722AF6E55C
310
B61E4863F58284D5D3F53DD715CE1C3985E63FD7F1B7EBDD617E9F1E504B0304140006080800147E565905C0E40740070000541C0000340000006662782F32324343353030462D424335342D343643382D414137312D4131363246323334394331322F6F626A656374732E786D6CDD596D4FE33810FE2B56EECBDD87244DD2
310
16BA2A5D951456D58A5DB4D59EEE5BE4A66EF19137390994FBF53776EC340E691BB85D6975204131CE78E6999967C693E9C77D1CA127C2729A265786630D0C449230DDD064776594C5D6BC34D0C7199AB2342D1AFB0C94E0985C197CD9984D772C2D33B9B4215B5C46EDD5DBEBBF501E928418288C709E5F1979F840626CE1
310
B24837247FB436B8C0D66EBBB71CABDAA88BDD319C3DB48ECA30234901AAC27A0252A4068EFE279864CFA636DFA06D73FB6DF34E6CB385E1BAA234C90B9C84AFB46AC971FB69E539C3C58D3B9A98A3E1D0338763D731AF6FAF17A673E10DFCB1EF4FE6371303CDA6EB348D6A076424D980175F8C9933B5F97F6AF3250A5D7A
310
8769929050A2D9B56143A45C4AF236261AB08E30ADE190CAD6C682D7D3F823DB7A81A2A9A4A1AD8C53BF9BD19BAEFF0610F23E51CA72C2A33C2F18F85A625FE5C3606A57AB9A5F688E625C1046718422BA66988183606BE5204D0CCF162E0A71CC841795BCA6AE10D8E773A94BCB6D19453C7F8D99C8B400F29114B9D08CFE
310
43D841FBE669A013585BD2A4B894C6162F1988984C6DB158FDCF73E53F2B20D136C23B881630936FF2DC165E3EE782E5C2987DBE5DEF579C1FBA0FCF589A1156F0C813C92CF34E79B0115A107C3D40A970D57D7740E51B40FF0590AF754153F01CA3FBE17EA86C6738C9B7298BC13B6880CC01FC1820FEF1D5A7A95D3F3C43
310
48E3CA639842DAFE204C3533B4B31B90CEA64F10F429F3A471AB104710D37734E1790E8182A2149680EFB7EBBD315B0299C2223C8523B01EBEA736FF88E0572507F8A6E5A12EFAEDE1289530ED3C3BF8EA13C40CA361ED2ACDC663F88E7E08BEF3C5EAF3AA645B1C923B99D80BB2A5092DA098762BA481AEA5FCF7E5179191
310
AFECD1768570CE2EE5C4D1E19795F40B128E0155781DAE5C2356EE28A47B14E184A4652ED7BB882A4CA39405EB97A0CAE1CEB3FE5441501D06F9CD23A093CCA0BA878C661C146326CDAB99D03AE0C4795006E0AE726AB0C6E12387370881B1DEA307442D666DA1659C05384ECB84D3F7EBF06E9B667903F1E538137730712F
310
27A3910C78D05D1CA0F2479143AD3E3F29C6D991637CCD5F9237149055260D812FBB6C08A16B2A8B20CD70488BEE686899D153E50DDD6ECB1C68BD139896C696E78C2A6CD44FD7458337ACD64A9DB6562A15D018EF48B0C5BC2676EAA7015A0B574EEA447217A5794E13928B9EE615D7B5501C58401D55A42BA91D614BF320
310
26057E4FC48A22D90A5846B65100DD57C1FBDFF3F1AA1494F5F69844DEEBA54920EC7F09721C6751D5D79DC3C0715B2774E2CA95E6473C417C06B808061B22DAF473D26B2651F8F6923E79B7F823F030FCD3E151475068D6A1AA9EF7AC638D9C09FFBA041A1A8F1C6F7C51BBE21C5AEAB082F72D51099D56F8123C13BA7BE8
310
4782CAE527CFC949B40D6814957150D59082C4D0B6E1A264BD32760C6CD23E4832432B251A276D69044D756F9A15FD8AEA58E030D1B01CA3D9C63160144DE05ED7CB9057567406B1F085B8C3F2ABDA79FFBF5DEA7F66CCE6DDE691BC3CA76CD3A9A9DE7AA8AE4D35199C30654DACDD2B24CFA6CDF48BC565E73C0E43254432
310
5C75B39011C2C813E5C30C716BEABC73E4CFB808814A57E2B7790D19B1219B431FA28993A3116306872A69AAB76DDE8E80EE7801D19AB525A7D41826149833ED1DFF107DC3E06AE816735B764276B5BEE4A5CD8261CC418F13B2BE7E5AB5A4C04AEFA7EF3946E4B92541AEFABCF93B21EAFBF2D0E3B624488BBE2F4F3C5E3C
310
94F13AC194D7461E1678937DF828EE9F57365C2E6CD7F57D60815BF3DA1F0D61DEE15F9AF3F98563CE9DB17BEB7AC389EFB83623795AB290E4B66B0F02D56D65C94E0546055D9F5B084C22CE5F17553CB71DFC3FBE8544E91A1F8BC55FF51252377CBC256BE562DF4B482751AFDF7663705E117577117B53AF5DCD1754809F
310
2E5B4046AADEF76F2E946855E1BB756E54C43716DEA3F79B9F5E633442EFAC0FDA8E2ECAD7B918E6551D554ADD8805AFDD2E9CC1C21F8FCCF1D871CCE1CD7C68CEC70BCFBCBEB9703D7FE14D86171735E2B216F6AD2BBF04872A651BA3379820E7694461904F36684752B803C1A4A207BFB298E4E26E030D802CE3EA2D428F
310
A79FAA396C81D7917A3A7CC030CC8E64452E4318A4C2BDE3CA90EBE837189DF2E9A51868598F507864B41BA864F4CA80102828D4176B0D2330317014D25B234E701B4E76FCD6543D55FF7D788CA303B172B0ABDED307176999169D304EC8C4BB05603BD590BCDF74A50EC2057C5C97456DCC61E1608D0441BD44A88C8349E1
310
A384770FC473DA2EC7127B34487A4DF34FC64125D52C30DB89917C03EFF9E2DEE6D3F4E5579445E58EBBF354BDD72499BCCF88CA6A703585C090666698DFC4FD0FF63D4BE1B5548C6E290401FA7D7F39FEC3F6D3384E936AC99ECB975B68F500AFAA36B61A1342E332701D5BF43DF25500CCBA7262E14DFE080BE05A46F93C
310
B582580B809A9E1A01A03CC27D018F69FB970B248B40A3856DB6AE1C1EF11E004122F1F73F3C6D9A1B1A434BC805D0AA9AEDD61FD4C2D46630389FFD0B504B0304140006080800147E56595CCAE9C2E1000000550100003C0000006662782F32324343353030462D424335342D343643382D414137312D4131363246323334
310
394331322F7265736F75726365732F322F636E782E786D6C4D90CD6A042110845F45841CC77186092C8BE3BEC49E72598CF61A59B5077F42F2F6D18D819CBAA9FA68AA4B5CBE82279F90B2C3B8D385714A206A342EDA9DD6729F4E945CA44888E51F4649540176DA652A854D588F2119B8ABEABBEA5D7C0C91DF2C44484EDF
310
8E6829D15EE5BCD3AC3F2028A66A4103F9C18C2A8A2D2C41C69A34B413C5051827740255C050B9F2759B163EADEB75793D6FA7F3C6DFC4DC4929DE11FDE05D2C90F07859B9C6B6C696888BB90352D4E406D5DF68C65F3CD6E289B9D952E4925A07032BDF47C35C5016E627F2EB4A31F727DB7836D0662F44FE00504B030414
310
0006080800147E5659FF15A4A45D000000800000003A0000006662782F32324343353030462D424335342D343643382D414137312D4131363246323334394331322F7265736F75726365732F636E782E786D6C4D8B3B0E80201005AF42B6F75B59F0390B113044D83508C6E30BC6C26AF226F3B8BA6360974DA7271430F523
310
308B2B198F9B80925DB700539227A2FCCB80A18E5640D320F996A81C9F32D6E9129A0D1EF74FCE750E6D57BC7165FBCA07504B0304140006080800147E5659995061694201000056050000300000006662782F32324343353030462D424335342D343643382D414137312D4131363246323334394331322F636E782E786D6C
310
CD94CF6A032110C65F65117A5CF70F2984E01AE8A14FD043E9CD75275B1B57171D4BF3F6D5D4242D25B487407293F1277CDFCCE7B0F5C7A48B77705E59D39186D6A40023EDA0CCD891809B72498A3567CE5AFC8691C288093A92CA84B3D1D930E7D2001B1174AA6A65B6B928109DEA03822785D4C2FB8E78F90A93A022A01D
310
C06FE92050D0863AF0363809F13DAA09F27BE940200C84B775BB289BBA6CDBA7E67EB558AE16F50BAB12C9596FADCEBC3208CECE776D2D6D3C9A28A7665502380B4E652A7920FCA48DF6CAB02ADE73E6A35E33660E7773E2E6592B293036AAB21201CB08819858F505735625C73F7C3F3E3C9F34C4D3A01C48B46E77B53634
310
E7DA7094466322FED7853DF89779DBBF45CBD79BFB59C359D8C5EC1E92EB63747F2721E6499851DFE207384ABB7CFEE36241256FD1F441D9853C57FB1518079F3622FF04504B0304140006080800147E56599D4C00327E000000A30000000B0000006662782F636E782E786D6C4D8CD10AC22018465F45FE7B4BCDAD05EA30
310
61EF319A1B92D361337AFC3476D1D50787EF1CD17F568FDE36BD5C0C12E88900B2E11127171609799F7107A85722C5B8FFDD008571B5122A06259614F376A0C9CE63F6957A179E0764CC98869001DF4DC3316F4D87B5BE52AC69CB0676E137435931CE5529F3EB95AD79F505504B0304140006080800147E5659A6D797065F
310
0000008200000007000000636E782E786D6C4DCB3B0E80201045D1AD90E9FD7516806B51190811670C8A61F982B1B0BAC9C97B72CA7B1037C6D3332918DA1E04D2CAC69353902EDB8C20262D23F3F59B81A079470595414B17391D1F19B4730A5583A7ED43BBE4025D9592775E5ADFFA01504B0304140006080800147E5659
310
ECFD112DA800000026010000130000005B436F6E74656E745F54797065735D2E786D6C7D4F4B0EC22010BD0A61DF525D18634ABB506FE00510A79458060253536F2FD89D5197F3FED3F68B9BD80362B21E25DFD40D6780DADF2C1AC9671AAA3D677DD75E9E0112CB5A4C928F44E12044D22338956A1F003333F8E814E5331A
310
1194BE2B0362DB343BA13D122055543278D79E6050F344ECBC6478EDCD76CE8EABAE5449AE4298AC56946789C28AAFBEABC53F3EAF09A84A1441B91F0101CD4780756578C173A578FFDDBD00504B0304140006080800147E56593DEE336E64000000790000001B0000006175746F6465736B2D64657369676E2D7061636B61
310
67652E786D6C35CBC10E83200C00D05F21DCA56CA76D41FC96062B120735B69A7DBE268BB7777961F8D5AF396893C2ADB70FE7ADA196782C2DF776D7A97B5933C430F15651E5469C55D70F80A4992A3ADC954792C525AE70A1E4D6AD9816CC044FEFDF01FE3FDE907802504B0304140006080800147E56592E9E30D7F20000
310
008E0100003D0000006662782F32324343353030462D424335342D343643382D414137312D4131363246323334394331322F7265736F75726365732F322F636F72652E786D6C8550CB6EC32010FC156BEFD898E08A4498A86DCA17F4D41BC2C44189C1E251F5F30B892BB5A79E76353B33BB3BFCF8B5DC9A4F13A2F56E84BE
310
C5D018A7FD64DD3C424E67C4A0390A1EBC4FBF68D038B598112A0C82CFC1E77583B477C9B88A3A3F990D54319A048DBE956684A82F6651ADCAA930E2B55D95BEAAD9B47DFBE0099EB39D36A99D8A9B3D5B1340C8010F2F4C9E109384224AF009EDA5A4E84D3E4BC6C8FE89EE5E7957C58227BBFC6CD7C1A86426100417598F
310
1121EFFD70A0EC40F107EF2A53F09842F9795B5ABF2B74DE3DD03F6E799DFE77CBD6A51DD9DC1E8A08A22FC7DD078277359D52EED1955A9314DF504B0304140006080800147E5659E89F39CAF8000000960100003B0000006662782F32324343353030462D424335342D343643382D414137312D4131363246323334394331
310
322F7265736F75726365732F636F72652E786D6C8550CB6EC32010FC156BEFB631B12B1261A2B6295FD0536F086F1C94182C1E553FBF90B8527BEA6957B333B3BBC38F5FCBADFA441F8CB323740D810AAD7693B1F308299E6B06D55170EF5CFC4583CAAA05472830083E7B97D60DD2CE46B405B56EC20D542160844ADF7233
310
42D0175C54A352CC8C706D56A5AF6AC6A66B1E3CC15332D3263553763367831E841CC8F0C2E4A96692F6754FC9A9DE4BD9D76FF2593246F74FFDEE95B7452C7834CBCF76ED51459C405092651DA9297DEF8643CF0E3DF9E06D610A1EA2CF3F6F4BCB77203C0697BCC6C0DBC7F48F6B5AA7FF5D93B1714737D7872280E8F291
310
F781E06D4929977B84B99644C537504B0304140006080800147E5659659F6683F0000000B1010000310000006662782F32324343353030462D424335342D343643382D414137312D4131363246323334394331322F636F72652E786D6C8D504B6EC32014BC8AC51E1B084EDD0813B948394157DD21202E4A0C169FAAC72FC4
310
AED4EEB27A68DE0C336FD8F97BB9375F2644EBDD08708B40639CF2DABA7904395DE1009A3367C1FBF487061A271733820A03CEE6E0F3BA43CABB645C459DD76607658C268146DDCB6304517D9A45B632A7C288B77695EA2667D3E276E37196ECF22B55C1C86434E004110A318284BCE3FE448713451FACAB4CCE72B67AB7B2
310
BAB8DBAB35A14888103D4217F8267A0AE9510C709A5E309CF0915CC881BE0A4C5857C59CC514CACDFB27F5BA67E59BF05FE6BCEA27325B970E6437DC1411705CF23C169C75B5C0321EED9659CBE63F504B0304140006080800147E5659B5EC16A453010000DD0200000C0000006662782F636F72652E786D6C8D52CB6E8330
310
10FC15E43B2F875424328EDAA67C414FBD39C62156C046C646F9FCAE798872685A21196B7667767664727AB44D3008D34BAD0A9446090A84E2BA92AA2E90B3D73047C18912A3B5FDD18602C55A51200F234A6AA35D37435C2B2B944795AEC40CB2BE171605BC814B817A7E132D8B98B3D0D1DFA38EF13BAB459446531F25CE
310
C96AA6CA0AD4E4550A8368B94FF66F79790EF31267618693737828CB2CFC285FCB3CC787976CF74E624FA6C4CA7699CE8D60565488E20468691262FC99EE8F597ECC922F12FB4E4A7A6B60E779A8DF0ED1EBE541E209DFE8B9AEFA5BCF49657778D69B183DA229D81B0B94C43E1FF88DE16D3384C1909F65976659E10ED020
310
B8D526834AA5DD5A1A58E3044827C1F89178AA82F228F09B0E7EA2F35C038262AA066BCCC2F5E2AC9FBEF5D409130EF611286D5AD6ACE6268BEBB90EDAACB4D0B96EB4F90F7B59750933F60F937E03504B0304140006080800147E56592E4328C406010000B201000008000000636F72652E786D6C8D50CB6EC32010FC15B4
310
776C4CECCA893051DB942FE8A9376A888B628365206AFFBE9050A9BDF5B4681E3BC3B2E3E732A3ABDEBC717680A62280B41D9D32761A208633EE011D39DB9C0BBF6480AC5CF4001906CEA6CDC5B540A3B341DB8C5AA77401A5F73A001AE7F418C08F1F7A91958C2129FCA55AE5789193AE9AEAAEE32C98E5C73A6E5A06AD80
310
53425BDC104CE96BD31DDAFED0923756672567311A55A28C4AE9E66CF4065C74A47BEAC509F722795B4A4E782F448B5FC4A3E87BBA7F6877CFACCE66CE7CD8D29FCB92D433202FAF3997D5778AB377E7E62248A5147276FE024E589D893FA5E3AAFE51DAD8B0A365E1DDE18137A9D08D48C1F98269DCCE9B66BE36FF06504B
310
01021400140006080800147E56590000000000000000000000003700000000000000000000000000000000006662782F32324343353030462D424335342D343643382D414137312D4131363246323334394331322F617474726962757465732E62696E504B01021400140006080800147E5659000000000000000000000000
310
3500000000000000000000000000550000006662782F32324343353030462D424335342D343643382D414137312D4131363246323334394331322F76657274696365732E62696E504B01021400140006080800147E5659F270F13306000000040000003600000000000000000000000000A80000006662782F323243433530
310
30462D424335342D343643382D414137312D4131363246323334394331322F747269616E676C65732E62696E504B01021400140006080800147E5659B5A795FFE3790000DE7900004200000000000000000000000000020100006662782F32324343353030462D424335342D343643382D414137312D413136324632333439
310
4331322F7265736F75726365732F322F305F67656E657269632E706E67504B01021400140006080800147E565951464CB489000000430100003600000000000000000000000000457B00006662782F32324343353030462D424335342D343643382D414137312D4131363246323334394331322F6469726563746F72792E78
310
6D6C504B01021400140006080800147E565905C0E40740070000541C00003400000000000000000000000000227C00006662782F32324343353030462D424335342D343643382D414137312D4131363246323334394331322F6F626A656374732E786D6C504B01021400140006080800147E56595CCAE9C2E1000000550100
310
003C00000000000000000000000000B48300006662782F32324343353030462D424335342D343643382D414137312D4131363246323334394331322F7265736F75726365732F322F636E782E786D6C504B01021400140006080800147E5659FF15A4A45D000000800000003A00000000000000000000000000EF8400006662
310
782F32324343353030462D424335342D343643382D414137312D4131363246323334394331322F7265736F75726365732F636E782E786D6C504B01021400140006080800147E56599950616942010000560500003000000000000000000000000000A48500006662782F32324343353030462D424335342D343643382D4141
310
37312D4131363246323334394331322F636E782E786D6C504B01021400140006080800147E56599D4C00327E000000A30000000B00000000000000000000000000348700006662782F636E782E786D6C504B01021400140006080800147E5659A6D797065F000000820000000700000000000000000000000000DB87000063
310
6E782E786D6C504B01021400140006080800147E5659ECFD112DA80000002601000013000000000000000000000000005F8800005B436F6E74656E745F54797065735D2E786D6C504B01021400140006080800147E56593DEE336E64000000790000001B00000000000000000000000000388900006175746F6465736B2D64
310
657369676E2D7061636B6167652E786D6C504B01021400140006080800147E56592E9E30D7F20000008E0100003D00000000000000000000000000D58900006662782F32324343353030462D424335342D343643382D414137312D4131363246323334394331322F7265736F75726365732F322F636F72652E786D6C504B01
310
021400140006080800147E5659E89F39CAF8000000960100003B00000000000000000000000000228B00006662782F32324343353030462D424335342D343643382D414137312D4131363246323334394331322F7265736F75726365732F636F72652E786D6C504B01021400140006080800147E5659659F6683F0000000B1
310
0100003100000000000000000000000000738C00006662782F32324343353030462D424335342D343643382D414137312D4131363246323334394331322F636F72652E786D6C504B01021400140006080800147E5659B5EC16A453010000DD0200000C00000000000000000000000000B28D00006662782F636F72652E786D
310
6C504B01021400140006080800147E56592E4328C406010000B201000008000000000000000000000000002F8F0000636F72652E786D6C504B050600000000120012002D0600005B9000000000
  0
XRECORD
  5
594
102
{ACAD_REACTORS
330
58F
102
}
330
58F
100
AcDbXrecord
280
     1
270
     1
271
     1
  0
XRECORD
  5
593
102
{ACAD_REACTORS
330
58F
102
}
330
58F
100
AcDbXrecord
280
     1
270
     1
271
     1
  0
XRECORD
  5
595
102
{ACAD_REACTORS
330
58F
102
}
330
58F
100
AcDbXrecord
280
     1
270
     1
271
     1
  0
XRECORD
  5
592
102
{ACAD_REACTORS
330
58F
102
}
330
58F
100
AcDbXrecord
280
     1
270
     1
271
     1
  0
XRECORD
  5
64D
102
{ACAD_REACTORS
330
64C
102
}
330
64C
100
AcDbXrecord
280
     1
102
DISPLAYNAME
  1
Metric50
102
FLAGS
 90
        0
  0
CELLSTYLEMAP
  5
610
102
{ACAD_REACTORS
330
60F
102
}
330
60F
100
AcDbCellStyleMap
 90
        3
300
CELLSTYLE
  1
TABLEFORMAT_BEGIN
 90
        5
170
     1
 91
        0
 92
    32768
 62
   257
 93
        1
300
CONTENTFORMAT
  1
CONTENTFORMAT_BEGIN
 90
        0
 91
        0
 92
      512
 93
        0
300

 40
0.0
140
1.0
 94
        5
 62
     0
340
11
144
6.0
309
CONTENTFORMAT_END
171
     1
301
MARGIN
  1
CELLMARGIN_BEGIN
 40
1.5
 40
1.5
 40
1.5
 40
1.5
 40
4.5
 40
4.5
309
CELLMARGIN_END
 94
        6
 95
        1
302
GRIDFORMAT
  1
GRIDFORMAT_BEGIN
 90
        0
 91
        1
 62
     0
 92
       -2
340
0
 93
        0
 40
1.125
309
GRIDFORMAT_END
 95
        2
302
GRIDFORMAT
  1
GRIDFORMAT_BEGIN
 90
        0
 91
        1
 62
     0
 92
       -2
340
0
 93
        0
 40
1.125
309
GRIDFORMAT_END
 95
        4
302
GRIDFORMAT
  1
GRIDFORMAT_BEGIN
 90
        0
 91
        1
 62
     0
 92
       -2
340
0
 93
        0
 40
1.125
309
GRIDFORMAT_END
 95
        8
302
GRIDFORMAT
  1
GRIDFORMAT_BEGIN
 90
        0
 91
        1
 62
     0
 92
       -2
340
0
 93
        0
 40
1.125
309
GRIDFORMAT_END
 95
       16
302
GRIDFORMAT
  1
GRIDFORMAT_BEGIN
 90
        0
 91
        1
 62
     0
 92
       -2
340
0
 93
        0
 40
1.125
309
GRIDFORMAT_END
 95
       32
302
GRIDFORMAT
  1
GRIDFORMAT_BEGIN
 90
        0
 91
        1
 62
     0
 92
       -2
340
0
 93
        0
 40
1.125
309
GRIDFORMAT_END
309
TABLEFORMAT_END
  1
CELLSTYLE_BEGIN
 90
        1
 91
        1
300
_TITLE
309
CELLSTYLE_END
300
CELLSTYLE
  1
TABLEFORMAT_BEGIN
 90
        5
170
     1
 91
        0
 92
        0
 62
   257
 93
        1
300
CONTENTFORMAT
  1
CONTENTFORMAT_BEGIN
 90
        0
 91
        0
 92
      512
 93
        0
300

 40
0.0
140
1.0
 94
        5
 62
     0
340
11
144
4.5
309
CONTENTFORMAT_END
171
     1
301
MARGIN
  1
CELLMARGIN_BEGIN
 40
1.5
 40
1.5
 40
1.5
 40
1.5
 40
4.5
 40
4.5
309
CELLMARGIN_END
 94
        6
 95
        1
302
GRIDFORMAT
  1
GRIDFORMAT_BEGIN
 90
        0
 91
        1
 62
     0
 92
       -2
340
0
 93
        0
 40
1.125
309
GRIDFORMAT_END
 95
        2
302
GRIDFORMAT
  1
GRIDFORMAT_BEGIN
 90
        0
 91
        1
 62
     0
 92
       -2
340
0
 93
        0
 40
1.125
309
GRIDFORMAT_END
 95
        4
302
GRIDFORMAT
  1
GRIDFORMAT_BEGIN
 90
        0
 91
        1
 62
     0
 92
       -2
340
0
 93
        0
 40
1.125
309
GRIDFORMAT_END
 95
        8
302
GRIDFORMAT
  1
GRIDFORMAT_BEGIN
 90
        0
 91
        1
 62
     0
 92
       -2
340
0
 93
        0
 40
1.125
309
GRIDFORMAT_END
 95
       16
302
GRIDFORMAT
  1
GRIDFORMAT_BEGIN
 90
        0
 91
        1
 62
     0
 92
       -2
340
0
 93
        0
 40
1.125
309
GRIDFORMAT_END
 95
       32
302
GRIDFORMAT
  1
GRIDFORMAT_BEGIN
 90
        0
 91
        1
 62
     0
 92
       -2
340
0
 93
        0
 40
1.125
309
GRIDFORMAT_END
309
TABLEFORMAT_END
  1
CELLSTYLE_BEGIN
 90
        2
 91
        1
300
_HEADER
309
CELLSTYLE_END
300
CELLSTYLE
  1
TABLEFORMAT_BEGIN
 90
        5
170
     1
 91
        0
 92
        0
 62
   257
 93
        1
300
CONTENTFORMAT
  1
CONTENTFORMAT_BEGIN
 90
        0
 91
        0
 92
      512
 93
        0
300

 40
0.0
140
1.0
 94
        2
 62
     0
340
11
144
4.5
309
CONTENTFORMAT_END
171
     1
301
MARGIN
  1
CELLMARGIN_BEGIN
 40
1.5
 40
1.5
 40
1.5
 40
1.5
 40
4.5
 40
4.5
309
CELLMARGIN_END
 94
        6
 95
        1
302
GRIDFORMAT
  1
GRIDFORMAT_BEGIN
 90
        0
 91
        1
 62
     0
 92
       -2
340
0
 93
        0
 40
1.125
309
GRIDFORMAT_END
 95
        2
302
GRIDFORMAT
  1
GRIDFORMAT_BEGIN
 90
        0
 91
        1
 62
     0
 92
       -2
340
0
 93
        0
 40
1.125
309
GRIDFORMAT_END
 95
        4
302
GRIDFORMAT
  1
GRIDFORMAT_BEGIN
 90
        0
 91
        1
 62
     0
 92
       -2
340
0
 93
        0
 40
1.125
309
GRIDFORMAT_END
 95
        8
302
GRIDFORMAT
  1
GRIDFORMAT_BEGIN
 90
        0
 91
        1
 62
     0
 92
       -2
340
0
 93
        0
 40
1.125
309
GRIDFORMAT_END
 95
       16
302
GRIDFORMAT
  1
GRIDFORMAT_BEGIN
 90
        0
 91
        1
 62
     0
 92
       -2
340
0
 93
        0
 40
1.125
309
GRIDFORMAT_END
 95
       32
302
GRIDFORMAT
  1
GRIDFORMAT_BEGIN
 90
        0
 91
        1
 62
     0
 92
       -2
340
0
 93
        0
 40
1.125
309
GRIDFORMAT_END
309
TABLEFORMAT_END
  1
CELLSTYLE_BEGIN
 90
        3
 91
        2
300
_DATA
309
CELLSTYLE_END
  0
XRECORD
  5
64A
102
{ACAD_REACTORS
330
60F
102
}
330
60F
100
AcDbXrecord
280
     1
102
ACAD_ROUNDTRIP_PRE2007_TABLESTYLE
 90
      512
 91
        0
  1

 92
      512
 93
        0
  2

 94
      512
 95
        0
  3

  0
XRECORD
  5
625
102
{ACAD_REACTORS
330
624
102
}
330
624
100
AcDbXrecord
280
     1
102
RTVSPost2010Prop28
280
     1
102
RTVSPost2010PropOp28
 70
     1
102
RTVSPost2010Prop29
280
     1
102
RTVSPost2010PropOp29
 70
     1
102
RTVSPost2010Prop30
280
     0
102
RTVSPost2010PropOp30
 70
     1
102
RTVSPost2010Prop31
280
     0
102
RTVSPost2010PropOp31
 70
     1
102
RTVSPost2010Prop32
280
     0
102
RTVSPost2010PropOp32
 70
     1
102
RTVSPost2010Prop33
280
     0
102
RTVSPost2010PropOp33
 70
     1
102
RTVSPost2010Prop34
280
     0
102
RTVSPost2010PropOp34
 70
     1
102
RTVSPost2010Prop35
280
     0
102
RTVSPost2010PropOp35
 70
     1
102
RTVSPost2010Prop36
280
     0
102
RTVSPost2010PropOp36
 70
     1
102
RTVSPost2010Prop37
 90
       50
102
RTVSPost2010PropOp37
 70
     1
102
RTVSPost2010Prop38
140
0.0
102
RTVSPost2010PropOp38
 70
     1
102
RTVSPost2010Prop39
140
1.0
102
RTVSPost2010PropOp39
 70
     1
102
RTVSPost2010Prop40
 90
        0
102
RTVSPost2010PropOp40
 70
     1
102
RTVSPost2010Prop41ColorIndex
 90
       18
102
RTVSPost2010Prop41ColorRGB
 90
        0
102
RTVSPost2010PropOp41
 70
     1
102
RTVSPost2010Prop42
 90
       50
102
RTVSPost2010PropOp42
 70
     1
102
RTVSPost2010Prop43
 90
        3
102
RTVSPost2010PropOp43
 70
     1
102
RTVSPost2010Prop44ColorIndex
 90
        5
102
RTVSPost2010Prop44ColorRGB
 90
      255
102
RTVSPost2010PropOp44
 70
     1
102
RTVSPost2010Prop45
280
     0
102
RTVSPost2010PropOp45
 70
     1
102
RTVSPost2010Prop46
 90
       50
102
RTVSPost2010PropOp46
 70
     1
102
RTVSPost2010Prop47
 90
       50
102
RTVSPost2010PropOp47
 70
     1
102
RTVSPost2010Prop48
 90
       50
102
RTVSPost2010PropOp48
 70
     1
102
RTVSPost2010Prop49
280
     0
102
RTVSPost2010PropOp49
 70
     1
102
RTVSPost2010Prop50
 90
       50
102
RTVSPost2010PropOp50
 70
     1
102
RTVSPost2010Prop51ColorIndex
 90
      256
102
RTVSPost2010Prop51ColorRGB
 90
-16777216
102
RTVSPost2010PropOp51
 70
     0
102
RTVSPost2010Prop52
140
1.0
102
RTVSPost2010PropOp52
 70
     0
102
RTVSPost2010Prop53
 90
        2
102
RTVSPost2010PropOp53
 70
     1
102
RTVSPost2010Prop54
  1
strokes_ogs.tif
102
RTVSPost2010PropOp54
 70
     1
102
RTVSPost2010Prop55
280
     0
102
RTVSPost2010PropOp55
 70
     1
102
RTVSPost2010Prop56
140
1.0
102
RTVSPost2010PropOp56
 70
     1
102
RTVSPost2010Prop57
140
1.0
102
RTVSPost2010PropOp57
 70
     1
102
RTVSPropertyOp0
 70
     1
102
RTVSPropertyOp1
 70
     1
102
RTVSPropertyOp2
 70
     1
102
RTVSPropertyOp3
 70
     1
102
RTVSPropertyOp4
 70
     1
102
RTVSPropertyOp5
 70
     1
102
RTVSPropertyOp6
 70
     1
102
RTVSPropertyOp7
 70
     1
102
RTVSPropertyOp8
 70
     1
102
RTVSPropertyOp9
 70
     1
102
RTVSPropertyOp10
 70
     1
102
RTVSPropertyOp11
 70
     1
102
RTVSPropertyOp12
 70
     1
102
RTVSPropertyOp13
 70
     1
102
RTVSPropertyOp14
 70
     1
102
RTVSPropertyOp15
 70
     1
102
RTVSPropertyOp16
 70
     1
102
RTVSPropertyOp17
 70
     1
102
RTVSPropertyOp18
 70
     1
102
RTVSPropertyOp19
 70
     1
102
RTVSPropertyOp20
 70
     1
102
RTVSPropertyOp21
 70
     1
102
RTVSPropertyOp22
 70
     1
102
RTVSPropertyOp23
 70
     1
102
RTVSPropertyOp24
 70
     1
102
RTVSPropertyOp25
 70
     1
102
RTVSPropertyOp26
 70
     1
102
RTVSPropertyOp27
 70
     1
102
RTVSPropertyOp28
 70
     1
102
RTVSPropertyOp29
 70
     1
102
RTVSPropertyOp30
 70
     1
102
RTVSPropertyOp31
 70
     1
102
RTVSPropertyOp32
 70
     1
102
RTVSPropertyOp33
 70
     1
102
RTVSPropertyOp34
 70
     1
102
RTVSPropertyOp35
 70
     1
102
RTVSPropertyOp36
 70
     1
102
RTVSPropertyOp37
 70
     1
102
RTVSPropertyOp38
 70
     1
102
RTVSPropertyOp39
 70
     1
102
RTVSPropertyOp40
 70
     1
102
RTVSPropertyOp41
 70
     1
102
RTVSPropertyOp42
 70
     1
102
RTVSPropertyOp43
 70
     1
102
RTVSPropertyOp44
 70
     1
102
RTVSPropertyOp45
 70
     1
102
RTVSPropertyOp46
 70
     1
102
RTVSPropertyOp47
 70
     1
102
RTVSPropertyOp48
 70
     1
102
RTVSPropertyOp49
 70
     1
102
RTVSPropertyOp50
 70
     1
102
RTVSPropertyOp51
 70
     0
102
RTVSPropertyOp52
 70
     0
102
RTVSPropertyOp53
 70
     1
102
RTVSPropertyOp54
 70
     1
102
RTVSPropertyOp55
 70
     1
102
RTVSPropertyOp56
 70
     1
102
RTVSPropertyOp57
 70
     1
102
RTVSPropertyOp58
 70
     1
102
RTVSPropertyOp59
 70
     1
102
RTVSPropertyOp60
 70
     1
102
RTVSPropertyOp61
 70
     1
102
RTVSPropertyOp62
 70
     1
  0
XRECORD
  5
623
102
{ACAD_REACTORS
330
622
102
}
330
622
100
AcDbXrecord
280
     1
102
RTVSPost2010Prop28
280
     0
102
RTVSPost2010PropOp28
 70
     1
102
RTVSPost2010Prop29
280
     1
102
RTVSPost2010PropOp29
 70
     1
102
RTVSPost2010Prop30
280
     1
102
RTVSPost2010PropOp30
 70
     1
102
RTVSPost2010Prop31
280
     0
102
RTVSPost2010PropOp31
 70
     1
102
RTVSPost2010Prop32
280
     0
102
RTVSPost2010PropOp32
 70
     1
102
RTVSPost2010Prop33
280
     0
102
RTVSPost2010PropOp33
 70
     1
102
RTVSPost2010Prop34
280
     0
102
RTVSPost2010PropOp34
 70
     1
102
RTVSPost2010Prop35
280
     0
102
RTVSPost2010PropOp35
 70
     1
102
RTVSPost2010Prop36
280
     0
102
RTVSPost2010PropOp36
 70
     1
102
RTVSPost2010Prop37
 90
       50
102
RTVSPost2010PropOp37
 70
     1
102
RTVSPost2010Prop38
140
0.0
102
RTVSPost2010PropOp38
 70
     1
102
RTVSPost2010Prop39
140
1.0
102
RTVSPost2010PropOp39
 70
     1
102
RTVSPost2010Prop40
 90
        0
102
RTVSPost2010PropOp40
 70
     1
102
RTVSPost2010Prop41ColorIndex
 90
       18
102
RTVSPost2010Prop41ColorRGB
 90
        0
102
RTVSPost2010PropOp41
 70
     1
102
RTVSPost2010Prop42
 90
       50
102
RTVSPost2010PropOp42
 70
     1
102
RTVSPost2010Prop43
 90
        3
102
RTVSPost2010PropOp43
 70
     1
102
RTVSPost2010Prop44ColorIndex
 90
        5
102
RTVSPost2010Prop44ColorRGB
 90
      255
102
RTVSPost2010PropOp44
 70
     1
102
RTVSPost2010Prop45
280
     0
102
RTVSPost2010PropOp45
 70
     1
102
RTVSPost2010Prop46
 90
       50
102
RTVSPost2010PropOp46
 70
     1
102
RTVSPost2010Prop47
 90
       50
102
RTVSPost2010PropOp47
 70
     1
102
RTVSPost2010Prop48
 90
       50
102
RTVSPost2010PropOp48
 70
     1
102
RTVSPost2010Prop49
280
     0
102
RTVSPost2010PropOp49
 70
     1
102
RTVSPost2010Prop50
 90
       50
102
RTVSPost2010PropOp50
 70
     1
102
RTVSPost2010Prop51ColorIndex
 90
      256
102
RTVSPost2010Prop51ColorRGB
 90
-16777216
102
RTVSPost2010PropOp51
 70
     0
102
RTVSPost2010Prop52
140
1.0
102
RTVSPost2010PropOp52
 70
     0
102
RTVSPost2010Prop53
 90
        2
102
RTVSPost2010PropOp53
 70
     1
102
RTVSPost2010Prop54
  1
strokes_ogs.tif
102
RTVSPost2010PropOp54
 70
     1
102
RTVSPost2010Prop55
280
     0
102
RTVSPost2010PropOp55
 70
     1
102
RTVSPost2010Prop56
140
1.0
102
RTVSPost2010PropOp56
 70
     1
102
RTVSPost2010Prop57
140
1.0
102
RTVSPost2010PropOp57
 70
     1
102
RTVSPropertyOp0
 70
     1
102
RTVSPropertyOp1
 70
     1
102
RTVSPropertyOp2
 70
     1
102
RTVSPropertyOp3
 70
     1
102
RTVSPropertyOp4
 70
     1
102
RTVSPropertyOp5
 70
     1
102
RTVSPropertyOp6
 70
     1
102
RTVSPropertyOp7
 70
     1
102
RTVSPropertyOp8
 70
     1
102
RTVSPropertyOp9
 70
     1
102
RTVSPropertyOp10
 70
     1
102
RTVSPropertyOp11
 70
     1
102
RTVSPropertyOp12
 70
     1
102
RTVSPropertyOp13
 70
     1
102
RTVSPropertyOp14
 70
     1
102
RTVSPropertyOp15
 70
     1
102
RTVSPropertyOp16
 70
     1
102
RTVSPropertyOp17
 70
     1
102
RTVSPropertyOp18
 70
     1
102
RTVSPropertyOp19
 70
     1
102
RTVSPropertyOp20
 70
     1
102
RTVSPropertyOp21
 70
     1
102
RTVSPropertyOp22
 70
     1
102
RTVSPropertyOp23
 70
     1
102
RTVSPropertyOp24
 70
     1
102
RTVSPropertyOp25
 70
     1
102
RTVSPropertyOp26
 70
     1
102
RTVSPropertyOp27
 70
     1
102
RTVSPropertyOp28
 70
     1
102
RTVSPropertyOp29
 70
     1
102
RTVSPropertyOp30
 70
     1
102
RTVSPropertyOp31
 70
     1
102
RTVSPropertyOp32
 70
     1
102
RTVSPropertyOp33
 70
     1
102
RTVSPropertyOp34
 70
     1
102
RTVSPropertyOp35
 70
     1
102
RTVSPropertyOp36
 70
     1
102
RTVSPropertyOp37
 70
     1
102
RTVSPropertyOp38
 70
     1
102
RTVSPropertyOp39
 70
     1
102
RTVSPropertyOp40
 70
     1
102
RTVSPropertyOp41
 70
     1
102
RTVSPropertyOp42
 70
     1
102
RTVSPropertyOp43
 70
     1
102
RTVSPropertyOp44
 70
     1
102
RTVSPropertyOp45
 70
     1
102
RTVSPropertyOp46
 70
     1
102
RTVSPropertyOp47
 70
     1
102
RTVSPropertyOp48
 70
     1
102
RTVSPropertyOp49
 70
     1
102
RTVSPropertyOp50
 70
     1
102
RTVSPropertyOp51
 70
     0
102
RTVSPropertyOp52
 70
     0
102
RTVSPropertyOp53
 70
     1
102
RTVSPropertyOp54
 70
     1
102
RTVSPropertyOp55
 70
     1
102
RTVSPropertyOp56
 70
     1
102
RTVSPropertyOp57
 70
     1
102
RTVSPropertyOp58
 70
     1
102
RTVSPropertyOp59
 70
     1
102
RTVSPropertyOp60
 70
     1
102
RTVSPropertyOp61
 70
     1
102
RTVSPropertyOp62
 70
     1
  0
XRECORD
  5
631
102
{ACAD_REACTORS
330
630
102
}
330
630
100
AcDbXrecord
280
     1
102
RTVSPost2010Prop28
280
     0
102
RTVSPost2010PropOp28
 70
     1
102
RTVSPost2010Prop29
280
     1
102
RTVSPost2010PropOp29
 70
     1
102
RTVSPost2010Prop30
280
     1
102
RTVSPost2010PropOp30
 70
     1
102
RTVSPost2010Prop31
280
     0
102
RTVSPost2010PropOp31
 70
     1
102
RTVSPost2010Prop32
280
     0
102
RTVSPost2010PropOp32
 70
     1
102
RTVSPost2010Prop33
280
     0
102
RTVSPost2010PropOp33
 70
     1
102
RTVSPost2010Prop34
280
     0
102
RTVSPost2010PropOp34
 70
     1
102
RTVSPost2010Prop35
280
     0
102
RTVSPost2010PropOp35
 70
     1
102
RTVSPost2010Prop36
280
     0
102
RTVSPost2010PropOp36
 70
     1
102
RTVSPost2010Prop37
 90
       50
102
RTVSPost2010PropOp37
 70
     1
102
RTVSPost2010Prop38
140
0.0
102
RTVSPost2010PropOp38
 70
     1
102
RTVSPost2010Prop39
140
1.0
102
RTVSPost2010PropOp39
 70
     1
102
RTVSPost2010Prop40
 90
        0
102
RTVSPost2010PropOp40
 70
     1
102
RTVSPost2010Prop41ColorIndex
 90
       18
102
RTVSPost2010Prop41ColorRGB
 90
        0
102
RTVSPost2010PropOp41
 70
     1
102
RTVSPost2010Prop42
 90
       50
102
RTVSPost2010PropOp42
 70
     1
102
RTVSPost2010Prop43
 90
        3
102
RTVSPost2010PropOp43
 70
     1
102
RTVSPost2010Prop44ColorIndex
 90
        5
102
RTVSPost2010Prop44ColorRGB
 90
      255
102
RTVSPost2010PropOp44
 70
     1
102
RTVSPost2010Prop45
280
     0
102
RTVSPost2010PropOp45
 70
     1
102
RTVSPost2010Prop46
 90
       50
102
RTVSPost2010PropOp46
 70
     1
102
RTVSPost2010Prop47
 90
       50
102
RTVSPost2010PropOp47
 70
     1
102
RTVSPost2010Prop48
 90
       50
102
RTVSPost2010PropOp48
 70
     1
102
RTVSPost2010Prop49
280
     0
102
RTVSPost2010PropOp49
 70
     1
102
RTVSPost2010Prop50
 90
       50
102
RTVSPost2010PropOp50
 70
     1
102
RTVSPost2010Prop51ColorIndex
 90
      256
102
RTVSPost2010Prop51ColorRGB
 90
-16777216
102
RTVSPost2010PropOp51
 70
     0
102
RTVSPost2010Prop52
140
1.0
102
RTVSPost2010PropOp52
 70
     0
102
RTVSPost2010Prop53
 90
        2
102
RTVSPost2010PropOp53
 70
     1
102
RTVSPost2010Prop54
  1
strokes_ogs.tif
102
RTVSPost2010PropOp54
 70
     1
102
RTVSPost2010Prop55
280
     0
102
RTVSPost2010PropOp55
 70
     1
102
RTVSPost2010Prop56
140
1.0
102
RTVSPost2010PropOp56
 70
     1
102
RTVSPost2010Prop57
140
1.0
102
RTVSPost2010PropOp57
 70
     1
102
RTVSPropertyOp0
 70
     1
102
RTVSPropertyOp1
 70
     1
102
RTVSPropertyOp2
 70
     1
102
RTVSPropertyOp3
 70
     1
102
RTVSPropertyOp4
 70
     1
102
RTVSPropertyOp5
 70
     1
102
RTVSPropertyOp6
 70
     1
102
RTVSPropertyOp7
 70
     1
102
RTVSPropertyOp8
 70
     1
102
RTVSPropertyOp9
 70
     1
102
RTVSPropertyOp10
 70
     1
102
RTVSPropertyOp11
 70
     1
102
RTVSPropertyOp12
 70
     1
102
RTVSPropertyOp13
 70
     1
102
RTVSPropertyOp14
 70
     1
102
RTVSPropertyOp15
 70
     1
102
RTVSPropertyOp16
 70
     1
102
RTVSPropertyOp17
 70
     1
102
RTVSPropertyOp18
 70
     1
102
RTVSPropertyOp19
 70
     1
102
RTVSPropertyOp20
 70
     1
102
RTVSPropertyOp21
 70
     1
102
RTVSPropertyOp22
 70
     1
102
RTVSPropertyOp23
 70
     1
102
RTVSPropertyOp24
 70
     1
102
RTVSPropertyOp25
 70
     1
102
RTVSPropertyOp26
 70
     1
102
RTVSPropertyOp27
 70
     1
102
RTVSPropertyOp28
 70
     1
102
RTVSPropertyOp29
 70
     1
102
RTVSPropertyOp30
 70
     1
102
RTVSPropertyOp31
 70
     1
102
RTVSPropertyOp32
 70
     1
102
RTVSPropertyOp33
 70
     1
102
RTVSPropertyOp34
 70
     1
102
RTVSPropertyOp35
 70
     1
102
RTVSPropertyOp36
 70
     1
102
RTVSPropertyOp37
 70
     1
102
RTVSPropertyOp38
 70
     1
102
RTVSPropertyOp39
 70
     1
102
RTVSPropertyOp40
 70
     1
102
RTVSPropertyOp41
 70
     1
102
RTVSPropertyOp42
 70
     1
102
RTVSPropertyOp43
 70
     1
102
RTVSPropertyOp44
 70
     1
102
RTVSPropertyOp45
 70
     1
102
RTVSPropertyOp46
 70
     1
102
RTVSPropertyOp47
 70
     1
102
RTVSPropertyOp48
 70
     1
102
RTVSPropertyOp49
 70
     1
102
RTVSPropertyOp50
 70
     1
102
RTVSPropertyOp51
 70
     0
102
RTVSPropertyOp52
 70
     0
102
RTVSPropertyOp53
 70
     1
102
RTVSPropertyOp54
 70
     1
102
RTVSPropertyOp55
 70
     1
102
RTVSPropertyOp56
 70
     1
102
RTVSPropertyOp57
 70
     1
102
RTVSPropertyOp58
 70
     1
102
RTVSPropertyOp59
 70
     1
102
RTVSPropertyOp60
 70
     1
102
RTVSPropertyOp61
 70
     1
102
RTVSPropertyOp62
 70
     1
  0
XRECORD
  5
639
102
{ACAD_REACTORS
330
638
102
}
330
638
100
AcDbXrecord
280
     1
102
RTVSPost2010Prop28
280
     0
102
RTVSPost2010PropOp28
 70
     1
102
RTVSPost2010Prop29
280
     1
102
RTVSPost2010PropOp29
 70
     1
102
RTVSPost2010Prop30
280
     1
102
RTVSPost2010PropOp30
 70
     1
102
RTVSPost2010Prop31
280
     0
102
RTVSPost2010PropOp31
 70
     1
102
RTVSPost2010Prop32
280
     0
102
RTVSPost2010PropOp32
 70
     1
102
RTVSPost2010Prop33
280
     0
102
RTVSPost2010PropOp33
 70
     1
102
RTVSPost2010Prop34
280
     0
102
RTVSPost2010PropOp34
 70
     1
102
RTVSPost2010Prop35
280
     0
102
RTVSPost2010PropOp35
 70
     1
102
RTVSPost2010Prop36
280
     0
102
RTVSPost2010PropOp36
 70
     1
102
RTVSPost2010Prop37
 90
       50
102
RTVSPost2010PropOp37
 70
     1
102
RTVSPost2010Prop38
140
0.0
102
RTVSPost2010PropOp38
 70
     1
102
RTVSPost2010Prop39
140
1.0
102
RTVSPost2010PropOp39
 70
     1
102
RTVSPost2010Prop40
 90
        0
102
RTVSPost2010PropOp40
 70
     1
102
RTVSPost2010Prop41ColorIndex
 90
       18
102
RTVSPost2010Prop41ColorRGB
 90
        0
102
RTVSPost2010PropOp41
 70
     1
102
RTVSPost2010Prop42
 90
       50
102
RTVSPost2010PropOp42
 70
     1
102
RTVSPost2010Prop43
 90
        3
102
RTVSPost2010PropOp43
 70
     1
102
RTVSPost2010Prop44ColorIndex
 90
        5
102
RTVSPost2010Prop44ColorRGB
 90
      255
102
RTVSPost2010PropOp44
 70
     1
102
RTVSPost2010Prop45
280
     0
102
RTVSPost2010PropOp45
 70
     1
102
RTVSPost2010Prop46
 90
       50
102
RTVSPost2010PropOp46
 70
     1
102
RTVSPost2010Prop47
 90
       50
102
RTVSPost2010PropOp47
 70
     1
102
RTVSPost2010Prop48
 90
       50
102
RTVSPost2010PropOp48
 70
     1
102
RTVSPost2010Prop49
280
     0
102
RTVSPost2010PropOp49
 70
     1
102
RTVSPost2010Prop50
 90
       50
102
RTVSPost2010PropOp50
 70
     1
102
RTVSPost2010Prop51ColorIndex
 90
      256
102
RTVSPost2010Prop51ColorRGB
 90
-16777216
102
RTVSPost2010PropOp51
 70
     0
102
RTVSPost2010Prop52
140
1.0
102
RTVSPost2010PropOp52
 70
     0
102
RTVSPost2010Prop53
 90
        2
102
RTVSPost2010PropOp53
 70
     1
102
RTVSPost2010Prop54
  1
strokes_ogs.tif
102
RTVSPost2010PropOp54
 70
     1
102
RTVSPost2010Prop55
280
     0
102
RTVSPost2010PropOp55
 70
     1
102
RTVSPost2010Prop56
140
1.0
102
RTVSPost2010PropOp56
 70
     1
102
RTVSPost2010Prop57
140
1.0
102
RTVSPost2010PropOp57
 70
     1
102
RTVSPropertyOp0
 70
     1
102
RTVSPropertyOp1
 70
     1
102
RTVSPropertyOp2
 70
     1
102
RTVSPropertyOp3
 70
     1
102
RTVSPropertyOp4
 70
     1
102
RTVSPropertyOp5
 70
     1
102
RTVSPropertyOp6
 70
     1
102
RTVSPropertyOp7
 70
     1
102
RTVSPropertyOp8
 70
     1
102
RTVSPropertyOp9
 70
     1
102
RTVSPropertyOp10
 70
     1
102
RTVSPropertyOp11
 70
     1
102
RTVSPropertyOp12
 70
     1
102
RTVSPropertyOp13
 70
     1
102
RTVSPropertyOp14
 70
     1
102
RTVSPropertyOp15
 70
     1
102
RTVSPropertyOp16
 70
     1
102
RTVSPropertyOp17
 70
     1
102
RTVSPropertyOp18
 70
     1
102
RTVSPropertyOp19
 70
     1
102
RTVSPropertyOp20
 70
     1
102
RTVSPropertyOp21
 70
     1
102
RTVSPropertyOp22
 70
     1
102
RTVSPropertyOp23
 70
     1
102
RTVSPropertyOp24
 70
     1
102
RTVSPropertyOp25
 70
     1
102
RTVSPropertyOp26
 70
     1
102
RTVSPropertyOp27
 70
     1
102
RTVSPropertyOp28
 70
     1
102
RTVSPropertyOp29
 70
     1
102
RTVSPropertyOp30
 70
     1
102
RTVSPropertyOp31
 70
     1
102
RTVSPropertyOp32
 70
     1
102
RTVSPropertyOp33
 70
     1
102
RTVSPropertyOp34
 70
     1
102
RTVSPropertyOp35
 70
     1
102
RTVSPropertyOp36
 70
     1
102
RTVSPropertyOp37
 70
     1
102
RTVSPropertyOp38
 70
     1
102
RTVSPropertyOp39
 70
     1
102
RTVSPropertyOp40
 70
     1
102
RTVSPropertyOp41
 70
     1
102
RTVSPropertyOp42
 70
     1
102
RTVSPropertyOp43
 70
     1
102
RTVSPropertyOp44
 70
     1
102
RTVSPropertyOp45
 70
     1
102
RTVSPropertyOp46
 70
     1
102
RTVSPropertyOp47
 70
     1
102
RTVSPropertyOp48
 70
     1
102
RTVSPropertyOp49
 70
     1
102
RTVSPropertyOp50
 70
     1
102
RTVSPropertyOp51
 70
     0
102
RTVSPropertyOp52
 70
     0
102
RTVSPropertyOp53
 70
     1
102
RTVSPropertyOp54
 70
     1
102
RTVSPropertyOp55
 70
     1
102
RTVSPropertyOp56
 70
     1
102
RTVSPropertyOp57
 70
     1
102
RTVSPropertyOp58
 70
     1
102
RTVSPropertyOp59
 70
     1
102
RTVSPropertyOp60
 70
     1
102
RTVSPropertyOp61
 70
     1
102
RTVSPropertyOp62
 70
     1
  0
XRECORD
  5
62B
102
{ACAD_REACTORS
330
62A
102
}
330
62A
100
AcDbXrecord
280
     1
102
RTVSPost2010Prop28
280
     0
102
RTVSPost2010PropOp28
 70
     1
102
RTVSPost2010Prop29
280
     1
102
RTVSPost2010PropOp29
 70
     1
102
RTVSPost2010Prop30
280
     1
102
RTVSPost2010PropOp30
 70
     1
102
RTVSPost2010Prop31
280
     0
102
RTVSPost2010PropOp31
 70
     1
102
RTVSPost2010Prop32
280
     0
102
RTVSPost2010PropOp32
 70
     1
102
RTVSPost2010Prop33
280
     0
102
RTVSPost2010PropOp33
 70
     1
102
RTVSPost2010Prop34
280
     0
102
RTVSPost2010PropOp34
 70
     1
102
RTVSPost2010Prop35
280
     0
102
RTVSPost2010PropOp35
 70
     1
102
RTVSPost2010Prop36
280
     0
102
RTVSPost2010PropOp36
 70
     1
102
RTVSPost2010Prop37
 90
       50
102
RTVSPost2010PropOp37
 70
     1
102
RTVSPost2010Prop38
140
0.0
102
RTVSPost2010PropOp38
 70
     1
102
RTVSPost2010Prop39
140
1.0
102
RTVSPost2010PropOp39
 70
     1
102
RTVSPost2010Prop40
 90
        0
102
RTVSPost2010PropOp40
 70
     1
102
RTVSPost2010Prop41ColorIndex
 90
       18
102
RTVSPost2010Prop41ColorRGB
 90
        0
102
RTVSPost2010PropOp41
 70
     1
102
RTVSPost2010Prop42
 90
       50
102
RTVSPost2010PropOp42
 70
     1
102
RTVSPost2010Prop43
 90
        3
102
RTVSPost2010PropOp43
 70
     1
102
RTVSPost2010Prop44ColorIndex
 90
        5
102
RTVSPost2010Prop44ColorRGB
 90
      255
102
RTVSPost2010PropOp44
 70
     1
102
RTVSPost2010Prop45
280
     0
102
RTVSPost2010PropOp45
 70
     1
102
RTVSPost2010Prop46
 90
       50
102
RTVSPost2010PropOp46
 70
     1
102
RTVSPost2010Prop47
 90
       50
102
RTVSPost2010PropOp47
 70
     1
102
RTVSPost2010Prop48
 90
       50
102
RTVSPost2010PropOp48
 70
     1
102
RTVSPost2010Prop49
280
     0
102
RTVSPost2010PropOp49
 70
     1
102
RTVSPost2010Prop50
 90
       50
102
RTVSPost2010PropOp50
 70
     1
102
RTVSPost2010Prop51ColorIndex
 90
      256
102
RTVSPost2010Prop51ColorRGB
 90
-16777216
102
RTVSPost2010PropOp51
 70
     0
102
RTVSPost2010Prop52
140
1.0
102
RTVSPost2010PropOp52
 70
     0
102
RTVSPost2010Prop53
 90
        2
102
RTVSPost2010PropOp53
 70
     1
102
RTVSPost2010Prop54
  1
strokes_ogs.tif
102
RTVSPost2010PropOp54
 70
     1
102
RTVSPost2010Prop55
280
     0
102
RTVSPost2010PropOp55
 70
     1
102
RTVSPost2010Prop56
140
1.0
102
RTVSPost2010PropOp56
 70
     1
102
RTVSPost2010Prop57
140
1.0
102
RTVSPost2010PropOp57
 70
     1
102
RTVSPropertyOp0
 70
     1
102
RTVSPropertyOp1
 70
     1
102
RTVSPropertyOp2
 70
     1
102
RTVSPropertyOp3
 70
     1
102
RTVSPropertyOp4
 70
     1
102
RTVSPropertyOp5
 70
     1
102
RTVSPropertyOp6
 70
     1
102
RTVSPropertyOp7
 70
     1
102
RTVSPropertyOp8
 70
     1
102
RTVSPropertyOp9
 70
     1
102
RTVSPropertyOp10
 70
     1
102
RTVSPropertyOp11
 70
     1
102
RTVSPropertyOp12
 70
     1
102
RTVSPropertyOp13
 70
     1
102
RTVSPropertyOp14
 70
     1
102
RTVSPropertyOp15
 70
     1
102
RTVSPropertyOp16
 70
     1
102
RTVSPropertyOp17
 70
     1
102
RTVSPropertyOp18
 70
     1
102
RTVSPropertyOp19
 70
     1
102
RTVSPropertyOp20
 70
     1
102
RTVSPropertyOp21
 70
     1
102
RTVSPropertyOp22
 70
     1
102
RTVSPropertyOp23
 70
     1
102
RTVSPropertyOp24
 70
     1
102
RTVSPropertyOp25
 70
     1
102
RTVSPropertyOp26
 70
     1
102
RTVSPropertyOp27
 70
     1
102
RTVSPropertyOp28
 70
     1
102
RTVSPropertyOp29
 70
     1
102
RTVSPropertyOp30
 70
     1
102
RTVSPropertyOp31
 70
     1
102
RTVSPropertyOp32
 70
     1
102
RTVSPropertyOp33
 70
     1
102
RTVSPropertyOp34
 70
     1
102
RTVSPropertyOp35
 70
     1
102
RTVSPropertyOp36
 70
     1
102
RTVSPropertyOp37
 70
     1
102
RTVSPropertyOp38
 70
     1
102
RTVSPropertyOp39
 70
     1
102
RTVSPropertyOp40
 70
     1
102
RTVSPropertyOp41
 70
     1
102
RTVSPropertyOp42
 70
     1
102
RTVSPropertyOp43
 70
     1
102
RTVSPropertyOp44
 70
     1
102
RTVSPropertyOp45
 70
     1
102
RTVSPropertyOp46
 70
     1
102
RTVSPropertyOp47
 70
     1
102
RTVSPropertyOp48
 70
     1
102
RTVSPropertyOp49
 70
     1
102
RTVSPropertyOp50
 70
     1
102
RTVSPropertyOp51
 70
     0
102
RTVSPropertyOp52
 70
     0
102
RTVSPropertyOp53
 70
     1
102
RTVSPropertyOp54
 70
     1
102
RTVSPropertyOp55
 70
     1
102
RTVSPropertyOp56
 70
     1
102
RTVSPropertyOp57
 70
     1
102
RTVSPropertyOp58
 70
     1
102
RTVSPropertyOp59
 70
     1
102
RTVSPropertyOp60
 70
     1
102
RTVSPropertyOp61
 70
     1
102
RTVSPropertyOp62
 70
     1
  0
XRECORD
  5
62F
102
{ACAD_REACTORS
330
62E
102
}
330
62E
100
AcDbXrecord
280
     1
102
RTVSPost2010Prop28
280
     0
102
RTVSPost2010PropOp28
 70
     1
102
RTVSPost2010Prop29
280
     1
102
RTVSPost2010PropOp29
 70
     1
102
RTVSPost2010Prop30
280
     1
102
RTVSPost2010PropOp30
 70
     1
102
RTVSPost2010Prop31
280
     0
102
RTVSPost2010PropOp31
 70
     1
102
RTVSPost2010Prop32
280
     0
102
RTVSPost2010PropOp32
 70
     1
102
RTVSPost2010Prop33
280
     0
102
RTVSPost2010PropOp33
 70
     1
102
RTVSPost2010Prop34
280
     0
102
RTVSPost2010PropOp34
 70
     1
102
RTVSPost2010Prop35
280
     0
102
RTVSPost2010PropOp35
 70
     1
102
RTVSPost2010Prop36
280
     0
102
RTVSPost2010PropOp36
 70
     1
102
RTVSPost2010Prop37
 90
       50
102
RTVSPost2010PropOp37
 70
     1
102
RTVSPost2010Prop38
140
0.0
102
RTVSPost2010PropOp38
 70
     1
102
RTVSPost2010Prop39
140
1.0
102
RTVSPost2010PropOp39
 70
     1
102
RTVSPost2010Prop40
 90
        0
102
RTVSPost2010PropOp40
 70
     1
102
RTVSPost2010Prop41ColorIndex
 90
       18
102
RTVSPost2010Prop41ColorRGB
 90
        0
102
RTVSPost2010PropOp41
 70
     1
102
RTVSPost2010Prop42
 90
       50
102
RTVSPost2010PropOp42
 70
     1
102
RTVSPost2010Prop43
 90
        3
102
RTVSPost2010PropOp43
 70
     1
102
RTVSPost2010Prop44ColorIndex
 90
        5
102
RTVSPost2010Prop44ColorRGB
 90
      255
102
RTVSPost2010PropOp44
 70
     1
102
RTVSPost2010Prop45
280
     0
102
RTVSPost2010PropOp45
 70
     1
102
RTVSPost2010Prop46
 90
       50
102
RTVSPost2010PropOp46
 70
     1
102
RTVSPost2010Prop47
 90
       50
102
RTVSPost2010PropOp47
 70
     1
102
RTVSPost2010Prop48
 90
       50
102
RTVSPost2010PropOp48
 70
     1
102
RTVSPost2010Prop49
280
     0
102
RTVSPost2010PropOp49
 70
     1
102
RTVSPost2010Prop50
 90
       50
102
RTVSPost2010PropOp50
 70
     1
102
RTVSPost2010Prop51ColorIndex
 90
      256
102
RTVSPost2010Prop51ColorRGB
 90
-16777216
102
RTVSPost2010PropOp51
 70
     0
102
RTVSPost2010Prop52
140
1.0
102
RTVSPost2010PropOp52
 70
     0
102
RTVSPost2010Prop53
 90
        2
102
RTVSPost2010PropOp53
 70
     1
102
RTVSPost2010Prop54
  1
strokes_ogs.tif
102
RTVSPost2010PropOp54
 70
     1
102
RTVSPost2010Prop55
280
     0
102
RTVSPost2010PropOp55
 70
     1
102
RTVSPost2010Prop56
140
1.0
102
RTVSPost2010PropOp56
 70
     1
102
RTVSPost2010Prop57
140
1.0
102
RTVSPost2010PropOp57
 70
     1
102
RTVSPropertyOp0
 70
     1
102
RTVSPropertyOp1
 70
     1
102
RTVSPropertyOp2
 70
     1
102
RTVSPropertyOp3
 70
     1
102
RTVSPropertyOp4
 70
     1
102
RTVSPropertyOp5
 70
     1
102
RTVSPropertyOp6
 70
     1
102
RTVSPropertyOp7
 70
     1
102
RTVSPropertyOp8
 70
     1
102
RTVSPropertyOp9
 70
     1
102
RTVSPropertyOp10
 70
     1
102
RTVSPropertyOp11
 70
     1
102
RTVSPropertyOp12
 70
     1
102
RTVSPropertyOp13
 70
     1
102
RTVSPropertyOp14
 70
     1
102
RTVSPropertyOp15
 70
     1
102
RTVSPropertyOp16
 70
     1
102
RTVSPropertyOp17
 70
     1
102
RTVSPropertyOp18
 70
     1
102
RTVSPropertyOp19
 70
     1
102
RTVSPropertyOp20
 70
     1
102
RTVSPropertyOp21
 70
     1
102
RTVSPropertyOp22
 70
     1
102
RTVSPropertyOp23
 70
     1
102
RTVSPropertyOp24
 70
     1
102
RTVSPropertyOp25
 70
     1
102
RTVSPropertyOp26
 70
     1
102
RTVSPropertyOp27
 70
     1
102
RTVSPropertyOp28
 70
     1
102
RTVSPropertyOp29
 70
     1
102
RTVSPropertyOp30
 70
     1
102
RTVSPropertyOp31
 70
     1
102
RTVSPropertyOp32
 70
     1
102
RTVSPropertyOp33
 70
     1
102
RTVSPropertyOp34
 70
     1
102
RTVSPropertyOp35
 70
     1
102
RTVSPropertyOp36
 70
     1
102
RTVSPropertyOp37
 70
     1
102
RTVSPropertyOp38
 70
     1
102
RTVSPropertyOp39
 70
     1
102
RTVSPropertyOp40
 70
     1
102
RTVSPropertyOp41
 70
     1
102
RTVSPropertyOp42
 70
     1
102
RTVSPropertyOp43
 70
     1
102
RTVSPropertyOp44
 70
     1
102
RTVSPropertyOp45
 70
     1
102
RTVSPropertyOp46
 70
     1
102
RTVSPropertyOp47
 70
     1
102
RTVSPropertyOp48
 70
     1
102
RTVSPropertyOp49
 70
     1
102
RTVSPropertyOp50
 70
     1
102
RTVSPropertyOp51
 70
     0
102
RTVSPropertyOp52
 70
     0
102
RTVSPropertyOp53
 70
     1
102
RTVSPropertyOp54
 70
     1
102
RTVSPropertyOp55
 70
     1
102
RTVSPropertyOp56
 70
     1
102
RTVSPropertyOp57
 70
     1
102
RTVSPropertyOp58
 70
     1
102
RTVSPropertyOp59
 70
     1
102
RTVSPropertyOp60
 70
     1
102
RTVSPropertyOp61
 70
     1
102
RTVSPropertyOp62
 70
     1
  0
XRECORD
  5
649
102
{ACAD_REACTORS
330
648
102
}
330
648
100
AcDbXrecord
280
     1
102
RTVSPost2010Prop28
280
     0
102
RTVSPost2010PropOp28
 70
     1
102
RTVSPost2010Prop29
280
     1
102
RTVSPost2010PropOp29
 70
     1
102
RTVSPost2010Prop30
280
     1
102
RTVSPost2010PropOp30
 70
     1
102
RTVSPost2010Prop31
280
     0
102
RTVSPost2010PropOp31
 70
     1
102
RTVSPost2010Prop32
280
     0
102
RTVSPost2010PropOp32
 70
     1
102
RTVSPost2010Prop33
280
     0
102
RTVSPost2010PropOp33
 70
     1
102
RTVSPost2010Prop34
280
     0
102
RTVSPost2010PropOp34
 70
     1
102
RTVSPost2010Prop35
280
     0
102
RTVSPost2010PropOp35
 70
     1
102
RTVSPost2010Prop36
280
     0
102
RTVSPost2010PropOp36
 70
     1
102
RTVSPost2010Prop37
 90
       50
102
RTVSPost2010PropOp37
 70
     0
102
RTVSPost2010Prop38
140
0.0
102
RTVSPost2010PropOp38
 70
     0
102
RTVSPost2010Prop39
140
1.0
102
RTVSPost2010PropOp39
 70
     0
102
RTVSPost2010Prop40
 90
        0
102
RTVSPost2010PropOp40
 70
     0
102
RTVSPost2010Prop41ColorIndex
 90
       18
102
RTVSPost2010Prop41ColorRGB
 90
        0
102
RTVSPost2010PropOp41
 70
     0
102
RTVSPost2010Prop42
 90
       50
102
RTVSPost2010PropOp42
 70
     0
102
RTVSPost2010Prop43
 90
        3
102
RTVSPost2010PropOp43
 70
     0
102
RTVSPost2010Prop44ColorIndex
 90
        5
102
RTVSPost2010Prop44ColorRGB
 90
      255
102
RTVSPost2010PropOp44
 70
     0
102
RTVSPost2010Prop45
280
     0
102
RTVSPost2010PropOp45
 70
     1
102
RTVSPost2010Prop46
 90
       50
102
RTVSPost2010PropOp46
 70
     0
102
RTVSPost2010Prop47
 90
       50
102
RTVSPost2010PropOp47
 70
     0
102
RTVSPost2010Prop48
 90
       50
102
RTVSPost2010PropOp48
 70
     0
102
RTVSPost2010Prop49
280
     0
102
RTVSPost2010PropOp49
 70
     1
102
RTVSPost2010Prop50
 90
       50
102
RTVSPost2010PropOp50
 70
     0
102
RTVSPost2010Prop51ColorIndex
 90
      256
102
RTVSPost2010Prop51ColorRGB
 90
-16777216
102
RTVSPost2010PropOp51
 70
     0
102
RTVSPost2010Prop52
140
1.0
102
RTVSPost2010PropOp52
 70
     0
102
RTVSPost2010Prop53
 90
        2
102
RTVSPost2010PropOp53
 70
     0
102
RTVSPost2010Prop54
  1
strokes_ogs.tif
102
RTVSPost2010PropOp54
 70
     0
102
RTVSPost2010Prop55
280
     0
102
RTVSPost2010PropOp55
 70
     1
102
RTVSPost2010Prop56
140
1.0
102
RTVSPost2010PropOp56
 70
     0
102
RTVSPost2010Prop57
140
1.0
102
RTVSPost2010PropOp57
 70
     0
102
RTVSPropertyOp0
 70
     0
102
RTVSPropertyOp1
 70
     0
102
RTVSPropertyOp2
 70
     0
102
RTVSPropertyOp3
 70
     0
102
RTVSPropertyOp4
 70
     0
102
RTVSPropertyOp5
 70
     0
102
RTVSPropertyOp6
 70
     0
102
RTVSPropertyOp7
 70
     0
102
RTVSPropertyOp8
 70
     0
102
RTVSPropertyOp9
 70
     0
102
RTVSPropertyOp10
 70
     0
102
RTVSPropertyOp11
 70
     0
102
RTVSPropertyOp12
 70
     0
102
RTVSPropertyOp13
 70
     0
102
RTVSPropertyOp14
 70
     2
102
RTVSPropertyOp15
 70
     0
102
RTVSPropertyOp16
 70
     0
102
RTVSPropertyOp17
 70
     0
102
RTVSPropertyOp18
 70
     0
102
RTVSPropertyOp19
 70
     0
102
RTVSPropertyOp20
 70
     0
102
RTVSPropertyOp21
 70
     0
102
RTVSPropertyOp22
 70
     0
102
RTVSPropertyOp23
 70
     0
102
RTVSPropertyOp24
 70
     0
102
RTVSPropertyOp25
 70
     0
102
RTVSPropertyOp26
 70
     0
102
RTVSPropertyOp27
 70
     0
102
RTVSPropertyOp28
 70
     1
102
RTVSPropertyOp29
 70
     1
102
RTVSPropertyOp30
 70
     1
102
RTVSPropertyOp31
 70
     1
102
RTVSPropertyOp32
 70
     1
102
RTVSPropertyOp33
 70
     1
102
RTVSPropertyOp34
 70
     1
102
RTVSPropertyOp35
 70
     1
102
RTVSPropertyOp36
 70
     1
102
RTVSPropertyOp37
 70
     0
102
RTVSPropertyOp38
 70
     0
102
RTVSPropertyOp39
 70
     0
102
RTVSPropertyOp40
 70
     0
102
RTVSPropertyOp41
 70
     0
102
RTVSPropertyOp42
 70
     0
102
RTVSPropertyOp43
 70
     0
102
RTVSPropertyOp44
 70
     0
102
RTVSPropertyOp45
 70
     1
102
RTVSPropertyOp46
 70
     0
102
RTVSPropertyOp47
 70
     0
102
RTVSPropertyOp48
 70
     0
102
RTVSPropertyOp49
 70
     1
102
RTVSPropertyOp50
 70
     0
102
RTVSPropertyOp51
 70
     0
102
RTVSPropertyOp52
 70
     0
102
RTVSPropertyOp53
 70
     0
102
RTVSPropertyOp54
 70
     0
102
RTVSPropertyOp55
 70
     1
102
RTVSPropertyOp56
 70
     0
102
RTVSPropertyOp57
 70
     0
102
RTVSPropertyOp58
 70
     0
102
RTVSPropertyOp59
 70
     0
102
RTVSPropertyOp60
 70
     0
102
RTVSPropertyOp61
 70
     0
102
RTVSPropertyOp62
 70
     0
  0
XRECORD
  5
637
102
{ACAD_REACTORS
330
636
102
}
330
636
100
AcDbXrecord
280
     1
102
RTVSPost2010Prop28
280
     0
102
RTVSPost2010PropOp28
 70
     1
102
RTVSPost2010Prop29
280
     1
102
RTVSPost2010PropOp29
 70
     1
102
RTVSPost2010Prop30
280
     1
102
RTVSPost2010PropOp30
 70
     1
102
RTVSPost2010Prop31
280
     0
102
RTVSPost2010PropOp31
 70
     1
102
RTVSPost2010Prop32
280
     0
102
RTVSPost2010PropOp32
 70
     1
102
RTVSPost2010Prop33
280
     0
102
RTVSPost2010PropOp33
 70
     1
102
RTVSPost2010Prop34
280
     0
102
RTVSPost2010PropOp34
 70
     1
102
RTVSPost2010Prop35
280
     0
102
RTVSPost2010PropOp35
 70
     1
102
RTVSPost2010Prop36
280
     0
102
RTVSPost2010PropOp36
 70
     1
102
RTVSPost2010Prop37
 90
       50
102
RTVSPost2010PropOp37
 70
     1
102
RTVSPost2010Prop38
140
0.0
102
RTVSPost2010PropOp38
 70
     1
102
RTVSPost2010Prop39
140
1.0
102
RTVSPost2010PropOp39
 70
     1
102
RTVSPost2010Prop40
 90
        0
102
RTVSPost2010PropOp40
 70
     1
102
RTVSPost2010Prop41ColorIndex
 90
       18
102
RTVSPost2010Prop41ColorRGB
 90
        0
102
RTVSPost2010PropOp41
 70
     1
102
RTVSPost2010Prop42
 90
       50
102
RTVSPost2010PropOp42
 70
     1
102
RTVSPost2010Prop43
 90
        3
102
RTVSPost2010PropOp43
 70
     1
102
RTVSPost2010Prop44ColorIndex
 90
        5
102
RTVSPost2010Prop44ColorRGB
 90
      255
102
RTVSPost2010PropOp44
 70
     1
102
RTVSPost2010Prop45
280
     0
102
RTVSPost2010PropOp45
 70
     1
102
RTVSPost2010Prop46
 90
       50
102
RTVSPost2010PropOp46
 70
     1
102
RTVSPost2010Prop47
 90
       50
102
RTVSPost2010PropOp47
 70
     1
102
RTVSPost2010Prop48
 90
       50
102
RTVSPost2010PropOp48
 70
     1
102
RTVSPost2010Prop49
280
     0
102
RTVSPost2010PropOp49
 70
     1
102
RTVSPost2010Prop50
 90
       50
102
RTVSPost2010PropOp50
 70
     1
102
RTVSPost2010Prop51ColorIndex
 90
      256
102
RTVSPost2010Prop51ColorRGB
 90
-16777216
102
RTVSPost2010PropOp51
 70
     0
102
RTVSPost2010Prop52
140
1.0
102
RTVSPost2010PropOp52
 70
     0
102
RTVSPost2010Prop53
 90
        2
102
RTVSPost2010PropOp53
 70
     1
102
RTVSPost2010Prop54
  1
strokes_ogs.tif
102
RTVSPost2010PropOp54
 70
     1
102
RTVSPost2010Prop55
280
     0
102
RTVSPost2010PropOp55
 70
     1
102
RTVSPost2010Prop56
140
1.0
102
RTVSPost2010PropOp56
 70
     1
102
RTVSPost2010Prop57
140
1.0
102
RTVSPost2010PropOp57
 70
     1
102
RTVSPropertyOp0
 70
     1
102
RTVSPropertyOp1
 70
     1
102
RTVSPropertyOp2
 70
     1
102
RTVSPropertyOp3
 70
     1
102
RTVSPropertyOp4
 70
     1
102
RTVSPropertyOp5
 70
     1
102
RTVSPropertyOp6
 70
     1
102
RTVSPropertyOp7
 70
     1
102
RTVSPropertyOp8
 70
     1
102
RTVSPropertyOp9
 70
     1
102
RTVSPropertyOp10
 70
     1
102
RTVSPropertyOp11
 70
     1
102
RTVSPropertyOp12
 70
     1
102
RTVSPropertyOp13
 70
     1
102
RTVSPropertyOp14
 70
     1
102
RTVSPropertyOp15
 70
     1
102
RTVSPropertyOp16
 70
     1
102
RTVSPropertyOp17
 70
     1
102
RTVSPropertyOp18
 70
     1
102
RTVSPropertyOp19
 70
     1
102
RTVSPropertyOp20
 70
     1
102
RTVSPropertyOp21
 70
     1
102
RTVSPropertyOp22
 70
     1
102
RTVSPropertyOp23
 70
     1
102
RTVSPropertyOp24
 70
     1
102
RTVSPropertyOp25
 70
     1
102
RTVSPropertyOp26
 70
     1
102
RTVSPropertyOp27
 70
     1
102
RTVSPropertyOp28
 70
     1
102
RTVSPropertyOp29
 70
     1
102
RTVSPropertyOp30
 70
     1
102
RTVSPropertyOp31
 70
     1
102
RTVSPropertyOp32
 70
     1
102
RTVSPropertyOp33
 70
     1
102
RTVSPropertyOp34
 70
     1
102
RTVSPropertyOp35
 70
     1
102
RTVSPropertyOp36
 70
     1
102
RTVSPropertyOp37
 70
     1
102
RTVSPropertyOp38
 70
     1
102
RTVSPropertyOp39
 70
     1
102
RTVSPropertyOp40
 70
     1
102
RTVSPropertyOp41
 70
     1
102
RTVSPropertyOp42
 70
     1
102
RTVSPropertyOp43
 70
     1
102
RTVSPropertyOp44
 70
     1
102
RTVSPropertyOp45
 70
     1
102
RTVSPropertyOp46
 70
     1
102
RTVSPropertyOp47
 70
     1
102
RTVSPropertyOp48
 70
     1
102
RTVSPropertyOp49
 70
     1
102
RTVSPropertyOp50
 70
     1
102
RTVSPropertyOp51
 70
     0
102
RTVSPropertyOp52
 70
     0
102
RTVSPropertyOp53
 70
     1
102
RTVSPropertyOp54
 70
     1
102
RTVSPropertyOp55
 70
     1
102
RTVSPropertyOp56
 70
     1
102
RTVSPropertyOp57
 70
     1
102
RTVSPropertyOp58
 70
     1
102
RTVSPropertyOp59
 70
     1
102
RTVSPropertyOp60
 70
     1
102
RTVSPropertyOp61
 70
     1
102
RTVSPropertyOp62
 70
     1
  0
XRECORD
  5
61B
102
{ACAD_REACTORS
330
61A
102
}
330
61A
100
AcDbXrecord
280
     1
102
RTVSPost2010Prop28
280
     0
102
RTVSPost2010PropOp28
 70
     1
102
RTVSPost2010Prop29
280
     1
102
RTVSPost2010PropOp29
 70
     1
102
RTVSPost2010Prop30
280
     1
102
RTVSPost2010PropOp30
 70
     1
102
RTVSPost2010Prop31
280
     0
102
RTVSPost2010PropOp31
 70
     1
102
RTVSPost2010Prop32
280
     0
102
RTVSPost2010PropOp32
 70
     1
102
RTVSPost2010Prop33
280
     0
102
RTVSPost2010PropOp33
 70
     1
102
RTVSPost2010Prop34
280
     0
102
RTVSPost2010PropOp34
 70
     1
102
RTVSPost2010Prop35
280
     0
102
RTVSPost2010PropOp35
 70
     1
102
RTVSPost2010Prop36
280
     0
102
RTVSPost2010PropOp36
 70
     1
102
RTVSPost2010Prop37
 90
       50
102
RTVSPost2010PropOp37
 70
     1
102
RTVSPost2010Prop38
140
0.0
102
RTVSPost2010PropOp38
 70
     1
102
RTVSPost2010Prop39
140
1.0
102
RTVSPost2010PropOp39
 70
     1
102
RTVSPost2010Prop40
 90
        0
102
RTVSPost2010PropOp40
 70
     1
102
RTVSPost2010Prop41ColorIndex
 90
       18
102
RTVSPost2010Prop41ColorRGB
 90
        0
102
RTVSPost2010PropOp41
 70
     1
102
RTVSPost2010Prop42
 90
       50
102
RTVSPost2010PropOp42
 70
     1
102
RTVSPost2010Prop43
 90
        3
102
RTVSPost2010PropOp43
 70
     1
102
RTVSPost2010Prop44ColorIndex
 90
        5
102
RTVSPost2010Prop44ColorRGB
 90
      255
102
RTVSPost2010PropOp44
 70
     1
102
RTVSPost2010Prop45
280
     0
102
RTVSPost2010PropOp45
 70
     1
102
RTVSPost2010Prop46
 90
       50
102
RTVSPost2010PropOp46
 70
     1
102
RTVSPost2010Prop47
 90
       50
102
RTVSPost2010PropOp47
 70
     1
102
RTVSPost2010Prop48
 90
       50
102
RTVSPost2010PropOp48
 70
     1
102
RTVSPost2010Prop49
280
     0
102
RTVSPost2010PropOp49
 70
     1
102
RTVSPost2010Prop50
 90
       50
102
RTVSPost2010PropOp50
 70
     1
102
RTVSPost2010Prop51ColorIndex
 90
      256
102
RTVSPost2010Prop51ColorRGB
 90
-16777216
102
RTVSPost2010PropOp51
 70
     0
102
RTVSPost2010Prop52
140
1.0
102
RTVSPost2010PropOp52
 70
     0
102
RTVSPost2010Prop53
 90
        2
102
RTVSPost2010PropOp53
 70
     1
102
RTVSPost2010Prop54
  1
strokes_ogs.tif
102
RTVSPost2010PropOp54
 70
     1
102
RTVSPost2010Prop55
280
     0
102
RTVSPost2010PropOp55
 70
     1
102
RTVSPost2010Prop56
140
1.0
102
RTVSPost2010PropOp56
 70
     1
102
RTVSPost2010Prop57
140
1.0
102
RTVSPost2010PropOp57
 70
     1
102
RTVSPropertyOp0
 70
     1
102
RTVSPropertyOp1
 70
     1
102
RTVSPropertyOp2
 70
     1
102
RTVSPropertyOp3
 70
     1
102
RTVSPropertyOp4
 70
     1
102
RTVSPropertyOp5
 70
     1
102
RTVSPropertyOp6
 70
     1
102
RTVSPropertyOp7
 70
     1
102
RTVSPropertyOp8
 70
     1
102
RTVSPropertyOp9
 70
     1
102
RTVSPropertyOp10
 70
     1
102
RTVSPropertyOp11
 70
     1
102
RTVSPropertyOp12
 70
     1
102
RTVSPropertyOp13
 70
     1
102
RTVSPropertyOp14
 70
     1
102
RTVSPropertyOp15
 70
     1
102
RTVSPropertyOp16
 70
     1
102
RTVSPropertyOp17
 70
     1
102
RTVSPropertyOp18
 70
     1
102
RTVSPropertyOp19
 70
     1
102
RTVSPropertyOp20
 70
     1
102
RTVSPropertyOp21
 70
     1
102
RTVSPropertyOp22
 70
     1
102
RTVSPropertyOp23
 70
     1
102
RTVSPropertyOp24
 70
     1
102
RTVSPropertyOp25
 70
     1
102
RTVSPropertyOp26
 70
     1
102
RTVSPropertyOp27
 70
     1
102
RTVSPropertyOp28
 70
     1
102
RTVSPropertyOp29
 70
     1
102
RTVSPropertyOp30
 70
     1
102
RTVSPropertyOp31
 70
     1
102
RTVSPropertyOp32
 70
     1
102
RTVSPropertyOp33
 70
     1
102
RTVSPropertyOp34
 70
     1
102
RTVSPropertyOp35
 70
     1
102
RTVSPropertyOp36
 70
     1
102
RTVSPropertyOp37
 70
     1
102
RTVSPropertyOp38
 70
     1
102
RTVSPropertyOp39
 70
     1
102
RTVSPropertyOp40
 70
     1
102
RTVSPropertyOp41
 70
     1
102
RTVSPropertyOp42
 70
     1
102
RTVSPropertyOp43
 70
     1
102
RTVSPropertyOp44
 70
     1
102
RTVSPropertyOp45
 70
     1
102
RTVSPropertyOp46
 70
     1
102
RTVSPropertyOp47
 70
     1
102
RTVSPropertyOp48
 70
     1
102
RTVSPropertyOp49
 70
     1
102
RTVSPropertyOp50
 70
     1
102
RTVSPropertyOp51
 70
     0
102
RTVSPropertyOp52
 70
     0
102
RTVSPropertyOp53
 70
     1
102
RTVSPropertyOp54
 70
     1
102
RTVSPropertyOp55
 70
     1
102
RTVSPropertyOp56
 70
     1
102
RTVSPropertyOp57
 70
     1
102
RTVSPropertyOp58
 70
     1
102
RTVSPropertyOp59
 70
     1
102
RTVSPropertyOp60
 70
     1
102
RTVSPropertyOp61
 70
     1
102
RTVSPropertyOp62
 70
     1
  0
XRECORD
  5
61D
102
{ACAD_REACTORS
330
61C
102
}
330
61C
100
AcDbXrecord
280
     1
102
RTVSPost2010Prop28
280
     0
102
RTVSPost2010PropOp28
 70
     1
102
RTVSPost2010Prop29
280
     1
102
RTVSPost2010PropOp29
 70
     1
102
RTVSPost2010Prop30
280
     1
102
RTVSPost2010PropOp30
 70
     1
102
RTVSPost2010Prop31
280
     0
102
RTVSPost2010PropOp31
 70
     1
102
RTVSPost2010Prop32
280
     0
102
RTVSPost2010PropOp32
 70
     1
102
RTVSPost2010Prop33
280
     0
102
RTVSPost2010PropOp33
 70
     1
102
RTVSPost2010Prop34
280
     0
102
RTVSPost2010PropOp34
 70
     1
102
RTVSPost2010Prop35
280
     0
102
RTVSPost2010PropOp35
 70
     1
102
RTVSPost2010Prop36
280
     0
102
RTVSPost2010PropOp36
 70
     1
102
RTVSPost2010Prop37
 90
       50
102
RTVSPost2010PropOp37
 70
     1
102
RTVSPost2010Prop38
140
0.0
102
RTVSPost2010PropOp38
 70
     1
102
RTVSPost2010Prop39
140
1.0
102
RTVSPost2010PropOp39
 70
     1
102
RTVSPost2010Prop40
 90
        0
102
RTVSPost2010PropOp40
 70
     1
102
RTVSPost2010Prop41ColorIndex
 90
       18
102
RTVSPost2010Prop41ColorRGB
 90
        0
102
RTVSPost2010PropOp41
 70
     1
102
RTVSPost2010Prop42
 90
       50
102
RTVSPost2010PropOp42
 70
     1
102
RTVSPost2010Prop43
 90
        3
102
RTVSPost2010PropOp43
 70
     1
102
RTVSPost2010Prop44ColorIndex
 90
        5
102
RTVSPost2010Prop44ColorRGB
 90
      255
102
RTVSPost2010PropOp44
 70
     1
102
RTVSPost2010Prop45
280
     0
102
RTVSPost2010PropOp45
 70
     1
102
RTVSPost2010Prop46
 90
       50
102
RTVSPost2010PropOp46
 70
     1
102
RTVSPost2010Prop47
 90
       50
102
RTVSPost2010PropOp47
 70
     1
102
RTVSPost2010Prop48
 90
       50
102
RTVSPost2010PropOp48
 70
     1
102
RTVSPost2010Prop49
280
     0
102
RTVSPost2010PropOp49
 70
     1
102
RTVSPost2010Prop50
 90
       50
102
RTVSPost2010PropOp50
 70
     1
102
RTVSPost2010Prop51ColorIndex
 90
      256
102
RTVSPost2010Prop51ColorRGB
 90
-16777216
102
RTVSPost2010PropOp51
 70
     0
102
RTVSPost2010Prop52
140
1.0
102
RTVSPost2010PropOp52
 70
     0
102
RTVSPost2010Prop53
 90
        2
102
RTVSPost2010PropOp53
 70
     1
102
RTVSPost2010Prop54
  1
strokes_ogs.tif
102
RTVSPost2010PropOp54
 70
     1
102
RTVSPost2010Prop55
280
     0
102
RTVSPost2010PropOp55
 70
     1
102
RTVSPost2010Prop56
140
1.0
102
RTVSPost2010PropOp56
 70
     1
102
RTVSPost2010Prop57
140
1.0
102
RTVSPost2010PropOp57
 70
     1
102
RTVSPropertyOp0
 70
     1
102
RTVSPropertyOp1
 70
     1
102
RTVSPropertyOp2
 70
     1
102
RTVSPropertyOp3
 70
     1
102
RTVSPropertyOp4
 70
     1
102
RTVSPropertyOp5
 70
     1
102
RTVSPropertyOp6
 70
     1
102
RTVSPropertyOp7
 70
     1
102
RTVSPropertyOp8
 70
     1
102
RTVSPropertyOp9
 70
     1
102
RTVSPropertyOp10
 70
     1
102
RTVSPropertyOp11
 70
     1
102
RTVSPropertyOp12
 70
     1
102
RTVSPropertyOp13
 70
     1
102
RTVSPropertyOp14
 70
     1
102
RTVSPropertyOp15
 70
     1
102
RTVSPropertyOp16
 70
     1
102
RTVSPropertyOp17
 70
     1
102
RTVSPropertyOp18
 70
     1
102
RTVSPropertyOp19
 70
     1
102
RTVSPropertyOp20
 70
     1
102
RTVSPropertyOp21
 70
     1
102
RTVSPropertyOp22
 70
     1
102
RTVSPropertyOp23
 70
     1
102
RTVSPropertyOp24
 70
     1
102
RTVSPropertyOp25
 70
     1
102
RTVSPropertyOp26
 70
     1
102
RTVSPropertyOp27
 70
     1
102
RTVSPropertyOp28
 70
     1
102
RTVSPropertyOp29
 70
     1
102
RTVSPropertyOp30
 70
     1
102
RTVSPropertyOp31
 70
     1
102
RTVSPropertyOp32
 70
     1
102
RTVSPropertyOp33
 70
     1
102
RTVSPropertyOp34
 70
     1
102
RTVSPropertyOp35
 70
     1
102
RTVSPropertyOp36
 70
     1
102
RTVSPropertyOp37
 70
     1
102
RTVSPropertyOp38
 70
     1
102
RTVSPropertyOp39
 70
     1
102
RTVSPropertyOp40
 70
     1
102
RTVSPropertyOp41
 70
     1
102
RTVSPropertyOp42
 70
     1
102
RTVSPropertyOp43
 70
     1
102
RTVSPropertyOp44
 70
     1
102
RTVSPropertyOp45
 70
     1
102
RTVSPropertyOp46
 70
     1
102
RTVSPropertyOp47
 70
     1
102
RTVSPropertyOp48
 70
     1
102
RTVSPropertyOp49
 70
     1
102
RTVSPropertyOp50
 70
     1
102
RTVSPropertyOp51
 70
     0
102
RTVSPropertyOp52
 70
     0
102
RTVSPropertyOp53
 70
     1
102
RTVSPropertyOp54
 70
     1
102
RTVSPropertyOp55
 70
     1
102
RTVSPropertyOp56
 70
     1
102
RTVSPropertyOp57
 70
     1
102
RTVSPropertyOp58
 70
     1
102
RTVSPropertyOp59
 70
     1
102
RTVSPropertyOp60
 70
     1
102
RTVSPropertyOp61
 70
     1
102
RTVSPropertyOp62
 70
     1
  0
XRECORD
  5
61F
102
{ACAD_REACTORS
330
61E
102
}
330
61E
100
AcDbXrecord
280
     1
102
RTVSPost2010Prop28
280
     0
102
RTVSPost2010PropOp28
 70
     1
102
RTVSPost2010Prop29
280
     1
102
RTVSPost2010PropOp29
 70
     1
102
RTVSPost2010Prop30
280
     1
102
RTVSPost2010PropOp30
 70
     1
102
RTVSPost2010Prop31
280
     0
102
RTVSPost2010PropOp31
 70
     1
102
RTVSPost2010Prop32
280
     0
102
RTVSPost2010PropOp32
 70
     1
102
RTVSPost2010Prop33
280
     0
102
RTVSPost2010PropOp33
 70
     1
102
RTVSPost2010Prop34
280
     0
102
RTVSPost2010PropOp34
 70
     1
102
RTVSPost2010Prop35
280
     0
102
RTVSPost2010PropOp35
 70
     1
102
RTVSPost2010Prop36
280
     0
102
RTVSPost2010PropOp36
 70
     1
102
RTVSPost2010Prop37
 90
       50
102
RTVSPost2010PropOp37
 70
     1
102
RTVSPost2010Prop38
140
0.0
102
RTVSPost2010PropOp38
 70
     1
102
RTVSPost2010Prop39
140
1.0
102
RTVSPost2010PropOp39
 70
     1
102
RTVSPost2010Prop40
 90
        0
102
RTVSPost2010PropOp40
 70
     1
102
RTVSPost2010Prop41ColorIndex
 90
       18
102
RTVSPost2010Prop41ColorRGB
 90
        0
102
RTVSPost2010PropOp41
 70
     1
102
RTVSPost2010Prop42
 90
       50
102
RTVSPost2010PropOp42
 70
     1
102
RTVSPost2010Prop43
 90
        3
102
RTVSPost2010PropOp43
 70
     1
102
RTVSPost2010Prop44ColorIndex
 90
        5
102
RTVSPost2010Prop44ColorRGB
 90
      255
102
RTVSPost2010PropOp44
 70
     1
102
RTVSPost2010Prop45
280
     0
102
RTVSPost2010PropOp45
 70
     1
102
RTVSPost2010Prop46
 90
       50
102
RTVSPost2010PropOp46
 70
     1
102
RTVSPost2010Prop47
 90
       50
102
RTVSPost2010PropOp47
 70
     1
102
RTVSPost2010Prop48
 90
       50
102
RTVSPost2010PropOp48
 70
     1
102
RTVSPost2010Prop49
280
     0
102
RTVSPost2010PropOp49
 70
     1
102
RTVSPost2010Prop50
 90
       50
102
RTVSPost2010PropOp50
 70
     1
102
RTVSPost2010Prop51ColorIndex
 90
      256
102
RTVSPost2010Prop51ColorRGB
 90
-16777216
102
RTVSPost2010PropOp51
 70
     0
102
RTVSPost2010Prop52
140
1.0
102
RTVSPost2010PropOp52
 70
     0
102
RTVSPost2010Prop53
 90
        2
102
RTVSPost2010PropOp53
 70
     1
102
RTVSPost2010Prop54
  1
strokes_ogs.tif
102
RTVSPost2010PropOp54
 70
     1
102
RTVSPost2010Prop55
280
     0
102
RTVSPost2010PropOp55
 70
     1
102
RTVSPost2010Prop56
140
1.0
102
RTVSPost2010PropOp56
 70
     1
102
RTVSPost2010Prop57
140
1.0
102
RTVSPost2010PropOp57
 70
     1
102
RTVSPropertyOp0
 70
     1
102
RTVSPropertyOp1
 70
     1
102
RTVSPropertyOp2
 70
     1
102
RTVSPropertyOp3
 70
     1
102
RTVSPropertyOp4
 70
     1
102
RTVSPropertyOp5
 70
     1
102
RTVSPropertyOp6
 70
     1
102
RTVSPropertyOp7
 70
     1
102
RTVSPropertyOp8
 70
     1
102
RTVSPropertyOp9
 70
     1
102
RTVSPropertyOp10
 70
     1
102
RTVSPropertyOp11
 70
     1
102
RTVSPropertyOp12
 70
     1
102
RTVSPropertyOp13
 70
     1
102
RTVSPropertyOp14
 70
     1
102
RTVSPropertyOp15
 70
     1
102
RTVSPropertyOp16
 70
     1
102
RTVSPropertyOp17
 70
     1
102
RTVSPropertyOp18
 70
     1
102
RTVSPropertyOp19
 70
     1
102
RTVSPropertyOp20
 70
     1
102
RTVSPropertyOp21
 70
     1
102
RTVSPropertyOp22
 70
     1
102
RTVSPropertyOp23
 70
     1
102
RTVSPropertyOp24
 70
     1
102
RTVSPropertyOp25
 70
     1
102
RTVSPropertyOp26
 70
     1
102
RTVSPropertyOp27
 70
     1
102
RTVSPropertyOp28
 70
     1
102
RTVSPropertyOp29
 70
     1
102
RTVSPropertyOp30
 70
     1
102
RTVSPropertyOp31
 70
     1
102
RTVSPropertyOp32
 70
     1
102
RTVSPropertyOp33
 70
     1
102
RTVSPropertyOp34
 70
     1
102
RTVSPropertyOp35
 70
     1
102
RTVSPropertyOp36
 70
     1
102
RTVSPropertyOp37
 70
     1
102
RTVSPropertyOp38
 70
     1
102
RTVSPropertyOp39
 70
     1
102
RTVSPropertyOp40
 70
     1
102
RTVSPropertyOp41
 70
     1
102
RTVSPropertyOp42
 70
     1
102
RTVSPropertyOp43
 70
     1
102
RTVSPropertyOp44
 70
     1
102
RTVSPropertyOp45
 70
     1
102
RTVSPropertyOp46
 70
     1
102
RTVSPropertyOp47
 70
     1
102
RTVSPropertyOp48
 70
     1
102
RTVSPropertyOp49
 70
     1
102
RTVSPropertyOp50
 70
     1
102
RTVSPropertyOp51
 70
     0
102
RTVSPropertyOp52
 70
     0
102
RTVSPropertyOp53
 70
     1
102
RTVSPropertyOp54
 70
     1
102
RTVSPropertyOp55
 70
     1
102
RTVSPropertyOp56
 70
     1
102
RTVSPropertyOp57
 70
     1
102
RTVSPropertyOp58
 70
     1
102
RTVSPropertyOp59
 70
     1
102
RTVSPropertyOp60
 70
     1
102
RTVSPropertyOp61
 70
     1
102
RTVSPropertyOp62
 70
     1
  0
XRECORD
  5
621
102
{ACAD_REACTORS
330
620
102
}
330
620
100
AcDbXrecord
280
     1
102
RTVSPost2010Prop28
280
     0
102
RTVSPost2010PropOp28
 70
     1
102
RTVSPost2010Prop29
280
     1
102
RTVSPost2010PropOp29
 70
     1
102
RTVSPost2010Prop30
280
     1
102
RTVSPost2010PropOp30
 70
     1
102
RTVSPost2010Prop31
280
     0
102
RTVSPost2010PropOp31
 70
     1
102
RTVSPost2010Prop32
280
     0
102
RTVSPost2010PropOp32
 70
     1
102
RTVSPost2010Prop33
280
     0
102
RTVSPost2010PropOp33
 70
     1
102
RTVSPost2010Prop34
280
     0
102
RTVSPost2010PropOp34
 70
     1
102
RTVSPost2010Prop35
280
     0
102
RTVSPost2010PropOp35
 70
     1
102
RTVSPost2010Prop36
280
     0
102
RTVSPost2010PropOp36
 70
     1
102
RTVSPost2010Prop37
 90
       50
102
RTVSPost2010PropOp37
 70
     1
102
RTVSPost2010Prop38
140
0.0
102
RTVSPost2010PropOp38
 70
     1
102
RTVSPost2010Prop39
140
1.0
102
RTVSPost2010PropOp39
 70
     1
102
RTVSPost2010Prop40
 90
        0
102
RTVSPost2010PropOp40
 70
     1
102
RTVSPost2010Prop41ColorIndex
 90
       18
102
RTVSPost2010Prop41ColorRGB
 90
        0
102
RTVSPost2010PropOp41
 70
     1
102
RTVSPost2010Prop42
 90
       50
102
RTVSPost2010PropOp42
 70
     1
102
RTVSPost2010Prop43
 90
        3
102
RTVSPost2010PropOp43
 70
     1
102
RTVSPost2010Prop44ColorIndex
 90
        5
102
RTVSPost2010Prop44ColorRGB
 90
      255
102
RTVSPost2010PropOp44
 70
     1
102
RTVSPost2010Prop45
280
     0
102
RTVSPost2010PropOp45
 70
     1
102
RTVSPost2010Prop46
 90
       50
102
RTVSPost2010PropOp46
 70
     1
102
RTVSPost2010Prop47
 90
       50
102
RTVSPost2010PropOp47
 70
     1
102
RTVSPost2010Prop48
 90
       50
102
RTVSPost2010PropOp48
 70
     1
102
RTVSPost2010Prop49
280
     0
102
RTVSPost2010PropOp49
 70
     1
102
RTVSPost2010Prop50
 90
       50
102
RTVSPost2010PropOp50
 70
     1
102
RTVSPost2010Prop51ColorIndex
 90
      256
102
RTVSPost2010Prop51ColorRGB
 90
-16777216
102
RTVSPost2010PropOp51
 70
     0
102
RTVSPost2010Prop52
140
1.0
102
RTVSPost2010PropOp52
 70
     0
102
RTVSPost2010Prop53
 90
        2
102
RTVSPost2010PropOp53
 70
     1
102
RTVSPost2010Prop54
  1
strokes_ogs.tif
102
RTVSPost2010PropOp54
 70
     1
102
RTVSPost2010Prop55
280
     0
102
RTVSPost2010PropOp55
 70
     1
102
RTVSPost2010Prop56
140
1.0
102
RTVSPost2010PropOp56
 70
     1
102
RTVSPost2010Prop57
140
1.0
102
RTVSPost2010PropOp57
 70
     1
102
RTVSPropertyOp0
 70
     1
102
RTVSPropertyOp1
 70
     1
102
RTVSPropertyOp2
 70
     1
102
RTVSPropertyOp3
 70
     1
102
RTVSPropertyOp4
 70
     1
102
RTVSPropertyOp5
 70
     1
102
RTVSPropertyOp6
 70
     1
102
RTVSPropertyOp7
 70
     1
102
RTVSPropertyOp8
 70
     1
102
RTVSPropertyOp9
 70
     1
102
RTVSPropertyOp10
 70
     1
102
RTVSPropertyOp11
 70
     1
102
RTVSPropertyOp12
 70
     1
102
RTVSPropertyOp13
 70
     1
102
RTVSPropertyOp14
 70
     1
102
RTVSPropertyOp15
 70
     1
102
RTVSPropertyOp16
 70
     1
102
RTVSPropertyOp17
 70
     1
102
RTVSPropertyOp18
 70
     1
102
RTVSPropertyOp19
 70
     1
102
RTVSPropertyOp20
 70
     1
102
RTVSPropertyOp21
 70
     1
102
RTVSPropertyOp22
 70
     1
102
RTVSPropertyOp23
 70
     1
102
RTVSPropertyOp24
 70
     1
102
RTVSPropertyOp25
 70
     1
102
RTVSPropertyOp26
 70
     1
102
RTVSPropertyOp27
 70
     1
102
RTVSPropertyOp28
 70
     1
102
RTVSPropertyOp29
 70
     1
102
RTVSPropertyOp30
 70
     1
102
RTVSPropertyOp31
 70
     1
102
RTVSPropertyOp32
 70
     1
102
RTVSPropertyOp33
 70
     1
102
RTVSPropertyOp34
 70
     1
102
RTVSPropertyOp35
 70
     1
102
RTVSPropertyOp36
 70
     1
102
RTVSPropertyOp37
 70
     1
102
RTVSPropertyOp38
 70
     1
102
RTVSPropertyOp39
 70
     1
102
RTVSPropertyOp40
 70
     1
102
RTVSPropertyOp41
 70
     1
102
RTVSPropertyOp42
 70
     1
102
RTVSPropertyOp43
 70
     1
102
RTVSPropertyOp44
 70
     1
102
RTVSPropertyOp45
 70
     1
102
RTVSPropertyOp46
 70
     1
102
RTVSPropertyOp47
 70
     1
102
RTVSPropertyOp48
 70
     1
102
RTVSPropertyOp49
 70
     1
102
RTVSPropertyOp50
 70
     1
102
RTVSPropertyOp51
 70
     0
102
RTVSPropertyOp52
 70
     0
102
RTVSPropertyOp53
 70
     1
102
RTVSPropertyOp54
 70
     1
102
RTVSPropertyOp55
 70
     1
102
RTVSPropertyOp56
 70
     1
102
RTVSPropertyOp57
 70
     1
102
RTVSPropertyOp58
 70
     1
102
RTVSPropertyOp59
 70
     1
102
RTVSPropertyOp60
 70
     1
102
RTVSPropertyOp61
 70
     1
102
RTVSPropertyOp62
 70
     1
  0
XRECORD
  5
629
102
{ACAD_REACTORS
330
628
102
}
330
628
100
AcDbXrecord
280
     1
102
RTVSPost2010Prop28
280
     0
102
RTVSPost2010PropOp28
 70
     1
102
RTVSPost2010Prop29
280
     1
102
RTVSPost2010PropOp29
 70
     1
102
RTVSPost2010Prop30
280
     1
102
RTVSPost2010PropOp30
 70
     1
102
RTVSPost2010Prop31
280
     0
102
RTVSPost2010PropOp31
 70
     1
102
RTVSPost2010Prop32
280
     0
102
RTVSPost2010PropOp32
 70
     1
102
RTVSPost2010Prop33
280
     0
102
RTVSPost2010PropOp33
 70
     1
102
RTVSPost2010Prop34
280
     0
102
RTVSPost2010PropOp34
 70
     1
102
RTVSPost2010Prop35
280
     0
102
RTVSPost2010PropOp35
 70
     1
102
RTVSPost2010Prop36
280
     0
102
RTVSPost2010PropOp36
 70
     1
102
RTVSPost2010Prop37
 90
       50
102
RTVSPost2010PropOp37
 70
     1
102
RTVSPost2010Prop38
140
0.0
102
RTVSPost2010PropOp38
 70
     1
102
RTVSPost2010Prop39
140
1.0
102
RTVSPost2010PropOp39
 70
     1
102
RTVSPost2010Prop40
 90
        0
102
RTVSPost2010PropOp40
 70
     1
102
RTVSPost2010Prop41ColorIndex
 90
       18
102
RTVSPost2010Prop41ColorRGB
 90
        0
102
RTVSPost2010PropOp41
 70
     1
102
RTVSPost2010Prop42
 90
       50
102
RTVSPost2010PropOp42
 70
     1
102
RTVSPost2010Prop43
 90
        3
102
RTVSPost2010PropOp43
 70
     1
102
RTVSPost2010Prop44ColorIndex
 90
        5
102
RTVSPost2010Prop44ColorRGB
 90
      255
102
RTVSPost2010PropOp44
 70
     1
102
RTVSPost2010Prop45
280
     0
102
RTVSPost2010PropOp45
 70
     1
102
RTVSPost2010Prop46
 90
       50
102
RTVSPost2010PropOp46
 70
     1
102
RTVSPost2010Prop47
 90
       50
102
RTVSPost2010PropOp47
 70
     1
102
RTVSPost2010Prop48
 90
       50
102
RTVSPost2010PropOp48
 70
     1
102
RTVSPost2010Prop49
280
     0
102
RTVSPost2010PropOp49
 70
     1
102
RTVSPost2010Prop50
 90
       50
102
RTVSPost2010PropOp50
 70
     1
102
RTVSPost2010Prop51ColorIndex
 90
      256
102
RTVSPost2010Prop51ColorRGB
 90
-16777216
102
RTVSPost2010PropOp51
 70
     0
102
RTVSPost2010Prop52
140
1.0
102
RTVSPost2010PropOp52
 70
     0
102
RTVSPost2010Prop53
 90
        2
102
RTVSPost2010PropOp53
 70
     1
102
RTVSPost2010Prop54
  1
strokes_ogs.tif
102
RTVSPost2010PropOp54
 70
     1
102
RTVSPost2010Prop55
280
     0
102
RTVSPost2010PropOp55
 70
     1
102
RTVSPost2010Prop56
140
1.0
102
RTVSPost2010PropOp56
 70
     1
102
RTVSPost2010Prop57
140
1.0
102
RTVSPost2010PropOp57
 70
     1
102
RTVSPropertyOp0
 70
     1
102
RTVSPropertyOp1
 70
     1
102
RTVSPropertyOp2
 70
     1
102
RTVSPropertyOp3
 70
     1
102
RTVSPropertyOp4
 70
     1
102
RTVSPropertyOp5
 70
     1
102
RTVSPropertyOp6
 70
     1
102
RTVSPropertyOp7
 70
     1
102
RTVSPropertyOp8
 70
     1
102
RTVSPropertyOp9
 70
     1
102
RTVSPropertyOp10
 70
     1
102
RTVSPropertyOp11
 70
     1
102
RTVSPropertyOp12
 70
     1
102
RTVSPropertyOp13
 70
     1
102
RTVSPropertyOp14
 70
     1
102
RTVSPropertyOp15
 70
     1
102
RTVSPropertyOp16
 70
     1
102
RTVSPropertyOp17
 70
     1
102
RTVSPropertyOp18
 70
     1
102
RTVSPropertyOp19
 70
     1
102
RTVSPropertyOp20
 70
     1
102
RTVSPropertyOp21
 70
     1
102
RTVSPropertyOp22
 70
     1
102
RTVSPropertyOp23
 70
     1
102
RTVSPropertyOp24
 70
     1
102
RTVSPropertyOp25
 70
     1
102
RTVSPropertyOp26
 70
     1
102
RTVSPropertyOp27
 70
     1
102
RTVSPropertyOp28
 70
     1
102
RTVSPropertyOp29
 70
     1
102
RTVSPropertyOp30
 70
     1
102
RTVSPropertyOp31
 70
     1
102
RTVSPropertyOp32
 70
     1
102
RTVSPropertyOp33
 70
     1
102
RTVSPropertyOp34
 70
     1
102
RTVSPropertyOp35
 70
     1
102
RTVSPropertyOp36
 70
     1
102
RTVSPropertyOp37
 70
     1
102
RTVSPropertyOp38
 70
     1
102
RTVSPropertyOp39
 70
     1
102
RTVSPropertyOp40
 70
     1
102
RTVSPropertyOp41
 70
     1
102
RTVSPropertyOp42
 70
     1
102
RTVSPropertyOp43
 70
     1
102
RTVSPropertyOp44
 70
     1
102
RTVSPropertyOp45
 70
     1
102
RTVSPropertyOp46
 70
     1
102
RTVSPropertyOp47
 70
     1
102
RTVSPropertyOp48
 70
     1
102
RTVSPropertyOp49
 70
     1
102
RTVSPropertyOp50
 70
     1
102
RTVSPropertyOp51
 70
     0
102
RTVSPropertyOp52
 70
     0
102
RTVSPropertyOp53
 70
     1
102
RTVSPropertyOp54
 70
     1
102
RTVSPropertyOp55
 70
     1
102
RTVSPropertyOp56
 70
     1
102
RTVSPropertyOp57
 70
     1
102
RTVSPropertyOp58
 70
     1
102
RTVSPropertyOp59
 70
     1
102
RTVSPropertyOp60
 70
     1
102
RTVSPropertyOp61
 70
     1
102
RTVSPropertyOp62
 70
     1
  0
XRECORD
  5
645
102
{ACAD_REACTORS
330
644
102
}
330
644
100
AcDbXrecord
280
     1
102
RTVSPost2010Prop28
280
     0
102
RTVSPost2010PropOp28
 70
     1
102
RTVSPost2010Prop29
280
     1
102
RTVSPost2010PropOp29
 70
     1
102
RTVSPost2010Prop30
280
     1
102
RTVSPost2010PropOp30
 70
     1
102
RTVSPost2010Prop31
280
     0
102
RTVSPost2010PropOp31
 70
     1
102
RTVSPost2010Prop32
280
     0
102
RTVSPost2010PropOp32
 70
     1
102
RTVSPost2010Prop33
280
     0
102
RTVSPost2010PropOp33
 70
     1
102
RTVSPost2010Prop34
280
     0
102
RTVSPost2010PropOp34
 70
     1
102
RTVSPost2010Prop35
280
     0
102
RTVSPost2010PropOp35
 70
     1
102
RTVSPost2010Prop36
280
     0
102
RTVSPost2010PropOp36
 70
     1
102
RTVSPost2010Prop37
 90
       50
102
RTVSPost2010PropOp37
 70
     0
102
RTVSPost2010Prop38
140
0.0
102
RTVSPost2010PropOp38
 70
     0
102
RTVSPost2010Prop39
140
1.0
102
RTVSPost2010PropOp39
 70
     0
102
RTVSPost2010Prop40
 90
        0
102
RTVSPost2010PropOp40
 70
     0
102
RTVSPost2010Prop41ColorIndex
 90
       18
102
RTVSPost2010Prop41ColorRGB
 90
        0
102
RTVSPost2010PropOp41
 70
     0
102
RTVSPost2010Prop42
 90
       50
102
RTVSPost2010PropOp42
 70
     0
102
RTVSPost2010Prop43
 90
        3
102
RTVSPost2010PropOp43
 70
     0
102
RTVSPost2010Prop44ColorIndex
 90
        5
102
RTVSPost2010Prop44ColorRGB
 90
      255
102
RTVSPost2010PropOp44
 70
     0
102
RTVSPost2010Prop45
280
     0
102
RTVSPost2010PropOp45
 70
     1
102
RTVSPost2010Prop46
 90
       50
102
RTVSPost2010PropOp46
 70
     0
102
RTVSPost2010Prop47
 90
       50
102
RTVSPost2010PropOp47
 70
     0
102
RTVSPost2010Prop48
 90
       50
102
RTVSPost2010PropOp48
 70
     0
102
RTVSPost2010Prop49
280
     0
102
RTVSPost2010PropOp49
 70
     1
102
RTVSPost2010Prop50
 90
       50
102
RTVSPost2010PropOp50
 70
     0
102
RTVSPost2010Prop51ColorIndex
 90
      256
102
RTVSPost2010Prop51ColorRGB
 90
-16777216
102
RTVSPost2010PropOp51
 70
     0
102
RTVSPost2010Prop52
140
1.0
102
RTVSPost2010PropOp52
 70
     0
102
RTVSPost2010Prop53
 90
        2
102
RTVSPost2010PropOp53
 70
     0
102
RTVSPost2010Prop54
  1
strokes_ogs.tif
102
RTVSPost2010PropOp54
 70
     0
102
RTVSPost2010Prop55
280
     0
102
RTVSPost2010PropOp55
 70
     1
102
RTVSPost2010Prop56
140
1.0
102
RTVSPost2010PropOp56
 70
     0
102
RTVSPost2010Prop57
140
1.0
102
RTVSPost2010PropOp57
 70
     0
102
RTVSPropertyOp0
 70
     0
102
RTVSPropertyOp1
 70
     0
102
RTVSPropertyOp2
 70
     0
102
RTVSPropertyOp3
 70
     0
102
RTVSPropertyOp4
 70
     0
102
RTVSPropertyOp5
 70
     0
102
RTVSPropertyOp6
 70
     0
102
RTVSPropertyOp7
 70
     0
102
RTVSPropertyOp8
 70
     0
102
RTVSPropertyOp9
 70
     0
102
RTVSPropertyOp10
 70
     0
102
RTVSPropertyOp11
 70
     0
102
RTVSPropertyOp12
 70
     0
102
RTVSPropertyOp13
 70
     0
102
RTVSPropertyOp14
 70
     2
102
RTVSPropertyOp15
 70
     0
102
RTVSPropertyOp16
 70
     0
102
RTVSPropertyOp17
 70
     0
102
RTVSPropertyOp18
 70
     0
102
RTVSPropertyOp19
 70
     0
102
RTVSPropertyOp20
 70
     0
102
RTVSPropertyOp21
 70
     0
102
RTVSPropertyOp22
 70
     0
102
RTVSPropertyOp23
 70
     0
102
RTVSPropertyOp24
 70
     0
102
RTVSPropertyOp25
 70
     0
102
RTVSPropertyOp26
 70
     0
102
RTVSPropertyOp27
 70
     0
102
RTVSPropertyOp28
 70
     1
102
RTVSPropertyOp29
 70
     1
102
RTVSPropertyOp30
 70
     1
102
RTVSPropertyOp31
 70
     1
102
RTVSPropertyOp32
 70
     1
102
RTVSPropertyOp33
 70
     1
102
RTVSPropertyOp34
 70
     1
102
RTVSPropertyOp35
 70
     1
102
RTVSPropertyOp36
 70
     1
102
RTVSPropertyOp37
 70
     0
102
RTVSPropertyOp38
 70
     0
102
RTVSPropertyOp39
 70
     0
102
RTVSPropertyOp40
 70
     0
102
RTVSPropertyOp41
 70
     0
102
RTVSPropertyOp42
 70
     0
102
RTVSPropertyOp43
 70
     0
102
RTVSPropertyOp44
 70
     0
102
RTVSPropertyOp45
 70
     1
102
RTVSPropertyOp46
 70
     0
102
RTVSPropertyOp47
 70
     0
102
RTVSPropertyOp48
 70
     0
102
RTVSPropertyOp49
 70
     1
102
RTVSPropertyOp50
 70
     0
102
RTVSPropertyOp51
 70
     0
102
RTVSPropertyOp52
 70
     0
102
RTVSPropertyOp53
 70
     0
102
RTVSPropertyOp54
 70
     0
102
RTVSPropertyOp55
 70
     1
102
RTVSPropertyOp56
 70
     0
102
RTVSPropertyOp57
 70
     0
102
RTVSPropertyOp58
 70
     0
102
RTVSPropertyOp59
 70
     0
102
RTVSPropertyOp60
 70
     0
102
RTVSPropertyOp61
 70
     0
102
RTVSPropertyOp62
 70
     0
  0
XRECORD
  5
635
102
{ACAD_REACTORS
330
634
102
}
330
634
100
AcDbXrecord
280
     1
102
RTVSPost2010Prop28
280
     0
102
RTVSPost2010PropOp28
 70
     1
102
RTVSPost2010Prop29
280
     1
102
RTVSPost2010PropOp29
 70
     1
102
RTVSPost2010Prop30
280
     1
102
RTVSPost2010PropOp30
 70
     1
102
RTVSPost2010Prop31
280
     0
102
RTVSPost2010PropOp31
 70
     1
102
RTVSPost2010Prop32
280
     0
102
RTVSPost2010PropOp32
 70
     1
102
RTVSPost2010Prop33
280
     0
102
RTVSPost2010PropOp33
 70
     1
102
RTVSPost2010Prop34
280
     0
102
RTVSPost2010PropOp34
 70
     1
102
RTVSPost2010Prop35
280
     0
102
RTVSPost2010PropOp35
 70
     1
102
RTVSPost2010Prop36
280
     0
102
RTVSPost2010PropOp36
 70
     1
102
RTVSPost2010Prop37
 90
       50
102
RTVSPost2010PropOp37
 70
     1
102
RTVSPost2010Prop38
140
0.0
102
RTVSPost2010PropOp38
 70
     1
102
RTVSPost2010Prop39
140
1.0
102
RTVSPost2010PropOp39
 70
     1
102
RTVSPost2010Prop40
 90
        0
102
RTVSPost2010PropOp40
 70
     1
102
RTVSPost2010Prop41ColorIndex
 90
       18
102
RTVSPost2010Prop41ColorRGB
 90
        0
102
RTVSPost2010PropOp41
 70
     1
102
RTVSPost2010Prop42
 90
       50
102
RTVSPost2010PropOp42
 70
     1
102
RTVSPost2010Prop43
 90
        3
102
RTVSPost2010PropOp43
 70
     1
102
RTVSPost2010Prop44ColorIndex
 90
        5
102
RTVSPost2010Prop44ColorRGB
 90
      255
102
RTVSPost2010PropOp44
 70
     1
102
RTVSPost2010Prop45
280
     0
102
RTVSPost2010PropOp45
 70
     1
102
RTVSPost2010Prop46
 90
       50
102
RTVSPost2010PropOp46
 70
     1
102
RTVSPost2010Prop47
 90
       50
102
RTVSPost2010PropOp47
 70
     1
102
RTVSPost2010Prop48
 90
       50
102
RTVSPost2010PropOp48
 70
     1
102
RTVSPost2010Prop49
280
     0
102
RTVSPost2010PropOp49
 70
     1
102
RTVSPost2010Prop50
 90
       50
102
RTVSPost2010PropOp50
 70
     1
102
RTVSPost2010Prop51ColorIndex
 90
      256
102
RTVSPost2010Prop51ColorRGB
 90
-16777216
102
RTVSPost2010PropOp51
 70
     0
102
RTVSPost2010Prop52
140
1.0
102
RTVSPost2010PropOp52
 70
     0
102
RTVSPost2010Prop53
 90
        2
102
RTVSPost2010PropOp53
 70
     1
102
RTVSPost2010Prop54
  1
strokes_ogs.tif
102
RTVSPost2010PropOp54
 70
     1
102
RTVSPost2010Prop55
280
     0
102
RTVSPost2010PropOp55
 70
     1
102
RTVSPost2010Prop56
140
1.0
102
RTVSPost2010PropOp56
 70
     1
102
RTVSPost2010Prop57
140
1.0
102
RTVSPost2010PropOp57
 70
     1
102
RTVSPropertyOp0
 70
     1
102
RTVSPropertyOp1
 70
     1
102
RTVSPropertyOp2
 70
     1
102
RTVSPropertyOp3
 70
     1
102
RTVSPropertyOp4
 70
     1
102
RTVSPropertyOp5
 70
     1
102
RTVSPropertyOp6
 70
     1
102
RTVSPropertyOp7
 70
     1
102
RTVSPropertyOp8
 70
     1
102
RTVSPropertyOp9
 70
     1
102
RTVSPropertyOp10
 70
     1
102
RTVSPropertyOp11
 70
     1
102
RTVSPropertyOp12
 70
     1
102
RTVSPropertyOp13
 70
     1
102
RTVSPropertyOp14
 70
     1
102
RTVSPropertyOp15
 70
     1
102
RTVSPropertyOp16
 70
     1
102
RTVSPropertyOp17
 70
     1
102
RTVSPropertyOp18
 70
     1
102
RTVSPropertyOp19
 70
     1
102
RTVSPropertyOp20
 70
     1
102
RTVSPropertyOp21
 70
     1
102
RTVSPropertyOp22
 70
     1
102
RTVSPropertyOp23
 70
     1
102
RTVSPropertyOp24
 70
     1
102
RTVSPropertyOp25
 70
     1
102
RTVSPropertyOp26
 70
     1
102
RTVSPropertyOp27
 70
     1
102
RTVSPropertyOp28
 70
     1
102
RTVSPropertyOp29
 70
     1
102
RTVSPropertyOp30
 70
     1
102
RTVSPropertyOp31
 70
     1
102
RTVSPropertyOp32
 70
     1
102
RTVSPropertyOp33
 70
     1
102
RTVSPropertyOp34
 70
     1
102
RTVSPropertyOp35
 70
     1
102
RTVSPropertyOp36
 70
     1
102
RTVSPropertyOp37
 70
     1
102
RTVSPropertyOp38
 70
     1
102
RTVSPropertyOp39
 70
     1
102
RTVSPropertyOp40
 70
     1
102
RTVSPropertyOp41
 70
     1
102
RTVSPropertyOp42
 70
     1
102
RTVSPropertyOp43
 70
     1
102
RTVSPropertyOp44
 70
     1
102
RTVSPropertyOp45
 70
     1
102
RTVSPropertyOp46
 70
     1
102
RTVSPropertyOp47
 70
     1
102
RTVSPropertyOp48
 70
     1
102
RTVSPropertyOp49
 70
     1
102
RTVSPropertyOp50
 70
     1
102
RTVSPropertyOp51
 70
     0
102
RTVSPropertyOp52
 70
     0
102
RTVSPropertyOp53
 70
     1
102
RTVSPropertyOp54
 70
     1
102
RTVSPropertyOp55
 70
     1
102
RTVSPropertyOp56
 70
     1
102
RTVSPropertyOp57
 70
     1
102
RTVSPropertyOp58
 70
     1
102
RTVSPropertyOp59
 70
     1
102
RTVSPropertyOp60
 70
     1
102
RTVSPropertyOp61
 70
     1
102
RTVSPropertyOp62
 70
     1
  0
XRECORD
  5
647
102
{ACAD_REACTORS
330
646
102
}
330
646
100
AcDbXrecord
280
     1
102
RTVSPost2010Prop28
280
     0
102
RTVSPost2010PropOp28
 70
     1
102
RTVSPost2010Prop29
280
     1
102
RTVSPost2010PropOp29
 70
     1
102
RTVSPost2010Prop30
280
     1
102
RTVSPost2010PropOp30
 70
     1
102
RTVSPost2010Prop31
280
     0
102
RTVSPost2010PropOp31
 70
     1
102
RTVSPost2010Prop32
280
     0
102
RTVSPost2010PropOp32
 70
     1
102
RTVSPost2010Prop33
280
     0
102
RTVSPost2010PropOp33
 70
     1
102
RTVSPost2010Prop34
280
     0
102
RTVSPost2010PropOp34
 70
     1
102
RTVSPost2010Prop35
280
     0
102
RTVSPost2010PropOp35
 70
     1
102
RTVSPost2010Prop36
280
     0
102
RTVSPost2010PropOp36
 70
     1
102
RTVSPost2010Prop37
 90
       50
102
RTVSPost2010PropOp37
 70
     0
102
RTVSPost2010Prop38
140
0.0
102
RTVSPost2010PropOp38
 70
     0
102
RTVSPost2010Prop39
140
1.0
102
RTVSPost2010PropOp39
 70
     0
102
RTVSPost2010Prop40
 90
        0
102
RTVSPost2010PropOp40
 70
     0
102
RTVSPost2010Prop41ColorIndex
 90
       18
102
RTVSPost2010Prop41ColorRGB
 90
        0
102
RTVSPost2010PropOp41
 70
     0
102
RTVSPost2010Prop42
 90
       50
102
RTVSPost2010PropOp42
 70
     0
102
RTVSPost2010Prop43
 90
        3
102
RTVSPost2010PropOp43
 70
     0
102
RTVSPost2010Prop44ColorIndex
 90
        5
102
RTVSPost2010Prop44ColorRGB
 90
      255
102
RTVSPost2010PropOp44
 70
     0
102
RTVSPost2010Prop45
280
     0
102
RTVSPost2010PropOp45
 70
     1
102
RTVSPost2010Prop46
 90
       50
102
RTVSPost2010PropOp46
 70
     0
102
RTVSPost2010Prop47
 90
       50
102
RTVSPost2010PropOp47
 70
     0
102
RTVSPost2010Prop48
 90
       50
102
RTVSPost2010PropOp48
 70
     0
102
RTVSPost2010Prop49
280
     0
102
RTVSPost2010PropOp49
 70
     1
102
RTVSPost2010Prop50
 90
       50
102
RTVSPost2010PropOp50
 70
     0
102
RTVSPost2010Prop51ColorIndex
 90
      256
102
RTVSPost2010Prop51ColorRGB
 90
-16777216
102
RTVSPost2010PropOp51
 70
     0
102
RTVSPost2010Prop52
140
1.0
102
RTVSPost2010PropOp52
 70
     0
102
RTVSPost2010Prop53
 90
        2
102
RTVSPost2010PropOp53
 70
     0
102
RTVSPost2010Prop54
  1
strokes_ogs.tif
102
RTVSPost2010PropOp54
 70
     0
102
RTVSPost2010Prop55
280
     0
102
RTVSPost2010PropOp55
 70
     1
102
RTVSPost2010Prop56
140
1.0
102
RTVSPost2010PropOp56
 70
     0
102
RTVSPost2010Prop57
140
1.0
102
RTVSPost2010PropOp57
 70
     0
102
RTVSPropertyOp0
 70
     0
102
RTVSPropertyOp1
 70
     0
102
RTVSPropertyOp2
 70
     0
102
RTVSPropertyOp3
 70
     0
102
RTVSPropertyOp4
 70
     0
102
RTVSPropertyOp5
 70
     0
102
RTVSPropertyOp6
 70
     0
102
RTVSPropertyOp7
 70
     0
102
RTVSPropertyOp8
 70
     0
102
RTVSPropertyOp9
 70
     0
102
RTVSPropertyOp10
 70
     0
102
RTVSPropertyOp11
 70
     0
102
RTVSPropertyOp12
 70
     0
102
RTVSPropertyOp13
 70
     0
102
RTVSPropertyOp14
 70
     2
102
RTVSPropertyOp15
 70
     0
102
RTVSPropertyOp16
 70
     0
102
RTVSPropertyOp17
 70
     0
102
RTVSPropertyOp18
 70
     0
102
RTVSPropertyOp19
 70
     0
102
RTVSPropertyOp20
 70
     0
102
RTVSPropertyOp21
 70
     0
102
RTVSPropertyOp22
 70
     0
102
RTVSPropertyOp23
 70
     0
102
RTVSPropertyOp24
 70
     0
102
RTVSPropertyOp25
 70
     0
102
RTVSPropertyOp26
 70
     0
102
RTVSPropertyOp27
 70
     0
102
RTVSPropertyOp28
 70
     1
102
RTVSPropertyOp29
 70
     1
102
RTVSPropertyOp30
 70
     1
102
RTVSPropertyOp31
 70
     1
102
RTVSPropertyOp32
 70
     1
102
RTVSPropertyOp33
 70
     1
102
RTVSPropertyOp34
 70
     1
102
RTVSPropertyOp35
 70
     1
102
RTVSPropertyOp36
 70
     1
102
RTVSPropertyOp37
 70
     0
102
RTVSPropertyOp38
 70
     0
102
RTVSPropertyOp39
 70
     0
102
RTVSPropertyOp40
 70
     0
102
RTVSPropertyOp41
 70
     0
102
RTVSPropertyOp42
 70
     0
102
RTVSPropertyOp43
 70
     0
102
RTVSPropertyOp44
 70
     0
102
RTVSPropertyOp45
 70
     1
102
RTVSPropertyOp46
 70
     0
102
RTVSPropertyOp47
 70
     0
102
RTVSPropertyOp48
 70
     0
102
RTVSPropertyOp49
 70
     1
102
RTVSPropertyOp50
 70
     0
102
RTVSPropertyOp51
 70
     0
102
RTVSPropertyOp52
 70
     0
102
RTVSPropertyOp53
 70
     0
102
RTVSPropertyOp54
 70
     0
102
RTVSPropertyOp55
 70
     1
102
RTVSPropertyOp56
 70
     0
102
RTVSPropertyOp57
 70
     0
102
RTVSPropertyOp58
 70
     0
102
RTVSPropertyOp59
 70
     0
102
RTVSPropertyOp60
 70
     0
102
RTVSPropertyOp61
 70
     0
102
RTVSPropertyOp62
 70
     0
  0
XRECORD
  5
62D
102
{ACAD_REACTORS
330
62C
102
}
330
62C
100
AcDbXrecord
280
     1
102
RTVSPost2010Prop28
280
     0
102
RTVSPost2010PropOp28
 70
     1
102
RTVSPost2010Prop29
280
     1
102
RTVSPost2010PropOp29
 70
     1
102
RTVSPost2010Prop30
280
     1
102
RTVSPost2010PropOp30
 70
     1
102
RTVSPost2010Prop31
280
     0
102
RTVSPost2010PropOp31
 70
     1
102
RTVSPost2010Prop32
280
     0
102
RTVSPost2010PropOp32
 70
     1
102
RTVSPost2010Prop33
280
     0
102
RTVSPost2010PropOp33
 70
     1
102
RTVSPost2010Prop34
280
     0
102
RTVSPost2010PropOp34
 70
     1
102
RTVSPost2010Prop35
280
     0
102
RTVSPost2010PropOp35
 70
     1
102
RTVSPost2010Prop36
280
     0
102
RTVSPost2010PropOp36
 70
     1
102
RTVSPost2010Prop37
 90
       50
102
RTVSPost2010PropOp37
 70
     1
102
RTVSPost2010Prop38
140
0.0
102
RTVSPost2010PropOp38
 70
     1
102
RTVSPost2010Prop39
140
1.0
102
RTVSPost2010PropOp39
 70
     1
102
RTVSPost2010Prop40
 90
        0
102
RTVSPost2010PropOp40
 70
     1
102
RTVSPost2010Prop41ColorIndex
 90
       18
102
RTVSPost2010Prop41ColorRGB
 90
        0
102
RTVSPost2010PropOp41
 70
     1
102
RTVSPost2010Prop42
 90
       50
102
RTVSPost2010PropOp42
 70
     1
102
RTVSPost2010Prop43
 90
        3
102
RTVSPost2010PropOp43
 70
     1
102
RTVSPost2010Prop44ColorIndex
 90
        5
102
RTVSPost2010Prop44ColorRGB
 90
      255
102
RTVSPost2010PropOp44
 70
     1
102
RTVSPost2010Prop45
280
     0
102
RTVSPost2010PropOp45
 70
     1
102
RTVSPost2010Prop46
 90
       50
102
RTVSPost2010PropOp46
 70
     1
102
RTVSPost2010Prop47
 90
       50
102
RTVSPost2010PropOp47
 70
     1
102
RTVSPost2010Prop48
 90
       50
102
RTVSPost2010PropOp48
 70
     1
102
RTVSPost2010Prop49
280
     0
102
RTVSPost2010PropOp49
 70
     1
102
RTVSPost2010Prop50
 90
       50
102
RTVSPost2010PropOp50
 70
     1
102
RTVSPost2010Prop51ColorIndex
 90
      256
102
RTVSPost2010Prop51ColorRGB
 90
-16777216
102
RTVSPost2010PropOp51
 70
     0
102
RTVSPost2010Prop52
140
1.0
102
RTVSPost2010PropOp52
 70
     0
102
RTVSPost2010Prop53
 90
        2
102
RTVSPost2010PropOp53
 70
     1
102
RTVSPost2010Prop54
  1
strokes_ogs.tif
102
RTVSPost2010PropOp54
 70
     1
102
RTVSPost2010Prop55
280
     0
102
RTVSPost2010PropOp55
 70
     1
102
RTVSPost2010Prop56
140
1.0
102
RTVSPost2010PropOp56
 70
     1
102
RTVSPost2010Prop57
140
1.0
102
RTVSPost2010PropOp57
 70
     1
102
RTVSPropertyOp0
 70
     1
102
RTVSPropertyOp1
 70
     1
102
RTVSPropertyOp2
 70
     1
102
RTVSPropertyOp3
 70
     1
102
RTVSPropertyOp4
 70
     1
102
RTVSPropertyOp5
 70
     1
102
RTVSPropertyOp6
 70
     1
102
RTVSPropertyOp7
 70
     1
102
RTVSPropertyOp8
 70
     1
102
RTVSPropertyOp9
 70
     1
102
RTVSPropertyOp10
 70
     1
102
RTVSPropertyOp11
 70
     1
102
RTVSPropertyOp12
 70
     1
102
RTVSPropertyOp13
 70
     1
102
RTVSPropertyOp14
 70
     1
102
RTVSPropertyOp15
 70
     1
102
RTVSPropertyOp16
 70
     1
102
RTVSPropertyOp17
 70
     1
102
RTVSPropertyOp18
 70
     1
102
RTVSPropertyOp19
 70
     1
102
RTVSPropertyOp20
 70
     1
102
RTVSPropertyOp21
 70
     1
102
RTVSPropertyOp22
 70
     1
102
RTVSPropertyOp23
 70
     1
102
RTVSPropertyOp24
 70
     1
102
RTVSPropertyOp25
 70
     1
102
RTVSPropertyOp26
 70
     1
102
RTVSPropertyOp27
 70
     1
102
RTVSPropertyOp28
 70
     1
102
RTVSPropertyOp29
 70
     1
102
RTVSPropertyOp30
 70
     1
102
RTVSPropertyOp31
 70
     1
102
RTVSPropertyOp32
 70
     1
102
RTVSPropertyOp33
 70
     1
102
RTVSPropertyOp34
 70
     1
102
RTVSPropertyOp35
 70
     1
102
RTVSPropertyOp36
 70
     1
102
RTVSPropertyOp37
 70
     1
102
RTVSPropertyOp38
 70
     1
102
RTVSPropertyOp39
 70
     1
102
RTVSPropertyOp40
 70
     1
102
RTVSPropertyOp41
 70
     1
102
RTVSPropertyOp42
 70
     1
102
RTVSPropertyOp43
 70
     1
102
RTVSPropertyOp44
 70
     1
102
RTVSPropertyOp45
 70
     1
102
RTVSPropertyOp46
 70
     1
102
RTVSPropertyOp47
 70
     1
102
RTVSPropertyOp48
 70
     1
102
RTVSPropertyOp49
 70
     1
102
RTVSPropertyOp50
 70
     1
102
RTVSPropertyOp51
 70
     0
102
RTVSPropertyOp52
 70
     0
102
RTVSPropertyOp53
 70
     1
102
RTVSPropertyOp54
 70
     1
102
RTVSPropertyOp55
 70
     1
102
RTVSPropertyOp56
 70
     1
102
RTVSPropertyOp57
 70
     1
102
RTVSPropertyOp58
 70
     1
102
RTVSPropertyOp59
 70
     1
102
RTVSPropertyOp60
 70
     1
102
RTVSPropertyOp61
 70
     1
102
RTVSPropertyOp62
 70
     1
  0
XRECORD
  5
643
102
{ACAD_REACTORS
330
642
102
}
330
642
100
AcDbXrecord
280
     1
102
RTVSPost2010Prop28
280
     0
102
RTVSPost2010PropOp28
 70
     1
102
RTVSPost2010Prop29
280
     1
102
RTVSPost2010PropOp29
 70
     1
102
RTVSPost2010Prop30
280
     1
102
RTVSPost2010PropOp30
 70
     1
102
RTVSPost2010Prop31
280
     0
102
RTVSPost2010PropOp31
 70
     1
102
RTVSPost2010Prop32
280
     0
102
RTVSPost2010PropOp32
 70
     1
102
RTVSPost2010Prop33
280
     0
102
RTVSPost2010PropOp33
 70
     1
102
RTVSPost2010Prop34
280
     0
102
RTVSPost2010PropOp34
 70
     1
102
RTVSPost2010Prop35
280
     0
102
RTVSPost2010PropOp35
 70
     1
102
RTVSPost2010Prop36
280
     0
102
RTVSPost2010PropOp36
 70
     1
102
RTVSPost2010Prop37
 90
       50
102
RTVSPost2010PropOp37
 70
     1
102
RTVSPost2010Prop38
140
0.0
102
RTVSPost2010PropOp38
 70
     1
102
RTVSPost2010Prop39
140
1.0
102
RTVSPost2010PropOp39
 70
     1
102
RTVSPost2010Prop40
 90
        0
102
RTVSPost2010PropOp40
 70
     1
102
RTVSPost2010Prop41ColorIndex
 90
       18
102
RTVSPost2010Prop41ColorRGB
 90
        0
102
RTVSPost2010PropOp41
 70
     1
102
RTVSPost2010Prop42
 90
       50
102
RTVSPost2010PropOp42
 70
     1
102
RTVSPost2010Prop43
 90
        3
102
RTVSPost2010PropOp43
 70
     1
102
RTVSPost2010Prop44ColorIndex
 90
        5
102
RTVSPost2010Prop44ColorRGB
 90
      255
102
RTVSPost2010PropOp44
 70
     1
102
RTVSPost2010Prop45
280
     0
102
RTVSPost2010PropOp45
 70
     1
102
RTVSPost2010Prop46
 90
       50
102
RTVSPost2010PropOp46
 70
     1
102
RTVSPost2010Prop47
 90
       50
102
RTVSPost2010PropOp47
 70
     1
102
RTVSPost2010Prop48
 90
       50
102
RTVSPost2010PropOp48
 70
     1
102
RTVSPost2010Prop49
280
     0
102
RTVSPost2010PropOp49
 70
     1
102
RTVSPost2010Prop50
 90
       50
102
RTVSPost2010PropOp50
 70
     1
102
RTVSPost2010Prop51ColorIndex
 90
      256
102
RTVSPost2010Prop51ColorRGB
 90
-16777216
102
RTVSPost2010PropOp51
 70
     0
102
RTVSPost2010Prop52
140
1.0
102
RTVSPost2010PropOp52
 70
     0
102
RTVSPost2010Prop53
 90
        2
102
RTVSPost2010PropOp53
 70
     1
102
RTVSPost2010Prop54
  1
strokes_ogs.tif
102
RTVSPost2010PropOp54
 70
     1
102
RTVSPost2010Prop55
280
     0
102
RTVSPost2010PropOp55
 70
     1
102
RTVSPost2010Prop56
140
1.0
102
RTVSPost2010PropOp56
 70
     1
102
RTVSPost2010Prop57
140
1.0
102
RTVSPost2010PropOp57
 70
     1
102
RTVSPropertyOp0
 70
     1
102
RTVSPropertyOp1
 70
     1
102
RTVSPropertyOp2
 70
     1
102
RTVSPropertyOp3
 70
     1
102
RTVSPropertyOp4
 70
     1
102
RTVSPropertyOp5
 70
     1
102
RTVSPropertyOp6
 70
     1
102
RTVSPropertyOp7
 70
     1
102
RTVSPropertyOp8
 70
     1
102
RTVSPropertyOp9
 70
     1
102
RTVSPropertyOp10
 70
     1
102
RTVSPropertyOp11
 70
     1
102
RTVSPropertyOp12
 70
     1
102
RTVSPropertyOp13
 70
     1
102
RTVSPropertyOp14
 70
     1
102
RTVSPropertyOp15
 70
     1
102
RTVSPropertyOp16
 70
     1
102
RTVSPropertyOp17
 70
     1
102
RTVSPropertyOp18
 70
     1
102
RTVSPropertyOp19
 70
     1
102
RTVSPropertyOp20
 70
     1
102
RTVSPropertyOp21
 70
     1
102
RTVSPropertyOp22
 70
     1
102
RTVSPropertyOp23
 70
     1
102
RTVSPropertyOp24
 70
     1
102
RTVSPropertyOp25
 70
     1
102
RTVSPropertyOp26
 70
     1
102
RTVSPropertyOp27
 70
     1
102
RTVSPropertyOp28
 70
     1
102
RTVSPropertyOp29
 70
     1
102
RTVSPropertyOp30
 70
     1
102
RTVSPropertyOp31
 70
     1
102
RTVSPropertyOp32
 70
     1
102
RTVSPropertyOp33
 70
     1
102
RTVSPropertyOp34
 70
     1
102
RTVSPropertyOp35
 70
     1
102
RTVSPropertyOp36
 70
     1
102
RTVSPropertyOp37
 70
     1
102
RTVSPropertyOp38
 70
     1
102
RTVSPropertyOp39
 70
     1
102
RTVSPropertyOp40
 70
     1
102
RTVSPropertyOp41
 70
     1
102
RTVSPropertyOp42
 70
     1
102
RTVSPropertyOp43
 70
     1
102
RTVSPropertyOp44
 70
     1
102
RTVSPropertyOp45
 70
     1
102
RTVSPropertyOp46
 70
     1
102
RTVSPropertyOp47
 70
     1
102
RTVSPropertyOp48
 70
     1
102
RTVSPropertyOp49
 70
     1
102
RTVSPropertyOp50
 70
     1
102
RTVSPropertyOp51
 70
     0
102
RTVSPropertyOp52
 70
     0
102
RTVSPropertyOp53
 70
     1
102
RTVSPropertyOp54
 70
     1
102
RTVSPropertyOp55
 70
     1
102
RTVSPropertyOp56
 70
     1
102
RTVSPropertyOp57
 70
     1
102
RTVSPropertyOp58
 70
     1
102
RTVSPropertyOp59
 70
     1
102
RTVSPropertyOp60
 70
     1
102
RTVSPropertyOp61
 70
     1
102
RTVSPropertyOp62
 70
     1
  0
XRECORD
  5
641
102
{ACAD_REACTORS
330
640
102
}
330
640
100
AcDbXrecord
280
     1
102
RTVSPost2010Prop28
280
     0
102
RTVSPost2010PropOp28
 70
     1
102
RTVSPost2010Prop29
280
     1
102
RTVSPost2010PropOp29
 70
     1
102
RTVSPost2010Prop30
280
     1
102
RTVSPost2010PropOp30
 70
     1
102
RTVSPost2010Prop31
280
     0
102
RTVSPost2010PropOp31
 70
     1
102
RTVSPost2010Prop32
280
     0
102
RTVSPost2010PropOp32
 70
     1
102
RTVSPost2010Prop33
280
     0
102
RTVSPost2010PropOp33
 70
     1
102
RTVSPost2010Prop34
280
     0
102
RTVSPost2010PropOp34
 70
     1
102
RTVSPost2010Prop35
280
     0
102
RTVSPost2010PropOp35
 70
     1
102
RTVSPost2010Prop36
280
     0
102
RTVSPost2010PropOp36
 70
     1
102
RTVSPost2010Prop37
 90
       50
102
RTVSPost2010PropOp37
 70
     1
102
RTVSPost2010Prop38
140
0.0
102
RTVSPost2010PropOp38
 70
     1
102
RTVSPost2010Prop39
140
1.0
102
RTVSPost2010PropOp39
 70
     1
102
RTVSPost2010Prop40
 90
        0
102
RTVSPost2010PropOp40
 70
     1
102
RTVSPost2010Prop41ColorIndex
 90
       18
102
RTVSPost2010Prop41ColorRGB
 90
        0
102
RTVSPost2010PropOp41
 70
     1
102
RTVSPost2010Prop42
 90
       50
102
RTVSPost2010PropOp42
 70
     1
102
RTVSPost2010Prop43
 90
        3
102
RTVSPost2010PropOp43
 70
     1
102
RTVSPost2010Prop44ColorIndex
 90
        5
102
RTVSPost2010Prop44ColorRGB
 90
      255
102
RTVSPost2010PropOp44
 70
     1
102
RTVSPost2010Prop45
280
     0
102
RTVSPost2010PropOp45
 70
     1
102
RTVSPost2010Prop46
 90
       50
102
RTVSPost2010PropOp46
 70
     1
102
RTVSPost2010Prop47
 90
       50
102
RTVSPost2010PropOp47
 70
     1
102
RTVSPost2010Prop48
 90
       50
102
RTVSPost2010PropOp48
 70
     1
102
RTVSPost2010Prop49
280
     0
102
RTVSPost2010PropOp49
 70
     1
102
RTVSPost2010Prop50
 90
       50
102
RTVSPost2010PropOp50
 70
     1
102
RTVSPost2010Prop51ColorIndex
 90
      256
102
RTVSPost2010Prop51ColorRGB
 90
-16777216
102
RTVSPost2010PropOp51
 70
     0
102
RTVSPost2010Prop52
140
1.0
102
RTVSPost2010PropOp52
 70
     0
102
RTVSPost2010Prop53
 90
        2
102
RTVSPost2010PropOp53
 70
     1
102
RTVSPost2010Prop54
  1
strokes_ogs.tif
102
RTVSPost2010PropOp54
 70
     1
102
RTVSPost2010Prop55
280
     0
102
RTVSPost2010PropOp55
 70
     1
102
RTVSPost2010Prop56
140
1.0
102
RTVSPost2010PropOp56
 70
     1
102
RTVSPost2010Prop57
140
1.0
102
RTVSPost2010PropOp57
 70
     1
102
RTVSPropertyOp0
 70
     1
102
RTVSPropertyOp1
 70
     1
102
RTVSPropertyOp2
 70
     1
102
RTVSPropertyOp3
 70
     1
102
RTVSPropertyOp4
 70
     1
102
RTVSPropertyOp5
 70
     1
102
RTVSPropertyOp6
 70
     1
102
RTVSPropertyOp7
 70
     1
102
RTVSPropertyOp8
 70
     1
102
RTVSPropertyOp9
 70
     1
102
RTVSPropertyOp10
 70
     1
102
RTVSPropertyOp11
 70
     1
102
RTVSPropertyOp12
 70
     1
102
RTVSPropertyOp13
 70
     1
102
RTVSPropertyOp14
 70
     1
102
RTVSPropertyOp15
 70
     1
102
RTVSPropertyOp16
 70
     1
102
RTVSPropertyOp17
 70
     1
102
RTVSPropertyOp18
 70
     1
102
RTVSPropertyOp19
 70
     1
102
RTVSPropertyOp20
 70
     1
102
RTVSPropertyOp21
 70
     1
102
RTVSPropertyOp22
 70
     1
102
RTVSPropertyOp23
 70
     1
102
RTVSPropertyOp24
 70
     1
102
RTVSPropertyOp25
 70
     1
102
RTVSPropertyOp26
 70
     1
102
RTVSPropertyOp27
 70
     1
102
RTVSPropertyOp28
 70
     1
102
RTVSPropertyOp29
 70
     1
102
RTVSPropertyOp30
 70
     1
102
RTVSPropertyOp31
 70
     1
102
RTVSPropertyOp32
 70
     1
102
RTVSPropertyOp33
 70
     1
102
RTVSPropertyOp34
 70
     1
102
RTVSPropertyOp35
 70
     1
102
RTVSPropertyOp36
 70
     1
102
RTVSPropertyOp37
 70
     1
102
RTVSPropertyOp38
 70
     1
102
RTVSPropertyOp39
 70
     1
102
RTVSPropertyOp40
 70
     1
102
RTVSPropertyOp41
 70
     1
102
RTVSPropertyOp42
 70
     1
102
RTVSPropertyOp43
 70
     1
102
RTVSPropertyOp44
 70
     1
102
RTVSPropertyOp45
 70
     1
102
RTVSPropertyOp46
 70
     1
102
RTVSPropertyOp47
 70
     1
102
RTVSPropertyOp48
 70
     1
102
RTVSPropertyOp49
 70
     1
102
RTVSPropertyOp50
 70
     1
102
RTVSPropertyOp51
 70
     0
102
RTVSPropertyOp52
 70
     0
102
RTVSPropertyOp53
 70
     1
102
RTVSPropertyOp54
 70
     1
102
RTVSPropertyOp55
 70
     1
102
RTVSPropertyOp56
 70
     1
102
RTVSPropertyOp57
 70
     1
102
RTVSPropertyOp58
 70
     1
102
RTVSPropertyOp59
 70
     1
102
RTVSPropertyOp60
 70
     1
102
RTVSPropertyOp61
 70
     1
102
RTVSPropertyOp62
 70
     1
  0
XRECORD
  5
63B
102
{ACAD_REACTORS
330
63A
102
}
330
63A
100
AcDbXrecord
280
     1
102
RTVSPost2010Prop28
280
     0
102
RTVSPost2010PropOp28
 70
     1
102
RTVSPost2010Prop29
280
     1
102
RTVSPost2010PropOp29
 70
     1
102
RTVSPost2010Prop30
280
     1
102
RTVSPost2010PropOp30
 70
     1
102
RTVSPost2010Prop31
280
     0
102
RTVSPost2010PropOp31
 70
     1
102
RTVSPost2010Prop32
280
     0
102
RTVSPost2010PropOp32
 70
     1
102
RTVSPost2010Prop33
280
     0
102
RTVSPost2010PropOp33
 70
     1
102
RTVSPost2010Prop34
280
     0
102
RTVSPost2010PropOp34
 70
     1
102
RTVSPost2010Prop35
280
     0
102
RTVSPost2010PropOp35
 70
     1
102
RTVSPost2010Prop36
280
     0
102
RTVSPost2010PropOp36
 70
     1
102
RTVSPost2010Prop37
 90
       50
102
RTVSPost2010PropOp37
 70
     1
102
RTVSPost2010Prop38
140
0.0
102
RTVSPost2010PropOp38
 70
     1
102
RTVSPost2010Prop39
140
1.0
102
RTVSPost2010PropOp39
 70
     1
102
RTVSPost2010Prop40
 90
        0
102
RTVSPost2010PropOp40
 70
     1
102
RTVSPost2010Prop41ColorIndex
 90
       18
102
RTVSPost2010Prop41ColorRGB
 90
        0
102
RTVSPost2010PropOp41
 70
     1
102
RTVSPost2010Prop42
 90
       50
102
RTVSPost2010PropOp42
 70
     1
102
RTVSPost2010Prop43
 90
        3
102
RTVSPost2010PropOp43
 70
     1
102
RTVSPost2010Prop44ColorIndex
 90
        5
102
RTVSPost2010Prop44ColorRGB
 90
      255
102
RTVSPost2010PropOp44
 70
     1
102
RTVSPost2010Prop45
280
     0
102
RTVSPost2010PropOp45
 70
     1
102
RTVSPost2010Prop46
 90
       50
102
RTVSPost2010PropOp46
 70
     1
102
RTVSPost2010Prop47
 90
       50
102
RTVSPost2010PropOp47
 70
     1
102
RTVSPost2010Prop48
 90
       50
102
RTVSPost2010PropOp48
 70
     1
102
RTVSPost2010Prop49
280
     0
102
RTVSPost2010PropOp49
 70
     1
102
RTVSPost2010Prop50
 90
       50
102
RTVSPost2010PropOp50
 70
     1
102
RTVSPost2010Prop51ColorIndex
 90
      256
102
RTVSPost2010Prop51ColorRGB
 90
-16777216
102
RTVSPost2010PropOp51
 70
     0
102
RTVSPost2010Prop52
140
1.0
102
RTVSPost2010PropOp52
 70
     0
102
RTVSPost2010Prop53
 90
        2
102
RTVSPost2010PropOp53
 70
     1
102
RTVSPost2010Prop54
  1
strokes_ogs.tif
102
RTVSPost2010PropOp54
 70
     1
102
RTVSPost2010Prop55
280
     0
102
RTVSPost2010PropOp55
 70
     1
102
RTVSPost2010Prop56
140
1.0
102
RTVSPost2010PropOp56
 70
     1
102
RTVSPost2010Prop57
140
1.0
102
RTVSPost2010PropOp57
 70
     1
102
RTVSPropertyOp0
 70
     1
102
RTVSPropertyOp1
 70
     1
102
RTVSPropertyOp2
 70
     1
102
RTVSPropertyOp3
 70
     1
102
RTVSPropertyOp4
 70
     1
102
RTVSPropertyOp5
 70
     1
102
RTVSPropertyOp6
 70
     1
102
RTVSPropertyOp7
 70
     1
102
RTVSPropertyOp8
 70
     1
102
RTVSPropertyOp9
 70
     1
102
RTVSPropertyOp10
 70
     1
102
RTVSPropertyOp11
 70
     1
102
RTVSPropertyOp12
 70
     1
102
RTVSPropertyOp13
 70
     1
102
RTVSPropertyOp14
 70
     1
102
RTVSPropertyOp15
 70
     1
102
RTVSPropertyOp16
 70
     1
102
RTVSPropertyOp17
 70
     1
102
RTVSPropertyOp18
 70
     1
102
RTVSPropertyOp19
 70
     1
102
RTVSPropertyOp20
 70
     1
102
RTVSPropertyOp21
 70
     1
102
RTVSPropertyOp22
 70
     1
102
RTVSPropertyOp23
 70
     1
102
RTVSPropertyOp24
 70
     1
102
RTVSPropertyOp25
 70
     1
102
RTVSPropertyOp26
 70
     1
102
RTVSPropertyOp27
 70
     1
102
RTVSPropertyOp28
 70
     1
102
RTVSPropertyOp29
 70
     1
102
RTVSPropertyOp30
 70
     1
102
RTVSPropertyOp31
 70
     1
102
RTVSPropertyOp32
 70
     1
102
RTVSPropertyOp33
 70
     1
102
RTVSPropertyOp34
 70
     1
102
RTVSPropertyOp35
 70
     1
102
RTVSPropertyOp36
 70
     1
102
RTVSPropertyOp37
 70
     1
102
RTVSPropertyOp38
 70
     1
102
RTVSPropertyOp39
 70
     1
102
RTVSPropertyOp40
 70
     1
102
RTVSPropertyOp41
 70
     1
102
RTVSPropertyOp42
 70
     1
102
RTVSPropertyOp43
 70
     1
102
RTVSPropertyOp44
 70
     1
102
RTVSPropertyOp45
 70
     1
102
RTVSPropertyOp46
 70
     1
102
RTVSPropertyOp47
 70
     1
102
RTVSPropertyOp48
 70
     1
102
RTVSPropertyOp49
 70
     1
102
RTVSPropertyOp50
 70
     1
102
RTVSPropertyOp51
 70
     0
102
RTVSPropertyOp52
 70
     0
102
RTVSPropertyOp53
 70
     1
102
RTVSPropertyOp54
 70
     1
102
RTVSPropertyOp55
 70
     1
102
RTVSPropertyOp56
 70
     1
102
RTVSPropertyOp57
 70
     1
102
RTVSPropertyOp58
 70
     1
102
RTVSPropertyOp59
 70
     1
102
RTVSPropertyOp60
 70
     1
102
RTVSPropertyOp61
 70
     1
102
RTVSPropertyOp62
 70
     1
  0
XRECORD
  5
63D
102
{ACAD_REACTORS
330
63C
102
}
330
63C
100
AcDbXrecord
280
     1
102
RTVSPost2010Prop28
280
     0
102
RTVSPost2010PropOp28
 70
     1
102
RTVSPost2010Prop29
280
     1
102
RTVSPost2010PropOp29
 70
     1
102
RTVSPost2010Prop30
280
     1
102
RTVSPost2010PropOp30
 70
     1
102
RTVSPost2010Prop31
280
     0
102
RTVSPost2010PropOp31
 70
     1
102
RTVSPost2010Prop32
280
     0
102
RTVSPost2010PropOp32
 70
     1
102
RTVSPost2010Prop33
280
     0
102
RTVSPost2010PropOp33
 70
     1
102
RTVSPost2010Prop34
280
     0
102
RTVSPost2010PropOp34
 70
     1
102
RTVSPost2010Prop35
280
     0
102
RTVSPost2010PropOp35
 70
     1
102
RTVSPost2010Prop36
280
     0
102
RTVSPost2010PropOp36
 70
     1
102
RTVSPost2010Prop37
 90
       50
102
RTVSPost2010PropOp37
 70
     1
102
RTVSPost2010Prop38
140
0.0
102
RTVSPost2010PropOp38
 70
     1
102
RTVSPost2010Prop39
140
1.0
102
RTVSPost2010PropOp39
 70
     1
102
RTVSPost2010Prop40
 90
        0
102
RTVSPost2010PropOp40
 70
     1
102
RTVSPost2010Prop41ColorIndex
 90
       18
102
RTVSPost2010Prop41ColorRGB
 90
        0
102
RTVSPost2010PropOp41
 70
     1
102
RTVSPost2010Prop42
 90
       50
102
RTVSPost2010PropOp42
 70
     1
102
RTVSPost2010Prop43
 90
        3
102
RTVSPost2010PropOp43
 70
     1
102
RTVSPost2010Prop44ColorIndex
 90
        5
102
RTVSPost2010Prop44ColorRGB
 90
      255
102
RTVSPost2010PropOp44
 70
     1
102
RTVSPost2010Prop45
280
     0
102
RTVSPost2010PropOp45
 70
     1
102
RTVSPost2010Prop46
 90
       50
102
RTVSPost2010PropOp46
 70
     1
102
RTVSPost2010Prop47
 90
       50
102
RTVSPost2010PropOp47
 70
     1
102
RTVSPost2010Prop48
 90
       50
102
RTVSPost2010PropOp48
 70
     1
102
RTVSPost2010Prop49
280
     0
102
RTVSPost2010PropOp49
 70
     1
102
RTVSPost2010Prop50
 90
       50
102
RTVSPost2010PropOp50
 70
     1
102
RTVSPost2010Prop51ColorIndex
 90
      256
102
RTVSPost2010Prop51ColorRGB
 90
-16777216
102
RTVSPost2010PropOp51
 70
     0
102
RTVSPost2010Prop52
140
1.0
102
RTVSPost2010PropOp52
 70
     0
102
RTVSPost2010Prop53
 90
        2
102
RTVSPost2010PropOp53
 70
     1
102
RTVSPost2010Prop54
  1
strokes_ogs.tif
102
RTVSPost2010PropOp54
 70
     1
102
RTVSPost2010Prop55
280
     0
102
RTVSPost2010PropOp55
 70
     1
102
RTVSPost2010Prop56
140
1.0
102
RTVSPost2010PropOp56
 70
     1
102
RTVSPost2010Prop57
140
1.0
102
RTVSPost2010PropOp57
 70
     1
102
RTVSPropertyOp0
 70
     1
102
RTVSPropertyOp1
 70
     1
102
RTVSPropertyOp2
 70
     1
102
RTVSPropertyOp3
 70
     1
102
RTVSPropertyOp4
 70
     1
102
RTVSPropertyOp5
 70
     1
102
RTVSPropertyOp6
 70
     1
102
RTVSPropertyOp7
 70
     1
102
RTVSPropertyOp8
 70
     1
102
RTVSPropertyOp9
 70
     1
102
RTVSPropertyOp10
 70
     1
102
RTVSPropertyOp11
 70
     1
102
RTVSPropertyOp12
 70
     1
102
RTVSPropertyOp13
 70
     1
102
RTVSPropertyOp14
 70
     1
102
RTVSPropertyOp15
 70
     1
102
RTVSPropertyOp16
 70
     1
102
RTVSPropertyOp17
 70
     1
102
RTVSPropertyOp18
 70
     1
102
RTVSPropertyOp19
 70
     1
102
RTVSPropertyOp20
 70
     1
102
RTVSPropertyOp21
 70
     1
102
RTVSPropertyOp22
 70
     1
102
RTVSPropertyOp23
 70
     1
102
RTVSPropertyOp24
 70
     1
102
RTVSPropertyOp25
 70
     1
102
RTVSPropertyOp26
 70
     1
102
RTVSPropertyOp27
 70
     1
102
RTVSPropertyOp28
 70
     1
102
RTVSPropertyOp29
 70
     1
102
RTVSPropertyOp30
 70
     1
102
RTVSPropertyOp31
 70
     1
102
RTVSPropertyOp32
 70
     1
102
RTVSPropertyOp33
 70
     1
102
RTVSPropertyOp34
 70
     1
102
RTVSPropertyOp35
 70
     1
102
RTVSPropertyOp36
 70
     1
102
RTVSPropertyOp37
 70
     1
102
RTVSPropertyOp38
 70
     1
102
RTVSPropertyOp39
 70
     1
102
RTVSPropertyOp40
 70
     1
102
RTVSPropertyOp41
 70
     1
102
RTVSPropertyOp42
 70
     1
102
RTVSPropertyOp43
 70
     1
102
RTVSPropertyOp44
 70
     1
102
RTVSPropertyOp45
 70
     1
102
RTVSPropertyOp46
 70
     1
102
RTVSPropertyOp47
 70
     1
102
RTVSPropertyOp48
 70
     1
102
RTVSPropertyOp49
 70
     1
102
RTVSPropertyOp50
 70
     1
102
RTVSPropertyOp51
 70
     0
102
RTVSPropertyOp52
 70
     0
102
RTVSPropertyOp53
 70
     1
102
RTVSPropertyOp54
 70
     1
102
RTVSPropertyOp55
 70
     1
102
RTVSPropertyOp56
 70
     1
102
RTVSPropertyOp57
 70
     1
102
RTVSPropertyOp58
 70
     1
102
RTVSPropertyOp59
 70
     1
102
RTVSPropertyOp60
 70
     1
102
RTVSPropertyOp61
 70
     1
102
RTVSPropertyOp62
 70
     1
  0
XRECORD
  5
633
102
{ACAD_REACTORS
330
632
102
}
330
632
100
AcDbXrecord
280
     1
102
RTVSPost2010Prop28
280
     0
102
RTVSPost2010PropOp28
 70
     1
102
RTVSPost2010Prop29
280
     1
102
RTVSPost2010PropOp29
 70
     1
102
RTVSPost2010Prop30
280
     1
102
RTVSPost2010PropOp30
 70
     1
102
RTVSPost2010Prop31
280
     0
102
RTVSPost2010PropOp31
 70
     1
102
RTVSPost2010Prop32
280
     0
102
RTVSPost2010PropOp32
 70
     1
102
RTVSPost2010Prop33
280
     0
102
RTVSPost2010PropOp33
 70
     1
102
RTVSPost2010Prop34
280
     0
102
RTVSPost2010PropOp34
 70
     1
102
RTVSPost2010Prop35
280
     0
102
RTVSPost2010PropOp35
 70
     1
102
RTVSPost2010Prop36
280
     0
102
RTVSPost2010PropOp36
 70
     1
102
RTVSPost2010Prop37
 90
       50
102
RTVSPost2010PropOp37
 70
     1
102
RTVSPost2010Prop38
140
0.0
102
RTVSPost2010PropOp38
 70
     1
102
RTVSPost2010Prop39
140
1.0
102
RTVSPost2010PropOp39
 70
     1
102
RTVSPost2010Prop40
 90
        0
102
RTVSPost2010PropOp40
 70
     1
102
RTVSPost2010Prop41ColorIndex
 90
       18
102
RTVSPost2010Prop41ColorRGB
 90
        0
102
RTVSPost2010PropOp41
 70
     1
102
RTVSPost2010Prop42
 90
       50
102
RTVSPost2010PropOp42
 70
     1
102
RTVSPost2010Prop43
 90
        3
102
RTVSPost2010PropOp43
 70
     1
102
RTVSPost2010Prop44ColorIndex
 90
        5
102
RTVSPost2010Prop44ColorRGB
 90
      255
102
RTVSPost2010PropOp44
 70
     1
102
RTVSPost2010Prop45
280
     0
102
RTVSPost2010PropOp45
 70
     1
102
RTVSPost2010Prop46
 90
       50
102
RTVSPost2010PropOp46
 70
     1
102
RTVSPost2010Prop47
 90
       50
102
RTVSPost2010PropOp47
 70
     1
102
RTVSPost2010Prop48
 90
       50
102
RTVSPost2010PropOp48
 70
     1
102
RTVSPost2010Prop49
280
     0
102
RTVSPost2010PropOp49
 70
     1
102
RTVSPost2010Prop50
 90
       50
102
RTVSPost2010PropOp50
 70
     1
102
RTVSPost2010Prop51ColorIndex
 90
      256
102
RTVSPost2010Prop51ColorRGB
 90
-16777216
102
RTVSPost2010PropOp51
 70
     0
102
RTVSPost2010Prop52
140
1.0
102
RTVSPost2010PropOp52
 70
     0
102
RTVSPost2010Prop53
 90
        2
102
RTVSPost2010PropOp53
 70
     1
102
RTVSPost2010Prop54
  1
strokes_ogs.tif
102
RTVSPost2010PropOp54
 70
     1
102
RTVSPost2010Prop55
280
     0
102
RTVSPost2010PropOp55
 70
     1
102
RTVSPost2010Prop56
140
1.0
102
RTVSPost2010PropOp56
 70
     1
102
RTVSPost2010Prop57
140
1.0
102
RTVSPost2010PropOp57
 70
     1
102
RTVSPropertyOp0
 70
     1
102
RTVSPropertyOp1
 70
     1
102
RTVSPropertyOp2
 70
     1
102
RTVSPropertyOp3
 70
     1
102
RTVSPropertyOp4
 70
     1
102
RTVSPropertyOp5
 70
     1
102
RTVSPropertyOp6
 70
     1
102
RTVSPropertyOp7
 70
     1
102
RTVSPropertyOp8
 70
     1
102
RTVSPropertyOp9
 70
     1
102
RTVSPropertyOp10
 70
     1
102
RTVSPropertyOp11
 70
     1
102
RTVSPropertyOp12
 70
     1
102
RTVSPropertyOp13
 70
     1
102
RTVSPropertyOp14
 70
     1
102
RTVSPropertyOp15
 70
     1
102
RTVSPropertyOp16
 70
     1
102
RTVSPropertyOp17
 70
     1
102
RTVSPropertyOp18
 70
     1
102
RTVSPropertyOp19
 70
     1
102
RTVSPropertyOp20
 70
     1
102
RTVSPropertyOp21
 70
     1
102
RTVSPropertyOp22
 70
     1
102
RTVSPropertyOp23
 70
     1
102
RTVSPropertyOp24
 70
     1
102
RTVSPropertyOp25
 70
     1
102
RTVSPropertyOp26
 70
     1
102
RTVSPropertyOp27
 70
     1
102
RTVSPropertyOp28
 70
     1
102
RTVSPropertyOp29
 70
     1
102
RTVSPropertyOp30
 70
     1
102
RTVSPropertyOp31
 70
     1
102
RTVSPropertyOp32
 70
     1
102
RTVSPropertyOp33
 70
     1
102
RTVSPropertyOp34
 70
     1
102
RTVSPropertyOp35
 70
     1
102
RTVSPropertyOp36
 70
     1
102
RTVSPropertyOp37
 70
     1
102
RTVSPropertyOp38
 70
     1
102
RTVSPropertyOp39
 70
     1
102
RTVSPropertyOp40
 70
     1
102
RTVSPropertyOp41
 70
     1
102
RTVSPropertyOp42
 70
     1
102
RTVSPropertyOp43
 70
     1
102
RTVSPropertyOp44
 70
     1
102
RTVSPropertyOp45
 70
     1
102
RTVSPropertyOp46
 70
     1
102
RTVSPropertyOp47
 70
     1
102
RTVSPropertyOp48
 70
     1
102
RTVSPropertyOp49
 70
     1
102
RTVSPropertyOp50
 70
     1
102
RTVSPropertyOp51
 70
     0
102
RTVSPropertyOp52
 70
     0
102
RTVSPropertyOp53
 70
     1
102
RTVSPropertyOp54
 70
     1
102
RTVSPropertyOp55
 70
     1
102
RTVSPropertyOp56
 70
     1
102
RTVSPropertyOp57
 70
     1
102
RTVSPropertyOp58
 70
     1
102
RTVSPropertyOp59
 70
     1
102
RTVSPropertyOp60
 70
     1
102
RTVSPropertyOp61
 70
     1
102
RTVSPropertyOp62
 70
     1
  0
XRECORD
  5
627
102
{ACAD_REACTORS
330
626
102
}
330
626
100
AcDbXrecord
280
     1
102
RTVSPost2010Prop28
280
     0
102
RTVSPost2010PropOp28
 70
     1
102
RTVSPost2010Prop29
280
     1
102
RTVSPost2010PropOp29
 70
     1
102
RTVSPost2010Prop30
280
     1
102
RTVSPost2010PropOp30
 70
     1
102
RTVSPost2010Prop31
280
     0
102
RTVSPost2010PropOp31
 70
     1
102
RTVSPost2010Prop32
280
     0
102
RTVSPost2010PropOp32
 70
     1
102
RTVSPost2010Prop33
280
     0
102
RTVSPost2010PropOp33
 70
     1
102
RTVSPost2010Prop34
280
     0
102
RTVSPost2010PropOp34
 70
     1
102
RTVSPost2010Prop35
280
     0
102
RTVSPost2010PropOp35
 70
     1
102
RTVSPost2010Prop36
280
     0
102
RTVSPost2010PropOp36
 70
     1
102
RTVSPost2010Prop37
 90
       50
102
RTVSPost2010PropOp37
 70
     1
102
RTVSPost2010Prop38
140
0.0
102
RTVSPost2010PropOp38
 70
     1
102
RTVSPost2010Prop39
140
1.0
102
RTVSPost2010PropOp39
 70
     1
102
RTVSPost2010Prop40
 90
        0
102
RTVSPost2010PropOp40
 70
     1
102
RTVSPost2010Prop41ColorIndex
 90
       18
102
RTVSPost2010Prop41ColorRGB
 90
        0
102
RTVSPost2010PropOp41
 70
     1
102
RTVSPost2010Prop42
 90
       50
102
RTVSPost2010PropOp42
 70
     1
102
RTVSPost2010Prop43
 90
        3
102
RTVSPost2010PropOp43
 70
     1
102
RTVSPost2010Prop44ColorIndex
 90
        5
102
RTVSPost2010Prop44ColorRGB
 90
      255
102
RTVSPost2010PropOp44
 70
     1
102
RTVSPost2010Prop45
280
     0
102
RTVSPost2010PropOp45
 70
     1
102
RTVSPost2010Prop46
 90
       50
102
RTVSPost2010PropOp46
 70
     1
102
RTVSPost2010Prop47
 90
       50
102
RTVSPost2010PropOp47
 70
     1
102
RTVSPost2010Prop48
 90
       50
102
RTVSPost2010PropOp48
 70
     1
102
RTVSPost2010Prop49
280
     0
102
RTVSPost2010PropOp49
 70
     1
102
RTVSPost2010Prop50
 90
       50
102
RTVSPost2010PropOp50
 70
     1
102
RTVSPost2010Prop51ColorIndex
 90
      256
102
RTVSPost2010Prop51ColorRGB
 90
-16777216
102
RTVSPost2010PropOp51
 70
     0
102
RTVSPost2010Prop52
140
1.0
102
RTVSPost2010PropOp52
 70
     0
102
RTVSPost2010Prop53
 90
        2
102
RTVSPost2010PropOp53
 70
     1
102
RTVSPost2010Prop54
  1
strokes_ogs.tif
102
RTVSPost2010PropOp54
 70
     1
102
RTVSPost2010Prop55
280
     0
102
RTVSPost2010PropOp55
 70
     1
102
RTVSPost2010Prop56
140
1.0
102
RTVSPost2010PropOp56
 70
     1
102
RTVSPost2010Prop57
140
1.0
102
RTVSPost2010PropOp57
 70
     1
102
RTVSPropertyOp0
 70
     1
102
RTVSPropertyOp1
 70
     1
102
RTVSPropertyOp2
 70
     1
102
RTVSPropertyOp3
 70
     1
102
RTVSPropertyOp4
 70
     1
102
RTVSPropertyOp5
 70
     1
102
RTVSPropertyOp6
 70
     1
102
RTVSPropertyOp7
 70
     1
102
RTVSPropertyOp8
 70
     1
102
RTVSPropertyOp9
 70
     1
102
RTVSPropertyOp10
 70
     1
102
RTVSPropertyOp11
 70
     1
102
RTVSPropertyOp12
 70
     1
102
RTVSPropertyOp13
 70
     1
102
RTVSPropertyOp14
 70
     1
102
RTVSPropertyOp15
 70
     1
102
RTVSPropertyOp16
 70
     1
102
RTVSPropertyOp17
 70
     1
102
RTVSPropertyOp18
 70
     1
102
RTVSPropertyOp19
 70
     1
102
RTVSPropertyOp20
 70
     1
102
RTVSPropertyOp21
 70
     1
102
RTVSPropertyOp22
 70
     1
102
RTVSPropertyOp23
 70
     1
102
RTVSPropertyOp24
 70
     1
102
RTVSPropertyOp25
 70
     1
102
RTVSPropertyOp26
 70
     1
102
RTVSPropertyOp27
 70
     1
102
RTVSPropertyOp28
 70
     1
102
RTVSPropertyOp29
 70
     1
102
RTVSPropertyOp30
 70
     1
102
RTVSPropertyOp31
 70
     1
102
RTVSPropertyOp32
 70
     1
102
RTVSPropertyOp33
 70
     1
102
RTVSPropertyOp34
 70
     1
102
RTVSPropertyOp35
 70
     1
102
RTVSPropertyOp36
 70
     1
102
RTVSPropertyOp37
 70
     1
102
RTVSPropertyOp38
 70
     1
102
RTVSPropertyOp39
 70
     1
102
RTVSPropertyOp40
 70
     1
102
RTVSPropertyOp41
 70
     1
102
RTVSPropertyOp42
 70
     1
102
RTVSPropertyOp43
 70
     1
102
RTVSPropertyOp44
 70
     1
102
RTVSPropertyOp45
 70
     1
102
RTVSPropertyOp46
 70
     1
102
RTVSPropertyOp47
 70
     1
102
RTVSPropertyOp48
 70
     1
102
RTVSPropertyOp49
 70
     1
102
RTVSPropertyOp50
 70
     1
102
RTVSPropertyOp51
 70
     0
102
RTVSPropertyOp52
 70
     0
102
RTVSPropertyOp53
 70
     1
102
RTVSPropertyOp54
 70
     1
102
RTVSPropertyOp55
 70
     1
102
RTVSPropertyOp56
 70
     1
102
RTVSPropertyOp57
 70
     1
102
RTVSPropertyOp58
 70
     1
102
RTVSPropertyOp59
 70
     1
102
RTVSPropertyOp60
 70
     1
102
RTVSPropertyOp61
 70
     1
102
RTVSPropertyOp62
 70
     1
  0
XRECORD
  5
63F
102
{ACAD_REACTORS
330
63E
102
}
330
63E
100
AcDbXrecord
280
     1
102
RTVSPost2010Prop28
280
     0
102
RTVSPost2010PropOp28
 70
     1
102
RTVSPost2010Prop29
280
     1
102
RTVSPost2010PropOp29
 70
     1
102
RTVSPost2010Prop30
280
     1
102
RTVSPost2010PropOp30
 70
     1
102
RTVSPost2010Prop31
280
     0
102
RTVSPost2010PropOp31
 70
     1
102
RTVSPost2010Prop32
280
     0
102
RTVSPost2010PropOp32
 70
     1
102
RTVSPost2010Prop33
280
     0
102
RTVSPost2010PropOp33
 70
     1
102
RTVSPost2010Prop34
280
     0
102
RTVSPost2010PropOp34
 70
     1
102
RTVSPost2010Prop35
280
     0
102
RTVSPost2010PropOp35
 70
     1
102
RTVSPost2010Prop36
280
     0
102
RTVSPost2010PropOp36
 70
     1
102
RTVSPost2010Prop37
 90
       50
102
RTVSPost2010PropOp37
 70
     1
102
RTVSPost2010Prop38
140
0.0
102
RTVSPost2010PropOp38
 70
     1
102
RTVSPost2010Prop39
140
1.0
102
RTVSPost2010PropOp39
 70
     1
102
RTVSPost2010Prop40
 90
        0
102
RTVSPost2010PropOp40
 70
     1
102
RTVSPost2010Prop41ColorIndex
 90
       18
102
RTVSPost2010Prop41ColorRGB
 90
        0
102
RTVSPost2010PropOp41
 70
     1
102
RTVSPost2010Prop42
 90
       50
102
RTVSPost2010PropOp42
 70
     1
102
RTVSPost2010Prop43
 90
        3
102
RTVSPost2010PropOp43
 70
     1
102
RTVSPost2010Prop44ColorIndex
 90
        5
102
RTVSPost2010Prop44ColorRGB
 90
      255
102
RTVSPost2010PropOp44
 70
     1
102
RTVSPost2010Prop45
280
     0
102
RTVSPost2010PropOp45
 70
     1
102
RTVSPost2010Prop46
 90
       50
102
RTVSPost2010PropOp46
 70
     1
102
RTVSPost2010Prop47
 90
       50
102
RTVSPost2010PropOp47
 70
     1
102
RTVSPost2010Prop48
 90
       50
102
RTVSPost2010PropOp48
 70
     1
102
RTVSPost2010Prop49
280
     0
102
RTVSPost2010PropOp49
 70
     1
102
RTVSPost2010Prop50
 90
       50
102
RTVSPost2010PropOp50
 70
     1
102
RTVSPost2010Prop51ColorIndex
 90
      256
102
RTVSPost2010Prop51ColorRGB
 90
-16777216
102
RTVSPost2010PropOp51
 70
     0
102
RTVSPost2010Prop52
140
1.0
102
RTVSPost2010PropOp52
 70
     0
102
RTVSPost2010Prop53
 90
        2
102
RTVSPost2010PropOp53
 70
     1
102
RTVSPost2010Prop54
  1
strokes_ogs.tif
102
RTVSPost2010PropOp54
 70
     1
102
RTVSPost2010Prop55
280
     0
102
RTVSPost2010PropOp55
 70
     1
102
RTVSPost2010Prop56
140
1.0
102
RTVSPost2010PropOp56
 70
     1
102
RTVSPost2010Prop57
140
1.0
102
RTVSPost2010PropOp57
 70
     1
102
RTVSPropertyOp0
 70
     1
102
RTVSPropertyOp1
 70
     1
102
RTVSPropertyOp2
 70
     1
102
RTVSPropertyOp3
 70
     1
102
RTVSPropertyOp4
 70
     1
102
RTVSPropertyOp5
 70
     1
102
RTVSPropertyOp6
 70
     1
102
RTVSPropertyOp7
 70
     1
102
RTVSPropertyOp8
 70
     1
102
RTVSPropertyOp9
 70
     1
102
RTVSPropertyOp10
 70
     1
102
RTVSPropertyOp11
 70
     1
102
RTVSPropertyOp12
 70
     1
102
RTVSPropertyOp13
 70
     1
102
RTVSPropertyOp14
 70
     1
102
RTVSPropertyOp15
 70
     1
102
RTVSPropertyOp16
 70
     1
102
RTVSPropertyOp17
 70
     1
102
RTVSPropertyOp18
 70
     1
102
RTVSPropertyOp19
 70
     1
102
RTVSPropertyOp20
 70
     1
102
RTVSPropertyOp21
 70
     1
102
RTVSPropertyOp22
 70
     1
102
RTVSPropertyOp23
 70
     1
102
RTVSPropertyOp24
 70
     1
102
RTVSPropertyOp25
 70
     1
102
RTVSPropertyOp26
 70
     1
102
RTVSPropertyOp27
 70
     1
102
RTVSPropertyOp28
 70
     1
102
RTVSPropertyOp29
 70
     1
102
RTVSPropertyOp30
 70
     1
102
RTVSPropertyOp31
 70
     1
102
RTVSPropertyOp32
 70
     1
102
RTVSPropertyOp33
 70
     1
102
RTVSPropertyOp34
 70
     1
102
RTVSPropertyOp35
 70
     1
102
RTVSPropertyOp36
 70
     1
102
RTVSPropertyOp37
 70
     1
102
RTVSPropertyOp38
 70
     1
102
RTVSPropertyOp39
 70
     1
102
RTVSPropertyOp40
 70
     1
102
RTVSPropertyOp41
 70
     1
102
RTVSPropertyOp42
 70
     1
102
RTVSPropertyOp43
 70
     1
102
RTVSPropertyOp44
 70
     1
102
RTVSPropertyOp45
 70
     1
102
RTVSPropertyOp46
 70
     1
102
RTVSPropertyOp47
 70
     1
102
RTVSPropertyOp48
 70
     1
102
RTVSPropertyOp49
 70
     1
102
RTVSPropertyOp50
 70
     1
102
RTVSPropertyOp51
 70
     0
102
RTVSPropertyOp52
 70
     0
102
RTVSPropertyOp53
 70
     1
102
RTVSPropertyOp54
 70
     1
102
RTVSPropertyOp55
 70
     1
102
RTVSPropertyOp56
 70
     1
102
RTVSPropertyOp57
 70
     1
102
RTVSPropertyOp58
 70
     1
102
RTVSPropertyOp59
 70
     1
102
RTVSPropertyOp60
 70
     1
102
RTVSPropertyOp61
 70
     1
102
RTVSPropertyOp62
 70
     1
  0
ENDSEC
  0
EOF
